Наименование;Раздел;Таблица фигур;Вид затвора;Тип присоединения;Тип привода;Диаметр DN, мм;Давление PN, кгс/см²;Материал корпуса;Цена закупки;Срок изготовления;Артикул;Картинки;Материал уплотнения
Задвижка параллельная литая с выдвижным шпинделем фланцевая ручная 30ч6бр DN 50 PN 1,6 МПа У3, корпус чугун, класс герметичности «D» по ГОСТ 9544-2015;Задвижки;30ч6бр;Параллельная;Фланцевое;Ручной;50;16;Чугун;0;Под заказ;1000001;0.png;-
Задвижка параллельная литая с выдвижным шпинделем фланцевая ручная 30ч6бр DN 80 PN 1,6 МПа У3, корпус чугун, класс герметичности «D» по ГОСТ 9544-2015;Задвижки;30ч6бр;Параллельная;Фланцевое;Ручной;80;16;Чугун;0;Под заказ;1000002;0.png;-
Задвижка параллельная литая с выдвижным шпинделем фланцевая ручная 30ч6бр DN 100 PN 1,6 МПа У3, корпус чугун, класс герметичности «D» по ГОСТ 9544-2015;Задвижки;30ч6бр;Параллельная;Фланцевое;Ручной;100;16;Чугун;0;Под заказ;1000003;0.png;-
Задвижка параллельная литая с выдвижным шпинделем фланцевая ручная 30ч6бр DN 125 PN 1,6 МПа У3, корпус чугун, класс герметичности «D» по ГОСТ 9544-2015;Задвижки;30ч6бр;Параллельная;Фланцевое;Ручной;125;16;Чугун;0;Под заказ;1000004;0.png;-
Задвижка параллельная литая с выдвижным шпинделем фланцевая ручная 30ч6бр DN 150 PN 1,6 МПа У3, корпус чугун, класс герметичности «D» по ГОСТ 9544-2015;Задвижки;30ч6бр;Параллельная;Фланцевое;Ручной;150;16;Чугун;0;Под заказ;1000005;0.png;-
Задвижка параллельная литая с выдвижным шпинделем фланцевая ручная 30ч6бр DN 200 PN 1,6 МПа У3, корпус чугун, класс герметичности «D» по ГОСТ 9544-2015;Задвижки;30ч6бр;Параллельная;Фланцевое;Ручной;200;16;Чугун;0;Под заказ;1000006;0.png;-
Задвижка параллельная литая с выдвижным шпинделем фланцевая ручная 30ч6бр DN 250 PN 1,0 МПа У3, корпус чугун, класс герметичности «D» по ГОСТ 9544-2015;Задвижки;30ч6бр;Параллельная;Фланцевое;Ручной;250;10;Чугун;0;Под заказ;1000007;0.png;-
Задвижка параллельная литая с выдвижным шпинделем фланцевая ручная 30ч6бр DN 300 PN 1,0 МПа У3, корпус чугун, класс герметичности «D» по ГОСТ 9544-2015;Задвижки;30ч6бр;Параллельная;Фланцевое;Ручной;300;10;Чугун;0;Под заказ;1000008;0.png;-
Задвижка параллельная литая с выдвижным шпинделем фланцевая ручная 30ч6бр DN 350 PN 1,0 МПа У3, корпус чугун, класс герметичности «D» по ГОСТ 9544-2015;Задвижки;30ч6бр;Параллельная;Фланцевое;Ручной;350;10;Чугун;0;Под заказ;1000009;0.png;-
Задвижка параллельная литая с выдвижным шпинделем фланцевая ручная 30ч6бр DN 400 PN 1,0 МПа У3, корпус чугун, класс герметичности «D» по ГОСТ 9544-2015;Задвижки;30ч6бр;Параллельная;Фланцевое;Ручной;400;10;Чугун;0;Под заказ;1000010;0.png;-
Задвижка параллельная литая с выдвижным шпинделем фланцевая под электропривод 30ч906бр DN 50 PN 1,6 МПа У3, корпус чугун, класс герметичности «D» по ГОСТ 9544-2015;Задвижки;30ч906бр;Параллельная;Фланцевое;Под электропривод;50;16;Чугун;0;Под заказ;1000011;0.png;-
Задвижка параллельная литая с выдвижным шпинделем фланцевая под электропривод 30ч906бр DN 80 PN 1,6 МПа У3, корпус чугун, класс герметичности «D» по ГОСТ 9544-2015;Задвижки;30ч906бр;Параллельная;Фланцевое;Под электропривод;80;16;Чугун;0;Под заказ;1000012;0.png;-
Задвижка параллельная литая с выдвижным шпинделем фланцевая под электропривод 30ч906бр DN 100 PN 1,6 МПа У3, корпус чугун, класс герметичности «D» по ГОСТ 9544-2015;Задвижки;30ч906бр;Параллельная;Фланцевое;Под электропривод;100;16;Чугун;0;Под заказ;1000013;0.png;-
Задвижка параллельная литая с выдвижным шпинделем фланцевая под электропривод 30ч906бр DN 150 PN 1,6 МПа У3, корпус чугун, класс герметичности «D» по ГОСТ 9544-2015;Задвижки;30ч906бр;Параллельная;Фланцевое;Под электропривод;150;16;Чугун;0;Под заказ;1000014;0.png;-
Задвижка параллельная литая с выдвижным шпинделем фланцевая под электропривод 30ч906бр DN 200 PN 1,6 МПа У3, корпус чугун, класс герметичности «D» по ГОСТ 9544-2015;Задвижки;30ч906бр;Параллельная;Фланцевое;Под электропривод;200;16;Чугун;0;Под заказ;1000015;0.png;-
Задвижка параллельная литая с выдвижным шпинделем фланцевая под электропривод 30ч906бр DN 250 PN 1,0 МПа У3, корпус чугун, класс герметичности «D» по ГОСТ 9544-2015;Задвижки;30ч906бр;Параллельная;Фланцевое;Под электропривод;250;10;Чугун;0;Под заказ;1000016;0.png;-
Задвижка параллельная литая с выдвижным шпинделем фланцевая под электропривод 30ч906бр DN 300 PN 1,0 МПа У3, корпус чугун, класс герметичности «D» по ГОСТ 9544-2015;Задвижки;30ч906бр;Параллельная;Фланцевое;Под электропривод;300;10;Чугун;0;Под заказ;1000017;0.png;-
Задвижка параллельная литая с выдвижным шпинделем фланцевая под электропривод 30ч906бр DN 350 PN 1,0 МПа У3, корпус чугун, класс герметичности «D» по ГОСТ 9544-2015;Задвижки;30ч906бр;Параллельная;Фланцевое;Под электропривод;350;10;Чугун;0;Под заказ;1000018;0.png;-
Задвижка параллельная литая с выдвижным шпинделем фланцевая под электропривод 30ч906бр DN 400 PN 1,0 МПа У3, корпус чугун, класс герметичности «D» по ГОСТ 9544-2015;Задвижки;30ч906бр;Параллельная;Фланцевое;Под электропривод;400;10;Чугун;0;Под заказ;1000019;0.png;-
Задвижка параллельная литая с невыдвижным шпинделем фланцевая с редуктором 30ч515бр DN 500 PN 1,0 МПа У3, корпус чугун, класс герметичности «D» по ГОСТ 9544-2015;Задвижки;30ч515бр;Параллельная;Фланцевое;Редукторный;500;10;Чугун;0;Под заказ;1000020;0.png;-
Задвижка параллельная литая с невыдвижным шпинделем фланцевая с редуктором 30ч515бр DN 600 PN 1,0 МПа У3, корпус чугун, класс герметичности «D» по ГОСТ 9544-2015;Задвижки;30ч515бр;Параллельная;Фланцевое;Редукторный;600;10;Чугун;0;Под заказ;1000021;0.png;-
Задвижка параллельная литая с невыдвижным шпинделем фланцевая с редуктором 30ч515бр DN 800 PN 1,0 МПа У3, корпус чугун, класс герметичности «D» по ГОСТ 9544-2015;Задвижки;30ч515бр;Параллельная;Фланцевое;Редукторный;800;10;Чугун;0;Под заказ;1000022;0.png;-
Задвижка параллельная литая с невыдвижным шпинделем фланцевая под электропривод 30ч915бр DN 500 PN 1,0 МПа У3, корпус чугун, класс герметичности «D» по ГОСТ 9544-2015;Задвижки;30ч915бр;Параллельная;Фланцевое;Под электропривод;500;10;Чугун;0;Под заказ;1000023;0.png;-
Задвижка параллельная литая с невыдвижным шпинделем фланцевая под электропривод 30ч915бр DN 600 PN 1,0 МПа У3, корпус чугун, класс герметичности «D» по ГОСТ 9544-2015;Задвижки;30ч915бр;Параллельная;Фланцевое;Под электропривод;600;10;Чугун;0;Под заказ;1000024;0.png;-
Задвижка параллельная литая с невыдвижным шпинделем фланцевая под электропривод 30ч915бр DN 800 PN 1,0 МПа У3, корпус чугун, класс герметичности «D» по ГОСТ 9544-2015;Задвижки;30ч915бр;Параллельная;Фланцевое;Под электропривод;800;10;Чугун;0;Под заказ;1000025;0.png;-
Задвижка клиновая литая с невыдвижным шпинделем фланцевая с редуктором 30ч530бр DN 600 PN 1,0 МПа У3, корпус чугун, класс герметичности «D» по ГОСТ 9544-2015;Задвижки;30ч530бр;Клиновая;Фланцевое;Редукторный;600;10;Чугун;0;Под заказ;1000026;0.png;-
Задвижка клиновая литая с невыдвижным шпинделем фланцевая с редуктором 30ч530бр DN 1000 PN 1,0 МПа У3, корпус чугун, класс герметичности «D» по ГОСТ 9544-2015;Задвижки;30ч530бр;Клиновая;Фланцевое;Редукторный;1000;10;Чугун;0;Под заказ;1000027;0.png;-
Задвижка клиновая литая с невыдвижным шпинделем фланцевая с редуктором 30ч530бр DN 1200 PN 1,0 МПа У3, корпус чугун, класс герметичности «D» по ГОСТ 9544-2015;Задвижки;30ч530бр;Клиновая;Фланцевое;Редукторный;1200;10;Чугун;0;Под заказ;1000028;0.png;-
Задвижка клиновая литая с невыдвижным шпинделем фланцевая с редуктором 30ч530бр DN 1400 PN 1,0 МПа У3, корпус чугун, класс герметичности «D» по ГОСТ 9544-2015;Задвижки;30ч530бр;Клиновая;Фланцевое;Редукторный;1400;10;Чугун;0;Под заказ;1000029;0.png;-
Задвижка клиновая литая с невыдвижным шпинделем фланцевая с редуктором 30ч530бр DN 1600 PN 1,0 МПа У3, корпус чугун, класс герметичности «D» по ГОСТ 9544-2015;Задвижки;30ч530бр;Клиновая;Фланцевое;Редукторный;1600;10;Чугун;0;Под заказ;1000030;0.png;-
Задвижка клиновая литая с невыдвижным шпинделем фланцевая под электропривод 30ч930бр DN 600 PN 1,0 МПа У3, корпус чугун, класс герметичности «D» по ГОСТ 9544-2015;Задвижки;30ч930бр;Клиновая;Фланцевое;Под электропривод;600;10;Чугун;0;Под заказ;1000031;0.png;-
Задвижка клиновая литая с невыдвижным шпинделем фланцевая под электропривод 30ч930бр DN 1000 PN 1,0 МПа У3, корпус чугун, класс герметичности «D» по ГОСТ 9544-2015;Задвижки;30ч930бр;Клиновая;Фланцевое;Под электропривод;1000;10;Чугун;0;Под заказ;1000032;0.png;-
Задвижка клиновая литая с невыдвижным шпинделем фланцевая под электропривод 30ч930бр DN 1200 PN 1,0 МПа У3, корпус чугун, класс герметичности «D» по ГОСТ 9544-2015;Задвижки;30ч930бр;Клиновая;Фланцевое;Под электропривод;1200;10;Чугун;0;Под заказ;1000033;0.png;-
Задвижка клиновая литая с невыдвижным шпинделем фланцевая под электропривод 30ч930бр DN 1400 PN 1,0 МПа У3, корпус чугун, класс герметичности «D» по ГОСТ 9544-2015;Задвижки;30ч930бр;Клиновая;Фланцевое;Под электропривод;1400;10;Чугун;0;Под заказ;1000034;0.png;-
Задвижка клиновая литая с невыдвижным шпинделем фланцевая под электропривод 30ч930бр DN 1600 PN 1,0 МПа У3, корпус чугун, класс герметичности «D» по ГОСТ 9544-2015;Задвижки;30ч930бр;Клиновая;Фланцевое;Под электропривод;1600;10;Чугун;0;Под заказ;1000035;0.png;-
Задвижка с обрезиненным клином литая с невыдвижным шпинделем фланцевая ручная 30ч39р DN 50 PN 1,6 МПа У3, корпус чугун, класс герметичности «А» по ГОСТ 9544-2015;Задвижки;30ч39р ;Клиновая;Фланцевое;Ручной;50;16;Чугун;0;Под заказ;1000036;0.png;-
Задвижка с обрезиненным клином литая с невыдвижным шпинделем фланцевая ручная 30ч39р DN 65 PN 1,6 МПа У3, корпус чугун, класс герметичности «А» по ГОСТ 9544-2015;Задвижки;30ч39р ;Клиновая;Фланцевое;Ручной;65;16;Чугун;0;Под заказ;1000037;0.png;-
Задвижка с обрезиненным клином литая с невыдвижным шпинделем фланцевая ручная 30ч39р DN 80 PN 1,6 МПа У3, корпус чугун, класс герметичности «А» по ГОСТ 9544-2015;Задвижки;30ч39р ;Клиновая;Фланцевое;Ручной;80;16;Чугун;0;Под заказ;1000038;0.png;-
Задвижка с обрезиненным клином литая с невыдвижным шпинделем фланцевая ручная 30ч39р DN 100 PN 1,6 МПа У3, корпус чугун, класс герметичности «А» по ГОСТ 9544-2015;Задвижки;30ч39р ;Клиновая;Фланцевое;Ручной;100;16;Чугун;0;Под заказ;1000039;0.png;-
Задвижка с обрезиненным клином литая с невыдвижным шпинделем фланцевая ручная 30ч39р DN 125 PN 1,6 МПа У3, корпус чугун, класс герметичности «А» по ГОСТ 9544-2015;Задвижки;30ч39р ;Клиновая;Фланцевое;Ручной;125;16;Чугун;0;Под заказ;1000040;0.png;-
Задвижка с обрезиненным клином литая с невыдвижным шпинделем фланцевая ручная 30ч39р DN 150 PN 1,6 МПа У3, корпус чугун, класс герметичности «А» по ГОСТ 9544-2015;Задвижки;30ч39р ;Клиновая;Фланцевое;Ручной;150;16;Чугун;0;Под заказ;1000041;0.png;-
Задвижка с обрезиненным клином литая с невыдвижным шпинделем фланцевая ручная 30ч39р DN 200 PN 1,6 МПа У3, корпус чугун, класс герметичности «А» по ГОСТ 9544-2015;Задвижки;30ч39р ;Клиновая;Фланцевое;Ручной;200;16;Чугун;0;Под заказ;1000042;0.png;-
Задвижка с обрезиненным клином литая с невыдвижным шпинделем фланцевая ручная 30ч39р DN 250 PN 1,6 МПа У3, корпус чугун, класс герметичности «А» по ГОСТ 9544-2015;Задвижки;30ч39р ;Клиновая;Фланцевое;Ручной;250;16;Чугун;0;Под заказ;1000043;0.png;-
Задвижка с обрезиненным клином литая с невыдвижным шпинделем фланцевая ручная 30ч39р DN 300 PN 1,6 МПа У3, корпус чугун, класс герметичности «А» по ГОСТ 9544-2015;Задвижки;30ч39р ;Клиновая;Фланцевое;Ручной;300;16;Чугун;0;Под заказ;1000044;0.png;-
Задвижка с обрезиненным клином литая с невыдвижным шпинделем фланцевая ручная 30ч39р DN 350 PN 1,6 МПа У3, корпус чугун, класс герметичности «А» по ГОСТ 9544-2015;Задвижки;30ч39р ;Клиновая;Фланцевое;Ручной;350;16;Чугун;0;Под заказ;1000045;0.png;-
Задвижка с обрезиненным клином литая с невыдвижным шпинделем фланцевая ручная 30ч39р DN 400 PN 1,6 МПа У3, корпус чугун, класс герметичности «А» по ГОСТ 9544-2015;Задвижки;30ч39р ;Клиновая;Фланцевое;Ручной;400;16;Чугун;0;Под заказ;1000046;0.png;-
Задвижка с обрезиненным клином литая с невыдвижным шпинделем фланцевая ручная 30ч39р DN 450 PN 1,6 МПа У3, корпус чугун, класс герметичности «А» по ГОСТ 9544-2015;Задвижки;30ч39р ;Клиновая;Фланцевое;Ручной;450;16;Чугун;0;Под заказ;1000047;0.png;-
Задвижка с обрезиненным клином литая с невыдвижным шпинделем фланцевая ручная 30ч39р DN 500 PN 1,6 МПа У3, корпус чугун, класс герметичности «А» по ГОСТ 9544-2015;Задвижки;30ч39р ;Клиновая;Фланцевое;Ручной;500;16;Чугун;0;Под заказ;1000048;0.png;-
Задвижка с обрезиненным клином литая с невыдвижным шпинделем фланцевая ручная 30ч39р DN 600 PN 1,6 МПа У3, корпус чугун, класс герметичности «А» по ГОСТ 9544-2015;Задвижки;30ч39р ;Клиновая;Фланцевое;Ручной;600;16;Чугун;0;Под заказ;1000049;0.png;-
Клапан запорный сальниковый муфтовый ручной 15б1п DN 15 PN 1,6 МПа УХЛ4, корпус латунь, класс герметичности «А» по ГОСТ 9544-2015;Клапаны запорные;15б1п;-;Муфтовое;Ручной;15;16;Латунь;0;Под заказ;2000001;0.png;-
Клапан запорный сальниковый муфтовый ручной 15б1п DN 20 PN 1,6 МПа УХЛ4, корпус латунь, класс герметичности «А» по ГОСТ 9544-2015;Клапаны запорные;15б1п;-;Муфтовое;Ручной;20;16;Латунь;0;Под заказ;2000002;0.png;-
Клапан запорный сальниковый муфтовый ручной 15б1п DN 25 PN 1,6 МПа УХЛ4, корпус латунь, класс герметичности «А» по ГОСТ 9544-2015;Клапаны запорные;15б1п;-;Муфтовое;Ручной;25;16;Латунь;0;Под заказ;2000003;0.png;-
Клапан запорный сальниковый муфтовый ручной 15б1п DN 32 PN 1,6 МПа УХЛ4, корпус латунь, класс герметичности «А» по ГОСТ 9544-2015;Клапаны запорные;15б1п;-;Муфтовое;Ручной;32;16;Латунь;0;Под заказ;2000004;0.png;-
Клапан запорный сальниковый муфтовый ручной 15б1п DN 40 PN 1,6 МПа УХЛ4, корпус латунь, класс герметичности «А» по ГОСТ 9544-2015;Клапаны запорные;15б1п;-;Муфтовое;Ручной;40;16;Латунь;0;Под заказ;2000005;0.png;-
Клапан запорный сальниковый муфтовый ручной 15б1п DN 50 PN 1,6 МПа УХЛ4, корпус латунь, класс герметичности «А» по ГОСТ 9544-2015;Клапаны запорные;15б1п;-;Муфтовое;Ручной;50;16;Латунь;0;Под заказ;2000006;0.png;-
Клапан запорный сальниковый муфтовый ручной 15б3р DN 15 PN 1,6 МПа УХЛ4, корпус латунь, класс герметичности «А» по ГОСТ 9544-2015;Клапаны запорные;15б3р;-;Муфтовое;Ручной;15;16;Латунь;0;Под заказ;2000007;0.png;-
Клапан запорный сальниковый муфтовый ручной 15б3р DN 20 PN 1,6 МПа УХЛ4, корпус латунь, класс герметичности «А» по ГОСТ 9544-2015;Клапаны запорные;15б3р;-;Муфтовое;Ручной;20;16;Латунь;0;Под заказ;2000008;0.png;-
Клапан запорный сальниковый муфтовый ручной 15б3р DN 25 PN 1,6 МПа УХЛ4, корпус латунь, класс герметичности «А» по ГОСТ 9544-2015;Клапаны запорные;15б3р;-;Муфтовое;Ручной;25;16;Латунь;0;Под заказ;2000009;0.png;-
Клапан запорный сальниковый муфтовый ручной 15б3р DN 32 PN 1,6 МПа УХЛ4, корпус латунь, класс герметичности «А» по ГОСТ 9544-2015;Клапаны запорные;15б3р;-;Муфтовое;Ручной;32;16;Латунь;0;Под заказ;2000010;0.png;-
Клапан запорный сальниковый муфтовый ручной 15б3р DN 40 PN 1,6 МПа УХЛ4, корпус латунь, класс герметичности «А» по ГОСТ 9544-2015;Клапаны запорные;15б3р;-;Муфтовое;Ручной;40;16;Латунь;0;Под заказ;2000011;0.png;-
Клапан запорный сальниковый муфтовый ручной 15б3р DN 50 PN 1,6 МПа УХЛ4, корпус латунь, класс герметичности «А» по ГОСТ 9544-2015;Клапаны запорные;15б3р;-;Муфтовое;Ручной;50;16;Латунь;0;Под заказ;2000012;0.png;-
"Клапан запорный мембранный фланцевый ""после себя"" нормально открытый 22ч6п DN 50 PN 0,6 МПа У3, корпус чугун, класс герметичности «А» по ГОСТ 9544-2015";Клапаны запорные;22ч6п;-;Фланцевое;Ручной;50;6;Чугун;0;Под заказ;2000013;0.png;-
"Клапан запорный мембранный фланцевый ""после себя"" нормально открытый 22ч6п DN 80 PN 0,6 МПа У3, корпус чугун, класс герметичности «А» по ГОСТ 9544-2015";Клапаны запорные;22ч6п;-;Фланцевое;Ручной;80;6;Чугун;0;Под заказ;2000014;0.png;-
"Клапан запорный мембранный фланцевый ""после себя"" нормально открытый 22ч6п DN 100 PN 0,6 МПа У3, корпус чугун, класс герметичности «А» по ГОСТ 9544-2015";Клапаны запорные;22ч6п;-;Фланцевое;Ручной;100;6;Чугун;0;Под заказ;2000015;0.png;-
"Клапан запорный мембранный фланцевый ""после себя"" нормально открытый 22ч6п DN 125 PN 0,6 МПа У3, корпус чугун, класс герметичности «А» по ГОСТ 9544-2015";Клапаны запорные;22ч6п;-;Фланцевое;Ручной;125;6;Чугун;0;Под заказ;2000016;0.png;-
"Клапан запорный мембранный фланцевый ""после себя"" нормально открытый 22ч6п DN 150 PN 0,6 МПа У3, корпус чугун, класс герметичности «А» по ГОСТ 9544-2015";Клапаны запорные;22ч6п;-;Фланцевое;Ручной;150;6;Чугун;0;Под заказ;2000017;0.png;-
"Клапан запорный мембранный фланцевый ""после себя"" нормально открытый 22ч6п DN 200 PN 0,6 МПа У3, корпус чугун, класс герметичности «А» по ГОСТ 9544-2015";Клапаны запорные;22ч6п;-;Фланцевое;Ручной;200;6;Чугун;0;Под заказ;2000018;0.png;-
"Клапан запорный мембранный фланцевый ""после себя"" нормально открытый 22ч6п DN 250 PN 0,6 МПа У3, корпус чугун, класс герметичности «А» по ГОСТ 9544-2015";Клапаны запорные;22ч6п;-;Фланцевое;Ручной;250;6;Чугун;0;Под заказ;2000019;0.png;-
"Клапан запорный мембранный фланцевый ""после себя"" нормально открытый 22ч6п DN 300 PN 0,6 МПа У3, корпус чугун, класс герметичности «А» по ГОСТ 9544-2015";Клапаны запорные;22ч6п;-;Фланцевое;Ручной;300;6;Чугун;0;Под заказ;2000020;0.png;-
"Клапан запорный мембранный фланцевый ""до себя"" нормально закрытый 22ч7п DN 50 PN 0,6 МПа У3, корпус чугун, класс герметичности «А» по ГОСТ 9544-2015";Клапаны запорные;22ч7п;-;Фланцевое;Ручной;50;6;Чугун;0;Под заказ;2000021;0.png;-
"Клапан запорный мембранный фланцевый ""до себя"" нормально закрытый 22ч7п DN 80 PN 0,6 МПа У3, корпус чугун, класс герметичности «А» по ГОСТ 9544-2015";Клапаны запорные;22ч7п;-;Фланцевое;Ручной;80;6;Чугун;0;Под заказ;2000022;0.png;-
"Клапан запорный мембранный фланцевый ""до себя"" нормально закрытый 22ч7п DN 100 PN 0,6 МПа У3, корпус чугун, класс герметичности «А» по ГОСТ 9544-2015";Клапаны запорные;22ч7п;-;Фланцевое;Ручной;100;6;Чугун;0;Под заказ;2000023;0.png;-
"Клапан запорный мембранный фланцевый ""до себя"" нормально закрытый 22ч7п DN 125 PN 0,6 МПа У3, корпус чугун, класс герметичности «А» по ГОСТ 9544-2015";Клапаны запорные;22ч7п;-;Фланцевое;Ручной;125;6;Чугун;0;Под заказ;2000024;0.png;-
"Клапан запорный мембранный фланцевый ""до себя"" нормально закрытый 22ч7п DN 150 PN 0,6 МПа У3, корпус чугун, класс герметичности «А» по ГОСТ 9544-2015";Клапаны запорные;22ч7п;-;Фланцевое;Ручной;150;6;Чугун;0;Под заказ;2000025;0.png;-
"Клапан запорный мембранный фланцевый ""до себя"" нормально закрытый 22ч7п DN 200 PN 0,6 МПа У3, корпус чугун, класс герметичности «А» по ГОСТ 9544-2015";Клапаны запорные;22ч7п;-;Фланцевое;Ручной;200;6;Чугун;0;Под заказ;2000026;0.png;-
"Клапан запорный мембранный фланцевый ""до себя"" нормально закрытый 22ч7п DN 250 PN 0,6 МПа У3, корпус чугун, класс герметичности «А» по ГОСТ 9544-2015";Клапаны запорные;22ч7п;-;Фланцевое;Ручной;250;6;Чугун;0;Под заказ;2000027;0.png;-
"Клапан запорный мембранный фланцевый ""до себя"" нормально закрытый 22ч7п DN 300 PN 0,6 МПа У3, корпус чугун, класс герметичности «А» по ГОСТ 9544-2015";Клапаны запорные;22ч7п;-;Фланцевое;Ручной;300;6;Чугун;0;Под заказ;2000028;0.png;-
Клапан запорный мембранный гуммированный фланцевый ручной 15ч73гм DN 50 PN 0,6 МПа У3, корпус чугун, класс герметичности «С» по ГОСТ 9544-2015;Клапаны запорные;15ч73гм;-;Фланцевое;Ручной;50;6;Чугун;0;Под заказ;2000029;0.png;-
Клапан запорный мембранный гуммированный фланцевый ручной 15ч73гм DN 80 PN 0,6 МПа У3, корпус чугун, класс герметичности «С» по ГОСТ 9544-2015;Клапаны запорные;15ч73гм;-;Фланцевое;Ручной;80;6;Чугун;0;Под заказ;2000030;0.png;-
Клапан запорный мембранный гуммированный фланцевый ручной 15ч73гм DN 100 PN 0,6 МПа У3, корпус чугун, класс герметичности «С» по ГОСТ 9544-2015;Клапаны запорные;15ч73гм;-;Фланцевое;Ручной;100;6;Чугун;0;Под заказ;2000031;0.png;-
Клапан запорный мембранный футерованный полиэтиленом фланцевый ручной 15ч74п1м DN 6 PN 1,6 МПа У3, корпус чугун, класс герметичности «С» по ГОСТ 9544-2015;Клапаны запорные;15ч74п1м;-;Фланцевое;Ручной;6;16;Чугун;0;Под заказ;2000032;0.png;-
Клапан запорный мембранный футерованный полиэтиленом фланцевый ручной 15ч74п1м DN 10 PN 1,6 МПа У3, корпус чугун, класс герметичности «С» по ГОСТ 9544-2015;Клапаны запорные;15ч74п1м;-;Фланцевое;Ручной;10;16;Чугун;0;Под заказ;2000033;0.png;-
Клапан запорный мембранный футерованный полиэтиленом фланцевый ручной 15ч74п1м DN 15 PN 1,6 МПа У3, корпус чугун, класс герметичности «С» по ГОСТ 9544-2015;Клапаны запорные;15ч74п1м;-;Фланцевое;Ручной;15;16;Чугун;0;Под заказ;2000034;0.png;-
Клапан запорный мембранный футерованный полиэтиленом фланцевый ручной 15ч74п1м DN 20 PN 1,6 МПа У3, корпус чугун, класс герметичности «С» по ГОСТ 9544-2015;Клапаны запорные;15ч74п1м;-;Фланцевое;Ручной;20;16;Чугун;0;Под заказ;2000035;0.png;-
Клапан обратный подъемный фланцевый 16с10нж DN 15 PN 1,6 МПа У1, корпус ст. 25Л;Клапаны обратные;16с10нж;-;Фланцевое;-;15;16;Углеродистая сталь;0;Под заказ;3000001;0.png;-
Клапан обратный подъемный фланцевый 16с10нж DN 15 PN 1,6 МПа У1, корпус ст. 25Л;Клапаны обратные;16с10нж;-;Фланцевое;-;20;16;Углеродистая сталь;0;Под заказ;3000002;0.png;-
Клапан обратный подъемный фланцевый 16с10нж DN 15 PN 1,6 МПа У1, корпус ст. 25Л;Клапаны обратные;16с10нж;-;Фланцевое;-;25;16;Углеродистая сталь;0;Под заказ;3000003;0.png;-
Клапан обратный подъемный фланцевый 16с10нж DN 15 PN 1,6 МПа У1, корпус ст. 25Л;Клапаны обратные;16с10нж;-;Фланцевое;-;32;16;Углеродистая сталь;0;Под заказ;3000004;0.png;-
Клапан обратный подъемный фланцевый 16с10нж DN 15 PN 1,6 МПа У1, корпус ст. 25Л;Клапаны обратные;16с10нж;-;Фланцевое;-;40;16;Углеродистая сталь;0;Под заказ;3000005;0.png;-
Клапан обратный подъемный фланцевый 16с10нж DN 15 PN 1,6 МПа У1, корпус ст. 25Л;Клапаны обратные;16с10нж;-;Фланцевое;-;50;16;Углеродистая сталь;0;Под заказ;3000006;0.png;-
Клапан обратный подъемный фланцевый 16с10нж DN 15 PN 1,6 МПа У1, корпус ст. 25Л;Клапаны обратные;16с10нж;-;Фланцевое;-;65;16;Углеродистая сталь;0;Под заказ;3000007;0.png;-
Клапан обратный подъемный фланцевый 16с10нж DN 15 PN 1,6 МПа У1, корпус ст. 25Л;Клапаны обратные;16с10нж;-;Фланцевое;-;80;16;Углеродистая сталь;0;Под заказ;3000008;0.png;-
Клапан обратный подъемный фланцевый 16с10нж DN 15 PN 1,6 МПа У1, корпус ст. 25Л;Клапаны обратные;16с10нж;-;Фланцевое;-;100;16;Углеродистая сталь;0;Под заказ;3000009;0.png;-
Клапан обратный подъемный фланцевый 16с10нж DN 15 PN 1,6 МПа У1, корпус ст. 25Л;Клапаны обратные;16с10нж;-;Фланцевое;-;125;16;Углеродистая сталь;0;Под заказ;3000010;0.png;-
Клапан обратный подъемный фланцевый 16с10нж DN 15 PN 1,6 МПа У1, корпус ст. 25Л;Клапаны обратные;16с10нж;-;Фланцевое;-;150;16;Углеродистая сталь;0;Под заказ;3000011;0.png;-
Клапан обратный подъемный фланцевый 16с10нж DN 15 PN 1,6 МПа У1, корпус ст. 25Л;Клапаны обратные;16с10п;-;Фланцевое;-;15;16;Углеродистая сталь;0;Под заказ;3000012;0.png;-
Клапан обратный подъемный фланцевый 16с10нж DN 15 PN 1,6 МПа У1, корпус ст. 25Л;Клапаны обратные;16с10п;-;Фланцевое;-;20;16;Углеродистая сталь;0;Под заказ;3000013;0.png;-
Клапан обратный подъемный фланцевый 16с10нж DN 15 PN 1,6 МПа У1, корпус ст. 25Л;Клапаны обратные;16с10п;-;Фланцевое;-;25;16;Углеродистая сталь;0;Под заказ;3000014;0.png;-
Клапан обратный подъемный фланцевый 16с10нж DN 15 PN 1,6 МПа У1, корпус ст. 25Л;Клапаны обратные;16с10п;-;Фланцевое;-;32;16;Углеродистая сталь;0;Под заказ;3000015;0.png;-
Клапан обратный подъемный фланцевый 16с10нж DN 15 PN 1,6 МПа У1, корпус ст. 25Л;Клапаны обратные;16с10п;-;Фланцевое;-;40;16;Углеродистая сталь;0;Под заказ;3000016;0.png;-
Клапан обратный подъемный фланцевый 16с10нж DN 15 PN 1,6 МПа У1, корпус ст. 25Л;Клапаны обратные;16с10п;-;Фланцевое;-;50;16;Углеродистая сталь;0;Под заказ;3000017;0.png;-
Клапан обратный подъемный фланцевый 16с10нж DN 15 PN 1,6 МПа У1, корпус ст. 25Л;Клапаны обратные;16с10п;-;Фланцевое;-;65;16;Углеродистая сталь;0;Под заказ;3000018;0.png;-
Клапан обратный подъемный фланцевый 16с10нж DN 15 PN 1,6 МПа У1, корпус ст. 25Л;Клапаны обратные;16с10п;-;Фланцевое;-;80;16;Углеродистая сталь;0;Под заказ;3000019;0.png;-
Клапан обратный подъемный фланцевый 16с10нж DN 15 PN 1,6 МПа У1, корпус ст. 25Л;Клапаны обратные;16с10п;-;Фланцевое;-;100;16;Углеродистая сталь;0;Под заказ;3000020;0.png;-
Клапан обратный подъемный фланцевый 16с10нж DN 15 PN 1,6 МПа У1, корпус ст. 25Л;Клапаны обратные;16с10п;-;Фланцевое;-;125;16;Углеродистая сталь;0;Под заказ;3000021;0.png;-
Клапан обратный подъемный фланцевый 16с10нж DN 15 PN 1,6 МПа У1, корпус ст. 25Л;Клапаны обратные;16с10п;-;Фланцевое;-;150;16;Углеродистая сталь;0;Под заказ;3000022;0.png;-
Клапан обратный подъемный фланцевый 16с10нж DN 15 PN 1,6 МПа У1, корпус ст. 25Л;Клапаны обратные;16лс10нж;-;Фланцевое;-;15;16;Хладостойкая сталь;0;Под заказ;3000023;0.png;-
Клапан обратный подъемный фланцевый 16с10нж DN 15 PN 1,6 МПа У1, корпус ст. 25Л;Клапаны обратные;16лс10нж;-;Фланцевое;-;20;16;Хладостойкая сталь;0;Под заказ;3000024;0.png;-
Клапан обратный подъемный фланцевый 16с10нж DN 15 PN 1,6 МПа У1, корпус ст. 25Л;Клапаны обратные;16лс10нж;-;Фланцевое;-;25;16;Хладостойкая сталь;0;Под заказ;3000025;0.png;-
Клапан обратный подъемный фланцевый 16с10нж DN 15 PN 1,6 МПа У1, корпус ст. 25Л;Клапаны обратные;16лс10нж;-;Фланцевое;-;32;16;Хладостойкая сталь;0;Под заказ;3000026;0.png;-
Клапан обратный подъемный фланцевый 16с10нж DN 15 PN 1,6 МПа У1, корпус ст. 25Л;Клапаны обратные;16лс10нж;-;Фланцевое;-;40;16;Хладостойкая сталь;0;Под заказ;3000027;0.png;-
Клапан обратный подъемный фланцевый 16с10нж DN 15 PN 1,6 МПа У1, корпус ст. 25Л;Клапаны обратные;16лс10нж;-;Фланцевое;-;50;16;Хладостойкая сталь;0;Под заказ;3000028;0.png;-
Клапан обратный подъемный фланцевый 16с10нж DN 15 PN 1,6 МПа У1, корпус ст. 25Л;Клапаны обратные;16лс10нж;-;Фланцевое;-;65;16;Хладостойкая сталь;0;Под заказ;3000029;0.png;-
Клапан обратный подъемный фланцевый 16с10нж DN 15 PN 1,6 МПа У1, корпус ст. 25Л;Клапаны обратные;16лс10нж;-;Фланцевое;-;80;16;Хладостойкая сталь;0;Под заказ;3000030;0.png;-
Клапан обратный подъемный фланцевый 16с10нж DN 15 PN 1,6 МПа У1, корпус ст. 25Л;Клапаны обратные;16лс10нж;-;Фланцевое;-;100;16;Хладостойкая сталь;0;Под заказ;3000031;0.png;-
Клапан обратный подъемный фланцевый 16с10нж DN 15 PN 1,6 МПа У1, корпус ст. 25Л;Клапаны обратные;16лс10нж;-;Фланцевое;-;125;16;Хладостойкая сталь;0;Под заказ;3000032;0.png;-
Клапан обратный подъемный фланцевый 16с10нж DN 15 PN 1,6 МПа У1, корпус ст. 25Л;Клапаны обратные;16лс10нж;-;Фланцевое;-;150;16;Хладостойкая сталь;0;Под заказ;3000033;0.png;-
Клапан обратный подъемный фланцевый 16с10нж DN 15 PN 1,6 МПа У1, корпус ст. 25Л;Клапаны обратные;16лс10п;-;Фланцевое;-;15;16;Хладостойкая сталь;0;Под заказ;3000034;0.png;-
Клапан обратный подъемный фланцевый 16с10нж DN 15 PN 1,6 МПа У1, корпус ст. 25Л;Клапаны обратные;16лс10п;-;Фланцевое;-;20;16;Хладостойкая сталь;0;Под заказ;3000035;0.png;-
Клапан обратный подъемный фланцевый 16с10нж DN 15 PN 1,6 МПа У1, корпус ст. 25Л;Клапаны обратные;16лс10п;-;Фланцевое;-;25;16;Хладостойкая сталь;0;Под заказ;3000036;0.png;-
Клапан обратный подъемный фланцевый 16с10нж DN 15 PN 1,6 МПа У1, корпус ст. 25Л;Клапаны обратные;16лс10п;-;Фланцевое;-;32;16;Хладостойкая сталь;0;Под заказ;3000037;0.png;-
Клапан обратный подъемный фланцевый 16с10нж DN 15 PN 1,6 МПа У1, корпус ст. 25Л;Клапаны обратные;16лс10п;-;Фланцевое;-;40;16;Хладостойкая сталь;0;Под заказ;3000038;0.png;-
Клапан обратный подъемный фланцевый 16с10нж DN 15 PN 1,6 МПа У1, корпус ст. 25Л;Клапаны обратные;16лс10п;-;Фланцевое;-;50;16;Хладостойкая сталь;0;Под заказ;3000039;0.png;-
Клапан обратный подъемный фланцевый 16с10нж DN 15 PN 1,6 МПа У1, корпус ст. 25Л;Клапаны обратные;16лс10п;-;Фланцевое;-;65;16;Хладостойкая сталь;0;Под заказ;3000040;0.png;-
Клапан обратный подъемный фланцевый 16с10нж DN 15 PN 1,6 МПа У1, корпус ст. 25Л;Клапаны обратные;16лс10п;-;Фланцевое;-;80;16;Хладостойкая сталь;0;Под заказ;3000041;0.png;-
Клапан обратный подъемный фланцевый 16с10нж DN 15 PN 1,6 МПа У1, корпус ст. 25Л;Клапаны обратные;16лс10п;-;Фланцевое;-;100;16;Хладостойкая сталь;0;Под заказ;3000042;0.png;-
Клапан обратный подъемный фланцевый 16с10нж DN 15 PN 1,6 МПа У1, корпус ст. 25Л;Клапаны обратные;16лс10п;-;Фланцевое;-;125;16;Хладостойкая сталь;0;Под заказ;3000043;0.png;-
Клапан обратный подъемный фланцевый 16с10нж DN 15 PN 1,6 МПа У1, корпус ст. 25Л;Клапаны обратные;16лс10п;-;Фланцевое;-;150;16;Хладостойкая сталь;0;Под заказ;3000044;0.png;-
Клапан обратный подъемный фланцевый 16с10нж DN 15 PN 1,6 МПа У1, корпус ст. 25Л;Клапаны обратные;16нж10нж;-;Фланцевое;-;15;16;Коррозионностойкая сталь;0;Под заказ;3000045;0.png;-
Клапан обратный подъемный фланцевый 16с10нж DN 15 PN 1,6 МПа У1, корпус ст. 25Л;Клапаны обратные;16нж10нж;-;Фланцевое;-;20;16;Коррозионностойкая сталь;0;Под заказ;3000046;0.png;-
Клапан обратный подъемный фланцевый 16с10нж DN 15 PN 1,6 МПа У1, корпус ст. 25Л;Клапаны обратные;16нж10нж;-;Фланцевое;-;25;16;Коррозионностойкая сталь;0;Под заказ;3000047;0.png;-
Клапан обратный подъемный фланцевый 16с10нж DN 15 PN 1,6 МПа У1, корпус ст. 25Л;Клапаны обратные;16нж10нж;-;Фланцевое;-;32;16;Коррозионностойкая сталь;0;Под заказ;3000048;0.png;-
Клапан обратный подъемный фланцевый 16с10нж DN 15 PN 1,6 МПа У1, корпус ст. 25Л;Клапаны обратные;16нж10нж;-;Фланцевое;-;40;16;Коррозионностойкая сталь;0;Под заказ;3000049;0.png;-
Клапан обратный подъемный фланцевый 16с10нж DN 15 PN 1,6 МПа У1, корпус ст. 25Л;Клапаны обратные;16нж10нж;-;Фланцевое;-;50;16;Коррозионностойкая сталь;0;Под заказ;3000050;0.png;-
"Клапан отсечной фланцевый ""после себя"" нормально открытый 22с15п DN 15 PN 1,6 МПа У1 с мембранным исполнительным механизмом, корпус ст. 25Л";Клапаны отсечные;22с15п;-;-;-;15;16;Углеродистая сталь;0;Под заказ;4000001;0.png;-
"Клапан отсечной фланцевый ""после себя"" нормально открытый 22с15п DN 20 PN 1,6 МПа У1 с мембранным исполнительным механизмом, корпус ст. 25Л";Клапаны отсечные;22с15п;-;-;-;20;16;Углеродистая сталь;0;Под заказ;4000002;0.png;-
"Клапан отсечной фланцевый ""после себя"" нормально открытый 22с15п DN 25 PN 1,6 МПа У1 с мембранным исполнительным механизмом, корпус ст. 25Л";Клапаны отсечные;22с15п;-;-;-;25;16;Углеродистая сталь;0;Под заказ;4000003;0.png;-
"Клапан отсечной фланцевый ""после себя"" нормально открытый 22с15п DN 32 PN 1,6 МПа У1 с мембранным исполнительным механизмом, корпус ст. 25Л";Клапаны отсечные;22с15п;-;-;-;32;16;Углеродистая сталь;0;Под заказ;4000004;0.png;-
"Клапан отсечной фланцевый ""после себя"" нормально открытый 22с15п DN 40 PN 1,6 МПа У1 с мембранным исполнительным механизмом, корпус ст. 25Л";Клапаны отсечные;22с15п;-;-;-;40;16;Углеродистая сталь;0;Под заказ;4000005;0.png;-
"Клапан отсечной фланцевый ""после себя"" нормально открытый 22с15п DN 50 PN 1,6 МПа У1 с мембранным исполнительным механизмом, корпус ст. 25Л";Клапаны отсечные;22с15п;-;-;-;50;16;Углеродистая сталь;0;Под заказ;4000006;0.png;-
"Клапан отсечной фланцевый ""после себя"" нормально открытый 22с15п DN 65 PN 1,6 МПа У1 с мембранным исполнительным механизмом, корпус ст. 25Л";Клапаны отсечные;22с15п;-;-;-;65;16;Углеродистая сталь;0;Под заказ;4000007;0.png;-
"Клапан отсечной фланцевый ""после себя"" нормально открытый 22с15п DN 80 PN 1,6 МПа У1 с мембранным исполнительным механизмом, корпус ст. 25Л";Клапаны отсечные;22с15п;-;-;-;80;16;Углеродистая сталь;0;Под заказ;4000008;0.png;-
"Клапан отсечной фланцевый ""после себя"" нормально открытый 22с15п DN 100 PN 1,6 МПа У1 с мембранным исполнительным механизмом, корпус ст. 25Л";Клапаны отсечные;22с15п;-;-;-;100;16;Углеродистая сталь;0;Под заказ;4000009;0.png;-
"Клапан отсечной фланцевый ""после себя"" нормально открытый 22с15п DN 125 PN 1,6 МПа У1 с мембранным исполнительным механизмом, корпус ст. 25Л";Клапаны отсечные;22с15п;-;-;-;125;16;Углеродистая сталь;0;Под заказ;4000010;0.png;-
"Клапан отсечной фланцевый ""после себя"" нормально открытый 22с15п DN 150 PN 1,6 МПа У1 с мембранным исполнительным механизмом, корпус ст. 25Л";Клапаны отсечные;22с15п;-;-;-;150;16;Углеродистая сталь;0;Под заказ;4000011;0.png;-
"Клапан отсечной фланцевый ""после себя"" нормально открытый 22с15п DN 200 PN 1,6 МПа У1 с мембранным исполнительным механизмом, корпус ст. 25Л";Клапаны отсечные;22с15п;-;-;-;200;16;Углеродистая сталь;0;Под заказ;4000012;0.png;-
"Клапан отсечной фланцевый ""после себя"" нормально открытый 22с15п DN 250 PN 1,6 МПа У1 с мембранным исполнительным механизмом, корпус ст. 25Л";Клапаны отсечные;22с15п;-;-;-;250;16;Углеродистая сталь;0;Под заказ;4000013;0.png;-
"Клапан отсечной фланцевый ""после себя"" нормально открытый 22с15п DN 300 PN 1,6 МПа У1 с мембранным исполнительным механизмом, корпус ст. 25Л";Клапаны отсечные;22с15п;-;-;-;300;16;Углеродистая сталь;0;Под заказ;4000014;0.png;-
"Клапан отсечной фланцевый ""после себя"" нормально открытый 22с15п DN 15 PN 2,5 МПа У1 с мембранным исполнительным механизмом, корпус ст. 25Л";Клапаны отсечные;22с15п;-;-;-;15;25;Углеродистая сталь;0;Под заказ;4000015;0.png;-
"Клапан отсечной фланцевый ""после себя"" нормально открытый 22с15п DN 20 PN 2,5 МПа У1 с мембранным исполнительным механизмом, корпус ст. 25Л";Клапаны отсечные;22с15п;-;-;-;20;25;Углеродистая сталь;0;Под заказ;4000016;0.png;-
"Клапан отсечной фланцевый ""после себя"" нормально открытый 22с15п DN 25 PN 2,5 МПа У1 с мембранным исполнительным механизмом, корпус ст. 25Л";Клапаны отсечные;22с15п;-;-;-;25;25;Углеродистая сталь;0;Под заказ;4000017;0.png;-
"Клапан отсечной фланцевый ""после себя"" нормально открытый 22с15п DN 32 PN 2,5 МПа У1 с мембранным исполнительным механизмом, корпус ст. 25Л";Клапаны отсечные;22с15п;-;-;-;32;25;Углеродистая сталь;0;Под заказ;4000018;0.png;-
"Клапан отсечной фланцевый ""после себя"" нормально открытый 22с15п DN 40 PN 2,5 МПа У1 с мембранным исполнительным механизмом, корпус ст. 25Л";Клапаны отсечные;22с15п;-;-;-;40;25;Углеродистая сталь;0;Под заказ;4000019;0.png;-
"Клапан отсечной фланцевый ""после себя"" нормально открытый 22с15п DN 50 PN 2,5 МПа У1 с мембранным исполнительным механизмом, корпус ст. 25Л";Клапаны отсечные;22с15п;-;-;-;50;25;Углеродистая сталь;0;Под заказ;4000020;0.png;-
"Клапан отсечной фланцевый ""после себя"" нормально открытый 22с15п DN 65 PN 2,5 МПа У1 с мембранным исполнительным механизмом, корпус ст. 25Л";Клапаны отсечные;22с15п;-;-;-;65;25;Углеродистая сталь;0;Под заказ;4000021;0.png;-
"Клапан отсечной фланцевый ""после себя"" нормально открытый 22с15п DN 80 PN 2,5 МПа У1 с мембранным исполнительным механизмом, корпус ст. 25Л";Клапаны отсечные;22с15п;-;-;-;80;25;Углеродистая сталь;0;Под заказ;4000022;0.png;-
"Клапан отсечной фланцевый ""после себя"" нормально открытый 22с15п DN 100 PN 2,5 МПа У1 с мембранным исполнительным механизмом, корпус ст. 25Л";Клапаны отсечные;22с15п;-;-;-;100;25;Углеродистая сталь;0;Под заказ;4000023;0.png;-
"Клапан отсечной фланцевый ""после себя"" нормально открытый 22с15п DN 15 PN 4,0 МПа У1 с мембранным исполнительным механизмом, корпус ст. 25Л";Клапаны отсечные;22с15п;-;-;-;15;40;Углеродистая сталь;0;Под заказ;4000024;0.png;-
"Клапан отсечной фланцевый ""после себя"" нормально открытый 22с15п DN 20 PN 4,0 МПа У1 с мембранным исполнительным механизмом, корпус ст. 25Л";Клапаны отсечные;22с15п;-;-;-;20;40;Углеродистая сталь;0;Под заказ;4000025;0.png;-
"Клапан отсечной фланцевый ""после себя"" нормально открытый 22с15п DN 25 PN 4,0 МПа У1 с мембранным исполнительным механизмом, корпус ст. 25Л";Клапаны отсечные;22с15п;-;-;-;25;40;Углеродистая сталь;0;Под заказ;4000026;0.png;-
"Клапан отсечной фланцевый ""после себя"" нормально открытый 22с15п DN 32 PN 4,0 МПа У1 с мембранным исполнительным механизмом, корпус ст. 25Л";Клапаны отсечные;22с15п;-;-;-;32;40;Углеродистая сталь;0;Под заказ;4000027;0.png;-
"Клапан отсечной фланцевый ""после себя"" нормально открытый 22с15п DN 40 PN 4,0 МПа У1 с мембранным исполнительным механизмом, корпус ст. 25Л";Клапаны отсечные;22с15п;-;-;-;40;40;Углеродистая сталь;0;Под заказ;4000028;0.png;-
"Клапан отсечной фланцевый ""после себя"" нормально открытый 22с15п DN 50 PN 4,0 МПа У1 с мембранным исполнительным механизмом, корпус ст. 25Л";Клапаны отсечные;22с15п;-;-;-;50;40;Углеродистая сталь;0;Под заказ;4000029;0.png;-
"Клапан отсечной фланцевый ""после себя"" нормально открытый 22с15п DN 65 PN 4,0 МПа У1 с мембранным исполнительным механизмом, корпус ст. 25Л";Клапаны отсечные;22с15п;-;-;-;65;40;Углеродистая сталь;0;Под заказ;4000030;0.png;-
"Клапан отсечной фланцевый ""после себя"" нормально открытый 22с15п DN 80 PN 4,0 МПа У1 с мембранным исполнительным механизмом, корпус ст. 25Л";Клапаны отсечные;22с15п;-;-;-;80;40;Углеродистая сталь;0;Под заказ;4000031;0.png;-
"Клапан отсечной фланцевый ""после себя"" нормально открытый 22с15п DN 100 PN 4,0 МПа У1 с мембранным исполнительным механизмом, корпус ст. 25Л";Клапаны отсечные;22с15п;-;-;-;100;40;Углеродистая сталь;0;Под заказ;4000032;0.png;-
"Клапан отсечной фланцевый ""после себя"" нормально открытый 22нж15п DN 15 PN 1,6 МПа УХЛ1 с мембранным исполнительным механизмом, корпус ст. 12Х18Н9ТЛ";Клапаны отсечные;22нж15п;-;-;-;15;16;Коррозионностойкая сталь;0;Под заказ;4000033;0.png;-
"Клапан отсечной фланцевый ""после себя"" нормально открытый 22нж15п DN 20 PN 1,6 МПа УХЛ1 с мембранным исполнительным механизмом, корпус ст. 12Х18Н9ТЛ";Клапаны отсечные;22нж15п;-;-;-;20;16;Коррозионностойкая сталь;0;Под заказ;4000034;0.png;-
"Клапан отсечной фланцевый ""после себя"" нормально открытый 22нж15п DN 25 PN 1,6 МПа УХЛ1 с мембранным исполнительным механизмом, корпус ст. 12Х18Н9ТЛ";Клапаны отсечные;22нж15п;-;-;-;25;16;Коррозионностойкая сталь;0;Под заказ;4000035;0.png;-
"Клапан отсечной фланцевый ""после себя"" нормально открытый 22нж15п DN 32 PN 1,6 МПа УХЛ1 с мембранным исполнительным механизмом, корпус ст. 12Х18Н9ТЛ";Клапаны отсечные;22нж15п;-;-;-;32;16;Коррозионностойкая сталь;0;Под заказ;4000036;0.png;-
"Клапан отсечной фланцевый ""после себя"" нормально открытый 22нж15п DN 40 PN 1,6 МПа УХЛ1 с мембранным исполнительным механизмом, корпус ст. 12Х18Н9ТЛ";Клапаны отсечные;22нж15п;-;-;-;40;16;Коррозионностойкая сталь;0;Под заказ;4000037;0.png;-
"Клапан отсечной фланцевый ""после себя"" нормально открытый 22нж15п DN 50 PN 1,6 МПа УХЛ1 с мембранным исполнительным механизмом, корпус ст. 12Х18Н9ТЛ";Клапаны отсечные;22нж15п;-;-;-;50;16;Коррозионностойкая сталь;0;Под заказ;4000038;0.png;-
"Клапан отсечной фланцевый ""после себя"" нормально открытый 22нж15п DN 65 PN 1,6 МПа УХЛ1 с мембранным исполнительным механизмом, корпус ст. 12Х18Н9ТЛ";Клапаны отсечные;22нж15п;-;-;-;65;16;Коррозионностойкая сталь;0;Под заказ;4000039;0.png;-
"Клапан отсечной фланцевый ""после себя"" нормально открытый 22нж15п DN 80 PN 1,6 МПа УХЛ1 с мембранным исполнительным механизмом, корпус ст. 12Х18Н9ТЛ";Клапаны отсечные;22нж15п;-;-;-;80;16;Коррозионностойкая сталь;0;Под заказ;4000040;0.png;-
"Клапан отсечной фланцевый ""после себя"" нормально открытый 22нж15п DN 100 PN 1,6 МПа УХЛ1 с мембранным исполнительным механизмом, корпус ст. 12Х18Н9ТЛ";Клапаны отсечные;22нж15п;-;-;-;100;16;Коррозионностойкая сталь;0;Под заказ;4000041;0.png;-
"Клапан отсечной фланцевый ""после себя"" нормально открытый 22нж15п DN 125 PN 1,6 МПа УХЛ1 с мембранным исполнительным механизмом, корпус ст. 12Х18Н9ТЛ";Клапаны отсечные;22нж15п;-;-;-;125;16;Коррозионностойкая сталь;0;Под заказ;4000042;0.png;-
"Клапан отсечной фланцевый ""после себя"" нормально открытый 22нж15п DN 150 PN 1,6 МПа УХЛ1 с мембранным исполнительным механизмом, корпус ст. 12Х18Н9ТЛ";Клапаны отсечные;22нж15п;-;-;-;150;16;Коррозионностойкая сталь;0;Под заказ;4000043;0.png;-
"Клапан отсечной фланцевый ""после себя"" нормально открытый 22нж15п DN 200 PN 1,6 МПа УХЛ1 с мембранным исполнительным механизмом, корпус ст. 12Х18Н9ТЛ";Клапаны отсечные;22нж15п;-;-;-;200;16;Коррозионностойкая сталь;0;Под заказ;4000044;0.png;-
"Клапан отсечной фланцевый ""после себя"" нормально открытый 22нж15п DN 250 PN 1,6 МПа УХЛ1 с мембранным исполнительным механизмом, корпус ст. 12Х18Н9ТЛ";Клапаны отсечные;22нж15п;-;-;-;250;16;Коррозионностойкая сталь;0;Под заказ;4000045;0.png;-
"Клапан отсечной фланцевый ""после себя"" нормально открытый 22нж15п DN 300 PN 1,6 МПа УХЛ1 с мембранным исполнительным механизмом, корпус ст. 12Х18Н9ТЛ";Клапаны отсечные;22нж15п;-;-;-;300;16;Коррозионностойкая сталь;0;Под заказ;4000046;0.png;-
"Клапан отсечной фланцевый ""после себя"" нормально открытый 22нж15п DN 15 PN 2,5 МПа УХЛ1 с мембранным исполнительным механизмом, корпус ст. 12Х18Н9ТЛ";Клапаны отсечные;22нж15п;-;-;-;15;25;Коррозионностойкая сталь;0;Под заказ;4000047;0.png;-
"Клапан отсечной фланцевый ""после себя"" нормально открытый 22нж15п DN 20 PN 2,5 МПа УХЛ1 с мембранным исполнительным механизмом, корпус ст. 12Х18Н9ТЛ";Клапаны отсечные;22нж15п;-;-;-;20;25;Коррозионностойкая сталь;0;Под заказ;4000048;0.png;-
"Клапан отсечной фланцевый ""после себя"" нормально открытый 22нж15п DN 25 PN 2,5 МПа УХЛ1 с мембранным исполнительным механизмом, корпус ст. 12Х18Н9ТЛ";Клапаны отсечные;22нж15п;-;-;-;25;25;Коррозионностойкая сталь;0;Под заказ;4000049;0.png;-
"Клапан отсечной фланцевый ""после себя"" нормально открытый 22нж15п DN 32 PN 2,5 МПа УХЛ1 с мембранным исполнительным механизмом, корпус ст. 12Х18Н9ТЛ";Клапаны отсечные;22нж15п;-;-;-;32;25;Коррозионностойкая сталь;0;Под заказ;4000050;0.png;-
"Клапан отсечной фланцевый ""после себя"" нормально открытый 22нж15п DN 40 PN 2,5 МПа УХЛ1 с мембранным исполнительным механизмом, корпус ст. 12Х18Н9ТЛ";Клапаны отсечные;22нж15п;-;-;-;40;25;Коррозионностойкая сталь;0;Под заказ;4000051;0.png;-
"Клапан отсечной фланцевый ""после себя"" нормально открытый 22нж15п DN 50 PN 2,5 МПа УХЛ1 с мембранным исполнительным механизмом, корпус ст. 12Х18Н9ТЛ";Клапаны отсечные;22нж15п;-;-;-;50;25;Коррозионностойкая сталь;0;Под заказ;4000052;0.png;-
"Клапан отсечной фланцевый ""после себя"" нормально открытый 22нж15п DN 65 PN 2,5 МПа УХЛ1 с мембранным исполнительным механизмом, корпус ст. 12Х18Н9ТЛ";Клапаны отсечные;22нж15п;-;-;-;65;25;Коррозионностойкая сталь;0;Под заказ;4000053;0.png;-
"Клапан отсечной фланцевый ""после себя"" нормально открытый 22нж15п DN 80 PN 2,5 МПа УХЛ1 с мембранным исполнительным механизмом, корпус ст. 12Х18Н9ТЛ";Клапаны отсечные;22нж15п;-;-;-;80;25;Коррозионностойкая сталь;0;Под заказ;4000054;0.png;-
"Клапан отсечной фланцевый ""после себя"" нормально открытый 22нж15п DN 100 PN 2,5 МПа УХЛ1 с мембранным исполнительным механизмом, корпус ст. 12Х18Н9ТЛ";Клапаны отсечные;22нж15п;-;-;-;100;25;Коррозионностойкая сталь;0;Под заказ;4000055;0.png;-
"Клапан отсечной фланцевый ""после себя"" нормально открытый 22нж15п DN 15 PN 4,0 МПа УХЛ1 с мембранным исполнительным механизмом, корпус ст. 12Х18Н9ТЛ";Клапаны отсечные;22нж15п;-;-;-;15;40;Коррозионностойкая сталь;0;Под заказ;4000056;0.png;-
"Клапан отсечной фланцевый ""после себя"" нормально открытый 22нж15п DN 20 PN 4,0 МПа УХЛ1 с мембранным исполнительным механизмом, корпус ст. 12Х18Н9ТЛ";Клапаны отсечные;22нж15п;-;-;-;20;40;Коррозионностойкая сталь;0;Под заказ;4000057;0.png;-
"Клапан отсечной фланцевый ""после себя"" нормально открытый 22нж15п DN 25 PN 4,0 МПа УХЛ1 с мембранным исполнительным механизмом, корпус ст. 12Х18Н9ТЛ";Клапаны отсечные;22нж15п;-;-;-;25;40;Коррозионностойкая сталь;0;Под заказ;4000058;0.png;-
"Клапан отсечной фланцевый ""после себя"" нормально открытый 22нж15п DN 32 PN 4,0 МПа УХЛ1 с мембранным исполнительным механизмом, корпус ст. 12Х18Н9ТЛ";Клапаны отсечные;22нж15п;-;-;-;32;40;Коррозионностойкая сталь;0;Под заказ;4000059;0.png;-
"Клапан отсечной фланцевый ""после себя"" нормально открытый 22нж15п DN 40 PN 4,0 МПа УХЛ1 с мембранным исполнительным механизмом, корпус ст. 12Х18Н9ТЛ";Клапаны отсечные;22нж15п;-;-;-;40;40;Коррозионностойкая сталь;0;Под заказ;4000060;0.png;-
"Клапан отсечной фланцевый ""после себя"" нормально открытый 22нж15п DN 50 PN 4,0 МПа УХЛ1 с мембранным исполнительным механизмом, корпус ст. 12Х18Н9ТЛ";Клапаны отсечные;22нж15п;-;-;-;50;40;Коррозионностойкая сталь;0;Под заказ;4000061;0.png;-
"Клапан отсечной фланцевый ""после себя"" нормально открытый 22нж15п DN 65 PN 4,0 МПа УХЛ1 с мембранным исполнительным механизмом, корпус ст. 12Х18Н9ТЛ";Клапаны отсечные;22нж15п;-;-;-;65;40;Коррозионностойкая сталь;0;Под заказ;4000062;0.png;-
"Клапан отсечной фланцевый ""после себя"" нормально открытый 22нж15п DN 80 PN 4,0 МПа УХЛ1 с мембранным исполнительным механизмом, корпус ст. 12Х18Н9ТЛ";Клапаны отсечные;22нж15п;-;-;-;80;40;Коррозионностойкая сталь;0;Под заказ;4000063;0.png;-
"Клапан отсечной фланцевый ""после себя"" нормально открытый 22нж15п DN 100 PN 4,0 МПа УХЛ1 с мембранным исполнительным механизмом, корпус ст. 12Х18Н9ТЛ";Клапаны отсечные;22нж15п;-;-;-;100;40;Коррозионностойкая сталь;0;Под заказ;4000064;0.png;-
"Клапан отсечной фланцевый ""до себя"" нормально закрытый 22с32п DN 15 PN 1,6 МПа У1 с мембранным исполнительным механизмом, корпус ст. 25Л";Клапаны отсечные;22с32п;-;-;-;15;16;Углеродистая сталь;0;Под заказ;4000065;0.png;-
"Клапан отсечной фланцевый ""до себя"" нормально закрытый 22с32п DN 20 PN 1,6 МПа У1 с мембранным исполнительным механизмом, корпус ст. 25Л";Клапаны отсечные;22с32п;-;-;-;20;16;Углеродистая сталь;0;Под заказ;4000066;0.png;-
"Клапан отсечной фланцевый ""до себя"" нормально закрытый 22с32п DN 25 PN 1,6 МПа У1 с мембранным исполнительным механизмом, корпус ст. 25Л";Клапаны отсечные;22с32п;-;-;-;25;16;Углеродистая сталь;0;Под заказ;4000067;0.png;-
"Клапан отсечной фланцевый ""до себя"" нормально закрытый 22с32п DN 32 PN 1,6 МПа У1 с мембранным исполнительным механизмом, корпус ст. 25Л";Клапаны отсечные;22с32п;-;-;-;32;16;Углеродистая сталь;0;Под заказ;4000068;0.png;-
"Клапан отсечной фланцевый ""до себя"" нормально закрытый 22с32п DN 40 PN 1,6 МПа У1 с мембранным исполнительным механизмом, корпус ст. 25Л";Клапаны отсечные;22с32п;-;-;-;40;16;Углеродистая сталь;0;Под заказ;4000069;0.png;-
"Клапан отсечной фланцевый ""до себя"" нормально закрытый 22с32п DN 50 PN 1,6 МПа У1 с мембранным исполнительным механизмом, корпус ст. 25Л";Клапаны отсечные;22с32п;-;-;-;50;16;Углеродистая сталь;0;Под заказ;4000070;0.png;-
"Клапан отсечной фланцевый ""до себя"" нормально закрытый 22с32п DN 65 PN 1,6 МПа У1 с мембранным исполнительным механизмом, корпус ст. 25Л";Клапаны отсечные;22с32п;-;-;-;65;16;Углеродистая сталь;0;Под заказ;4000071;0.png;-
"Клапан отсечной фланцевый ""до себя"" нормально закрытый 22с32п DN 80 PN 1,6 МПа У1 с мембранным исполнительным механизмом, корпус ст. 25Л";Клапаны отсечные;22с32п;-;-;-;80;16;Углеродистая сталь;0;Под заказ;4000072;0.png;-
"Клапан отсечной фланцевый ""до себя"" нормально закрытый 22с32п DN 100 PN 1,6 МПа У1 с мембранным исполнительным механизмом, корпус ст. 25Л";Клапаны отсечные;22с32п;-;-;-;100;16;Углеродистая сталь;0;Под заказ;4000073;0.png;-
"Клапан отсечной фланцевый ""до себя"" нормально закрытый 22с32п DN 125 PN 1,6 МПа У1 с мембранным исполнительным механизмом, корпус ст. 25Л";Клапаны отсечные;22с32п;-;-;-;125;16;Углеродистая сталь;0;Под заказ;4000074;0.png;-
"Клапан отсечной фланцевый ""до себя"" нормально закрытый 22с32п DN 150 PN 1,6 МПа У1 с мембранным исполнительным механизмом, корпус ст. 25Л";Клапаны отсечные;22с32п;-;-;-;150;16;Углеродистая сталь;0;Под заказ;4000075;0.png;-
"Клапан отсечной фланцевый ""до себя"" нормально закрытый 22с32п DN 200 PN 1,6 МПа У1 с мембранным исполнительным механизмом, корпус ст. 25Л";Клапаны отсечные;22с32п;-;-;-;200;16;Углеродистая сталь;0;Под заказ;4000076;0.png;-
"Клапан отсечной фланцевый ""до себя"" нормально закрытый 22с32п DN 250 PN 1,6 МПа У1 с мембранным исполнительным механизмом, корпус ст. 25Л";Клапаны отсечные;22с32п;-;-;-;250;16;Углеродистая сталь;0;Под заказ;4000077;0.png;-
"Клапан отсечной фланцевый ""до себя"" нормально закрытый 22с32п DN 300 PN 1,6 МПа У1 с мембранным исполнительным механизмом, корпус ст. 25Л";Клапаны отсечные;22с32п;-;-;-;300;16;Углеродистая сталь;0;Под заказ;4000078;0.png;-
"Клапан отсечной фланцевый ""до себя"" нормально закрытый 22с32п DN 15 PN 2,5 МПа У1 с мембранным исполнительным механизмом, корпус ст. 25Л";Клапаны отсечные;22с32п;-;-;-;15;25;Углеродистая сталь;0;Под заказ;4000079;0.png;-
"Клапан отсечной фланцевый ""до себя"" нормально закрытый 22с32п DN 20 PN 2,5 МПа У1 с мембранным исполнительным механизмом, корпус ст. 25Л";Клапаны отсечные;22с32п;-;-;-;20;25;Углеродистая сталь;0;Под заказ;4000080;0.png;-
"Клапан отсечной фланцевый ""до себя"" нормально закрытый 22с32п DN 25 PN 2,5 МПа У1 с мембранным исполнительным механизмом, корпус ст. 25Л";Клапаны отсечные;22с32п;-;-;-;25;25;Углеродистая сталь;0;Под заказ;4000081;0.png;-
"Клапан отсечной фланцевый ""до себя"" нормально закрытый 22с32п DN 32 PN 2,5 МПа У1 с мембранным исполнительным механизмом, корпус ст. 25Л";Клапаны отсечные;22с32п;-;-;-;32;25;Углеродистая сталь;0;Под заказ;4000082;0.png;-
"Клапан отсечной фланцевый ""до себя"" нормально закрытый 22с32п DN 40 PN 2,5 МПа У1 с мембранным исполнительным механизмом, корпус ст. 25Л";Клапаны отсечные;22с32п;-;-;-;40;25;Углеродистая сталь;0;Под заказ;4000083;0.png;-
"Клапан отсечной фланцевый ""до себя"" нормально закрытый 22с32п DN 50 PN 2,5 МПа У1 с мембранным исполнительным механизмом, корпус ст. 25Л";Клапаны отсечные;22с32п;-;-;-;50;25;Углеродистая сталь;0;Под заказ;4000084;0.png;-
"Клапан отсечной фланцевый ""до себя"" нормально закрытый 22с32п DN 65 PN 2,5 МПа У1 с мембранным исполнительным механизмом, корпус ст. 25Л";Клапаны отсечные;22с32п;-;-;-;65;25;Углеродистая сталь;0;Под заказ;4000085;0.png;-
"Клапан отсечной фланцевый ""до себя"" нормально закрытый 22с32п DN 80 PN 2,5 МПа У1 с мембранным исполнительным механизмом, корпус ст. 25Л";Клапаны отсечные;22с32п;-;-;-;80;25;Углеродистая сталь;0;Под заказ;4000086;0.png;-
"Клапан отсечной фланцевый ""до себя"" нормально закрытый 22с32п DN 100 PN 2,5 МПа У1 с мембранным исполнительным механизмом, корпус ст. 25Л";Клапаны отсечные;22с32п;-;-;-;100;25;Углеродистая сталь;0;Под заказ;4000087;0.png;-
"Клапан отсечной фланцевый ""до себя"" нормально закрытый 22с32п DN 15 PN 4,0 МПа У1 с мембранным исполнительным механизмом, корпус ст. 25Л";Клапаны отсечные;22с32п;-;-;-;15;40;Углеродистая сталь;0;Под заказ;4000088;0.png;-
"Клапан отсечной фланцевый ""до себя"" нормально закрытый 22с32п DN 20 PN 4,0 МПа У1 с мембранным исполнительным механизмом, корпус ст. 25Л";Клапаны отсечные;22с32п;-;-;-;20;40;Углеродистая сталь;0;Под заказ;4000089;0.png;-
"Клапан отсечной фланцевый ""до себя"" нормально закрытый 22с32п DN 25 PN 4,0 МПа У1 с мембранным исполнительным механизмом, корпус ст. 25Л";Клапаны отсечные;22с32п;-;-;-;25;40;Углеродистая сталь;0;Под заказ;4000090;0.png;-
"Клапан отсечной фланцевый ""до себя"" нормально закрытый 22с32п DN 32 PN 4,0 МПа У1 с мембранным исполнительным механизмом, корпус ст. 25Л";Клапаны отсечные;22с32п;-;-;-;32;40;Углеродистая сталь;0;Под заказ;4000091;0.png;-
"Клапан отсечной фланцевый ""до себя"" нормально закрытый 22с32п DN 40 PN 4,0 МПа У1 с мембранным исполнительным механизмом, корпус ст. 25Л";Клапаны отсечные;22с32п;-;-;-;40;40;Углеродистая сталь;0;Под заказ;4000092;0.png;-
"Клапан отсечной фланцевый ""до себя"" нормально закрытый 22с32п DN 50 PN 4,0 МПа У1 с мембранным исполнительным механизмом, корпус ст. 25Л";Клапаны отсечные;22с32п;-;-;-;50;40;Углеродистая сталь;0;Под заказ;4000093;0.png;-
"Клапан отсечной фланцевый ""до себя"" нормально закрытый 22с32п DN 65 PN 4,0 МПа У1 с мембранным исполнительным механизмом, корпус ст. 25Л";Клапаны отсечные;22с32п;-;-;-;65;40;Углеродистая сталь;0;Под заказ;4000094;0.png;-
"Клапан отсечной фланцевый ""до себя"" нормально закрытый 22с32п DN 80 PN 4,0 МПа У1 с мембранным исполнительным механизмом, корпус ст. 25Л";Клапаны отсечные;22с32п;-;-;-;80;40;Углеродистая сталь;0;Под заказ;4000095;0.png;-
"Клапан отсечной фланцевый ""до себя"" нормально закрытый 22с32п DN 100 PN 4,0 МПа У1 с мембранным исполнительным механизмом, корпус ст. 25Л";Клапаны отсечные;22с32п;-;-;-;100;40;Углеродистая сталь;0;Под заказ;4000096;0.png;-
"Клапан отсечной фланцевый ""до себя"" нормально закрытый 22нж32п DN 15 PN 1,6 МПа УХЛ1 с мембранным исполнительным механизмом, корпус ст. 12Х18Н9ТЛ";Клапаны отсечные;22нж32п;-;-;-;15;16;Коррозионностойкая сталь;0;Под заказ;4000097;0.png;-
"Клапан отсечной фланцевый ""до себя"" нормально закрытый 22нж32п DN 20 PN 1,6 МПа УХЛ1 с мембранным исполнительным механизмом, корпус ст. 12Х18Н9ТЛ";Клапаны отсечные;22нж32п;-;-;-;20;16;Коррозионностойкая сталь;0;Под заказ;4000098;0.png;-
"Клапан отсечной фланцевый ""до себя"" нормально закрытый 22нж32п DN 25 PN 1,6 МПа УХЛ1 с мембранным исполнительным механизмом, корпус ст. 12Х18Н9ТЛ";Клапаны отсечные;22нж32п;-;-;-;25;16;Коррозионностойкая сталь;0;Под заказ;4000099;0.png;-
"Клапан отсечной фланцевый ""до себя"" нормально закрытый 22нж32п DN 32 PN 1,6 МПа УХЛ1 с мембранным исполнительным механизмом, корпус ст. 12Х18Н9ТЛ";Клапаны отсечные;22нж32п;-;-;-;32;16;Коррозионностойкая сталь;0;Под заказ;4000100;0.png;-
"Клапан отсечной фланцевый ""до себя"" нормально закрытый 22нж32п DN 40 PN 1,6 МПа УХЛ1 с мембранным исполнительным механизмом, корпус ст. 12Х18Н9ТЛ";Клапаны отсечные;22нж32п;-;-;-;40;16;Коррозионностойкая сталь;0;Под заказ;4000101;0.png;-
"Клапан отсечной фланцевый ""до себя"" нормально закрытый 22нж32п DN 50 PN 1,6 МПа УХЛ1 с мембранным исполнительным механизмом, корпус ст. 12Х18Н9ТЛ";Клапаны отсечные;22нж32п;-;-;-;50;16;Коррозионностойкая сталь;0;Под заказ;4000102;0.png;-
"Клапан отсечной фланцевый ""до себя"" нормально закрытый 22нж32п DN 65 PN 1,6 МПа УХЛ1 с мембранным исполнительным механизмом, корпус ст. 12Х18Н9ТЛ";Клапаны отсечные;22нж32п;-;-;-;65;16;Коррозионностойкая сталь;0;Под заказ;4000103;0.png;-
"Клапан отсечной фланцевый ""до себя"" нормально закрытый 22нж32п DN 80 PN 1,6 МПа УХЛ1 с мембранным исполнительным механизмом, корпус ст. 12Х18Н9ТЛ";Клапаны отсечные;22нж32п;-;-;-;80;16;Коррозионностойкая сталь;0;Под заказ;4000104;0.png;-
"Клапан отсечной фланцевый ""до себя"" нормально закрытый 22нж32п DN 100 PN 1,6 МПа УХЛ1 с мембранным исполнительным механизмом, корпус ст. 12Х18Н9ТЛ";Клапаны отсечные;22нж32п;-;-;-;100;16;Коррозионностойкая сталь;0;Под заказ;4000105;0.png;-
"Клапан отсечной фланцевый ""до себя"" нормально закрытый 22нж32п DN 125 PN 1,6 МПа УХЛ1 с мембранным исполнительным механизмом, корпус ст. 12Х18Н9ТЛ";Клапаны отсечные;22нж32п;-;-;-;125;16;Коррозионностойкая сталь;0;Под заказ;4000106;0.png;-
"Клапан отсечной фланцевый ""до себя"" нормально закрытый 22нж32п DN 150 PN 1,6 МПа УХЛ1 с мембранным исполнительным механизмом, корпус ст. 12Х18Н9ТЛ";Клапаны отсечные;22нж32п;-;-;-;150;16;Коррозионностойкая сталь;0;Под заказ;4000107;0.png;-
"Клапан отсечной фланцевый ""до себя"" нормально закрытый 22нж32п DN 200 PN 1,6 МПа УХЛ1 с мембранным исполнительным механизмом, корпус ст. 12Х18Н9ТЛ";Клапаны отсечные;22нж32п;-;-;-;200;16;Коррозионностойкая сталь;0;Под заказ;4000108;0.png;-
"Клапан отсечной фланцевый ""до себя"" нормально закрытый 22нж32п DN 250 PN 1,6 МПа УХЛ1 с мембранным исполнительным механизмом, корпус ст. 12Х18Н9ТЛ";Клапаны отсечные;22нж32п;-;-;-;250;16;Коррозионностойкая сталь;0;Под заказ;4000109;0.png;-
"Клапан отсечной фланцевый ""до себя"" нормально закрытый 22нж32п DN 300 PN 1,6 МПа УХЛ1 с мембранным исполнительным механизмом, корпус ст. 12Х18Н9ТЛ";Клапаны отсечные;22нж32п;-;-;-;300;16;Коррозионностойкая сталь;0;Под заказ;4000110;0.png;-
"Клапан отсечной фланцевый ""до себя"" нормально закрытый 22нж32п DN 15 PN 2,5 МПа УХЛ1 с мембранным исполнительным механизмом, корпус ст. 12Х18Н9ТЛ";Клапаны отсечные;22нж32п;-;-;-;15;25;Коррозионностойкая сталь;0;Под заказ;4000111;0.png;-
"Клапан отсечной фланцевый ""до себя"" нормально закрытый 22нж32п DN 20 PN 2,5 МПа УХЛ1 с мембранным исполнительным механизмом, корпус ст. 12Х18Н9ТЛ";Клапаны отсечные;22нж32п;-;-;-;20;25;Коррозионностойкая сталь;0;Под заказ;4000112;0.png;-
"Клапан отсечной фланцевый ""до себя"" нормально закрытый 22нж32п DN 25 PN 2,5 МПа УХЛ1 с мембранным исполнительным механизмом, корпус ст. 12Х18Н9ТЛ";Клапаны отсечные;22нж32п;-;-;-;25;25;Коррозионностойкая сталь;0;Под заказ;4000113;0.png;-
"Клапан отсечной фланцевый ""до себя"" нормально закрытый 22нж32п DN 32 PN 2,5 МПа УХЛ1 с мембранным исполнительным механизмом, корпус ст. 12Х18Н9ТЛ";Клапаны отсечные;22нж32п;-;-;-;32;25;Коррозионностойкая сталь;0;Под заказ;4000114;0.png;-
"Клапан отсечной фланцевый ""до себя"" нормально закрытый 22нж32п DN 40 PN 2,5 МПа УХЛ1 с мембранным исполнительным механизмом, корпус ст. 12Х18Н9ТЛ";Клапаны отсечные;22нж32п;-;-;-;40;25;Коррозионностойкая сталь;0;Под заказ;4000115;0.png;-
"Клапан отсечной фланцевый ""до себя"" нормально закрытый 22нж32п DN 50 PN 2,5 МПа УХЛ1 с мембранным исполнительным механизмом, корпус ст. 12Х18Н9ТЛ";Клапаны отсечные;22нж32п;-;-;-;50;25;Коррозионностойкая сталь;0;Под заказ;4000116;0.png;-
"Клапан отсечной фланцевый ""до себя"" нормально закрытый 22нж32п DN 65 PN 2,5 МПа УХЛ1 с мембранным исполнительным механизмом, корпус ст. 12Х18Н9ТЛ";Клапаны отсечные;22нж32п;-;-;-;65;25;Коррозионностойкая сталь;0;Под заказ;4000117;0.png;-
"Клапан отсечной фланцевый ""до себя"" нормально закрытый 22нж32п DN 80 PN 2,5 МПа УХЛ1 с мембранным исполнительным механизмом, корпус ст. 12Х18Н9ТЛ";Клапаны отсечные;22нж32п;-;-;-;80;25;Коррозионностойкая сталь;0;Под заказ;4000118;0.png;-
"Клапан отсечной фланцевый ""до себя"" нормально закрытый 22нж32п DN 100 PN 2,5 МПа УХЛ1 с мембранным исполнительным механизмом, корпус ст. 12Х18Н9ТЛ";Клапаны отсечные;22нж32п;-;-;-;100;25;Коррозионностойкая сталь;0;Под заказ;4000119;0.png;-
"Клапан отсечной фланцевый ""до себя"" нормально закрытый 22нж32п DN 15 PN 4,0 МПа УХЛ1 с мембранным исполнительным механизмом, корпус ст. 12Х18Н9ТЛ";Клапаны отсечные;22нж32п;-;-;-;15;40;Коррозионностойкая сталь;0;Под заказ;4000120;0.png;-
"Клапан отсечной фланцевый ""до себя"" нормально закрытый 22нж32п DN 20 PN 4,0 МПа УХЛ1 с мембранным исполнительным механизмом, корпус ст. 12Х18Н9ТЛ";Клапаны отсечные;22нж32п;-;-;-;20;40;Коррозионностойкая сталь;0;Под заказ;4000121;0.png;-
"Клапан отсечной фланцевый ""до себя"" нормально закрытый 22нж32п DN 25 PN 4,0 МПа УХЛ1 с мембранным исполнительным механизмом, корпус ст. 12Х18Н9ТЛ";Клапаны отсечные;22нж32п;-;-;-;25;40;Коррозионностойкая сталь;0;Под заказ;4000122;0.png;-
"Клапан отсечной фланцевый ""до себя"" нормально закрытый 22нж32п DN 32 PN 4,0 МПа УХЛ1 с мембранным исполнительным механизмом, корпус ст. 12Х18Н9ТЛ";Клапаны отсечные;22нж32п;-;-;-;32;40;Коррозионностойкая сталь;0;Под заказ;4000123;0.png;-
"Клапан отсечной фланцевый ""до себя"" нормально закрытый 22нж32п DN 40 PN 4,0 МПа УХЛ1 с мембранным исполнительным механизмом, корпус ст. 12Х18Н9ТЛ";Клапаны отсечные;22нж32п;-;-;-;40;40;Коррозионностойкая сталь;0;Под заказ;4000124;0.png;-
"Клапан отсечной фланцевый ""до себя"" нормально закрытый 22нж32п DN 50 PN 4,0 МПа УХЛ1 с мембранным исполнительным механизмом, корпус ст. 12Х18Н9ТЛ";Клапаны отсечные;22нж32п;-;-;-;50;40;Коррозионностойкая сталь;0;Под заказ;4000125;0.png;-
"Клапан отсечной фланцевый ""до себя"" нормально закрытый 22нж32п DN 65 PN 4,0 МПа УХЛ1 с мембранным исполнительным механизмом, корпус ст. 12Х18Н9ТЛ";Клапаны отсечные;22нж32п;-;-;-;65;40;Коррозионностойкая сталь;0;Под заказ;4000126;0.png;-
"Клапан отсечной фланцевый ""до себя"" нормально закрытый 22нж32п DN 80 PN 4,0 МПа УХЛ1 с мембранным исполнительным механизмом, корпус ст. 12Х18Н9ТЛ";Клапаны отсечные;22нж32п;-;-;-;80;40;Коррозионностойкая сталь;0;Под заказ;4000127;0.png;-
"Клапан отсечной фланцевый ""до себя"" нормально закрытый 22нж32п DN 100 PN 4,0 МПа УХЛ1 с мембранным исполнительным механизмом, корпус ст. 12Х18Н9ТЛ";Клапаны отсечные;22нж32п;-;-;-;100;40;Коррозионностойкая сталь;0;Под заказ;4000128;0.png;-
Клапан предохранительный пружинный сальниковый фланцевый с приспособлением для принудительного открытия СППК4Р 25-16 17с6нж DN 25 (исп. F) / 40 (исп. В) PN 1,6 (вход) / 0,6 (выход) МПа У1, пружина № ?, Рн=? кгс/см², корпус ст. 20Л, класс герметичности «В» по ГОСТ 9544-2015;Клапаны предохранительные СППК;17с6нж;-;Фланцевое;-;25/40;16.июн;Углеродистая сталь;0;20 рабочих дней;5000001;0.png;-
Клапан предохранительный пружинный сальниковый фланцевый с приспособлением для принудительного открытия СППК4Р 50-16 17с6нж DN 50 (исп. В) / 80 (исп. В) PN 1,6 (вход) / 0,6 (выход) МПа У1, пружина № ?, Рн=? кгс/см², корпус ст. 20Л, класс герметичности «В» по ГОСТ 9544-2015;Клапаны предохранительные СППК;17с6нж;-;Фланцевое;-;50/80;16.июн;Углеродистая сталь;0;20 рабочих дней;5000002;0.png;-
Клапан предохранительный пружинный сальниковый фланцевый с приспособлением для принудительного открытия СППК4Р 80-16 17с6нж DN 80 (исп. В) / 100 (исп. В) PN 1,6 (вход) / 0,6 (выход) МПа У1, пружина № ?, Рн=? кгс/см², корпус ст. 20Л, класс герметичности «В» по ГОСТ 9544-2015;Клапаны предохранительные СППК;17с6нж;-;Фланцевое;-;80/100;16.июн;Углеродистая сталь;0;20 рабочих дней;5000003;0.png;-
Клапан предохранительный пружинный сальниковый фланцевый с приспособлением для принудительного открытия СППК5Р 100-16 17с6нж DN 100 (исп. В) / 150 (исп. В) PN 1,6 (вход) / 1,6 (выход) МПа У1, пружина № ?, Рн=? кгс/см², корпус ст. 20Л, класс герметичности «В» по ГОСТ 9544-2015;Клапаны предохранительные СППК;17с6нж;-;Фланцевое;-;100/150;16/16;Углеродистая сталь;0;20 рабочих дней;5000004;0.png;-
Клапан предохранительный пружинный сальниковый фланцевый с приспособлением для принудительного открытия СППК4Р 150-16 17с6нж DN 150 (исп. В) / 200 (исп. В) PN 1,6 (вход) / 0,6 (выход) МПа У1, пружина № ?, Рн=? кгс/см², корпус ст. 20Л, класс герметичности «В» по ГОСТ 9544-2015;Клапаны предохранительные СППК;17с6нж;-;Фланцевое;-;150/200;16.июн;Углеродистая сталь;0;25 рабочих дней;5000005;0.png;-
Клапан предохранительный пружинный сальниковый фланцевый с приспособлением для принудительного открытия СППК4Р 200-16 17с17нж DN 200 (исп. В) / 300 (исп. В) PN 1,6 (вход) / 0,6 (выход) МПа У1, пружина № ?, Рн=? кгс/см², корпус ст. 20Л, класс герметичности «В» по ГОСТ 9544-2015;Клапаны предохранительные СППК;17с17нж;-;Фланцевое;-;200/300;16.июн;Углеродистая сталь;0;25 рабочих дней;5000006;0.png;-
Клапан предохранительный пружинный сальниковый фланцевый с приспособлением для принудительного открытия СППК4Р 25-40 17с25нж DN 25 (исп. F) / 40 (исп. В) PN 4,0 (вход) / 1,6 (выход) МПа У1, пружина № ?, Рн=? кгс/см², корпус ст. 20Л, класс герметичности «В» по ГОСТ 9544-2015;Клапаны предохранительные СППК;17с25нж;-;Фланцевое;-;25/40;40/16;Углеродистая сталь;0;20 рабочих дней;5000007;0.png;-
Клапан предохранительный пружинный сальниковый фланцевый с приспособлением для принудительного открытия СППК4Р 50-40 17с21нж DN 50 (исп. F) / 80 (исп. В) PN 4,0 (вход) / 1,6 (выход) МПа У1, пружина № ?, Рн=? кгс/см², корпус ст. 20Л, класс герметичности «В» по ГОСТ 9544-2015;Клапаны предохранительные СППК;17с21нж;-;Фланцевое;-;50/80;40/16;Углеродистая сталь;0;20 рабочих дней;5000008;0.png;-
Клапан предохранительный пружинный сальниковый фланцевый с приспособлением для принудительного открытия СППК4Р 80-40 17с21нж DN 80 (исп. F) / 100 (исп. В) PN 4,0 (вход) / 1,6 (выход) МПа У1, пружина № ?, Рн=? кгс/см², корпус ст. 20Л, класс герметичности «В» по ГОСТ 9544-2015;Клапаны предохранительные СППК;17с21нж;-;Фланцевое;-;80/100;40/16;Углеродистая сталь;0;20 рабочих дней;5000009;0.png;-
Клапан предохранительный пружинный сальниковый фланцевый с приспособлением для принудительного открытия СППК5Р 100-40 17с21нж DN 100 (исп. F) / 150 (исп. В) PN 4,0 (вход) / 1,6 (выход) МПа У1, пружина № ?, Рн=? кгс/см², корпус ст. 20Л, класс герметичности «В» по ГОСТ 9544-2015;Клапаны предохранительные СППК;17с21нж;-;Фланцевое;-;100/150;40/16;Углеродистая сталь;0;20 рабочих дней;5000010;0.png;-
Клапан предохранительный пружинный сальниковый фланцевый с приспособлением для принудительного открытия СППК4Р 150-40 17с21нж DN 150 (исп. F) / 200 (исп. В) PN 4,0 (вход) / 1,6 (выход) МПа У1, пружина № ?, Рн=? кгс/см², корпус ст. 20Л, класс герметичности «В» по ГОСТ 9544-2015;Клапаны предохранительные СППК;17с21нж;-;Фланцевое;-;150/200;40/16;Углеродистая сталь;0;25 рабочих дней;5000011;0.png;-
Клапан предохранительный пружинный сальниковый фланцевый с приспособлением для принудительного открытия СППК5Р 50-63 17с16нж DN 50 (исп. ?) / 80 (исп. F) PN 6,3 (вход) / 4,0 (выход) МПа У1, пружина № ?, Рн=? кгс/см², корпус ст. 20Л, класс герметичности «В» по ГОСТ 9544-2015;Клапаны предохранительные СППК;17с16нж;-;Фланцевое;-;50/80;63/40;Углеродистая сталь;0;20 рабочих дней;5000012;0.png;-
Клапан предохранительный пружинный сальниковый фланцевый с приспособлением для принудительного открытия СППК4Р 80-63 17с89нж DN 80 (исп. ?) / 100 (исп. F) PN 6,3 (вход) / 4,0 (выход) МПа У1, пружина № ?, Рн=? кгс/см², корпус ст. 20Л, класс герметичности «В» по ГОСТ 9544-2015;Клапаны предохранительные СППК;17с89нж;-;Фланцевое;-;80/100;63/40;Углеродистая сталь;0;20 рабочих дней;5000013;0.png;-
Клапан предохранительный пружинный сальниковый фланцевый с приспособлением для принудительного открытия СППК5Р 100-63 17с16нж DN 100 (исп. ?) / 150 (исп. F) PN 6,3 (вход) / 4,0 (выход) МПа У1, пружина № ?, Рн=? кгс/см², корпус ст. 20Л, класс герметичности «В» по ГОСТ 9544-2015;Клапаны предохранительные СППК;17с16нж;-;Фланцевое;-;100/150;63/40;Углеродистая сталь;0;20 рабочих дней;5000014;0.png;-
Клапан предохранительный пружинный сальниковый фланцевый с приспособлением для принудительного открытия СППК4Р 25-160 17с9нж2 DN 25 (исп. J) / 40 (исп. F) PN 16,0 (вход) / 4,0 (выход) МПа У1, пружина № ?, Рн=? кгс/см², корпус ст. 20Л, класс герметичности «В» по ГОСТ 9544-2015;Клапаны предохранительные СППК;17с9нж2;-;Фланцевое;-;25/40;160/40;Углеродистая сталь;0;20 рабочих дней;5000015;0.png;-
Клапан предохранительный пружинный сальниковый фланцевый с приспособлением для принудительного открытия СППК5Р 50-160 17с8нж DN 50 (исп. J) / 80 (исп. F) PN 16,0 (вход) / 4,0 (выход) МПа У1, пружина № ?, Рн=? кгс/см², корпус ст. 20Л, класс герметичности «В» по ГОСТ 9544-2015;Клапаны предохранительные СППК;17с8нж;-;Фланцевое;-;50/80;160/40;Углеродистая сталь;0;20 рабочих дней;5000016;0.png;-
Клапан предохранительный пружинный сальниковый фланцевый с приспособлением для принудительного открытия СППК4Р 80-160 17с90нж DN 80 (исп. J) / 100 (исп. F) PN 16,0 (вход) / 4,0 (выход) МПа У1, пружина № ?, Рн=? кгс/см², корпус ст. 20Л, класс герметичности «В» по ГОСТ 9544-2015;Клапаны предохранительные СППК;17с90нж;-;Фланцевое;-;80/100;160/40;Углеродистая сталь;0;20 рабочих дней;5000017;0.png;-
Клапан предохранительный пружинный сальниковый фланцевый с приспособлением для принудительного открытия СППК5Р 100-160 17с8нж DN 100 (исп. J) / 150 (исп. F) PN 16,0 (вход) / 4,0 (выход) МПа У1, пружина № ?, Рн=? кгс/см², корпус ст. 20Л, класс герметичности «В» по ГОСТ 9544-2015;Клапаны предохранительные СППК;17с8нж;-;Фланцевое;-;100/150;160/40;Углеродистая сталь;0;20 рабочих дней;5000018;0.png;-
Клапан предохранительный пружинный сальниковый штуцерно-торцевой с приспособлением для принудительного открытия СППКР 25-100 17с84нж DN 25/32 PN 10,0 (вход) / 4,0 (выход) МПа У1, пружина № ?, Рн=? кгс/см², корпус ст. 20Л, класс герметичности «В» по ГОСТ 9544-2015;Клапаны предохранительные СППК;17с84нж;-;Штуцерно-торцевое ;-;25/32;100/40;Углеродистая сталь;0;20 рабочих дней;5000019;0.png;-
Клапан предохранительный пружинный сальниковый фланцевый без приспособления для принудительного открытия СППК4 25-16 17с7нж DN 25 (исп. F) / 40 (исп. В) PN 1,6 (вход) / 0,6 (выход) МПа У1, пружина № ?, Рн=? кгс/см², корпус ст. 20Л, класс герметичности «В» по ГОСТ 9544-2015;Клапаны предохранительные СППК;17с7нж;-;Фланцевое;-;25/40;16.июн;Углеродистая сталь;0;20 рабочих дней;5000020;0.png;-
Клапан предохранительный пружинный сальниковый фланцевый без приспособления для принудительного открытия СППК4 50-16 17с7нж DN 50 (исп. В) / 80 (исп. В) PN 1,6 (вход) / 0,6 (выход) МПа У1, пружина № ?, Рн=? кгс/см², корпус ст. 20Л, класс герметичности «В» по ГОСТ 9544-2015;Клапаны предохранительные СППК;17с7нж;-;Фланцевое;-;50/80;16.июн;Углеродистая сталь;0;20 рабочих дней;5000021;0.png;-
Клапан предохранительный пружинный сальниковый фланцевый без приспособления для принудительного открытия СППК4 80-16 17с7нж DN 80 (исп. В) / 100 (исп. В) PN 1,6 (вход) / 0,6 (выход) МПа У1, пружина № ?, Рн=? кгс/см², корпус ст. 20Л, класс герметичности «В» по ГОСТ 9544-2015;Клапаны предохранительные СППК;17с7нж;-;Фланцевое;-;80/100;16.июн;Углеродистая сталь;0;20 рабочих дней;5000022;0.png;-
Клапан предохранительный пружинный сальниковый фланцевый без приспособления для принудительного открытия СППК5 100-16 17с7нж DN 100 (исп. В) / 150 (исп. В) PN 1,6 (вход) / 1,6 (выход) МПа У1, пружина № ?, Рн=? кгс/см², корпус ст. 20Л, класс герметичности «В» по ГОСТ 9544-2015;Клапаны предохранительные СППК;17с7нж;-;Фланцевое;-;100/150;16/16;Углеродистая сталь;0;20 рабочих дней;5000023;0.png;-
Клапан предохранительный пружинный сальниковый фланцевый без приспособления для принудительного открытия СППК4 150-16 17с7нж DN 150 (исп. В) / 200 (исп. В) PN 1,6 (вход) / 0,6 (выход) МПа У1, пружина № ?, Рн=? кгс/см², корпус ст. 20Л, класс герметичности «В» по ГОСТ 9544-2015;Клапаны предохранительные СППК;17с7нж;-;Фланцевое;-;150/200;16.июн;Углеродистая сталь;0;25 рабочих дней;5000024;0.png;-
Клапан предохранительный пружинный сальниковый фланцевый без приспособления для принудительного открытия СППК4 200-16 17с13нж DN 200 (исп. В) / 300 (исп. В) PN 1,6 (вход) / 0,6 (выход) МПа У1, пружина № ?, Рн=? кгс/см², корпус ст. 20Л, класс герметичности «В» по ГОСТ 9544-2015;Клапаны предохранительные СППК;17с13нж;-;Фланцевое;-;200/300;16.июн;Углеродистая сталь;0;25 рабочих дней;5000025;0.png;-
Клапан предохранительный пружинный сальниковый фланцевый без приспособления для принудительного открытия СППК4 25-40 17с14нж DN 25 (исп. F) / 40 (исп. В) PN 4,0 (вход) / 1,6 (выход) МПа У1, пружина № ?, Рн=? кгс/см², корпус ст. 20Л, класс герметичности «В» по ГОСТ 9544-2015;Клапаны предохранительные СППК;17с14нж;-;Фланцевое;-;25/40;40/16;Углеродистая сталь;0;20 рабочих дней;5000026;0.png;-
Клапан предохранительный пружинный сальниковый фланцевый без приспособления для принудительного открытия СППК4 50-40 17с23нж DN 50 (исп. F) / 80 (исп. В) PN 4,0 (вход) / 1,6 (выход) МПа У1, пружина № ?, Рн=? кгс/см², корпус ст. 20Л, класс герметичности «В» по ГОСТ 9544-2015;Клапаны предохранительные СППК;17с23нж;-;Фланцевое;-;50/80;40/16;Углеродистая сталь;0;20 рабочих дней;5000027;0.png;-
Клапан предохранительный пружинный сальниковый фланцевый без приспособления для принудительного открытия СППК4 80-40 17с23нж DN 80 (исп. F) / 100 (исп. В) PN 4,0 (вход) / 1,6 (выход) МПа У1, пружина № ?, Рн=? кгс/см², корпус ст. 20Л, класс герметичности «В» по ГОСТ 9544-2015;Клапаны предохранительные СППК;17с23нж;-;Фланцевое;-;80/100;40/16;Углеродистая сталь;0;20 рабочих дней;5000028;0.png;-
Клапан предохранительный пружинный сальниковый фланцевый без приспособления для принудительного открытия СППК5 100-40 17с23нж DN 100 (исп. F) / 150 (исп. В) PN 4,0 (вход) / 1,6 (выход) МПа У1, пружина № ?, Рн=? кгс/см², корпус ст. 20Л, класс герметичности «В» по ГОСТ 9544-2015;Клапаны предохранительные СППК;17с23нж;-;Фланцевое;-;100/150;40/16;Углеродистая сталь;0;20 рабочих дней;5000029;0.png;-
Клапан предохранительный пружинный сальниковый фланцевый без приспособления для принудительного открытия СППК4 150-40 17с23нж DN 150 (исп. F) / 200 (исп. В) PN 4,0 (вход) / 1,6 (выход) МПа У1, пружина № ?, Рн=? кгс/см², корпус ст. 20Л, класс герметичности «В» по ГОСТ 9544-2015;Клапаны предохранительные СППК;17с23нж;-;Фланцевое;-;150/200;40/16;Углеродистая сталь;0;25 рабочих дней;5000030;0.png;-
Клапан предохранительный пружинный сальниковый фланцевый без приспособления для принудительного открытия СППК5 50-63 17с16нж1 DN 50 (исп. ?) / 80 (исп. F) PN 6,3 (вход) / 4,0 (выход) МПа У1, пружина № ?, Рн=? кгс/см², корпус ст. 20Л, класс герметичности «В» по ГОСТ 9544-2015;Клапаны предохранительные СППК;17с16нж1;-;Фланцевое;-;50/80;63/40;Углеродистая сталь;0;20 рабочих дней;5000031;0.png;-
Клапан предохранительный пружинный сальниковый фланцевый без приспособления для принудительного открытия СППК4 80-63 17с85нж DN 80 (исп. ?) / 100 (исп. F) PN 6,3 (вход) / 4,0 (выход) МПа У1, пружина № ?, Рн=? кгс/см², корпус ст. 20Л, класс герметичности «В» по ГОСТ 9544-2015;Клапаны предохранительные СППК;17с85нж;-;Фланцевое;-;80/100;63/40;Углеродистая сталь;0;20 рабочих дней;5000032;0.png;-
Клапан предохранительный пружинный сальниковый фланцевый без приспособления для принудительного открытия СППК5 100-63 17с16нж DN 100 (исп. ?) / 150 (исп. F) PN 6,3 (вход) / 4,0 (выход) МПа У1, пружина № ?, Рн=? кгс/см², корпус ст. 20Л, класс герметичности «В» по ГОСТ 9544-2015;Клапаны предохранительные СППК;17с16нж;-;Фланцевое;-;100/150;63/40;Углеродистая сталь;0;20 рабочих дней;5000033;0.png;-
Клапан предохранительный пружинный сальниковый фланцевый без приспособления для принудительного открытия СППК5 50-160 17с8нж1 DN 50 (исп. J) / 80 (исп. F) PN 16,0 (вход) / 4,0 (выход) МПа У1, пружина № ?, Рн=? кгс/см², корпус ст. 20Л, класс герметичности «В» по ГОСТ 9544-2015;Клапаны предохранительные СППК;17с8нж1;-;Фланцевое;-;50/80;160/40;Углеродистая сталь;0;20 рабочих дней;5000034;0.png;-
Клапан предохранительный пружинный сальниковый фланцевый без приспособления для принудительного открытия СППК4 80-160 17с80нж DN 80 (исп. J) / 100 (исп. F) PN 16,0 (вход) / 4,0 (выход) МПа У1, пружина № ?, Рн=? кгс/см², корпус ст. 20Л, класс герметичности «В» по ГОСТ 9544-2015;Клапаны предохранительные СППК;17с80нж;-;Фланцевое;-;80/100;160/40;Углеродистая сталь;0;20 рабочих дней;5000035;0.png;-
Клапан предохранительный пружинный сальниковый фланцевый без приспособления для принудительного открытия СППК5 100-160 17с8нж2 DN 100 (исп. J) / 150 (исп. F) PN 16,0 (вход) / 4,0 (выход) МПа У1, пружина № ?, Рн=? кгс/см², корпус ст. 20Л, класс герметичности «В» по ГОСТ 9544-2015;Клапаны предохранительные СППК;17с8нж2;-;Фланцевое;-;100/150;160/40;Углеродистая сталь;0;20 рабочих дней;5000036;0.png;-
Клапан предохранительный пружинный сальниковый штуцерно-торцевой без приспособления для принудительного открытия СППК 25-100 17с81нж DN 25/40 PN 10,0 (вход) / 4,0 (выход) МПа У1, пружина № ?, Рн=? кгс/см², корпус ст. 20, класс герметичности «В» по ГОСТ 9544-2015;Клапаны предохранительные СППК;17с81нж;-;Штуцерно-торцевое ;-;25/40;100/40;Углеродистая сталь;0;20 рабочих дней;5000037;0.png;-
Клапан предохранительный пружинный сальниковый фланцевый с приспособлением для принудительного открытия СППК4Р 25-16 17лс17нж DN 25 (исп. F) / 40 (исп. В) PN 1,6 (вход) / 0,6 (выход) МПа ХЛ1, пружина № ?, Рн=? кгс/см², корпус ст. 20ГЛ, класс герметичности «В» по ГОСТ 9544-2015;Клапаны предохранительные СППК;17лс17нж;-;Фланцевое;-;25/40;16.июн;Хладостойкая сталь;0;20 рабочих дней;5000038;0.png;-
Клапан предохранительный пружинный сальниковый фланцевый с приспособлением для принудительного открытия СППК4Р 50-16 17лс17нж DN 50 (исп. В) / 80 (исп. В) PN 1,6 (вход) / 0,6 (выход) МПа ХЛ1, пружина № ?, Рн=? кгс/см², корпус ст. 20ГЛ, класс герметичности «В» по ГОСТ 9544-2015;Клапаны предохранительные СППК;17лс17нж;-;Фланцевое;-;50/80;16.июн;Хладостойкая сталь;0;20 рабочих дней;5000039;0.png;-
Клапан предохранительный пружинный сальниковый фланцевый с приспособлением для принудительного открытия СППК4Р 80-16лс 17лс17нж DN 80 (исп. В) / 100 (исп. В) PN 1,6 (вход) / 0,6 (выход) МПа ХЛ1, пружина № ?, Рн=? кгс/см², корпус ст. 20ГЛ, класс герметичности «В» по ГОСТ 9544-2015;Клапаны предохранительные СППК;17лс17нж;-;Фланцевое;-;80/100;16.июн;Хладостойкая сталь;0;20 рабочих дней;5000040;0.png;-
Клапан предохранительный пружинный сальниковый фланцевый с приспособлением для принудительного открытия СППК5Р 100-16лс 17лс6нж DN 100 (исп. В) / 150 (исп. В) PN 1,6 (вход) / 1,6 (выход) МПа ХЛ1, пружина № ?, Рн=? кгс/см², корпус ст. 20ГЛ, класс герметичности «В» по ГОСТ 9544-2015;Клапаны предохранительные СППК;17лс6нж;-;Фланцевое;-;100/150;16/16;Хладостойкая сталь;0;20 рабочих дней;5000041;0.png;-
Клапан предохранительный пружинный сальниковый фланцевый с приспособлением для принудительного открытия СППК4Р 150-16лс 17лс6нж DN 150 (исп. В) / 200 (исп. В) PN 1,6 (вход) / 0,6 (выход) МПа ХЛ1, пружина № ?, Рн=? кгс/см², корпус ст. 20ГЛ, класс герметичности «В» по ГОСТ 9544-2015;Клапаны предохранительные СППК;17лс6нж;-;Фланцевое;-;150/200;16.июн;Хладостойкая сталь;0;25 рабочих дней;5000042;0.png;-
Клапан предохранительный пружинный сальниковый фланцевый с приспособлением для принудительного открытия СППК4Р 200-16лс 17лс17нж DN 200 (исп. В) / 300 (исп. В) PN 1,6 (вход) / 0,6 (выход) МПа ХЛ1, пружина № ?, Рн=? кгс/см², корпус ст. 20ГЛ, класс герметичности «В» по ГОСТ 9544-2015;Клапаны предохранительные СППК;17лс17нж;-;Фланцевое;-;200/300;16.июн;Хладостойкая сталь;0;25 рабочих дней;5000043;0.png;-
Клапан предохранительный пружинный сальниковый фланцевый с приспособлением для принудительного открытия СППК4Р 25-40лс 17лс25нж DN 25 (исп. F) / 40 (исп. В) PN 4,0 (вход) / 1,6 (выход) МПа ХЛ1, пружина № ?, Рн=? кгс/см², корпус ст. 20ГЛ, класс герметичности «В» по ГОСТ 9544-2015;Клапаны предохранительные СППК;17лс25нж;-;Фланцевое;-;25/40;40/16;Хладостойкая сталь;0;20 рабочих дней;5000044;0.png;-
Клапан предохранительный пружинный сальниковый фланцевый с приспособлением для принудительного открытия СППК4Р 50-40лс 17лс25нж DN 50 (исп. F) / 80 (исп. В) PN 4,0 (вход) / 1,6 (выход) МПа ХЛ1, пружина № ?, Рн=? кгс/см², корпус ст. 20ГЛ, класс герметичности «В» по ГОСТ 9544-2015;Клапаны предохранительные СППК;17лс25нж;-;Фланцевое;-;50/80;40/16;Хладостойкая сталь;0;20 рабочих дней;5000045;0.png;-
Клапан предохранительный пружинный сальниковый фланцевый с приспособлением для принудительного открытия СППК4Р 80-40лс 17лс25нж DN 80 (исп. F) / 100 (исп. В) PN 4,0 (вход) / 1,6 (выход) МПа ХЛ1, пружина № ?, Рн=? кгс/см², корпус ст. 20ГЛ, класс герметичности «В» по ГОСТ 9544-2015;Клапаны предохранительные СППК;17лс25нж;-;Фланцевое;-;80/100;40/16;Хладостойкая сталь;0;20 рабочих дней;5000046;0.png;-
Клапан предохранительный пружинный сальниковый фланцевый с приспособлением для принудительного открытия СППК5Р 100-40лс 17лс25нж DN 100 (исп. F) / 150 (исп. В) PN 4,0 (вход) / 1,6 (выход) МПа ХЛ1, пружина № ?, Рн=? кгс/см², корпус ст. 20ГЛ, класс герметичности «В» по ГОСТ 9544-2015;Клапаны предохранительные СППК;17лс25нж;-;Фланцевое;-;100/150;40/16;Хладостойкая сталь;0;20 рабочих дней;5000047;0.png;-
Клапан предохранительный пружинный сальниковый фланцевый с приспособлением для принудительного открытия СППК4Р 150-40лс 17лс21нж DN 150 (исп. F) / 200 (исп. В) PN 4,0 (вход) / 1,6 (выход) МПа ХЛ1, пружина № ?, Рн=? кгс/см², корпус ст. 20ГЛ, класс герметичности «В» по ГОСТ 9544-2015;Клапаны предохранительные СППК;17лс21нж;-;Фланцевое;-;150/200;40/16;Хладостойкая сталь;0;25 рабочих дней;5000048;0.png;-
Клапан предохранительный пружинный сальниковый фланцевый с приспособлением для принудительного открытия СППК5Р 50-63лс 17лс89нж DN 50 (исп. ?) / 80 (исп. F) PN 6,3 (вход) / 4,0 (выход) МПа ХЛ1, пружина № ?, Рн=? кгс/см², корпус ст. 20ГЛ, класс герметичности «В» по ГОСТ 9544-2015;Клапаны предохранительные СППК;17лс89нж;-;Фланцевое;-;50/80;63/40;Хладостойкая сталь;0;20 рабочих дней;5000049;0.png;-
Клапан предохранительный пружинный сальниковый фланцевый с приспособлением для принудительного открытия СППК4Р 80-63лс 17лс89нж DN 80 (исп. ?) / 100 (исп. F) PN 6,3 (вход) / 4,0 (выход) МПа ХЛ1, пружина № ?, Рн=? кгс/см², корпус ст. 20ГЛ, класс герметичности «В» по ГОСТ 9544-2015;Клапаны предохранительные СППК;17лс89нж;-;Фланцевое;-;80/100;63/40;Хладостойкая сталь;0;20 рабочих дней;5000050;0.png;-
Клапан предохранительный пружинный сальниковый фланцевый с приспособлением для принудительного открытия СППК5Р 100-63лс 17лс16нж DN 100 (исп. ?) / 150 (исп. F) PN 6,3 (вход) / 4,0 (выход) МПа ХЛ1, пружина № ?, Рн=? кгс/см², корпус ст. 20ГЛ, класс герметичности «В» по ГОСТ 9544-2015;Клапаны предохранительные СППК;17лс16нж;-;Фланцевое;-;100/150;63/40;Хладостойкая сталь;0;20 рабочих дней;5000051;0.png;-
Клапан предохранительный пружинный сальниковый фланцевый с приспособлением для принудительного открытия СППК5Р 50-160лс 17лс90нж DN 50 (исп. J) / 80 (исп. F) PN 16,0 (вход) / 4,0 (выход) МПа ХЛ1, пружина № ?, Рн=? кгс/см², корпус ст. 20ГЛ, класс герметичности «В» по ГОСТ 9544-2015;Клапаны предохранительные СППК;17лс90нж;-;Фланцевое;-;50/80;160/40;Хладостойкая сталь;0;20 рабочих дней;5000052;0.png;-
Клапан предохранительный пружинный сальниковый фланцевый с приспособлением для принудительного открытия СППК4Р 80-160лс 17лс90нж DN 80 (исп. J) / 100 (исп. F) PN 16,0 (вход) / 4,0 (выход) МПа ХЛ1, пружина № ?, Рн=? кгс/см², корпус ст. 20ГЛ, класс герметичности «В» по ГОСТ 9544-2015;Клапаны предохранительные СППК;17лс90нж;-;Фланцевое;-;80/100;160/40;Хладостойкая сталь;0;20 рабочих дней;5000053;0.png;-
Клапан предохранительный пружинный сальниковый фланцевый с приспособлением для принудительного открытия СППК5Р 100-160лс 17лс8нж DN 100 (исп. J) / 150 (исп. F) PN 16,0 (вход) / 4,0 (выход) МПа ХЛ1, пружина № ?, Рн=? кгс/см², корпус ст. 20ГЛ, класс герметичности «В» по ГОСТ 9544-2015;Клапаны предохранительные СППК;17лс8нж;-;Фланцевое;-;100/150;160/40;Хладостойкая сталь;0;20 рабочих дней;5000054;0.png;-
Клапан предохранительный пружинный сальниковый штуцерно-торцевой с приспособлением для принудительного открытия СППКР 25-100лс 17лс84нж DN 25/40 PN 10,0 (вход) / 4,0 (выход) МПа ХЛ1, пружина № ?, Рн=? кгс/см², корпус ст. 20ГЛ, класс герметичности «В» по ГОСТ 9544-2015;Клапаны предохранительные СППК;17лс84нж;-;Штуцерно-торцевое ;-;25/40;100/40;Хладостойкая сталь;0;20 рабочих дней;5000055;0.png;-
Клапан предохранительный пружинный сальниковый фланцевый без приспособления для принудительного открытия СППК4 25-16 17лс13нж DN 25 (исп. F) / 40 (исп. В) PN 1,6 (вход) / 0,6 (выход) МПа ХЛ1, пружина № ?, Рн=? кгс/см², корпус ст. 20ГЛ, класс герметичности «В» по ГОСТ 9544-2015;Клапаны предохранительные СППК;17лс13нж;-;Фланцевое;-;25/40;16.июн;Хладостойкая сталь;0;20 рабочих дней;5000056;0.png;-
Клапан предохранительный пружинный сальниковый фланцевый без приспособления для принудительного открытия СППК4 50-16лс 17лс13нж DN 50 (исп. В) / 80 (исп. В) PN 1,6 (вход) / 0,6 (выход) МПа ХЛ1, пружина № ?, Рн=? кгс/см², корпус ст. 20ГЛ, класс герметичности «В» по ГОСТ 9544-2015;Клапаны предохранительные СППК;17лс13нж;-;Фланцевое;-;50/80;16.июн;Хладостойкая сталь;0;20 рабочих дней;5000057;0.png;-
Клапан предохранительный пружинный сальниковый фланцевый без приспособления для принудительного открытия СППК4 80-16лс 17лс13нж DN 80 (исп. В) / 100 (исп. В) PN 1,6 (вход) / 0,6 (выход) МПа ХЛ1, пружина № ?, Рн=? кгс/см², корпус ст. 20ГЛ, класс герметичности «В» по ГОСТ 9544-2015;Клапаны предохранительные СППК;17лс13нж;-;Фланцевое;-;80/100;16.июн;Хладостойкая сталь;0;20 рабочих дней;5000058;0.png;-
Клапан предохранительный пружинный сальниковый фланцевый без приспособления для принудительного открытия СППК5 100-16лс 17лс7нж DN 100 (исп. В) / 150 (исп. В) PN 1,6 (вход) / 1,6 (выход) МПа ХЛ1, пружина № ?, Рн=? кгс/см², корпус ст. 20ГЛ, класс герметичности «В» по ГОСТ 9544-2015;Клапаны предохранительные СППК;17лс7нж;-;Фланцевое;-;100/150;16/16;Хладостойкая сталь;0;20 рабочих дней;5000059;0.png;-
Клапан предохранительный пружинный сальниковый фланцевый без приспособления для принудительного открытия СППК4 150-16лс 17лс7нж DN 150 (исп. В) / 200 (исп. В) PN 1,6 (вход) / 0,6 (выход) МПа ХЛ1, пружина № ?, Рн=? кгс/см², корпус ст. 20ГЛ, класс герметичности «В» по ГОСТ 9544-2015;Клапаны предохранительные СППК;17лс7нж;-;Фланцевое;-;150/200;16.июн;Хладостойкая сталь;0;25 рабочих дней;5000060;0.png;-
Клапан предохранительный пружинный сальниковый фланцевый без приспособления для принудительного открытия СППК4 200-16лс 17лс13нж DN 200 (исп. В) / 300 (исп. В) PN 1,6 (вход) / 0,6 (выход) МПа ХЛ1, пружина № ?, Рн=? кгс/см², корпус ст. 20ГЛ, класс герметичности «В» по ГОСТ 9544-2015;Клапаны предохранительные СППК;17лс13нж;-;Фланцевое;-;200/300;16.июн;Хладостойкая сталь;0;25 рабочих дней;5000061;0.png;-
Клапан предохранительный пружинный сальниковый фланцевый без приспособления для принудительного открытия СППК4 25-40лс 17лс14нж DN 25 (исп. F) / 40 (исп. В) PN 4,0 (вход) / 1,6 (выход) МПа ХЛ1, пружина № ?, Рн=? кгс/см², корпус ст. 20ГЛ, класс герметичности «В» по ГОСТ 9544-2015;Клапаны предохранительные СППК;17лс14нж;-;Фланцевое;-;25/40;40/16;Хладостойкая сталь;0;20 рабочих дней;5000062;0.png;-
Клапан предохранительный пружинный сальниковый фланцевый без приспособления для принудительного открытия СППК4 50-40лс 17лс14нж DN 50 (исп. F) / 80 (исп. В) PN 4,0 (вход) / 1,6 (выход) МПа ХЛ1, пружина № ?, Рн=? кгс/см², корпус ст. 20ГЛ, класс герметичности «В» по ГОСТ 9544-2015;Клапаны предохранительные СППК;17лс14нж;-;Фланцевое;-;50/80;40/16;Хладостойкая сталь;0;20 рабочих дней;5000063;0.png;-
Клапан предохранительный пружинный сальниковый фланцевый без приспособления для принудительного открытия СППК4 80-40лс 17лс14нж DN 80 (исп. F) / 100 (исп. В) PN 4,0 (вход) / 1,6 (выход) МПа ХЛ1, пружина № ?, Рн=? кгс/см², корпус ст. 20ГЛ, класс герметичности «В» по ГОСТ 9544-2015;Клапаны предохранительные СППК;17лс14нж;-;Фланцевое;-;80/100;40/16;Хладостойкая сталь;0;20 рабочих дней;5000064;0.png;-
Клапан предохранительный пружинный сальниковый фланцевый без приспособления для принудительного открытия СППК5 100-40лс 17лс23нж DN 100 (исп. F) / 150 (исп. В) PN 4,0 (вход) / 1,6 (выход) МПа ХЛ1, пружина № ?, Рн=? кгс/см², корпус ст. 20ГЛ, класс герметичности «В» по ГОСТ 9544-2015;Клапаны предохранительные СППК;17лс23нж;-;Фланцевое;-;100/150;40/16;Хладостойкая сталь;0;20 рабочих дней;5000065;0.png;-
Клапан предохранительный пружинный сальниковый фланцевый без приспособления для принудительного открытия СППК4 150-40лс 17лс23нж DN 150 (исп. F) / 200 (исп. В) PN 4,0 (вход) / 1,6 (выход) МПа ХЛ1, пружина № ?, Рн=? кгс/см², корпус ст. 20ГЛ, класс герметичности «В» по ГОСТ 9544-2015;Клапаны предохранительные СППК;17лс23нж;-;Фланцевое;-;150/200;40/16;Хладостойкая сталь;0;25 рабочих дней;5000066;0.png;-
Клапан предохранительный пружинный сальниковый фланцевый без приспособления для принудительного открытия СППК5 50-63лс 17лс85нж DN 50 (исп. ?) / 80 (исп. F) PN 6,3 (вход) / 4,0 (выход) МПа ХЛ1, пружина № ?, Рн=? кгс/см², корпус ст. 20ГЛ, класс герметичности «В» по ГОСТ 9544-2015;Клапаны предохранительные СППК;17лс85нж;-;Фланцевое;-;50/80;63/40;Хладостойкая сталь;0;20 рабочих дней;5000067;0.png;-
Клапан предохранительный пружинный сальниковый фланцевый без приспособления для принудительного открытия СППК4 80-63лс 17лс85нж DN 80 (исп. ?) / 100 (исп. F) PN 6,3 (вход) / 4,0 (выход) МПа ХЛ1, пружина № ?, Рн=? кгс/см², корпус ст. 20ГЛ, класс герметичности «В» по ГОСТ 9544-2015;Клапаны предохранительные СППК;17лс85нж;-;Фланцевое;-;80/100;63/40;Хладостойкая сталь;0;20 рабочих дней;5000068;0.png;-
Клапан предохранительный пружинный сальниковый фланцевый без приспособления для принудительного открытия СППК5 100-63лс 17лс16нж2 DN 100 (исп. ?) / 150 (исп. F) PN 6,3 (вход) / 4,0 (выход) МПа ХЛ1, пружина № ?, Рн=? кгс/см², корпус ст. 20ГЛ, класс герметичности «В» по ГОСТ 9544-2015;Клапаны предохранительные СППК;17лс16нж2;-;Фланцевое;-;100/150;63/40;Хладостойкая сталь;0;20 рабочих дней;5000069;0.png;-
Клапан предохранительный пружинный сальниковый фланцевый без приспособления для принудительного открытия СППК5 50-160лс 17лс80нж DN 50 (исп. J) / 80 (исп. F) PN 16,0 (вход) / 4,0 (выход) МПа ХЛ1, пружина № ?, Рн=? кгс/см², корпус ст. 20ГЛ, класс герметичности «В» по ГОСТ 9544-2015;Клапаны предохранительные СППК;17лс80нж;-;Фланцевое;-;50/80;160/40;Хладостойкая сталь;0;20 рабочих дней;5000070;0.png;-
Клапан предохранительный пружинный сальниковый фланцевый без приспособления для принудительного открытия СППК4 80-160лс 17лс80нж DN 80 (исп. J) / 100 (исп. F) PN 16,0 (вход) / 4,0 (выход) МПа ХЛ1, пружина № ?, Рн=? кгс/см², корпус ст. 20ГЛ, класс герметичности «В» по ГОСТ 9544-2015;Клапаны предохранительные СППК;17лс80нж;-;Фланцевое;-;80/100;160/40;Хладостойкая сталь;0;20 рабочих дней;5000071;0.png;-
Клапан предохранительный пружинный сальниковый фланцевый без приспособления для принудительного открытия СППК5 100-160лс 17лс8нж2 DN 100 (исп. J) / 150 (исп. F) PN 16,0 (вход) / 4,0 (выход) МПа ХЛ1, пружина № ?, Рн=? кгс/см², корпус ст. 20ГЛ, класс герметичности «В» по ГОСТ 9544-2015;Клапаны предохранительные СППК;17лс8нж2;-;Фланцевое;-;100/150;160/40;Хладостойкая сталь;0;20 рабочих дней;5000072;0.png;-
Клапан предохранительный пружинный сальниковый штуцерно-торцевой без приспособления для принудительного открытия СППК 25-100 17лс81нж DN 25/40 PN 10,0 (вход) / 4,0 (выход) МПа У1, пружина № ?, Рн=? кгс/см², корпус ст. 20, класс герметичности «В» по ГОСТ 9544-2015;Клапаны предохранительные СППК;17лс81нж;-;Штуцерно-торцевое ;-;25/40;100/40;Хладостойкая сталь;0;20 рабочих дней;5000073;0.png;-
Клапан предохранительный пружинный сильфонный фланцевый  уравновешенного типа СППК4С 150-16лс 17лс7нж DN 150 (исп. В) / 200 (исп. В) PN 1,6 (вход) / 0,6 (выход) МПа ХЛ1, пружина № ?, Рн=? кгс/см², корпус ст. 20ГЛ, класс герметичности «В» по ГОСТ 9544-2015;Клапаны предохранительные СППК;17лс7нж;-;Фланцевое;-;150/200;16.июн;Хладостойкая сталь;0;25 рабочих дней;5000074;0.png;-
Клапан предохранительный пружинный сильфонный фланцевый  уравновешенного типа СППК4С 200-16лс 17лс13нж DN 200 (исп. В) / 300 (исп. В) PN 1,6 (вход) / 0,6 (выход) МПа ХЛ1, пружина № ?, Рн=? кгс/см², корпус ст. 20ГЛ, класс герметичности «В» по ГОСТ 9544-2015;Клапаны предохранительные СППК;17лс13нж;-;Фланцевое;-;200/300;16.июн;Хладостойкая сталь;0;25 рабочих дней;5000075;0.png;-
Клапан предохранительный пружинный сильфонный фланцевый  уравновешенного типа СППК4С 25-40лс 17лс14нж1 DN 25 (исп. F) / 40 (исп. В) PN 4,0 (вход) / 1,6 (выход) МПа ХЛ1, пружина № ?, Рн=? кгс/см², корпус ст. 20ГЛ, класс герметичности «В» по ГОСТ 9544-2015;Клапаны предохранительные СППК;17лс14нж1;-;Фланцевое;-;25/40;40/16;Хладостойкая сталь;0;25 рабочих дней;5000076;0.png;-
Клапан предохранительный пружинный сильфонный фланцевый  уравновешенного типа СППК4С 50-40лс 17лс14нж1 DN 50 (исп. F) / 80 (исп. В) PN 4,0 (вход) / 1,6 (выход) МПа ХЛ1, пружина № ?, Рн=? кгс/см², корпус ст. 20ГЛ, класс герметичности «В» по ГОСТ 9544-2015;Клапаны предохранительные СППК;17лс14нж1;-;Фланцевое;-;50/80;40/16;Хладостойкая сталь;0;25 рабочих дней;5000077;0.png;-
Клапан предохранительный пружинный сильфонный фланцевый  уравновешенного типа СППК4С 80-40лс 17лс14нж DN 80 (исп. F) / 100 (исп. В) PN 4,0 (вход) / 1,6 (выход) МПа ХЛ1, пружина № ?, Рн=? кгс/см², корпус ст. 20ГЛ, класс герметичности «В» по ГОСТ 9544-2015;Клапаны предохранительные СППК;17лс14нж;-;Фланцевое;-;80/100;40/16;Хладостойкая сталь;0;25 рабочих дней;5000078;0.png;-
Клапан предохранительный пружинный сильфонный фланцевый  уравновешенного типа СППК5С 100-40лс 17лс23нж DN 100 (исп. F) / 150 (исп. В) PN 4,0 (вход) / 1,6 (выход) МПа ХЛ1, пружина № ?, Рн=? кгс/см², корпус ст. 20ГЛ, класс герметичности «В» по ГОСТ 9544-2015;Клапаны предохранительные СППК;17лс23нж;-;Фланцевое;-;100/150;40/16;Хладостойкая сталь;0;25 рабочих дней;5000079;0.png;-
Клапан предохранительный пружинный сильфонный фланцевый  уравновешенного типа СППК4С 150-40лс 17лс23нж DN 150 (исп. F) / 200 (исп. В) PN 4,0 (вход) / 1,6 (выход) МПа ХЛ1, пружина № ?, Рн=? кгс/см², корпус ст. 20ГЛ, класс герметичности «В» по ГОСТ 9544-2015;Клапаны предохранительные СППК;17лс23нж;-;Фланцевое;-;150/200;40/16;Хладостойкая сталь;0;25 рабочих дней;5000080;0.png;-
Клапан предохранительный пружинный сильфонный фланцевый  уравновешенного типа СППК5С 50-63лс 17лс16нж DN 50 (исп. ?) / 80 (исп. F) PN 6,3 (вход) / 4,0 (выход) МПа ХЛ1, пружина № ?, Рн=? кгс/см², корпус ст. 20ГЛ, класс герметичности «В» по ГОСТ 9544-2015;Клапаны предохранительные СППК;17лс16нж;-;Фланцевое;-;50/80;63/40;Хладостойкая сталь;0;25 рабочих дней;5000081;0.png;-
Клапан предохранительный пружинный сильфонный фланцевый  уравновешенного типа СППК5С 100-63лс 17лс16нж3 DN 100 (исп. ?) / 150 (исп. F) PN 6,3 (вход) / 4,0 (выход) МПа ХЛ1, пружина № ?, Рн=? кгс/см², корпус ст. 20ГЛ, класс герметичности «В» по ГОСТ 9544-2015;Клапаны предохранительные СППК;17лс16нж3;-;Фланцевое;-;100/150;63/40;Хладостойкая сталь;0;25 рабочих дней;5000082;0.png;-
Клапан предохранительный пружинный сильфонный фланцевый  уравновешенного типа СППК5С 50-160лс 17лс8нж DN 50 (исп. J) / 80 (исп. F) PN 16,0 (вход) / 4,0 (выход) МПа ХЛ1, пружина № ?, Рн=? кгс/см², корпус ст. 20ГЛ, класс герметичности «В» по ГОСТ 9544-2015;Клапаны предохранительные СППК;17лс8нж;-;Фланцевое;-;50/80;160/40;Хладостойкая сталь;0;25 рабочих дней;5000083;0.png;-
Клапан предохранительный пружинный сильфонный фланцевый  уравновешенного типа СППК5С 100-160лс 17лс8нж3 DN 100 (исп. J) / 150 (исп. F) PN 16,0 (вход) / 4,0 (выход) МПа ХЛ1, пружина № ?, Рн=? кгс/см², корпус ст. 20ГЛ, класс герметичности «В» по ГОСТ 9544-2015;Клапаны предохранительные СППК;17лс8нж3;-;Фланцевое;-;100/150;160/40;Хладостойкая сталь;0;25 рабочих дней;5000084;0.png;-
Клапан предохранительный пружинный сальниковый фланцевый с приспособлением для принудительного открытия СППК4Р 25-16 17нж17нж DN 25 (исп. F) / 40 (исп. В) PN 1,6 (вход) / 0,6 (выход) МПа УХЛ1, пружина № ?, Рн=? кгс/см², корпус ст. 12Х18Н9ТЛ, класс герметичности «В» по ГОСТ 9544-2015;Клапаны предохранительные СППК;17нж17нж;-;Фланцевое;-;25/40;16.июн;Коррозионностойкая сталь;0;20 рабочих дней;5000085;0.png;-
Клапан предохранительный пружинный сальниковый фланцевый с приспособлением для принудительного открытия СППК4Р 50-16нж 17нж17нж DN 50 (исп. В) / 80 (исп. В) PN 1,6 (вход) / 0,6 (выход) МПа УХЛ1, пружина № ?, Рн=? кгс/см², корпус ст. 12Х18Н9ТЛ, класс герметичности «В» по ГОСТ 9544-2015;Клапаны предохранительные СППК;17нж17нж;-;Фланцевое;-;50/80;16.июн;Коррозионностойкая сталь;0;20 рабочих дней;5000086;0.png;-
Клапан предохранительный пружинный сальниковый фланцевый с приспособлением для принудительного открытия СППК4Р 80-16нж 17нж17нж DN 80 (исп. В) / 100 (исп. В) PN 1,6 (вход) / 0,6 (выход) МПа УХЛ1, пружина № ?, Рн=? кгс/см², корпус ст. 12Х18Н9ТЛ, класс герметичности «В» по ГОСТ 9544-2015;Клапаны предохранительные СППК;17нж17нж;-;Фланцевое;-;80/100;16.июн;Коррозионностойкая сталь;0;20 рабочих дней;5000087;0.png;-
Клапан предохранительный пружинный сальниковый фланцевый с приспособлением для принудительного открытия СППК5Р 100-16нж 17нж6нж DN 100 (исп. В) / 150 (исп. В) PN 1,6 (вход) / 1,6 (выход) МПа УХЛ1, пружина № ?, Рн=? кгс/см², корпус ст. 12Х18Н9ТЛ, класс герметичности «В» по ГОСТ 9544-2015;Клапаны предохранительные СППК;17нж6нж;-;Фланцевое;-;100/150;16/16;Коррозионностойкая сталь;0;20 рабочих дней;5000088;0.png;-
Клапан предохранительный пружинный сальниковый фланцевый с приспособлением для принудительного открытия СППК4Р 150-16нж 17нж6нж DN 150 (исп. В) / 200 (исп. В) PN 1,6 (вход) / 0,6 (выход) МПа УХЛ1, пружина № ?, Рн=? кгс/см², корпус ст. 12Х18Н9ТЛ, класс герметичности «В» по ГОСТ 9544-2015;Клапаны предохранительные СППК;17нж6нж;-;Фланцевое;-;150/200;16.июн;Коррозионностойкая сталь;0;25 рабочих дней;5000089;0.png;-
Клапан предохранительный пружинный сальниковый фланцевый с приспособлением для принудительного открытия СППК4Р 200-16нж 17нж17нж DN 200 (исп. В) / 300 (исп. В) PN 1,6 (вход) / 0,6 (выход) МПа УХЛ1, пружина № ?, Рн=? кгс/см², корпус ст. 12Х18Н9ТЛ, класс герметичности «В» по ГОСТ 9544-2015;Клапаны предохранительные СППК;17нж17нж;-;Фланцевое;-;200/300;16.июн;Коррозионностойкая сталь;0;25 рабочих дней;5000090;0.png;-
Клапан предохранительный пружинный сальниковый фланцевый с приспособлением для принудительного открытия СППК4Р 25-40нж 17нж25нж DN 25 (исп. F) / 40 (исп. В) PN 4,0 (вход) / 1,6 (выход) МПа УХЛ1, пружина № ?, Рн=? кгс/см², корпус ст. 12Х18Н9ТЛ, класс герметичности «В» по ГОСТ 9544-2015;Клапаны предохранительные СППК;17нж25нж;-;Фланцевое;-;25/40;40/16;Коррозионностойкая сталь;0;20 рабочих дней;5000091;0.png;-
Клапан предохранительный пружинный сальниковый фланцевый с приспособлением для принудительного открытия СППК4Р 50-40нж 17нж25нж DN 50 (исп. F) / 80 (исп. В) PN 4,0 (вход) / 1,6 (выход) МПа УХЛ1, пружина № ?, Рн=? кгс/см², корпус ст. 12Х18Н9ТЛ, класс герметичности «В» по ГОСТ 9544-2015;Клапаны предохранительные СППК;17нж25нж;-;Фланцевое;-;50/80;40/16;Коррозионностойкая сталь;0;20 рабочих дней;5000092;0.png;-
Клапан предохранительный пружинный сальниковый фланцевый с приспособлением для принудительного открытия СППК4Р 80-40нж 17нж25нж DN 80 (исп. F) / 100 (исп. В) PN 4,0 (вход) / 1,6 (выход) МПа УХЛ1, пружина № ?, Рн=? кгс/см², корпус ст. 12Х18Н9ТЛ, класс герметичности «В» по ГОСТ 9544-2015;Клапаны предохранительные СППК;17нж25нж;-;Фланцевое;-;80/100;40/16;Коррозионностойкая сталь;0;20 рабочих дней;5000093;0.png;-
Клапан предохранительный пружинный сальниковый фланцевый с приспособлением для принудительного открытия СППК5Р 100-40нж 17нж25нж DN 100 (исп. F) / 150 (исп. В) PN 4,0 (вход) / 1,6 (выход) МПа УХЛ1, пружина № ?, Рн=? кгс/см², корпус ст. 12Х18Н9ТЛ, класс герметичности «В» по ГОСТ 9544-2015;Клапаны предохранительные СППК;17нж25нж;-;Фланцевое;-;100/150;40/16;Коррозионностойкая сталь;0;20 рабочих дней;5000094;0.png;-
Клапан предохранительный пружинный сальниковый фланцевый с приспособлением для принудительного открытия СППК4Р 150-40нж 17нж21нж DN 150 (исп. F) / 200 (исп. В) PN 4,0 (вход) / 1,6 (выход) МПа УХЛ1, пружина № ?, Рн=? кгс/см², корпус ст. 12Х18Н9ТЛ, класс герметичности «В» по ГОСТ 9544-2015;Клапаны предохранительные СППК;17нж21нж;-;Фланцевое;-;150/200;40/16;Коррозионностойкая сталь;0;25 рабочих дней;5000095;0.png;-
Клапан предохранительный пружинный сальниковый фланцевый с приспособлением для принудительного открытия СППК5Р 50-63нж 17нж16нж DN 50 (исп. ?) / 80 (исп. F) PN 6,3 (вход) / 4,0 (выход) МПа УХЛ1, пружина № ?, Рн=? кгс/см², корпус ст. 12Х18Н9ТЛ, класс герметичности «В» по ГОСТ 9544-2015;Клапаны предохранительные СППК;17нж16нж;-;Фланцевое;-;50/80;63/40;Коррозионностойкая сталь;0;20 рабочих дней;5000096;0.png;-
Клапан предохранительный пружинный сальниковый фланцевый с приспособлением для принудительного открытия СППК4Р 80-63нж 17нж89нж DN 80 (исп. ?) / 100 (исп. F) PN 6,3 (вход) / 4,0 (выход) МПа УХЛ1, пружина № ?, Рн=? кгс/см², корпус ст. 12Х18Н9ТЛ, класс герметичности «В» по ГОСТ 9544-2015;Клапаны предохранительные СППК;17нж89нж;-;Фланцевое;-;80/100;63/40;Коррозионностойкая сталь;0;20 рабочих дней;5000097;0.png;-
Клапан предохранительный пружинный сальниковый фланцевый с приспособлением для принудительного открытия СППК5Р 100-63нж 17нж16нж DN 100 (исп. ?) / 150 (исп. F) PN 6,3 (вход) / 4,0 (выход) МПа УХЛ1, пружина № ?, Рн=? кгс/см², корпус ст. 12Х18Н9ТЛ, класс герметичности «В» по ГОСТ 9544-2015;Клапаны предохранительные СППК;17нж16нж;-;Фланцевое;-;100/150;63/40;Коррозионностойкая сталь;0;20 рабочих дней;5000098;0.png;-
Клапан предохранительный пружинный сальниковый фланцевый с приспособлением для принудительного открытия СППК5Р 50-160нж 17нж8нж DN 50 (исп. J) / 80 (исп. F) PN 16,0 (вход) / 4,0 (выход) МПа УХЛ1, пружина № ?, Рн=? кгс/см², корпус ст. 12Х18Н9ТЛ, класс герметичности «В» по ГОСТ 9544-2015;Клапаны предохранительные СППК;17нж8нж;-;Фланцевое;-;50/80;160/40;Коррозионностойкая сталь;0;20 рабочих дней;5000099;0.png;-
Клапан предохранительный пружинный сальниковый фланцевый с приспособлением для принудительного открытия СППК4Р 80-160нж 17нж90нж DN 80 (исп. J) / 100 (исп. F) PN 16,0 (вход) / 4,0 (выход) МПа УХЛ1, пружина № ?, Рн=? кгс/см², корпус ст. 12Х18Н9ТЛ, класс герметичности «В» по ГОСТ 9544-2015;Клапаны предохранительные СППК;17нж90нж;-;Фланцевое;-;80/100;160/40;Коррозионностойкая сталь;0;20 рабочих дней;5000100;0.png;-
Клапан предохранительный пружинный сальниковый фланцевый с приспособлением для принудительного открытия СППК5Р 100-160нж 17нж8нж DN 100 (исп. J) / 150 (исп. F) PN 16,0 (вход) / 4,0 (выход) МПа УХЛ1, пружина № ?, Рн=? кгс/см², корпус ст. 12Х18Н9ТЛ, класс герметичности «В» по ГОСТ 9544-2015;Клапаны предохранительные СППК;17нж8нж;-;Фланцевое;-;100/150;160/40;Коррозионностойкая сталь;0;20 рабочих дней;5000101;0.png;-
Клапан предохранительный пружинный сальниковый штуцерно-торцевой с приспособлением для принудительного открытия СППКР 25-100нж 17нж84нж DN 25/40 PN 10,0 (вход) / 4,0 (выход) МПа УХЛ1, пружина № ?, Рн=? кгс/см², корпус ст. 12Х18Н9Т, класс герметичности «В» по ГОСТ 9544-2015;Клапаны предохранительные СППК;17нж84нж;-;Штуцерно-торцевое ;-;25/40;100/40;Коррозионностойкая сталь;0;20 рабочих дней;5000102;0.png;-
Клапан предохранительный пружинный сальниковый фланцевый без приспособления для принудительного открытия СППК4 25-16 17нж13нж DN 25 (исп. F) / 40 (исп. В) PN 1,6 (вход) / 0,6 (выход) МПа УХЛ1, пружина № ?, Рн=? кгс/см², корпус ст. 12Х18Н9ТЛ, класс герметичности «В» по ГОСТ 9544-2015;Клапаны предохранительные СППК;17нж13нж;-;Фланцевое;-;25/40;16.июн;Коррозионностойкая сталь;0;20 рабочих дней;5000103;0.png;-
Клапан предохранительный пружинный сальниковый фланцевый без приспособления для принудительного открытия СППК4 50-16нж 17нж13нж DN 50 (исп. В) / 80 (исп. В) PN 1,6 (вход) / 0,6 (выход) МПа УХЛ1, пружина № ?, Рн=? кгс/см², корпус ст. 12Х18Н9ТЛ, класс герметичности «В» по ГОСТ 9544-2015;Клапаны предохранительные СППК;17нж13нж;-;Фланцевое;-;50/80;16.июн;Коррозионностойкая сталь;0;20 рабочих дней;5000104;0.png;-
Клапан предохранительный пружинный сальниковый фланцевый без приспособления для принудительного открытия СППК4 80-16нж 17нж13нж DN 80 (исп. В) / 100 (исп. В) PN 1,6 (вход) / 0,6 (выход) МПа УХЛ1, пружина № ?, Рн=? кгс/см², корпус ст. 12Х18Н9ТЛ, класс герметичности «В» по ГОСТ 9544-2015;Клапаны предохранительные СППК;17нж13нж;-;Фланцевое;-;80/100;16.июн;Коррозионностойкая сталь;0;20 рабочих дней;5000105;0.png;-
Клапан предохранительный пружинный сальниковый фланцевый без приспособления для принудительного открытия СППК5 100-16нж 17нж7нж DN 100 (исп. В) / 150 (исп. В) PN 1,6 (вход) / 1,6 (выход) МПа УХЛ1, пружина № ?, Рн=? кгс/см², корпус ст. 12Х18Н9ТЛ, класс герметичности «В» по ГОСТ 9544-2015;Клапаны предохранительные СППК;17нж7нж;-;Фланцевое;-;100/150;16/16;Коррозионностойкая сталь;0;20 рабочих дней;5000106;0.png;-
Клапан предохранительный пружинный сальниковый фланцевый без приспособления для принудительного открытия СППК4 150-16нж 17нж7нж DN 150 (исп. В) / 200 (исп. В) PN 1,6 (вход) / 0,6 (выход) МПа УХЛ1, пружина № ?, Рн=? кгс/см², корпус ст. 12Х18Н9ТЛ, класс герметичности «В» по ГОСТ 9544-2015;Клапаны предохранительные СППК;17нж7нж;-;Фланцевое;-;150/200;16.июн;Коррозионностойкая сталь;0;25 рабочих дней;5000107;0.png;-
Клапан предохранительный пружинный сальниковый фланцевый без приспособления для принудительного открытия СППК4 200-16нж 17нж13нж DN 200 (исп. В) / 300 (исп. В) PN 1,6 (вход) / 0,6 (выход) МПа УХЛ1, пружина № ?, Рн=? кгс/см², корпус ст. 12Х18Н9ТЛ, класс герметичности «В» по ГОСТ 9544-2015;Клапаны предохранительные СППК;17нж13нж;-;Фланцевое;-;200/300;16.июн;Коррозионностойкая сталь;0;25 рабочих дней;5000108;0.png;-
Клапан предохранительный пружинный сальниковый фланцевый без приспособления для принудительного открытия СППК4 25-40нж 17нж14нж DN 25 (исп. F) / 40 (исп. В) PN 4,0 (вход) / 1,6 (выход) МПа УХЛ1, пружина № ?, Рн=? кгс/см², корпус ст. 12Х18Н9ТЛ, класс герметичности «В» по ГОСТ 9544-2015;Клапаны предохранительные СППК;17нж14нж;-;Фланцевое;-;25/40;40/16;Коррозионностойкая сталь;0;20 рабочих дней;5000109;0.png;-
Клапан предохранительный пружинный сальниковый фланцевый без приспособления для принудительного открытия СППК4 50-40 17нж14нж DN 50 (исп. F) / 80 (исп. В) PN 4,0 (вход) / 1,6 (выход) МПа УХЛ1, пружина № ?, Рн=? кгс/см², корпус ст. 12Х18Н9ТЛ, класс герметичности «В» по ГОСТ 9544-2015;Клапаны предохранительные СППК;17нж14нж;-;Фланцевое;-;50/80;40/16;Коррозионностойкая сталь;0;20 рабочих дней;5000110;0.png;-
Клапан предохранительный пружинный сальниковый фланцевый без приспособления для принудительного открытия СППК4 80-40нж 17нж14нж DN 80 (исп. F) / 100 (исп. В) PN 4,0 (вход) / 1,6 (выход) МПа УХЛ1, пружина № ?, Рн=? кгс/см², корпус ст. 12Х18Н9ТЛ, класс герметичности «В» по ГОСТ 9544-2015;Клапаны предохранительные СППК;17нж14нж;-;Фланцевое;-;80/100;40/16;Коррозионностойкая сталь;0;20 рабочих дней;5000111;0.png;-
Клапан предохранительный пружинный сальниковый фланцевый без приспособления для принудительного открытия СППК5 100-40нж 17нж23нж DN 100 (исп. F) / 150 (исп. В) PN 4,0 (вход) / 1,6 (выход) МПа УХЛ1, пружина № ?, Рн=? кгс/см², корпус ст. 12Х18Н9ТЛ, класс герметичности «В» по ГОСТ 9544-2015;Клапаны предохранительные СППК;17нж23нж;-;Фланцевое;-;100/150;40/16;Коррозионностойкая сталь;0;20 рабочих дней;5000112;0.png;-
Клапан предохранительный пружинный сальниковый фланцевый без приспособления для принудительного открытия СППК4 150-40нж 17нж23нж DN 150 (исп. F) / 200 (исп. В) PN 4,0 (вход) / 1,6 (выход) МПа УХЛ1, пружина № ?, Рн=? кгс/см², корпус ст. 12Х18Н9ТЛ, класс герметичности «В» по ГОСТ 9544-2015;Клапаны предохранительные СППК;17нж23нж;-;Фланцевое;-;150/200;40/16;Коррозионностойкая сталь;0;25 рабочих дней;5000113;0.png;-
Клапан предохранительный пружинный сальниковый фланцевый без приспособления для принудительного открытия СППК5 50-63нж 17нж16нж1 DN 50 (исп. ?) / 80 (исп. F) PN 6,3 (вход) / 4,0 (выход) МПа УХЛ1, пружина № ?, Рн=? кгс/см², корпус ст. 12Х18Н9ТЛ, класс герметичности «В» по ГОСТ 9544-2015;Клапаны предохранительные СППК;17нж16нж1;-;Фланцевое;-;50/80;63/40;Коррозионностойкая сталь;0;20 рабочих дней;5000114;0.png;-
Клапан предохранительный пружинный сальниковый фланцевый без приспособления для принудительного открытия СППК4 80-63нж 17нж85нж DN 80 (исп. ?) / 100 (исп. F) PN 6,3 (вход) / 4,0 (выход) МПа УХЛ1, пружина № ?, Рн=? кгс/см², корпус ст. 12Х18Н9ТЛ, класс герметичности «В» по ГОСТ 9544-2015;Клапаны предохранительные СППК;17нж85нж;-;Фланцевое;-;80/100;63/40;Коррозионностойкая сталь;0;20 рабочих дней;5000115;0.png;-
Клапан предохранительный пружинный сальниковый фланцевый без приспособления для принудительного открытия СППК5 100-63нж 17нж16нж2 DN 100 (исп. ?) / 150 (исп. F) PN 6,3 (вход) / 4,0 (выход) МПа УХЛ1, пружина № ?, Рн=? кгс/см², корпус ст. 12Х18Н9ТЛ, класс герметичности «В» по ГОСТ 9544-2015;Клапаны предохранительные СППК;17нж16нж2;-;Фланцевое;-;100/150;63/40;Коррозионностойкая сталь;0;20 рабочих дней;5000116;0.png;-
Клапан предохранительный пружинный сальниковый фланцевый без приспособления для принудительного открытия СППК5 50-160нж 17нж8нж1 DN 50 (исп. J) / 80 (исп. F) PN 16,0 (вход) / 4,0 (выход) МПа УХЛ1, пружина № ?, Рн=? кгс/см², корпус ст. 12Х18Н9ТЛ, класс герметичности «В» по ГОСТ 9544-2015;Клапаны предохранительные СППК;17нж8нж1;-;Фланцевое;-;50/80;160/40;Коррозионностойкая сталь;0;20 рабочих дней;5000117;0.png;-
Клапан предохранительный пружинный сальниковый фланцевый без приспособления для принудительного открытия СППК4 80-160нж 17нж80нж DN 80 (исп. J) / 100 (исп. F) PN 16,0 (вход) / 4,0 (выход) МПа УХЛ1, пружина № ?, Рн=? кгс/см², корпус ст. 12Х18Н9ТЛ, класс герметичности «В» по ГОСТ 9544-2015;Клапаны предохранительные СППК;17нж80нж;-;Фланцевое;-;80/100;160/40;Коррозионностойкая сталь;0;20 рабочих дней;5000118;0.png;-
Клапан предохранительный пружинный сальниковый фланцевый без приспособления для принудительного открытия СППК5 100-160нж 17нж8нж2 DN 100 (исп. J) / 150 (исп. F) PN 16,0 (вход) / 4,0 (выход) МПа УХЛ1, пружина № ?, Рн=? кгс/см², корпус ст. 12Х18Н9ТЛ, класс герметичности «В» по ГОСТ 9544-2015;Клапаны предохранительные СППК;17нж8нж2;-;Фланцевое;-;100/150;160/40;Коррозионностойкая сталь;0;20 рабочих дней;5000119;0.png;-
Клапан предохранительный пружинный сальниковый штуцерно-торцевой с приспособлением для принудительного открытия СППК 25-100нж 17нж81нж DN 25/40 PN 10,0 (вход) / 4,0 (выход) МПа УХЛ1, пружина № ?, Рн=? кгс/см², корпус ст. 12Х18Н9Т, класс герметичности «В» по ГОСТ 9544-2015;Клапаны предохранительные СППК;17нж81нж;-;Штуцерно-торцевое ;-;25/40;100/40;Коррозионностойкая сталь;0;20 рабочих дней;5000120;0.png;-
Клапан предохранительный пружинный сильфонный фланцевый  уравновешенного типа СППК4С 150-16нж 17нж7нж1 DN 150 (исп. В) / 200 (исп. В) PN 1,6 (вход) / 0,6 (выход) МПа УХЛ1, пружина № ?, Рн=? кгс/см², корпус ст. 12Х18Н9ТЛ, класс герметичности «В» по ГОСТ 9544-2015;Клапаны предохранительные СППК;17нж7нж1;-;Фланцевое;-;150/200;16.июн;Коррозионностойкая сталь;0;25 рабочих дней;5000121;0.png;-
Клапан предохранительный пружинный сильфонный фланцевый  уравновешенного типа СППК4С 200-16нж 17нж13нж1 DN 200 (исп. В) / 300 (исп. В) PN 1,6 (вход) / 0,6 (выход) МПа УХЛ1, пружина № ?, Рн=? кгс/см², корпус ст. 12Х18Н9ТЛ, класс герметичности «В» по ГОСТ 9544-2015;Клапаны предохранительные СППК;17нж13нж1;-;Фланцевое;-;200/300;16.июн;Коррозионностойкая сталь;0;25 рабочих дней;5000122;0.png;-
Клапан предохранительный пружинный сильфонный фланцевый  уравновешенного типа СППК4С 25-40нж 17нж14нж1 DN 25 (исп. F) / 40 (исп. В) PN 4,0 (вход) / 1,6 (выход) МПа УХЛ1, пружина № ?, Рн=? кгс/см², корпус ст. 12Х18Н9ТЛ, класс герметичности «В» по ГОСТ 9544-2015;Клапаны предохранительные СППК;17нж14нж1;-;Фланцевое;-;25/40;40/16;Коррозионностойкая сталь;0;25 рабочих дней;5000123;0.png;-
Клапан предохранительный пружинный сильфонный фланцевый  уравновешенного типа СППК4С 50-40нж 17нж14нж1 DN 50 (исп. F) / 80 (исп. В) PN 4,0 (вход) / 1,6 (выход) МПа УХЛ1, пружина № ?, Рн=? кгс/см², корпус ст. 12Х18Н9ТЛ, класс герметичности «В» по ГОСТ 9544-2015;Клапаны предохранительные СППК;17нж14нж1;-;Фланцевое;-;50/80;40/16;Коррозионностойкая сталь;0;25 рабочих дней;5000124;0.png;-
Клапан предохранительный пружинный сильфонный фланцевый  уравновешенного типа СППК4С 80-40нж 17нж14нж1 DN 80 (исп. F) / 100 (исп. В) PN 4,0 (вход) / 1,6 (выход) МПа УХЛ1, пружина № ?, Рн=? кгс/см², корпус ст. 12Х18Н9ТЛ, класс герметичности «В» по ГОСТ 9544-2015;Клапаны предохранительные СППК;17нж14нж1;-;Фланцевое;-;80/100;40/16;Коррозионностойкая сталь;0;25 рабочих дней;5000125;0.png;-
Клапан предохранительный пружинный сильфонный фланцевый  уравновешенного типа СППК5С 100-40нж 17нж23нж1 DN 100 (исп. F) / 150 (исп. В) PN 4,0 (вход) / 1,6 (выход) МПа УХЛ1, пружина № ?, Рн=? кгс/см², корпус ст. 12Х18Н9ТЛ, класс герметичности «В» по ГОСТ 9544-2015;Клапаны предохранительные СППК;17нж23нж1;-;Фланцевое;-;100/150;40/16;Коррозионностойкая сталь;0;25 рабочих дней;5000126;0.png;-
Клапан предохранительный пружинный сильфонный фланцевый  уравновешенного типа СППК4С 150-40нж 17нж23нж1 DN 150 (исп. F) / 200 (исп. В) PN 4,0 (вход) / 1,6 (выход) МПа УХЛ1, пружина № ?, Рн=? кгс/см², корпус ст. 12Х18Н9ТЛ, класс герметичности «В» по ГОСТ 9544-2015;Клапаны предохранительные СППК;17нж23нж1;-;Фланцевое;-;150/200;40/16;Коррозионностойкая сталь;0;25 рабочих дней;5000127;0.png;-
Клапан предохранительный пружинный сильфонный фланцевый  уравновешенного типа СППК5С 50-63нж 17нж16нж1 DN 50 (исп. ?) / 80 (исп. F) PN 6,3 (вход) / 4,0 (выход) МПа УХЛ1, пружина № ?, Рн=? кгс/см², корпус ст. 12Х18Н9ТЛ, класс герметичности «В» по ГОСТ 9544-2015;Клапаны предохранительные СППК;17нж16нж1;-;Фланцевое;-;50/80;63/40;Коррозионностойкая сталь;0;25 рабочих дней;5000128;0.png;-
Клапан предохранительный пружинный сильфонный фланцевый  уравновешенного типа СППК5С 100-63нж 17нж16нж2 DN 100 (исп. ?) / 150 (исп. F) PN 6,3 (вход) / 4,0 (выход) МПа УХЛ1, пружина № ?, Рн=? кгс/см², корпус ст. 12Х18Н9ТЛ, класс герметичности «В» по ГОСТ 9544-2015;Клапаны предохранительные СППК;17нж16нж2;-;Фланцевое;-;100/150;63/40;Коррозионностойкая сталь;0;25 рабочих дней;5000129;0.png;-
Клапан предохранительный пружинный сильфонный фланцевый  уравновешенного типа СППК5С 50-160нж 17нж8нж1 DN 50 (исп. J) / 80 (исп. F) PN 16,0 (вход) / 4,0 (выход) МПа УХЛ1, пружина № ?, Рн=? кгс/см², корпус ст. 12Х18Н9ТЛ, класс герметичности «В» по ГОСТ 9544-2015;Клапаны предохранительные СППК;17нж8нж1;-;Фланцевое;-;50/80;160/40;Коррозионностойкая сталь;0;30 рабочих дней;5000130;0.png;-
Клапан предохранительный пружинный сильфонный фланцевый  уравновешенного типа СППК5С 100-160нж 17нж8нж3 DN 100 (исп. J) / 150 (исп. F) PN 16,0 (вход) / 4,0 (выход) МПа УХЛ1, пружина № ?, Рн=? кгс/см², корпус ст. 12Х18Н9ТЛ, класс герметичности «В» по ГОСТ 9544-2015;Клапаны предохранительные СППК;17нж8нж3;-;Фланцевое;-;100/150;160/40;Коррозионностойкая сталь;0;30 рабочих дней;5000131;0.png;-
Клапан предохранительный пружинный сильфонный фланцевый без приспособления для принудительного открытия СППК5С 50-16нж1 28нж20нж DN 50 (исп. В) / 80 (исп. В) PN 1,6 (вход) / 0,6 (выход) МПа УХЛ1, пружина № ?, Рн=? кгс/см², корпус ст. 12Х18Н12М3ТЛ, класс герметичности «В» по ГОСТ 9544-2015;Клапаны предохранительные СППК;28нж20нж;-;Фланцевое;-;50/80;16.июн;Коррозионностойкая сталь;0;20 рабочих дней;5000132;0.png;-
Клапан предохранительный пружинный сильфонный фланцевый без приспособления для принудительного открытия СППК5С 80-16нж1 28нж20нж DN 80 (исп. В) / 100 (исп. В) PN 1,6 (вход) / 0,6 (выход) МПа УХЛ1, пружина № ?, Рн=? кгс/см², корпус ст. 12Х18Н12М3ТЛ, класс герметичности «В» по ГОСТ 9544-2015;Клапаны предохранительные СППК;28нж20нж;-;Фланцевое;-;80/100;16.июн;Коррозионностойкая сталь;0;20 рабочих дней;5000133;0.png;-
Клапан предохранительный пружинный сильфонный фланцевый без приспособления для принудительного открытия СППК5С 100-16нж1 28нж20нж DN 100 (исп. В) / 150 (исп. В) PN 1,6 (вход) / 1,6 (выход) МПа УХЛ1, пружина № ?, Рн=? кгс/см², корпус ст. 12Х18Н12М3ТЛ, класс герметичности «В» по ГОСТ 9544-2015;Клапаны предохранительные СППК;28нж20нж;-;Фланцевое;-;100/150;16/16;Коррозионностойкая сталь;0;20 рабочих дней;5000134;0.png;-
Клапан предохранительный пружинный сильфонный фланцевый без приспособления для принудительного открытия СППК5С 150-16нж1 28нж20нж DN 150 (исп. В) / 200 (исп. В) PN 1,6 (вход) / 0,6 (выход) МПа УХЛ1, пружина № ?, Рн=? кгс/см², корпус ст. 12Х18Н12М3ТЛ, класс герметичности «В» по ГОСТ 9544-2015;Клапаны предохранительные СППК;28нж20нж;-;Фланцевое;-;150/200;16.июн;Коррозионностойкая сталь;0;25 рабочих дней;5000135;0.png;-
Клапан предохранительный пружинный сильфонный фланцевый без приспособления для принудительного открытия СППК5С 200-16нж1 28нж20нж DN 200 (исп. В) / 300 (исп. В) PN 1,6 (вход) / 0,6 (выход) МПа УХЛ1, пружина № ?, Рн=? кгс/см², корпус ст. 12Х18Н12М3ТЛ, класс герметичности «В» по ГОСТ 9544-2015;Клапаны предохранительные СППК;28нж20нж;-;Фланцевое;-;200/300;16.июн;Коррозионностойкая сталь;0;25 рабочих дней;5000136;0.png;-
Клапан предохранительный пружинный сильфонный фланцевый без приспособления для принудительного открытия СППК5С 25-40нж1 28нж21нж DN 25 (исп. F) / 40 (исп. В) PN 4,0 (вход) / 1,6 (выход) МПа УХЛ1, пружина № ?, Рн=? кгс/см², корпус ст. 12Х18Н12М3ТЛ, класс герметичности «В» по ГОСТ 9544-2015;Клапаны предохранительные СППК;28нж21нж;-;Фланцевое;-;25/40;40/16;Коррозионностойкая сталь;0;25 рабочих дней;5000137;0.png;-
Клапан предохранительный пружинный сильфонный фланцевый без приспособления для принудительного открытия СППК5С 50-40нж1 28нж21нж DN 50 (исп. F) / 80 (исп. В) PN 4,0 (вход) / 1,6 (выход) МПа УХЛ1, пружина № ?, Рн=? кгс/см², корпус ст. 12Х18Н12М3ТЛ, класс герметичности «В» по ГОСТ 9544-2015;Клапаны предохранительные СППК;28нж21нж;-;Фланцевое;-;50/80;40/16;Коррозионностойкая сталь;0;25 рабочих дней;5000138;0.png;-
Клапан предохранительный пружинный сильфонный фланцевый без приспособления для принудительного открытия СППК5С 80-40нж1 28нж21нж DN 80 (исп. F) / 100 (исп. В) PN 4,0 (вход) / 1,6 (выход) МПа УХЛ1, пружина № ?, Рн=? кгс/см², корпус ст. 12Х18Н12М3ТЛ, класс герметичности «В» по ГОСТ 9544-2015;Клапаны предохранительные СППК;28нж21нж;-;Фланцевое;-;80/100;40/16;Коррозионностойкая сталь;0;25 рабочих дней;5000139;0.png;-
Клапан предохранительный пружинный сильфонный фланцевый без приспособления для принудительного открытия СППК5С 100-40нж1 28нж21нж DN 100 (исп. F) / 150 (исп. В) PN 4,0 (вход) / 1,6 (выход) МПа УХЛ1, пружина № ?, Рн=? кгс/см², корпус ст. 12Х18Н12М3ТЛ, класс герметичности «В» по ГОСТ 9544-2015;Клапаны предохранительные СППК;28нж21нж;-;Фланцевое;-;100/150;40/16;Коррозионностойкая сталь;0;25 рабочих дней;5000140;0.png;-
Клапан предохранительный пружинный сильфонный фланцевый без приспособления для принудительного открытия СППК5С 150-40нж1 28нж21нж DN 150 (исп. F) / 200 (исп. В) PN 4,0 (вход) / 1,6 (выход) МПа УХЛ1, пружина № ?, Рн=? кгс/см², корпус ст. 12Х18Н12М3ТЛ, класс герметичности «В» по ГОСТ 9544-2015;Клапаны предохранительные СППК;28нж21нж;-;Фланцевое;-;150/200;40/16;Коррозионностойкая сталь;0;25 рабочих дней;5000141;0.png;-
Клапан предохранительный пружинный сильфонный фланцевый без приспособления для принудительного открытия СППК5С 50-63нж1 28нж22нж DN 50 (исп. ?) / 80 (исп. F) PN 6,3 (вход) / 4,0 (выход) МПа УХЛ1, пружина № ?, Рн=? кгс/см², корпус ст. 12Х18Н12М3ТЛ, класс герметичности «В» по ГОСТ 9544-2015;Клапаны предохранительные СППК;28нж22нж;-;Фланцевое;-;50/80;63/40;Коррозионностойкая сталь;0;25 рабочих дней;5000142;0.png;-
Клапан предохранительный пружинный сильфонный фланцевый без приспособления для принудительного открытия СППК5С 80-63нж1 28нж22нж DN 80 (исп. ?) / 100 (исп. F) PN 6,3 (вход) / 4,0 (выход) МПа УХЛ1, пружина № ?, Рн=? кгс/см², корпус ст. 12Х18Н12М3ТЛ, класс герметичности «В» по ГОСТ 9544-2015;Клапаны предохранительные СППК;28нж22нж;-;Фланцевое;-;80/100;63/40;Коррозионностойкая сталь;0;25 рабочих дней;5000143;0.png;-
Клапан предохранительный пружинный сильфонный фланцевый без приспособления для принудительного открытия СППК5С 100-63нж1 28нж22нж DN 100 (исп. ?) / 150 (исп. F) PN 6,3 (вход) / 4,0 (выход) МПа УХЛ1, пружина № ?, Рн=? кгс/см², корпус ст. 12Х18Н12М3ТЛ, класс герметичности «В» по ГОСТ 9544-2015;Клапаны предохранительные СППК;28нж22нж;-;Фланцевое;-;100/150;63/40;Коррозионностойкая сталь;0;25 рабочих дней;5000144;0.png;-
Клапан предохранительный пружинный сильфонный фланцевый без приспособления для принудительного открытия СППК5С 50-160нж1 28нж23нж DN 50 (исп. J) / 80 (исп. F) PN 16,0 (вход) / 4,0 (выход) МПа УХЛ1, пружина № ?, Рн=? кгс/см², корпус ст. 12Х18Н12М3ТЛ, класс герметичности «В» по ГОСТ 9544-2015;Клапаны предохранительные СППК;28нж23нж;-;Фланцевое;-;50/80;160/40;Коррозионностойкая сталь;0;30 рабочих дней;5000145;0.png;-
Клапан предохранительный пружинный сильфонный фланцевый без приспособления для принудительного открытия СППК5С 80-160нж1 28нж23нж DN 80 (исп. J) / 100 (исп. F) PN 16,0 (вход) / 4,0 (выход) МПа УХЛ1, пружина № ?, Рн=? кгс/см², корпус ст. 12Х18Н12М3ТЛ, класс герметичности «В» по ГОСТ 9544-2015;Клапаны предохранительные СППК;28нж23нж;-;Фланцевое;-;80/100;160/40;Коррозионностойкая сталь;0;30 рабочих дней;5000146;0.png;-
Клапан предохранительный пружинный сильфонный фланцевый без приспособления для принудительного открытия СППК5С 100-160нж1 28нж23нж DN 100 (исп. J) / 150 (исп. F) PN 16,0 (вход) / 4,0 (выход) МПа УХЛ1, пружина № ?, Рн=? кгс/см², корпус ст. 12Х18Н12М3ТЛ, класс герметичности «В» по ГОСТ 9544-2015;Клапаны предохранительные СППК;28нж23нж;-;Фланцевое;-;100/150;160/40;Коррозионностойкая сталь;0;30 рабочих дней;5000147;0.png;-
Клапан предохранительный пружинный сильфонный фланцевый с приспособлением для принудительного открытия СППК5РС 50-16нж1 28нж20нж1 DN 50 (исп. В) / 80 (исп. В) PN 1,6 (вход) / 0,6 (выход) МПа УХЛ1, пружина № ?, Рн=? кгс/см², корпус ст. 12Х18Н12М3ТЛ, класс герметичности «В» по ГОСТ 9544-2015;Клапаны предохранительные СППК;28нж20нж1;-;Фланцевое;-;50/80;16.июн;Коррозионностойкая сталь;0;20 рабочих дней;5000148;0.png;-
Клапан предохранительный пружинный сильфонный фланцевый с приспособлением для принудительного открытия СППК5РС 80-16нж1 28нж20нж1 DN 80 (исп. В) / 100 (исп. В) PN 1,6 (вход) / 0,6 (выход) МПа УХЛ1, пружина № ?, Рн=? кгс/см², корпус ст. 12Х18Н12М3ТЛ, класс герметичности «В» по ГОСТ 9544-2015;Клапаны предохранительные СППК;28нж20нж1;-;Фланцевое;-;80/100;16.июн;Коррозионностойкая сталь;0;20 рабочих дней;5000149;0.png;-
Клапан предохранительный пружинный сильфонный фланцевый с приспособлением для принудительного открытия СППК5РС 100-16нж1 28нж20нж1 DN 100 (исп. В) / 150 (исп. В) PN 1,6 (вход) / 1,6 (выход) МПа УХЛ1, пружина № ?, Рн=? кгс/см², корпус ст. 12Х18Н12М3ТЛ, класс герметичности «В» по ГОСТ 9544-2015;Клапаны предохранительные СППК;28нж20нж1;-;Фланцевое;-;100/150;16/16;Коррозионностойкая сталь;0;20 рабочих дней;5000150;0.png;-
Клапан предохранительный пружинный сильфонный фланцевый с приспособлением для принудительного открытия СППК5РС 150-16нж1 28нж20нж1 DN 150 (исп. В) / 200 (исп. В) PN 1,6 (вход) / 0,6 (выход) МПа УХЛ1, пружина № ?, Рн=? кгс/см², корпус ст. 12Х18Н12М3ТЛ, класс герметичности «В» по ГОСТ 9544-2015;Клапаны предохранительные СППК;28нж20нж1;-;Фланцевое;-;150/200;16.июн;Коррозионностойкая сталь;0;25 рабочих дней;5000151;0.png;-
Клапан предохранительный пружинный сильфонный фланцевый с приспособлением для принудительного открытия СППК5РС 200-16нж1 28нж20нж1 DN 200 (исп. В) / 300 (исп. В) PN 1,6 (вход) / 0,6 (выход) МПа УХЛ1, пружина № ?, Рн=? кгс/см², корпус ст. 12Х18Н12М3ТЛ, класс герметичности «В» по ГОСТ 9544-2015;Клапаны предохранительные СППК;28нж20нж1;-;Фланцевое;-;200/300;16.июн;Коррозионностойкая сталь;0;25 рабочих дней;5000152;0.png;-
Клапан предохранительный пружинный сильфонный фланцевый с приспособлением для принудительного открытия СППК5РС 25-40нж1 28нж21нж1 DN 25 (исп. F) / 40 (исп. В) PN 4,0 (вход) / 1,6 (выход) МПа УХЛ1, пружина № ?, Рн=? кгс/см², корпус ст. 12Х18Н12М3ТЛ, класс герметичности «В» по ГОСТ 9544-2015;Клапаны предохранительные СППК;28нж21нж1;-;Фланцевое;-;25/40;40/16;Коррозионностойкая сталь;0;25 рабочих дней;5000153;0.png;-
Клапан предохранительный пружинный сильфонный фланцевый с приспособлением для принудительного открытия СППК5РС 50-40нж1 28нж21нж1 DN 50 (исп. F) / 80 (исп. В) PN 4,0 (вход) / 1,6 (выход) МПа УХЛ1, пружина № ?, Рн=? кгс/см², корпус ст. 12Х18Н12М3ТЛ, класс герметичности «В» по ГОСТ 9544-2015;Клапаны предохранительные СППК;28нж21нж1;-;Фланцевое;-;50/80;40/16;Коррозионностойкая сталь;0;25 рабочих дней;5000154;0.png;-
Клапан предохранительный пружинный сильфонный фланцевый с приспособлением для принудительного открытия СППК5РС 80-40нж1 28нж21нж1 DN 80 (исп. F) / 100 (исп. В) PN 4,0 (вход) / 1,6 (выход) МПа УХЛ1, пружина № ?, Рн=? кгс/см², корпус ст. 12Х18Н12М3ТЛ, класс герметичности «В» по ГОСТ 9544-2015;Клапаны предохранительные СППК;28нж21нж1;-;Фланцевое;-;80/100;40/16;Коррозионностойкая сталь;0;25 рабочих дней;5000155;0.png;-
Клапан предохранительный пружинный сильфонный фланцевый с приспособлением для принудительного открытия СППК5РС 100-40нж1 28нж21нж1 DN 100 (исп. F) / 150 (исп. В) PN 4,0 (вход) / 1,6 (выход) МПа УХЛ1, пружина № ?, Рн=? кгс/см², корпус ст. 12Х18Н12М3ТЛ, класс герметичности «В» по ГОСТ 9544-2015;Клапаны предохранительные СППК;28нж21нж1;-;Фланцевое;-;100/150;40/16;Коррозионностойкая сталь;0;25 рабочих дней;5000156;0.png;-
Клапан предохранительный пружинный сильфонный фланцевый с приспособлением для принудительного открытия СППК5РС 150-40нж1 28нж21нж1 DN 150 (исп. F) / 200 (исп. В) PN 4,0 (вход) / 1,6 (выход) МПа УХЛ1, пружина № ?, Рн=? кгс/см², корпус ст. 12Х18Н12М3ТЛ, класс герметичности «В» по ГОСТ 9544-2015;Клапаны предохранительные СППК;28нж21нж1;-;Фланцевое;-;150/200;40/16;Коррозионностойкая сталь;0;25 рабочих дней;5000157;0.png;-
Клапан предохранительный пружинный сильфонный фланцевый с приспособлением для принудительного открытия СППК5РС 50-63нж1 28нж22нж1 DN 50 (исп. ?) / 80 (исп. F) PN 6,3 (вход) / 4,0 (выход) МПа УХЛ1, пружина № ?, Рн=? кгс/см², корпус ст. 12Х18Н12М3ТЛ, класс герметичности «В» по ГОСТ 9544-2015;Клапаны предохранительные СППК;28нж22нж1;-;Фланцевое;-;50/80;63/40;Коррозионностойкая сталь;0;25 рабочих дней;5000158;0.png;-
Клапан предохранительный пружинный сильфонный фланцевый с приспособлением для принудительного открытия СППК5РС 80-63нж1 28нж22нж1 DN 80 (исп. ?) / 100 (исп. F) PN 6,3 (вход) / 4,0 (выход) МПа УХЛ1, пружина № ?, Рн=? кгс/см², корпус ст. 12Х18Н12М3ТЛ, класс герметичности «В» по ГОСТ 9544-2015;Клапаны предохранительные СППК;28нж22нж1;-;Фланцевое;-;80/100;63/40;Коррозионностойкая сталь;0;25 рабочих дней;5000159;0.png;-
Клапан предохранительный пружинный сильфонный фланцевый с приспособлением для принудительного открытия СППК5РС 100-63нж1 28нж22нж1 DN 100 (исп. ?) / 150 (исп. F) PN 6,3 (вход) / 4,0 (выход) МПа УХЛ1, пружина № ?, Рн=? кгс/см², корпус ст. 12Х18Н12М3ТЛ, класс герметичности «В» по ГОСТ 9544-2015;Клапаны предохранительные СППК;28нж22нж1;-;Фланцевое;-;100/150;63/40;Коррозионностойкая сталь;0;25 рабочих дней;5000160;0.png;-
Клапан предохранительный пружинный сильфонный фланцевый с приспособлением для принудительного открытия СППК5РС 50-160нж1 28нж23нж1 DN 50 (исп. J) / 80 (исп. F) PN 16,0 (вход) / 4,0 (выход) МПа УХЛ1, пружина № ?, Рн=? кгс/см², корпус ст. 12Х18Н12М3ТЛ, класс герметичности «В» по ГОСТ 9544-2015;Клапаны предохранительные СППК;28нж23нж1;-;Фланцевое;-;50/80;160/40;Коррозионностойкая сталь;0;30 рабочих дней;5000161;0.png;-
Клапан предохранительный пружинный сильфонный фланцевый с приспособлением для принудительного открытия СППК5РС 80-160нж1 28нж23нж1 DN 80 (исп. J) / 100 (исп. F) PN 16,0 (вход) / 4,0 (выход) МПа УХЛ1, пружина № ?, Рн=? кгс/см², корпус ст. 12Х18Н12М3ТЛ, класс герметичности «В» по ГОСТ 9544-2015;Клапаны предохранительные СППК;28нж23нж1;-;Фланцевое;-;80/100;160/40;Коррозионностойкая сталь;0;30 рабочих дней;5000162;0.png;-
Клапан предохранительный пружинный сильфонный фланцевый с приспособлением для принудительного открытия СППК5РС 100-160нж1 28нж23нж1 DN 100 (исп. J) / 150 (исп. F) PN 16,0 (вход) / 4,0 (выход) МПа УХЛ1, пружина № ?, Рн=? кгс/см², корпус ст. 12Х18Н12М3ТЛ, класс герметичности «В» по ГОСТ 9544-2015;Клапаны предохранительные СППК;28нж23нж1;-;Фланцевое;-;100/150;160/40;Коррозионностойкая сталь;0;30 рабочих дней;5000163;0.png;-
Клапан предохранительный пружинный сальниковый фланцевый с приспособлением для принудительного открытия СППК4Р 50-25 17с13нж5 DN 50 (исп. В) / 80 (исп. В) PN 2,5 (вход) / 1,6 (выход) МПа У1, пружина № ?, Рн=? кгс/см², корпус ст. 20Л, класс герметичности «В» по ГОСТ 9544-2015;Клапаны предохранительные СППК;17с13нж5;-;Фланцевое;-;50/80;25/16;Углеродистая сталь;0;20 рабочих дней;5000164;0.png;-
Клапан предохранительный пружинный сальниковый фланцевый без приспособления для принудительного открытия СППК4 50-25 17с13нж3 DN 50 (исп. В) / 80 (исп. В) PN 2,5 (вход) / 1,6 (выход) МПа У1, пружина № ?, Рн=? кгс/см², корпус ст. 20Л, класс герметичности «В» по ГОСТ 9544-2015;Клапаны предохранительные СППК;17с13нж3;-;Фланцевое;-;50/80;25/16;Углеродистая сталь;0;20 рабочих дней;5000165;0.png;-
Клапан предохранительный пружинный сальниковый фланцевый с приспособлением для принудительного открытия СППК4Р 50-25нж 17нж13нж5 DN 50 (исп. В) / 80 (исп. В) PN 2,5 (вход) / 1,6 (выход) МПа УХЛ1, пружина № ?, Рн=? кгс/см², корпус ст. 12Х18Н9ТЛ, класс герметичности «В» по ГОСТ 9544-2015;Клапаны предохранительные СППК;17нж13нж5;-;Фланцевое;-;50/80;25/16;Коррозионностойкая сталь;0;20 рабочих дней;5000166;0.png;-
Клапан предохранительный пружинный сальниковый фланцевый без приспособления для принудительного открытия СППК4 50-25нж 17нж13нж3 DN 50 (исп. В) / 80 (исп. В) PN 2,5 (вход) / 1,6 (выход) МПа УХЛ1, пружина № ?, Рн=? кгс/см², корпус ст. 12Х18Н9ТЛ, класс герметичности «В» по ГОСТ 9544-2015;Клапаны предохранительные СППК;17нж13нж3;-;Фланцевое;-;50/80;25/16;Коррозионностойкая сталь;0;20 рабочих дней;5000167;0.png;-
Клапан предохранительный пружинный сальниковый фланцевый с приспособлением для принудительного открытия СППК4Р 50-25лс 17лс13нж7 DN 50 (исп. В) / 80 (исп. В) PN 2,5 (вход) / 1,6 (выход) МПа ХЛ1, пружина № ?, Рн=? кгс/см², корпус ст. 20ГЛ, класс герметичности «В» по ГОСТ 9544-2015;Клапаны предохранительные СППК;17лс13нж7;-;Фланцевое;-;50/80;25/16;Хладостойкая сталь;0;20 рабочих дней;5000168;0.png;-
Клапан предохранительный пружинный сальниковый фланцевый без приспособления для принудительного открытия СППК4 50-25лс 17лс13нж3 DN 50 (исп. В) / 80 (исп. В) PN 2,5 (вход) / 1,6 (выход) МПа ХЛ1, пружина № ?, Рн=? кгс/см², корпус ст. 20ГЛ, класс герметичности «В» по ГОСТ 9544-2015;Клапаны предохранительные СППК;17лс13нж3;-;Фланцевое;-;50/80;25/16;Хладостойкая сталь;0;20 рабочих дней;5000169;0.png;-
Клапан предохранительный пружинный сальниковый фланцевый с приспособлением для принудительного открытия СППК4Р 80-25 17с25нж4 DN 80 (исп. В) / 100 (исп. В) PN 2,5 (вход) / 1,6 (выход) МПа У1, пружина № ?, Рн=? кгс/см², корпус ст. 20Л, класс герметичности «В» по ГОСТ 9544-2015;Клапаны предохранительные СППК;17с25нж4;-;Фланцевое;-;80/100;25/16;Углеродистая сталь;0;20 рабочих дней;5000170;0.png;-
Клапан предохранительный пружинный сальниковый фланцевый без приспособления для принудительного открытия СППК4 80-25 17с25нж2 DN 80 (исп. В) / 100 (исп. В) PN 2,5 (вход) / 1,6 (выход) МПа У1, пружина № ?, Рн=? кгс/см², корпус ст. 20Л, класс герметичности «В» по ГОСТ 9544-2015;Клапаны предохранительные СППК;17с25нж2;-;Фланцевое;-;80/100;25/16;Углеродистая сталь;0;20 рабочих дней;5000171;0.png;-
Клапан предохранительный пружинный сальниковый фланцевый с приспособлением для принудительного открытия СППК4Р 80-25нж 17нж25нж5 DN 80 (исп. В) / 100 (исп. В) PN 2,5 (вход) / 1,6 (выход) МПа УХЛ1, пружина № ?, Рн=? кгс/см², корпус ст. 12Х18Н9ТЛ, класс герметичности «В» по ГОСТ 9544-2015;Клапаны предохранительные СППК;17нж25нж5;-;Фланцевое;-;80/100;25/16;Коррозионностойкая сталь;0;20 рабочих дней;5000172;0.png;-
Клапан предохранительный пружинный сальниковый фланцевый без приспособления для принудительного открытия СППК4 80-25нж 17нж25нж3 DN 80 (исп. В) / 100 (исп. В) PN 2,5 (вход) / 1,6 (выход) МПа УХЛ1, пружина № ?, Рн=? кгс/см², корпус ст. 12Х18Н9ТЛ, класс герметичности «В» по ГОСТ 9544-2015;Клапаны предохранительные СППК;17нж25нж3;-;Фланцевое;-;80/100;25/16;Коррозионностойкая сталь;0;20 рабочих дней;5000173;0.png;-
Клапан предохранительный пружинный сальниковый фланцевый с приспособлением для принудительного открытия СППК4Р 80-25лс 17лс25нж7 DN 80 (исп. В) / 100 (исп. В) PN 2,5 (вход) / 1,6 (выход) МПа ХЛ1, пружина № ?, Рн=? кгс/см², корпус ст. 20ГЛ, класс герметичности «В» по ГОСТ 9544-2015;Клапаны предохранительные СППК;17лс25нж7;-;Фланцевое;-;80/100;25/16;Хладостойкая сталь;0;20 рабочих дней;5000174;0.png;-
Клапан предохранительный пружинный сальниковый фланцевый без приспособления для принудительного открытия СППК4 80-25лс 17лс25нж3 DN 80 (исп. В) / 100 (исп. В) PN 2,5 (вход) / 1,6 (выход) МПа ХЛ1, пружина № ?, Рн=? кгс/см², корпус ст. 20ГЛ, класс герметичности «В» по ГОСТ 9544-2015;Клапаны предохранительные СППК;17лс25нж3;-;Фланцевое;-;80/100;25/16;Хладостойкая сталь;0;20 рабочих дней;5000175;0.png;-
Клапан предохранительный пружинный сальниковый фланцевый с приспособлением для принудительного открытия СППК5Р 100-25 17с26нж2 DN 100 (исп. В) / 150 (исп. В) PN 2,5 (вход) / 1,6 (выход) МПа У1, пружина № ?, Рн=? кгс/см², корпус ст. 20Л, класс герметичности «В» по ГОСТ 9544-2015;Клапаны предохранительные СППК;17с26нж2;-;Фланцевое;-;100/150;25/16;Углеродистая сталь;0;20 рабочих дней;5000176;0.png;-
Клапан предохранительный пружинный сальниковый фланцевый без приспособления для принудительного открытия СППК5 100-25 17с26нж DN 100 (исп. В) / 150 (исп. В) PN 2,5 (вход) / 1,6 (выход) МПа У1, пружина № ?, Рн=? кгс/см², корпус ст. 20Л, класс герметичности «В» по ГОСТ 9544-2015;Клапаны предохранительные СППК;17с26нж;-;Фланцевое;-;100/150;25/16;Углеродистая сталь;0;20 рабочих дней;5000177;0.png;-
Клапан предохранительный пружинный сальниковый фланцевый с приспособлением для принудительного открытия СППК5Р 100-25нж 17нж26нж2 DN 100 (исп. В) / 150 (исп. В) PN 2,5 (вход) / 1,6 (выход) МПа УХЛ1, пружина № ?, Рн=? кгс/см², корпус ст. 12Х18Н9ТЛ, класс герметичности «В» по ГОСТ 9544-2015;Клапаны предохранительные СППК;17нж26нж2;-;Фланцевое;-;100/150;25/16;Коррозионностойкая сталь;0;20 рабочих дней;5000178;0.png;-
Клапан предохранительный пружинный сальниковый фланцевый без приспособления для принудительного открытия СППК5 100-25нж 17нж26нж DN 100 (исп. В) / 150 (исп. В) PN 2,5 (вход) / 1,6 (выход) МПа УХЛ1, пружина № ?, Рн=? кгс/см², корпус ст. 12Х18Н9ТЛ, класс герметичности «В» по ГОСТ 9544-2015;Клапаны предохранительные СППК;17нж26нж;-;Фланцевое;-;100/150;25/16;Коррозионностойкая сталь;0;20 рабочих дней;5000179;0.png;-
Клапан предохранительный пружинный сальниковый фланцевый с приспособлением для принудительного открытия СППК5Р 100-25лс 17лс26нж4 DN 100 (исп. В) / 150 (исп. В) PN 2,5 (вход) / 1,6 (выход) МПа ХЛ1, пружина № ?, Рн=? кгс/см², корпус ст. 20ГЛ, класс герметичности «В» по ГОСТ 9544-2015;Клапаны предохранительные СППК;17лс26нж4;-;Фланцевое;-;100/150;25/16;Хладостойкая сталь;0;25 рабочих дней;5000180;0.png;-
Клапан предохранительный пружинный сальниковый фланцевый без приспособления для принудительного открытия СППК5 100-25лс 17лс26нж DN 100 (исп. В) / 150 (исп. В) PN 2,5 (вход) / 1,6 (выход) МПа ХЛ1, пружина № ?, Рн=? кгс/см², корпус ст. 20ГЛ, класс герметичности «В» по ГОСТ 9544-2015;Клапаны предохранительные СППК;17лс26нж;-;Фланцевое;-;100/150;25/16;Хладостойкая сталь;0;25 рабочих дней;5000181;0.png;-
Клапан предохранительный пружинный сальниковый фланцевый с приспособлением для принудительного открытия СППК4Р 150-25 28с21нж2 DN 150 (исп. В) / 200 (исп. В) PN 2,5 (вход) / 1,6 (выход) МПа У1, пружина № ?, Рн=? кгс/см², корпус ст. 20Л, класс герметичности «В» по ГОСТ 9544-2015;Клапаны предохранительные СППК;28с21нж2;-;Фланцевое;-;150/200;25/16;Углеродистая сталь;0;25 рабочих дней;5000182;0.png;-
Клапан предохранительный пружинный сальниковый фланцевый без приспособления для принудительного открытия СППК4 150-25 28с21нж DN 150 (исп. В) / 200 (исп. В) PN 2,5 (вход) / 1,6 (выход) МПа У1, пружина № ?, Рн=? кгс/см², корпус ст. 20Л, класс герметичности «В» по ГОСТ 9544-2015;Клапаны предохранительные СППК;28с21нж;-;Фланцевое;-;150/200;25/16;Углеродистая сталь;0;25 рабочих дней;5000183;0.png;-
Клапан предохранительный пружинный сальниковый фланцевый с приспособлением для принудительного открытия СППК4Р 150-25нж 28нж21нж5 DN 150 (исп. В) / 200 (исп. В) PN 2,5 (вход) / 1,6 (выход) МПа УХЛ1, пружина № ?, Рн=? кгс/см², корпус ст. 12Х18Н9ТЛ, класс герметичности «В» по ГОСТ 9544-2015;Клапаны предохранительные СППК;28нж21нж5;-;Фланцевое;-;150/200;25/16;Коррозионностойкая сталь;0;25 рабочих дней;5000184;0.png;-
Клапан предохранительный пружинный сальниковый фланцевый без приспособления для принудительного открытия СППК4 150-25нж 28нж21нж2 DN 150 (исп. В) / 200 (исп. В) PN 2,5 (вход) / 1,6 (выход) МПа УХЛ1, пружина № ?, Рн=? кгс/см², корпус ст. 12Х18Н9ТЛ, класс герметичности «В» по ГОСТ 9544-2015;Клапаны предохранительные СППК;28нж21нж2;-;Фланцевое;-;150/200;25/16;Коррозионностойкая сталь;0;25 рабочих дней;5000185;0.png;-
Клапан предохранительный пружинный сальниковый фланцевый с приспособлением для принудительного открытия СППК4Р 150-25лс 28лс21нж4 DN 150 (исп. В) / 200 (исп. В) PN 2,5 (вход) / 1,6 (выход) МПа ХЛ1, пружина № ?, Рн=? кгс/см², корпус ст. 20ГЛ, класс герметичности «В» по ГОСТ 9544-2015;Клапаны предохранительные СППК;28лс21нж4;-;Фланцевое;-;150/200;25/16;Хладостойкая сталь;0;25 рабочих дней;5000186;0.png;-
Клапан предохранительный пружинный сальниковый фланцевый без приспособления для принудительного открытия СППК4 150-25лс 28лс21нж DN 150 (исп. В) / 200 (исп. В) PN 2,5 (вход) / 1,6 (выход) МПа ХЛ1, пружина № ?, Рн=? кгс/см², корпус ст. 20ГЛ, класс герметичности «В» по ГОСТ 9544-2015;Клапаны предохранительные СППК;28лс21нж;-;Фланцевое;-;150/200;25/16;Хладостойкая сталь;0;25 рабочих дней;5000187;0.png;-
Клапан регулирующий односедельный фланцевый 25ч945нж DN 15 PN 1,6 МПа У3 (Kvy - 4,0? м³/ч) с ЭИМ, корпус чугун;Клапаны регулирующие;25ч945нж;-;Фланцевое;-;15;16;Чугун;0;Под заказ;6000001;0.png;-
Клапан регулирующий односедельный фланцевый 25ч945нж DN 20 PN 1,6 МПа У3 (Kvy - 6,3? м³/ч) с ЭИМ, корпус чугун;Клапаны регулирующие;25ч945нж;-;Фланцевое;-;20;16;Чугун;0;Под заказ;6000002;0.png;-
Клапан регулирующий односедельный фланцевый 25ч945нж DN 25 PN 1,6 Мпа (Kvy - 16? м³/ч) У3 с ЭИМ, корпус чугун;Клапаны регулирующие;25ч945нж;-;Фланцевое;-;25;16;Чугун;0;Под заказ;6000003;0.png;-
Клапан регулирующий односедельный фланцевый 25ч945нж DN 32 PN 1,6 МПа У3 (Kvy - 25? м³/ч) с ЭИМ, корпус чугун;Клапаны регулирующие;25ч945нж;-;Фланцевое;-;32;16;Чугун;0;Под заказ;6000004;0.png;-
Клапан регулирующий односедельный фланцевый 25ч945нж DN 40 PN 1,6 МПа У3 (Kvy - 40? м³/ч) с ЭИМ, корпус чугун;Клапаны регулирующие;25ч945нж;-;Фланцевое;-;40;16;Чугун;0;Под заказ;6000005;0.png;-
Клапан регулирующий односедельный фланцевый 25ч945нж DN 50 PN 1,6 МПа У3 (Kvy - 63? м³/ч) с ЭИМ, корпус чугун;Клапаны регулирующие;25ч945нж;-;Фланцевое;-;50;16;Чугун;0;Под заказ;6000006;0.png;-
Клапан регулирующий односедельный фланцевый 25ч945нж DN 65 PN 1,6 МПа У3 (Kvy - 100? м³/ч) с ЭИМ, корпус чугун;Клапаны регулирующие;25ч945нж;-;Фланцевое;-;65;16;Чугун;0;Под заказ;6000007;0.png;-
Клапан регулирующий односедельный фланцевый 25ч945нж DN 80 PN 1,6 МПа У3 (Kvy - 160? м³/ч) с ЭИМ, корпус чугун;Клапаны регулирующие;25ч945нж;-;Фланцевое;-;80;16;Чугун;0;Под заказ;6000008;0.png;-
Клапан регулирующий односедельный фланцевый 25ч945нж DN 100 PN 1,6 МПа У3 (Kvy - 250? м³/ч) с ЭИМ, корпус чугун;Клапаны регулирующие;25ч945нж;-;Фланцевое;-;100;16;Чугун;0;Под заказ;6000009;0.png;-
Клапан регулирующий односедельный фланцевый 25ч945нж DN 125 PN 1,6 МПа У3 (Kvy - 320? м³/ч) с ЭИМ, корпус чугун;Клапаны регулирующие;25ч945нж;-;Фланцевое;-;125;16;Чугун;0;Под заказ;6000010;0.png;-
Клапан регулирующий односедельный фланцевый 25ч945нж DN 150 PN 1,6 МПа У3 (Kvy - 400? м³/ч) с ЭИМ, корпус чугун;Клапаны регулирующие;25ч945нж;-;Фланцевое;-;150;16;Чугун;0;Под заказ;6000011;0.png;-
Клапан регулирующий односедельный фланцевый 25ч945нж DN 200 PN 1,6 МПа У3 (Kvy - 630? м³/ч) с ЭИМ, корпус чугун;Клапаны регулирующие;25ч945нж;-;Фланцевое;-;200;16;Чугун;0;Под заказ;6000012;0.png;-
Клапан регулирующий односедельный фланцевый 25ч945нж DN 250 PN 1,6 МПа У3 (Kvy - ? м³/ч) с ЭИМ, корпус чугун;Клапаны регулирующие;25ч945нж;-;Фланцевое;-;250;16;Чугун;0;Под заказ;6000013;0.png;-
Клапан регулирующий односедельный фланцевый 25ч945нж DN 300 PN 1,6 МПа У3 (Kvy - ? м³/ч) с ЭИМ, корпус чугун;Клапаны регулирующие;25ч945нж;-;Фланцевое;-;300;16;Чугун;0;Под заказ;6000014;0.png;-
Клапан регулирующий односедельный фланцевый 25ч945п DN 15 PN 1,6 МПа У3 (Kvy - 4,0? м³/ч) с ЭИМ, корпус чугун;Клапаны регулирующие;25ч945п;-;Фланцевое;-;15;16;Чугун;0;Под заказ;6000015;0.png;-
Клапан регулирующий односедельный фланцевый 25ч945п DN 20 PN 1,6 МПа У3 (Kvy - 6,3? м³/ч) с ЭИМ, корпус чугун;Клапаны регулирующие;25ч945п;-;Фланцевое;-;20;16;Чугун;0;Под заказ;6000016;0.png;-
Клапан регулирующий односедельный фланцевый 25ч945п DN 25 PN 1,6 МПа У3 (Kvy - 16? м³/ч) с ЭИМ, корпус чугун;Клапаны регулирующие;25ч945п;-;Фланцевое;-;25;16;Чугун;0;Под заказ;6000017;0.png;-
Клапан регулирующий односедельный фланцевый 25ч945п DN 32 PN 1,6 МПа У3 (Kvy - 25? м³/ч) с ЭИМ, корпус чугун;Клапаны регулирующие;25ч945п;-;Фланцевое;-;32;16;Чугун;0;Под заказ;6000018;0.png;-
Клапан регулирующий односедельный фланцевый 25ч945п DN 40 PN 1,6 МПа У3 (Kvy - 16? м³/ч) с ЭИМ, корпус чугун;Клапаны регулирующие;25ч945п;-;Фланцевое;-;40;16;Чугун;0;Под заказ;6000019;0.png;-
Клапан регулирующий односедельный фланцевый 25ч945п DN 50 PN 1,6 МПа У3 (Kvy - 63? м³/ч) с ЭИМ, корпус чугун;Клапаны регулирующие;25ч945п;-;Фланцевое;-;50;16;Чугун;0;Под заказ;6000020;0.png;-
Клапан регулирующий односедельный фланцевый 25ч945п DN 65 PN 1,6 МПа У3 (Kvy - 100? м³/ч) с ЭИМ, корпус чугун;Клапаны регулирующие;25ч945п;-;Фланцевое;-;65;16;Чугун;0;Под заказ;6000021;0.png;-
Клапан регулирующий односедельный фланцевый 25ч945п DN 80 PN 1,6 МПа У3 (Kvy - 160? м³/ч) с ЭИМ, корпус чугун;Клапаны регулирующие;25ч945п;-;Фланцевое;-;80;16;Чугун;0;Под заказ;6000022;0.png;-
Клапан регулирующий односедельный фланцевый 25ч945п DN 100 PN 1,6 МПа У3 (Kvy - 250? м³/ч) с ЭИМ, корпус чугун;Клапаны регулирующие;25ч945п;-;Фланцевое;-;100;16;Чугун;0;Под заказ;6000023;0.png;-
Клапан регулирующий односедельный фланцевый 25ч945п DN 125 PN 1,6 МПа У3 (Kvy - 320? м³/ч) с ЭИМ, корпус чугун;Клапаны регулирующие;25ч945п;-;Фланцевое;-;125;16;Чугун;0;Под заказ;6000024;0.png;-
Клапан регулирующий односедельный фланцевый 25ч945п DN 150 PN 1,6 МПа У3 (Kvy - 400? м³/ч) с ЭИМ, корпус чугун;Клапаны регулирующие;25ч945п;-;Фланцевое;-;150;16;Чугун;0;Под заказ;6000025;0.png;-
Клапан регулирующий односедельный фланцевый 25ч945п DN 200 PN 1,6 МПа У3 (Kvy - 630? м³/ч) с ЭИМ, корпус чугун;Клапаны регулирующие;25ч945п;-;Фланцевое;-;200;16;Чугун;0;Под заказ;6000026;0.png;-
Клапан регулирующий односедельный фланцевый 25ч945п DN 250 PN 1,6 МПа У3 (Kvy - ? м³/ч) с ЭИМ, корпус чугун;Клапаны регулирующие;25ч945п;-;Фланцевое;-;250;16;Чугун;0;Под заказ;6000027;0.png;-
Клапан регулирующий односедельный фланцевый 25ч945п DN 300 PN 1,6 МПа У3 (Kvy - ? м³/ч) с ЭИМ, корпус чугун;Клапаны регулирующие;25ч945п;-;Фланцевое;-;300;16;Чугун;0;Под заказ;6000028;0.png;-
Клапан регулирующий односедельный фланцевый 25ч943нж DN 15 PN 1,6 МПа У3 (Kvy - 4,0? м³/ч) с ЭИМ, корпус чугун;Клапаны регулирующие;25ч943нж;-;Фланцевое;-;15;16;Чугун;0;Под заказ;6000029;0.png;-
Клапан регулирующий двухседельный фланцевый 25ч940нж DN 25 PN 1,6 МПа У3 (Kvy - 16? м³/ч) с ЭИМ, корпус чугун;Клапаны регулирующие;25ч940нж;-;Фланцевое;-;25;16;Чугун;0;Под заказ;6000030;0.png;-
Клапан регулирующий двухседельный фланцевый 25ч940нж DN 40 PN 1,6 МПа У3 (Kvy - 40? м³/ч) с ЭИМ, корпус чугун;Клапаны регулирующие;25ч940нж;-;Фланцевое;-;40;16;Чугун;0;Под заказ;6000031;0.png;-
Клапан регулирующий двухседельный фланцевый 25ч940нж DN 50 PN 1,6 МПа У3 (Kvy - 63? м³/ч) с ЭИМ, корпус чугун;Клапаны регулирующие;25ч940нж;-;Фланцевое;-;50;16;Чугун;0;Под заказ;6000032;0.png;-
Клапан регулирующий двухседельный фланцевый 25ч940нж DN 80 PN 1,6 МПа У3 (Kvy - 160? м³/ч) с ЭИМ, корпус чугун;Клапаны регулирующие;25ч940нж;-;Фланцевое;-;80;16;Чугун;0;Под заказ;6000033;0.png;-
Клапан регулирующий двухседельный фланцевый 25ч931нж DN 25 PN 1,6 МПа У3 (Kvy - ? м³/ч) с ЭИМ, корпус чугун;Клапаны регулирующие;25ч931нж;-;Фланцевое;-;25;16;Чугун;0;Под заказ;6000034;0.png;-
Клапан регулирующий двухседельный фланцевый 25ч931нж DN 40 PN 1,6 МПа У3 (Kvy - ? м³/ч) с ЭИМ, корпус чугун;Клапаны регулирующие;25ч931нж;-;Фланцевое;-;40;16;Чугун;0;Под заказ;6000035;0.png;-
Клапан регулирующий двухседельный фланцевый 25ч931нж DN 50 PN 1,6 МПа У3 (Kvy - ? м³/ч) с ЭИМ, корпус чугун;Клапаны регулирующие;25ч931нж;-;Фланцевое;-;50;16;Чугун;0;Под заказ;6000036;0.png;-
Клапан регулирующий двухседельный фланцевый 25ч931нж DN 80 PN 1,6 МПа У3 (Kvy - ? м³/ч) с ЭИМ, корпус чугун;Клапаны регулирующие;25ч931нж;-;Фланцевое;-;80;16;Чугун;0;Под заказ;6000037;0.png;-
"Клапан регулирующий эмалированный фланцевый ""после себя"" нормально открытый 25ч35эм DN 15 PN 1,0 МПа У3 с МИМ, корпус чугун";Клапаны регулирующие;25ч35эм;-;Фланцевое;-;15;10;Чугун;0;Под заказ;6000038;0.png;-
"Клапан регулирующий эмалированный фланцевый ""после себя"" нормально открытый 25ч35эм DN 20 PN 0,6 МПа У3 с МИМ, корпус чугун";Клапаны регулирующие;25ч35эм;-;Фланцевое;-;20;6;Чугун;0;Под заказ;6000039;0.png;-
"Клапан регулирующий эмалированный фланцевый ""после себя"" нормально открытый 25ч35эм DN 25 PN 0,6 МПа У3 с МИМ, корпус чугун";Клапаны регулирующие;25ч35эм;-;Фланцевое;-;25;6;Чугун;0;Под заказ;6000040;0.png;-
"Клапан регулирующий эмалированный фланцевый ""после себя"" нормально открытый 25ч35эм DN 32 PN 0,6 МПа У3 с МИМ, корпус чугун";Клапаны регулирующие;25ч35эм;-;Фланцевое;-;32;6;Чугун;0;Под заказ;6000041;0.png;-
"Клапан регулирующий эмалированный фланцевый ""после себя"" нормально открытый 25ч35эм DN 40 PN 0,4 МПа У3 с МИМ, корпус чугун";Клапаны регулирующие;25ч35эм;-;Фланцевое;-;40;4;Чугун;0;Под заказ;6000042;0.png;-
"Клапан регулирующий эмалированный фланцевый ""после себя"" нормально открытый 25ч35эм DN 50 PN 0,4 МПа У3 с МИМ, корпус чугун";Клапаны регулирующие;25ч35эм;-;Фланцевое;-;50;4;Чугун;0;Под заказ;6000043;0.png;-
"Клапан регулирующий эмалированный фланцевый ""после себя"" нормально открытый 25ч35эм DN 65 PN 0,3 МПа У3 с МИМ, корпус чугун";Клапаны регулирующие;25ч35эм;-;Фланцевое;-;65;3;Чугун;0;Под заказ;6000044;0.png;-
"Клапан регулирующий эмалированный фланцевый ""после себя"" нормально открытый 25ч35эм DN 80 PN 0,3 МПа У3 с МИМ, корпус чугун";Клапаны регулирующие;25ч35эм;-;Фланцевое;-;80;3;Чугун;0;Под заказ;6000045;0.png;-
"Клапан регулирующий эмалированный фланцевый ""после себя"" нормально открытый 25ч35эм DN 100 PN 0,3 МПа У3 с МИМ, корпус чугун";Клапаны регулирующие;25ч35эм;-;Фланцевое;-;100;3;Чугун;0;Под заказ;6000046;0.png;-
"Клапан регулирующий эмалированный фланцевый ""до себя"" нормально закрытый 25ч36эм DN 15 PN 1,0 МПа У3 с МИМ, корпус чугун";Клапаны регулирующие;25ч36эм;-;Фланцевое;-;15;10;Чугун;0;Под заказ;6000047;0.png;-
"Клапан регулирующий эмалированный фланцевый ""до себя"" нормально закрытый 25ч36эм DN 20 PN 0,6 МПа У3 с МИМ, корпус чугун";Клапаны регулирующие;25ч36эм;-;Фланцевое;-;20;6;Чугун;0;Под заказ;6000048;0.png;-
"Клапан регулирующий эмалированный фланцевый ""до себя"" нормально закрытый 25ч36эм DN 25 PN 0,6 МПа У3 с МИМ, корпус чугун";Клапаны регулирующие;25ч36эм;-;Фланцевое;-;25;6;Чугун;0;Под заказ;6000049;0.png;-
"Клапан регулирующий эмалированный фланцевый ""до себя"" нормально закрытый 25ч36эм DN 32 PN 0,6 МПа У3 с МИМ, корпус чугун";Клапаны регулирующие;25ч36эм;-;Фланцевое;-;32;6;Чугун;0;Под заказ;6000050;0.png;-
"Клапан регулирующий эмалированный фланцевый ""до себя"" нормально закрытый 25ч36эм DN 40 PN 0,4 МПа У3 с МИМ, корпус чугун";Клапаны регулирующие;25ч36эм;-;Фланцевое;-;40;4;Чугун;0;Под заказ;6000051;0.png;-
"Клапан регулирующий эмалированный фланцевый ""до себя"" нормально закрытый 25ч36эм DN 50 PN 0,4 МПа У3 с МИМ, корпус чугун";Клапаны регулирующие;25ч36эм;-;Фланцевое;-;50;4;Чугун;0;Под заказ;6000052;0.png;-
"Клапан регулирующий эмалированный фланцевый ""до себя"" нормально закрытый 25ч36эм DN 65 PN 0,3 МПа У3 с МИМ, корпус чугун";Клапаны регулирующие;25ч36эм;-;Фланцевое;-;65;3;Чугун;0;Под заказ;6000053;0.png;-
"Клапан регулирующий эмалированный фланцевый ""до себя"" нормально закрытый 25ч36эм DN 80 PN 0,3 МПа У3 с МИМ, корпус чугун";Клапаны регулирующие;25ч36эм;-;Фланцевое;-;80;3;Чугун;0;Под заказ;6000054;0.png;-
"Клапан регулирующий эмалированный фланцевый ""до себя"" нормально закрытый 25ч36эм DN 100 PN 0,3 МПа У3 с МИМ, корпус чугун";Клапаны регулирующие;25ч36эм;-;Фланцевое;-;100;3;Чугун;0;Под заказ;6000055;0.png;-
"Клапан регулирующий футерованный фланцевый ""после себя"" нормально открытый 25ч5п DN 15 PN 1,0 МПа У3 с МИМ, корпус чугун";Клапаны регулирующие;25ч5п;-;Фланцевое;-;15;10;Чугун;0;Под заказ;6000056;0.png;-
"Клапан регулирующий футерованный фланцевый ""после себя"" нормально открытый 25ч5п DN 20 PN 0,63 МПа У3 с МИМ, корпус чугун";Клапаны регулирующие;25ч5п;-;Фланцевое;-;20;6,3;Чугун;0;Под заказ;6000057;0.png;-
"Клапан регулирующий футерованный фланцевый ""после себя"" нормально открытый 25ч5п DN 25 PN 0,63 МПа У3 с МИМ, корпус чугун";Клапаны регулирующие;25ч5п;-;Фланцевое;-;25;6,3;Чугун;0;Под заказ;6000058;0.png;-
"Клапан регулирующий футерованный фланцевый ""после себя"" нормально открытый 25ч5п DN 32 PN 0,63 МПа У3 с МИМ, корпус чугун";Клапаны регулирующие;25ч5п;-;Фланцевое;-;32;6,3;Чугун;0;Под заказ;6000059;0.png;-
"Клапан регулирующий футерованный фланцевый ""после себя"" нормально открытый 25ч5п DN 40 PN 0,63 МПа У3 с МИМ, корпус чугун";Клапаны регулирующие;25ч5п;-;Фланцевое;-;40;6,3;Чугун;0;Под заказ;6000060;0.png;-
"Клапан регулирующий футерованный фланцевый ""после себя"" нормально открытый 25ч5п DN 50 PN 0,4 МПа У3 с МИМ, корпус чугун";Клапаны регулирующие;25ч5п;-;Фланцевое;-;50;4;Чугун;0;Под заказ;6000061;0.png;-
"Клапан регулирующий футерованный фланцевый ""после себя"" нормально открытый 25ч5п DN 80 PN 0,3 МПа У3 с МИМ, корпус чугун";Клапаны регулирующие;25ч5п;-;Фланцевое;-;80;3;Чугун;0;Под заказ;6000062;0.png;-
"Клапан регулирующий футерованный фланцевый ""после себя"" нормально открытый 25ч5п DN 100 PN 0,3 МПа У3 с МИМ, корпус чугун";Клапаны регулирующие;25ч5п;-;Фланцевое;-;100;3;Чугун;0;Под заказ;6000063;0.png;-
"Клапан регулирующий футерованный фланцевый ""до себя"" нормально закрытый 25ч7п DN 15 PN 1,0 МПа У3 с МИМ, корпус чугун";Клапаны регулирующие;25ч7п;-;Фланцевое;-;15;10;Чугун;0;Под заказ;6000064;0.png;-
"Клапан регулирующий футерованный фланцевый ""до себя"" нормально закрытый 25ч7п DN 20 PN 0,63 МПа У3 с МИМ, корпус чугун";Клапаны регулирующие;25ч7п;-;Фланцевое;-;20;6,3;Чугун;0;Под заказ;6000065;0.png;-
"Клапан регулирующий футерованный фланцевый ""до себя"" нормально закрытый 25ч7п DN 25 PN 0,63 МПа У3 с МИМ, корпус чугун";Клапаны регулирующие;25ч7п;-;Фланцевое;-;25;6,3;Чугун;0;Под заказ;6000066;0.png;-
"Клапан регулирующий футерованный фланцевый ""до себя"" нормально закрытый 25ч7п DN 32 PN 0,63 МПа У3 с МИМ, корпус чугун";Клапаны регулирующие;25ч7п;-;Фланцевое;-;32;6,3;Чугун;0;Под заказ;6000067;0.png;-
"Клапан регулирующий футерованный фланцевый ""до себя"" нормально закрытый 25ч7п DN 40 PN 0,63 МПа У3 с МИМ, корпус чугун";Клапаны регулирующие;25ч7п;-;Фланцевое;-;40;6,3;Чугун;0;Под заказ;6000068;0.png;-
"Клапан регулирующий футерованный фланцевый ""до себя"" нормально закрытый 25ч7п DN 50 PN 0,4 МПа У3 с МИМ, корпус чугун";Клапаны регулирующие;25ч7п;-;Фланцевое;-;50;4;Чугун;0;Под заказ;6000069;0.png;-
"Клапан регулирующий футерованный фланцевый ""до себя"" нормально закрытый 25ч7п DN 80 PN 0,3 МПа У3 с МИМ, корпус чугун";Клапаны регулирующие;25ч7п;-;Фланцевое;-;80;3;Чугун;0;Под заказ;6000070;0.png;-
"Клапан регулирующий футерованный фланцевый ""до себя"" нормально закрытый 25ч7п DN 100 PN 0,3 МПа У3 с МИМ, корпус чугун";Клапаны регулирующие;25ч7п;-;Фланцевое;-;100;3;Чугун;0;Под заказ;6000071;0.png;-
"Клапан регулирующий двухседельный фланцевый ""после себя"" нормально открытый 25ч37нж DN 25 PN 1,6 МПа У3 (Kvy - 16? м³/ч) с МИМ, корпус чугун";Клапаны регулирующие;25ч37нж;-;Фланцевое;-;25;16;Чугун;0;Под заказ;6000072;0.png;-
"Клапан регулирующий двухседельный фланцевый ""после себя"" нормально открытый 25ч37нж DN 40 PN 1,6 МПа У3 (Kvy - 40? м³/ч) с МИМ, корпус чугун";Клапаны регулирующие;25ч37нж;-;Фланцевое;-;40;16;Чугун;0;Под заказ;6000073;0.png;-
"Клапан регулирующий двухседельный фланцевый ""после себя"" нормально открытый 25ч37нж DN 50 PN 1,6 МПа У3 (Kvy - 63? м³/ч) с МИМ, корпус чугун";Клапаны регулирующие;25ч37нж;-;Фланцевое;-;50;16;Чугун;0;Под заказ;6000074;0.png;-
"Клапан регулирующий двухседельный фланцевый ""после себя"" нормально открытый 25ч37нж DN 80 PN 1,6 МПа У3 (Kvy - 160? м³/ч) с МИМ, корпус чугун";Клапаны регулирующие;25ч37нж;-;Фланцевое;-;80;16;Чугун;0;Под заказ;6000075;0.png;-
"Клапан регулирующий двухседельный фланцевый ""после себя"" нормально открытый 25ч37нж DN 100 PN 1,6 МПа У3 (Kvy - ? м³/ч) с МИМ, корпус чугун";Клапаны регулирующие;25ч37нж;-;Фланцевое;-;100;16;Чугун;0;Под заказ;6000076;0.png;-
"Клапан регулирующий двухседельный фланцевый ""после себя"" нормально открытый 25ч37нж DN 150 PN 1,6 МПа У3 (Kvy - ? м³/ч) с МИМ, корпус чугун";Клапаны регулирующие;25ч37нж;-;Фланцевое;-;150;16;Чугун;0;Под заказ;6000077;0.png;-
"Клапан регулирующий двухседельный фланцевый ""после себя"" нормально открытый 25ч37нж DN 200 PN 1,6 МПа У3 (Kvy - ? м³/ч) с МИМ, корпус чугун";Клапаны регулирующие;25ч37нж;-;Фланцевое;-;200;16;Чугун;0;Под заказ;6000078;0.png;-
"Клапан регулирующий двухседельный фланцевый ""после себя"" нормально открытый 25ч37нж DN 250 PN 1,6 МПа У3 (Kvy - ? м³/ч) с МИМ, корпус чугун";Клапаны регулирующие;25ч37нж;-;Фланцевое;-;250;16;Чугун;0;Под заказ;6000079;0.png;-
"Клапан регулирующий двухседельный фланцевый ""после себя"" нормально открытый 25ч37нж DN 300 PN 1,6 МПа У3 (Kvy - ? м³/ч) с МИМ, корпус чугун";Клапаны регулирующие;25ч37нж;-;Фланцевое;-;300;16;Чугун;0;Под заказ;6000080;0.png;-
"Клапан регулирующий двухседельный фланцевый ""до себя"" нормально закрытый 25ч38нж DN 25 PN 1,6 МПа У3 (Kvy - 16? м³/ч) с МИМ, корпус чугун";Клапаны регулирующие;25ч38нж;-;Фланцевое;-;25;16;Чугун;0;Под заказ;6000081;0.png;-
"Клапан регулирующий двухседельный фланцевый ""до себя"" нормально закрытый 25ч38нж DN 40 PN 1,6 МПа У3 (Kvy - 40? м³/ч) с МИМ, корпус чугун";Клапаны регулирующие;25ч38нж;-;Фланцевое;-;40;16;Чугун;0;Под заказ;6000082;0.png;-
"Клапан регулирующий двухседельный фланцевый ""до себя"" нормально закрытый 25ч38нж DN 50 PN 1,6 МПа У3 (Kvy - 63? м³/ч) с МИМ, корпус чугун";Клапаны регулирующие;25ч38нж;-;Фланцевое;-;50;16;Чугун;0;Под заказ;6000083;0.png;-
"Клапан регулирующий двухседельный фланцевый ""до себя"" нормально закрытый 25ч38нж DN 80 PN 1,6 МПа У3 (Kvy - 160? м³/ч) с МИМ, корпус чугун";Клапаны регулирующие;25ч38нж;-;Фланцевое;-;80;16;Чугун;0;Под заказ;6000084;0.png;-
Кран шаровой полнопроходной муфтовый ручной 11б27п DN 15 PN 1,6 МПа УХЛ4, корпус латунь, класс герметичности «А» по ГОСТ 9544-2015 (газ);Краны шаровые;11б27п;-;Муфтовое;Ручной;15;16;Латунь;0;Под заказ;7000001;0.png;-
Кран шаровой полнопроходной муфтовый ручной 11б27п DN 20 PN 1,6 МПа УХЛ4, корпус латунь, класс герметичности «А» по ГОСТ 9544-2015 (газ);Краны шаровые;11б27п;-;Муфтовое;Ручной;20;16;Латунь;0;Под заказ;7000002;0.png;-
Кран шаровой полнопроходной муфтовый ручной 11б27п DN 25 PN 1,6 МПа УХЛ4, корпус латунь, класс герметичности «А» по ГОСТ 9544-2015 (газ);Краны шаровые;11б27п;-;Муфтовое;Ручной;25;16;Латунь;0;Под заказ;7000003;0.png;-
Кран шаровой полнопроходной муфтовый ручной 11б27п DN 32 PN 1,6 МПа УХЛ4, корпус латунь, класс герметичности «А» по ГОСТ 9544-2015 (газ);Краны шаровые;11б27п;-;Муфтовое;Ручной;32;16;Латунь;0;Под заказ;7000004;0.png;-
Кран шаровой полнопроходной муфтовый ручной 11б27п DN 40 PN 1,6 МПа УХЛ4, корпус латунь, класс герметичности «А» по ГОСТ 9544-2015 (газ);Краны шаровые;11б27п;-;Муфтовое;Ручной;40;16;Латунь;0;Под заказ;7000005;0.png;-
Кран шаровой полнопроходной муфтовый ручной 11б27п DN 50 PN 1,6 МПа УХЛ4, корпус латунь, класс герметичности «А» по ГОСТ 9544-2015 (газ);Краны шаровые;11б27п;-;Муфтовое;Ручной;50;16;Латунь;0;Под заказ;7000006;0.png;-
Кран шаровой полнопроходной муфтовый ручной 11б27п1 DN 15 PN 1,6 МПа УХЛ4, корпус латунь, класс герметичности «А» по ГОСТ 9544-2015;Краны шаровые;11б27п1;-;Муфтовое;Ручной;15;16;Латунь;0;Под заказ;7000007;0.png;-
Кран шаровой полнопроходной муфтовый ручной 11б27п1 DN 20 PN 1,6 МПа УХЛ4, корпус латунь, класс герметичности «А» по ГОСТ 9544-2015;Краны шаровые;11б27п1;-;Муфтовое;Ручной;20;16;Латунь;0;Под заказ;7000008;0.png;-
Кран шаровой полнопроходной муфтовый ручной 11б27п1 DN 25 PN 1,6 МПа УХЛ4, корпус латунь, класс герметичности «А» по ГОСТ 9544-2015;Краны шаровые;11б27п1;-;Муфтовое;Ручной;25;16;Латунь;0;Под заказ;7000009;0.png;-
Кран шаровой полнопроходной муфтовый ручной 11б27п1 DN 32 PN 1,6 МПа УХЛ4, корпус латунь, класс герметичности «А» по ГОСТ 9544-2015;Краны шаровые;11б27п1;-;Муфтовое;Ручной;32;16;Латунь;0;Под заказ;7000010;0.png;-
Кран шаровой полнопроходной муфтовый ручной 11б27п1 DN 40 PN 1,6 МПа УХЛ4, корпус латунь, класс герметичности «А» по ГОСТ 9544-2015;Краны шаровые;11б27п1;-;Муфтовое;Ручной;40;16;Латунь;0;Под заказ;7000011;0.png;-
Кран шаровой полнопроходной муфтовый ручной 11б27п1 DN 50 PN 1,6 МПа УХЛ4, корпус латунь, класс герметичности «А» по ГОСТ 9544-2015;Краны шаровые;11б27п1;-;Муфтовое;Ручной;50;16;Латунь;0;Под заказ;7000012;0.png;-
Кран шаровой разборный проходной полнопроходной фланцевый ручной КШ-Р.П.ПП.Ф.Р. DN 10 PN 1,6 МПа, корпус ст. 20, класс герметичности «А» по ГОСТ 9544-2015;Краны шаровые;КШ-Р.П.ПП.Ф.Р.;-;Фланцевое;Ручной;10;16;Углеродистая сталь;0;Под заказ;7000013;0.png;-
Кран шаровой разборный проходной полнопроходной фланцевый ручной КШ-Р.П.ПП.Ф.Р. DN 15 PN 1,6 МПа, корпус ст. 20, класс герметичности «А» по ГОСТ 9544-2015;Краны шаровые;КШ-Р.П.ПП.Ф.Р.;-;Фланцевое;Ручной;15;16;Углеродистая сталь;0;Под заказ;7000014;0.png;-
Кран шаровой разборный проходной полнопроходной фланцевый ручной КШ-Р.П.ПП.Ф.Р. DN 20 PN 1,6 МПа, корпус ст. 20, класс герметичности «А» по ГОСТ 9544-2015;Краны шаровые;КШ-Р.П.ПП.Ф.Р.;-;Фланцевое;Ручной;20;16;Углеродистая сталь;0;Под заказ;7000015;0.png;-
Кран шаровой разборный проходной полнопроходной фланцевый ручной КШ-Р.П.ПП.Ф.Р. DN 25 PN 1,6 МПа, корпус ст. 20, класс герметичности «А» по ГОСТ 9544-2015;Краны шаровые;КШ-Р.П.ПП.Ф.Р.;-;Фланцевое;Ручной;25;16;Углеродистая сталь;0;Под заказ;7000016;0.png;-
Кран шаровой разборный проходной полнопроходной фланцевый ручной КШ-Р.П.ПП.Ф.Р. DN 32 PN 1,6 МПа, корпус ст. 20, класс герметичности «А» по ГОСТ 9544-2015;Краны шаровые;КШ-Р.П.ПП.Ф.Р.;-;Фланцевое;Ручной;32;16;Углеродистая сталь;0;Под заказ;7000017;0.png;-
Кран шаровой разборный проходной полнопроходной фланцевый ручной КШ-Р.П.ПП.Ф.Р. DN 40 PN 1,6 МПа, корпус ст. 20, класс герметичности «А» по ГОСТ 9544-2015;Краны шаровые;КШ-Р.П.ПП.Ф.Р.;-;Фланцевое;Ручной;40;16;Углеродистая сталь;0;Под заказ;7000018;0.png;-
Кран шаровой разборный проходной полнопроходной фланцевый ручной КШ-Р.П.ПП.Ф.Р. DN 50 PN 1,6 МПа, корпус ст. 20, класс герметичности «А» по ГОСТ 9544-2015;Краны шаровые;КШ-Р.П.ПП.Ф.Р.;-;Фланцевое;Ручной;50;16;Углеродистая сталь;0;Под заказ;7000019;0.png;-
Кран шаровой разборный проходной полнопроходной фланцевый ручной КШ-Р.П.ПП.Ф.Р. DN 65 PN 1,6 МПа, корпус ст. 20, класс герметичности «А» по ГОСТ 9544-2015;Краны шаровые;КШ-Р.П.ПП.Ф.Р.;-;Фланцевое;Ручной;65;16;Углеродистая сталь;0;Под заказ;7000020;0.png;-
Кран шаровой разборный проходной полнопроходной фланцевый ручной КШ-Р.П.ПП.Ф.Р. DN 80 PN 1,6 МПа, корпус ст. 20, класс герметичности «А» по ГОСТ 9544-2015;Краны шаровые;КШ-Р.П.ПП.Ф.Р.;-;Фланцевое;Ручной;80;16;Углеродистая сталь;0;Под заказ;7000021;0.png;-
Кран шаровой разборный проходной полнопроходной фланцевый ручной КШ-Р.П.ПП.Ф.Р. DN 100 PN 1,6 МПа, корпус ст. 20, класс герметичности «А» по ГОСТ 9544-2015;Краны шаровые;КШ-Р.П.ПП.Ф.Р.;-;Фланцевое;Ручной;100;16;Углеродистая сталь;0;Под заказ;7000022;0.png;-
Кран шаровой разборный проходной полнопроходной фланцевый ручной КШ-Р.П.ПП.Ф.Р. DN 125 PN 1,6 МПа, корпус ст. 20, класс герметичности «А» по ГОСТ 9544-2015;Краны шаровые;КШ-Р.П.ПП.Ф.Р.;-;Фланцевое;Ручной;125;16;Углеродистая сталь;0;Под заказ;7000023;0.png;-
Кран шаровой разборный проходной полнопроходной фланцевый с редуктором КШ-Р.П.ПП.Ф.РД. DN 150 PN 1,6 МПа, корпус ст. 20, класс герметичности «А» по ГОСТ 9544-2015;Краны шаровые;КШ-Р.П.ПП.Ф.РД.;-;Фланцевое;Редукторный;150;16;Углеродистая сталь;0;Под заказ;7000024;0.png;-
Кран шаровой разборный проходной полнопроходной фланцевый с редуктором КШ-Р.П.ПП.Ф.РД. DN 200 PN 1,6 МПа, корпус ст. 20, класс герметичности «А» по ГОСТ 9544-2015;Краны шаровые;КШ-Р.П.ПП.Ф.РД.;-;Фланцевое;Редукторный;200;16;Углеродистая сталь;0;Под заказ;7000025;0.png;-
Кран шаровой разборный проходной полнопроходной под приварку ручной КШ-Р.П.ПП.П.Р. DN 10 PN 1,6 МПа, корпус ст. 20, класс герметичности «А» по ГОСТ 9544-2015;Краны шаровые;КШ-Р.П.ПП.П.Р.;-;Под приварку;Ручной;10;16;Углеродистая сталь;0;Под заказ;7000026;0.png;-
Кран шаровой разборный проходной полнопроходной под приварку ручной КШ-Р.П.ПП.П.Р. DN 15 PN 1,6 МПа, корпус ст. 20, класс герметичности «А» по ГОСТ 9544-2015;Краны шаровые;КШ-Р.П.ПП.П.Р.;-;Под приварку;Ручной;15;16;Углеродистая сталь;0;Под заказ;7000027;0.png;-
Кран шаровой разборный проходной полнопроходной под приварку ручной КШ-Р.П.ПП.П.Р. DN 20 PN 1,6 МПа, корпус ст. 20, класс герметичности «А» по ГОСТ 9544-2015;Краны шаровые;КШ-Р.П.ПП.П.Р.;-;Под приварку;Ручной;20;16;Углеродистая сталь;0;Под заказ;7000028;0.png;-
Кран шаровой разборный проходной полнопроходной под приварку ручной КШ-Р.П.ПП.П.Р. DN 25 PN 1,6 МПа, корпус ст. 20, класс герметичности «А» по ГОСТ 9544-2015;Краны шаровые;КШ-Р.П.ПП.П.Р.;-;Под приварку;Ручной;25;16;Углеродистая сталь;0;Под заказ;7000029;0.png;-
Кран шаровой разборный проходной полнопроходной под приварку ручной КШ-Р.П.ПП.П.Р. DN 32 PN 1,6 МПа, корпус ст. 20, класс герметичности «А» по ГОСТ 9544-2015;Краны шаровые;КШ-Р.П.ПП.П.Р.;-;Под приварку;Ручной;32;16;Углеродистая сталь;0;Под заказ;7000030;0.png;-
Кран шаровой разборный проходной полнопроходной под приварку ручной КШ-Р.П.ПП.П.Р. DN 40 PN 1,6 МПа, корпус ст. 20, класс герметичности «А» по ГОСТ 9544-2015;Краны шаровые;КШ-Р.П.ПП.П.Р.;-;Под приварку;Ручной;40;16;Углеродистая сталь;0;Под заказ;7000031;0.png;-
Кран шаровой разборный проходной полнопроходной под приварку ручной КШ-Р.П.ПП.П.Р. DN 50 PN 1,6 МПа, корпус ст. 20, класс герметичности «А» по ГОСТ 9544-2015;Краны шаровые;КШ-Р.П.ПП.П.Р.;-;Под приварку;Ручной;50;16;Углеродистая сталь;0;Под заказ;7000032;0.png;-
Кран шаровой разборный проходной полнопроходной под приварку ручной КШ-Р.П.ПП.П.Р. DN 65 PN 1,6 МПа, корпус ст. 20, класс герметичности «А» по ГОСТ 9544-2015;Краны шаровые;КШ-Р.П.ПП.П.Р.;-;Под приварку;Ручной;65;16;Углеродистая сталь;0;Под заказ;7000033;0.png;-
Кран шаровой разборный проходной полнопроходной под приварку ручной КШ-Р.П.ПП.П.Р. DN 80 PN 1,6 МПа, корпус ст. 20, класс герметичности «А» по ГОСТ 9544-2015;Краны шаровые;КШ-Р.П.ПП.П.Р.;-;Под приварку;Ручной;80;16;Углеродистая сталь;0;Под заказ;7000034;0.png;-
Кран шаровой разборный проходной полнопроходной под приварку ручной КШ-Р.П.ПП.П.Р. DN 100 PN 1,6 МПа, корпус ст. 20, класс герметичности «А» по ГОСТ 9544-2015;Краны шаровые;КШ-Р.П.ПП.П.Р.;-;Под приварку;Ручной;100;16;Углеродистая сталь;0;Под заказ;7000035;0.png;-
Кран шаровой разборный проходной полнопроходной под приварку ручной КШ-Р.П.ПП.П.Р. DN 125 PN 1,6 МПа, корпус ст. 20, класс герметичности «А» по ГОСТ 9544-2015;Краны шаровые;КШ-Р.П.ПП.П.Р.;-;Под приварку;Ручной;125;16;Углеродистая сталь;0;Под заказ;7000036;0.png;-
Кран шаровой разборный проходной полнопроходной под приварку с редуктором КШ-Р.П.ПП.П.РД. DN 150 PN 1,6 МПа, корпус ст. 20, класс герметичности «А» по ГОСТ 9544-2015;Краны шаровые;КШ-Р.П.ПП.П.РД.;-;Под приварку;Редукторный;150;16;Углеродистая сталь;0;Под заказ;7000037;0.png;-
Кран шаровой разборный проходной полнопроходной под приварку с редуктором КШ-Р.П.ПП.П.РД. DN 200 PN 1,6 МПа, корпус ст. 20, класс герметичности «А» по ГОСТ 9544-2015;Краны шаровые;КШ-Р.П.ПП.П.РД.;-;Под приварку;Редукторный;200;16;Углеродистая сталь;0;Под заказ;7000038;0.png;-
Кран шаровой разборный проходной полнопроходной муфтовый ручной КШ-Р.П.ПП.М.Р. DN 10 PN 1,6 МПа, корпус ст. 20, класс герметичности «А» по ГОСТ 9544-2015;Краны шаровые;КШ-Р.П.ПП.М.Р.;-;Муфтовое;Ручной;10;16;Углеродистая сталь;0;Под заказ;7000039;0.png;-
Кран шаровой разборный проходной полнопроходной муфтовый ручной КШ-Р.П.ПП.М.Р. DN 15 PN 1,6 МПа, корпус ст. 20, класс герметичности «А» по ГОСТ 9544-2015;Краны шаровые;КШ-Р.П.ПП.М.Р.;-;Муфтовое;Ручной;15;16;Углеродистая сталь;0;Под заказ;7000040;0.png;-
Кран шаровой разборный проходной полнопроходной муфтовый ручной КШ-Р.П.ПП.М.Р. DN 20 PN 1,6 МПа, корпус ст. 20, класс герметичности «А» по ГОСТ 9544-2015;Краны шаровые;КШ-Р.П.ПП.М.Р.;-;Муфтовое;Ручной;20;16;Углеродистая сталь;0;Под заказ;7000041;0.png;-
Кран шаровой разборный проходной полнопроходной муфтовый ручной КШ-Р.П.ПП.М.Р. DN 25 PN 1,6 МПа, корпус ст. 20, класс герметичности «А» по ГОСТ 9544-2015;Краны шаровые;КШ-Р.П.ПП.М.Р.;-;Муфтовое;Ручной;25;16;Углеродистая сталь;0;Под заказ;7000042;0.png;-
Кран шаровой разборный проходной полнопроходной муфтовый ручной КШ-Р.П.ПП.М.Р. DN 32 PN 1,6 МПа, корпус ст. 20, класс герметичности «А» по ГОСТ 9544-2015;Краны шаровые;КШ-Р.П.ПП.М.Р.;-;Муфтовое;Ручной;32;16;Углеродистая сталь;0;Под заказ;7000043;0.png;-
Кран шаровой разборный проходной полнопроходной муфтовый ручной КШ-Р.П.ПП.М.Р. DN 40 PN 1,6 МПа, корпус ст. 20, класс герметичности «А» по ГОСТ 9544-2015;Краны шаровые;КШ-Р.П.ПП.М.Р.;-;Муфтовое;Ручной;40;16;Углеродистая сталь;0;Под заказ;7000044;0.png;-
Кран шаровой разборный проходной полнопроходной муфтовый ручной КШ-Р.П.ПП.М.Р. DN 50 PN 1,6 МПа, корпус ст. 20, класс герметичности «А» по ГОСТ 9544-2015;Краны шаровые;КШ-Р.П.ПП.М.Р.;-;Муфтовое;Ручной;50;16;Углеродистая сталь;0;Под заказ;7000045;0.png;-
Кран шаровой разборный проходной полнопроходной муфтовый ручной КШ-Р.П.ПП.М.Р. DN 65 PN 1,6 МПа, корпус ст. 20, класс герметичности «А» по ГОСТ 9544-2015;Краны шаровые;КШ-Р.П.ПП.М.Р.;-;Муфтовое;Ручной;65;16;Углеродистая сталь;0;Под заказ;7000046;0.png;-
Кран шаровой разборный проходной полнопроходной муфтовый ручной КШ-Р.П.ПП.М.Р. DN 80 PN 1,6 МПа, корпус ст. 20, класс герметичности «А» по ГОСТ 9544-2015;Краны шаровые;КШ-Р.П.ПП.М.Р.;-;Муфтовое;Ручной;80;16;Углеродистая сталь;0;Под заказ;7000047;0.png;-
Кран шаровой разборный проходной полнопроходной штуцерно-ниппельный ручной КШ-Р.П.ПП.ШН.Р. DN 10 PN 1,6 МПа, корпус ст. 20, класс герметичности «А» по ГОСТ 9544-2015;Краны шаровые;КШ-Р.П.ПП.ШН.Р.;-;Штуцерно-ниппельное;Ручной;10;16;Углеродистая сталь;0;Под заказ;7000048;0.png;-
Кран шаровой разборный проходной полнопроходной штуцерно-ниппельный ручной КШ-Р.П.ПП.ШН.Р. DN 15 PN 1,6 МПа, корпус ст. 20, класс герметичности «А» по ГОСТ 9544-2015;Краны шаровые;КШ-Р.П.ПП.ШН.Р.;-;Штуцерно-ниппельное;Ручной;15;16;Углеродистая сталь;0;Под заказ;7000049;0.png;-
Кран шаровой разборный проходной полнопроходной штуцерно-ниппельный ручной КШ-Р.П.ПП.ШН.Р. DN 20 PN 1,6 МПа, корпус ст. 20, класс герметичности «А» по ГОСТ 9544-2015;Краны шаровые;КШ-Р.П.ПП.ШН.Р.;-;Штуцерно-ниппельное;Ручной;20;16;Углеродистая сталь;0;Под заказ;7000050;0.png;-
Кран шаровой разборный проходной полнопроходной штуцерно-ниппельный ручной КШ-Р.П.ПП.ШН.Р. DN 25 PN 1,6 МПа, корпус ст. 20, класс герметичности «А» по ГОСТ 9544-2015;Краны шаровые;КШ-Р.П.ПП.ШН.Р.;-;Штуцерно-ниппельное;Ручной;25;16;Углеродистая сталь;0;Под заказ;7000051;0.png;-
Кран шаровой разборный проходной полнопроходной штуцерно-ниппельный ручной КШ-Р.П.ПП.ШН.Р. DN 32 PN 1,6 МПа, корпус ст. 20, класс герметичности «А» по ГОСТ 9544-2015;Краны шаровые;КШ-Р.П.ПП.ШН.Р.;-;Штуцерно-ниппельное;Ручной;32;16;Углеродистая сталь;0;Под заказ;7000052;0.png;-
Кран шаровой разборный проходной полнопроходной штуцерно-ниппельный ручной КШ-Р.П.ПП.ШН.Р. DN 40 PN 1,6 МПа, корпус ст. 20, класс герметичности «А» по ГОСТ 9544-2015;Краны шаровые;КШ-Р.П.ПП.ШН.Р.;-;Штуцерно-ниппельное;Ручной;40;16;Углеродистая сталь;0;Под заказ;7000053;0.png;-
Кран шаровой разборный проходной полнопроходной штуцерно-ниппельный ручной КШ-Р.П.ПП.ШН.Р. DN 50 PN 1,6 МПа, корпус ст. 20, класс герметичности «А» по ГОСТ 9544-2015;Краны шаровые;КШ-Р.П.ПП.ШН.Р.;-;Штуцерно-ниппельное;Ручной;50;16;Углеродистая сталь;0;Под заказ;7000054;0.png;-
Кран шаровой разборный проходной неполнопроходной фланцевый ручной КШ-Р.П.НП.Ф.Р. DN 65/50 PN 1,6 МПа, корпус ст. 20, класс герметичности «А» по ГОСТ 9544-2015;Краны шаровые;КШ-Р.П.НП.Ф.Р.;-;Фланцевое;Ручной;65/50;16;Углеродистая сталь;0;Под заказ;7000055;0.png;-
Кран шаровой разборный проходной неполнопроходной фланцевый ручной КШ-Р.П.НП.Ф.Р. DN 100/80 PN 1,6 МПа, корпус ст. 20, класс герметичности «А» по ГОСТ 9544-2015;Краны шаровые;КШ-Р.П.НП.Ф.Р.;-;Фланцевое;Ручной;100/80;16;Углеродистая сталь;0;Под заказ;7000056;0.png;-
Кран шаровой разборный проходной неполнопроходной фланцевый ручной КШ-Р.П.НП.Ф.Р. DN 125/100 PN 1,6 МПа, корпус ст. 20, класс герметичности «А» по ГОСТ 9544-2015;Краны шаровые;КШ-Р.П.НП.Ф.Р.;-;Фланцевое;Ручной;125/100;16;Углеродистая сталь;0;Под заказ;7000057;0.png;-
Кран шаровой разборный проходной неполнопроходной под приварку ручной КШ-Р.П.НП.П.Р. DN 65/50 PN 1,6 МПа, корпус ст. 20, класс герметичности «А» по ГОСТ 9544-2015;Краны шаровые;КШ-Р.П.НП.П.Р.;-;Под приварку;Ручной;65/50;16;Углеродистая сталь;0;Под заказ;7000058;0.png;-
Кран шаровой разборный проходной неполнопроходной под приварку ручной КШ-Р.П.НП.П.Р. DN 100/80 PN 1,6 МПа, корпус ст. 20, класс герметичности «А» по ГОСТ 9544-2015;Краны шаровые;КШ-Р.П.НП.П.Р.;-;Под приварку;Ручной;100/80;16;Углеродистая сталь;0;Под заказ;7000059;0.png;-
Кран шаровой разборный проходной неполнопроходной под приварку ручной КШ-Р.П.НП.П.Р. DN 125/100 PN 1,6 МПа, корпус ст. 20, класс герметичности «А» по ГОСТ 9544-2015;Краны шаровые;КШ-Р.П.НП.П.Р.;-;Под приварку;Ручной;125/100;16;Углеродистая сталь;0;Под заказ;7000060;0.png;-
Кран шаровой разборный проходной неполнопроходной муфтовый ручной КШ-Р.П.НП.М.Р. DN 65/50 PN 1,6 МПа, корпус ст. 20, класс герметичности «А» по ГОСТ 9544-2015;Краны шаровые;КШ-Р.П.НП.М.Р.;-;Муфтовое;Ручной;65/50;16;Углеродистая сталь;0;Под заказ;7000061;0.png;-
Кран шаровой разборный проходной полнопроходной фланцевый ручной КШ-Р.П.ПП.Ф.Р. DN 10 PN 1,6 МПа, корпус ст. 09Г2С, класс герметичности «А» по ГОСТ 9544-2015;Краны шаровые;КШ-Р.П.ПП.Ф.Р.;-;Фланцевое;Ручной;10;16;Хладостойкая сталь;0;Под заказ;7000062;0.png;-
Кран шаровой разборный проходной полнопроходной фланцевый ручной КШ-Р.П.ПП.Ф.Р. DN 15 PN 1,6 МПа, корпус ст. 09Г2С, класс герметичности «А» по ГОСТ 9544-2015;Краны шаровые;КШ-Р.П.ПП.Ф.Р.;-;Фланцевое;Ручной;15;16;Хладостойкая сталь;0;Под заказ;7000063;0.png;-
Кран шаровой разборный проходной полнопроходной фланцевый ручной КШ-Р.П.ПП.Ф.Р. DN 20 PN 1,6 МПа, корпус ст. 09Г2С, класс герметичности «А» по ГОСТ 9544-2015;Краны шаровые;КШ-Р.П.ПП.Ф.Р.;-;Фланцевое;Ручной;20;16;Хладостойкая сталь;0;Под заказ;7000064;0.png;-
Кран шаровой разборный проходной полнопроходной фланцевый ручной КШ-Р.П.ПП.Ф.Р. DN 25 PN 1,6 МПа, корпус ст. 09Г2С, класс герметичности «А» по ГОСТ 9544-2015;Краны шаровые;КШ-Р.П.ПП.Ф.Р.;-;Фланцевое;Ручной;25;16;Хладостойкая сталь;0;Под заказ;7000065;0.png;-
Кран шаровой разборный проходной полнопроходной фланцевый ручной КШ-Р.П.ПП.Ф.Р. DN 32 PN 1,6 МПа, корпус ст. 09Г2С, класс герметичности «А» по ГОСТ 9544-2015;Краны шаровые;КШ-Р.П.ПП.Ф.Р.;-;Фланцевое;Ручной;32;16;Хладостойкая сталь;0;Под заказ;7000066;0.png;-
Кран шаровой разборный проходной полнопроходной фланцевый ручной КШ-Р.П.ПП.Ф.Р. DN 40 PN 1,6 МПа, корпус ст. 09Г2С, класс герметичности «А» по ГОСТ 9544-2015;Краны шаровые;КШ-Р.П.ПП.Ф.Р.;-;Фланцевое;Ручной;40;16;Хладостойкая сталь;0;Под заказ;7000067;0.png;-
Кран шаровой разборный проходной полнопроходной фланцевый ручной КШ-Р.П.ПП.Ф.Р. DN 50 PN 1,6 МПа, корпус ст. 09Г2С, класс герметичности «А» по ГОСТ 9544-2015;Краны шаровые;КШ-Р.П.ПП.Ф.Р.;-;Фланцевое;Ручной;50;16;Хладостойкая сталь;0;Под заказ;7000068;0.png;-
Кран шаровой разборный проходной полнопроходной фланцевый ручной КШ-Р.П.ПП.Ф.Р. DN 65 PN 1,6 МПа, корпус ст. 09Г2С, класс герметичности «А» по ГОСТ 9544-2015;Краны шаровые;КШ-Р.П.ПП.Ф.Р.;-;Фланцевое;Ручной;65;16;Хладостойкая сталь;0;Под заказ;7000069;0.png;-
Кран шаровой разборный проходной полнопроходной фланцевый ручной КШ-Р.П.ПП.Ф.Р. DN 80 PN 1,6 МПа, корпус ст. 09Г2С, класс герметичности «А» по ГОСТ 9544-2015;Краны шаровые;КШ-Р.П.ПП.Ф.Р.;-;Фланцевое;Ручной;80;16;Хладостойкая сталь;0;Под заказ;7000070;0.png;-
Кран шаровой разборный проходной полнопроходной фланцевый ручной КШ-Р.П.ПП.Ф.Р. DN 100 PN 1,6 МПа, корпус ст. 09Г2С, класс герметичности «А» по ГОСТ 9544-2015;Краны шаровые;КШ-Р.П.ПП.Ф.Р.;-;Фланцевое;Ручной;100;16;Хладостойкая сталь;0;Под заказ;7000071;0.png;-
Кран шаровой разборный проходной полнопроходной фланцевый ручной КШ-Р.П.ПП.Ф.Р. DN 125 PN 1,6 МПа, корпус ст. 09Г2С, класс герметичности «А» по ГОСТ 9544-2015;Краны шаровые;КШ-Р.П.ПП.Ф.Р.;-;Фланцевое;Ручной;125;16;Хладостойкая сталь;0;Под заказ;7000072;0.png;-
Кран шаровой разборный проходной полнопроходной фланцевый с редуктором КШ-Р.П.ПП.Ф.РД. DN 150 PN 1,6 МПа, корпус ст. 09Г2С, класс герметичности «А» по ГОСТ 9544-2015;Краны шаровые;КШ-Р.П.ПП.Ф.РД.;-;Фланцевое;Редукторный;150;16;Хладостойкая сталь;0;Под заказ;7000073;0.png;-
Кран шаровой разборный проходной полнопроходной фланцевый с редуктором КШ-Р.П.ПП.Ф.РД. DN 200 PN 1,6 МПа, корпус ст. 09Г2С, класс герметичности «А» по ГОСТ 9544-2015;Краны шаровые;КШ-Р.П.ПП.Ф.РД.;-;Фланцевое;Редукторный;200;16;Хладостойкая сталь;0;Под заказ;7000074;0.png;-
Кран шаровой разборный проходной полнопроходной под приварку ручной КШ-Р.П.ПП.П.Р. DN 10 PN 1,6 МПа, корпус ст. 09Г2С, класс герметичности «А» по ГОСТ 9544-2015;Краны шаровые;КШ-Р.П.ПП.П.Р.;-;Под приварку;Ручной;10;16;Хладостойкая сталь;0;Под заказ;7000075;0.png;-
Кран шаровой разборный проходной полнопроходной под приварку ручной КШ-Р.П.ПП.П.Р. DN 15 PN 1,6 МПа, корпус ст. 09Г2С, класс герметичности «А» по ГОСТ 9544-2015;Краны шаровые;КШ-Р.П.ПП.П.Р.;-;Под приварку;Ручной;15;16;Хладостойкая сталь;0;Под заказ;7000076;0.png;-
Кран шаровой разборный проходной полнопроходной под приварку ручной КШ-Р.П.ПП.П.Р. DN 20 PN 1,6 МПа, корпус ст. 09Г2С, класс герметичности «А» по ГОСТ 9544-2015;Краны шаровые;КШ-Р.П.ПП.П.Р.;-;Под приварку;Ручной;20;16;Хладостойкая сталь;0;Под заказ;7000077;0.png;-
Кран шаровой разборный проходной полнопроходной под приварку ручной КШ-Р.П.ПП.П.Р. DN 25 PN 1,6 МПа, корпус ст. 09Г2С, класс герметичности «А» по ГОСТ 9544-2015;Краны шаровые;КШ-Р.П.ПП.П.Р.;-;Под приварку;Ручной;25;16;Хладостойкая сталь;0;Под заказ;7000078;0.png;-
Кран шаровой разборный проходной полнопроходной под приварку ручной КШ-Р.П.ПП.П.Р. DN 32 PN 1,6 МПа, корпус ст. 09Г2С, класс герметичности «А» по ГОСТ 9544-2015;Краны шаровые;КШ-Р.П.ПП.П.Р.;-;Под приварку;Ручной;32;16;Хладостойкая сталь;0;Под заказ;7000079;0.png;-
Кран шаровой разборный проходной полнопроходной под приварку ручной КШ-Р.П.ПП.П.Р. DN 40 PN 1,6 МПа, корпус ст. 09Г2С, класс герметичности «А» по ГОСТ 9544-2015;Краны шаровые;КШ-Р.П.ПП.П.Р.;-;Под приварку;Ручной;40;16;Хладостойкая сталь;0;Под заказ;7000080;0.png;-
Кран шаровой разборный проходной полнопроходной под приварку ручной КШ-Р.П.ПП.П.Р. DN 50 PN 1,6 МПа, корпус ст. 09Г2С, класс герметичности «А» по ГОСТ 9544-2015;Краны шаровые;КШ-Р.П.ПП.П.Р.;-;Под приварку;Ручной;50;16;Хладостойкая сталь;0;Под заказ;7000081;0.png;-
Кран шаровой разборный проходной полнопроходной под приварку ручной КШ-Р.П.ПП.П.Р. DN 65 PN 1,6 МПа, корпус ст. 09Г2С, класс герметичности «А» по ГОСТ 9544-2015;Краны шаровые;КШ-Р.П.ПП.П.Р.;-;Под приварку;Ручной;65;16;Хладостойкая сталь;0;Под заказ;7000082;0.png;-
Кран шаровой разборный проходной полнопроходной под приварку ручной КШ-Р.П.ПП.П.Р. DN 80 PN 1,6 МПа, корпус ст. 09Г2С, класс герметичности «А» по ГОСТ 9544-2015;Краны шаровые;КШ-Р.П.ПП.П.Р.;-;Под приварку;Ручной;80;16;Хладостойкая сталь;0;Под заказ;7000083;0.png;-
Кран шаровой разборный проходной полнопроходной под приварку ручной КШ-Р.П.ПП.П.Р. DN 100 PN 1,6 МПа, корпус ст. 09Г2С, класс герметичности «А» по ГОСТ 9544-2015;Краны шаровые;КШ-Р.П.ПП.П.Р.;-;Под приварку;Ручной;100;16;Хладостойкая сталь;0;Под заказ;7000084;0.png;-
Кран шаровой разборный проходной полнопроходной под приварку ручной КШ-Р.П.ПП.П.Р. DN 125 PN 1,6 МПа, корпус ст. 09Г2С, класс герметичности «А» по ГОСТ 9544-2015;Краны шаровые;КШ-Р.П.ПП.П.Р.;-;Под приварку;Ручной;125;16;Хладостойкая сталь;0;Под заказ;7000085;0.png;-
Кран шаровой разборный проходной полнопроходной под приварку с редуктором КШ-Р.П.ПП.П.РД. DN 150 PN 1,6 МПа, корпус ст. 09Г2С, класс герметичности «А» по ГОСТ 9544-2015;Краны шаровые;КШ-Р.П.ПП.П.РД.;-;Под приварку;Редукторный;150;16;Хладостойкая сталь;0;Под заказ;7000086;0.png;-
Кран шаровой разборный проходной полнопроходной под приварку с редуктором КШ-Р.П.ПП.П.РД. DN 200 PN 1,6 МПа, корпус ст. 09Г2С, класс герметичности «А» по ГОСТ 9544-2015;Краны шаровые;КШ-Р.П.ПП.П.РД.;-;Под приварку;Редукторный;200;16;Хладостойкая сталь;0;Под заказ;7000087;0.png;-
Кран шаровой разборный проходной полнопроходной муфтовый ручной КШ-Р.П.ПП.М.Р. DN 10 PN 1,6 МПа, корпус ст. 09Г2С, класс герметичности «А» по ГОСТ 9544-2015;Краны шаровые;КШ-Р.П.ПП.М.Р.;-;Муфтовое;Ручной;10;16;Хладостойкая сталь;0;Под заказ;7000088;0.png;-
Кран шаровой разборный проходной полнопроходной муфтовый ручной КШ-Р.П.ПП.М.Р. DN 15 PN 1,6 МПа, корпус ст. 09Г2С, класс герметичности «А» по ГОСТ 9544-2015;Краны шаровые;КШ-Р.П.ПП.М.Р.;-;Муфтовое;Ручной;15;16;Хладостойкая сталь;0;Под заказ;7000089;0.png;-
Кран шаровой разборный проходной полнопроходной муфтовый ручной КШ-Р.П.ПП.М.Р. DN 20 PN 1,6 МПа, корпус ст. 09Г2С, класс герметичности «А» по ГОСТ 9544-2015;Краны шаровые;КШ-Р.П.ПП.М.Р.;-;Муфтовое;Ручной;20;16;Хладостойкая сталь;0;Под заказ;7000090;0.png;-
Кран шаровой разборный проходной полнопроходной муфтовый ручной КШ-Р.П.ПП.М.Р. DN 25 PN 1,6 МПа, корпус ст. 09Г2С, класс герметичности «А» по ГОСТ 9544-2015;Краны шаровые;КШ-Р.П.ПП.М.Р.;-;Муфтовое;Ручной;25;16;Хладостойкая сталь;0;Под заказ;7000091;0.png;-
Кран шаровой разборный проходной полнопроходной муфтовый ручной КШ-Р.П.ПП.М.Р. DN 32 PN 1,6 МПа, корпус ст. 09Г2С, класс герметичности «А» по ГОСТ 9544-2015;Краны шаровые;КШ-Р.П.ПП.М.Р.;-;Муфтовое;Ручной;32;16;Хладостойкая сталь;0;Под заказ;7000092;0.png;-
Кран шаровой разборный проходной полнопроходной муфтовый ручной КШ-Р.П.ПП.М.Р. DN 40 PN 1,6 МПа, корпус ст. 09Г2С, класс герметичности «А» по ГОСТ 9544-2015;Краны шаровые;КШ-Р.П.ПП.М.Р.;-;Муфтовое;Ручной;40;16;Хладостойкая сталь;0;Под заказ;7000093;0.png;-
Кран шаровой разборный проходной полнопроходной муфтовый ручной КШ-Р.П.ПП.М.Р. DN 50 PN 1,6 МПа, корпус ст. 09Г2С, класс герметичности «А» по ГОСТ 9544-2015;Краны шаровые;КШ-Р.П.ПП.М.Р.;-;Муфтовое;Ручной;50;16;Хладостойкая сталь;0;Под заказ;7000094;0.png;-
Кран шаровой разборный проходной полнопроходной муфтовый ручной КШ-Р.П.ПП.М.Р. DN 65 PN 1,6 МПа, корпус ст. 09Г2С, класс герметичности «А» по ГОСТ 9544-2015;Краны шаровые;КШ-Р.П.ПП.М.Р.;-;Муфтовое;Ручной;65;16;Хладостойкая сталь;0;Под заказ;7000095;0.png;-
Кран шаровой разборный проходной полнопроходной муфтовый ручной КШ-Р.П.ПП.М.Р. DN 80 PN 1,6 МПа, корпус ст. 09Г2С, класс герметичности «А» по ГОСТ 9544-2015;Краны шаровые;КШ-Р.П.ПП.М.Р.;-;Муфтовое;Ручной;80;16;Хладостойкая сталь;0;Под заказ;7000096;0.png;-
Кран шаровой разборный проходной полнопроходной штуцерно-ниппельный ручной КШ-Р.П.ПП.ШН.Р. DN 10 PN 1,6 МПа, корпус ст. 09Г2С, класс герметичности «А» по ГОСТ 9544-2015;Краны шаровые;КШ-Р.П.ПП.ШН.Р.;-;Штуцерно-ниппельное;Ручной;10;16;Хладостойкая сталь;0;Под заказ;7000097;0.png;-
Кран шаровой разборный проходной полнопроходной штуцерно-ниппельный ручной КШ-Р.П.ПП.ШН.Р. DN 15 PN 1,6 МПа, корпус ст. 09Г2С, класс герметичности «А» по ГОСТ 9544-2015;Краны шаровые;КШ-Р.П.ПП.ШН.Р.;-;Штуцерно-ниппельное;Ручной;15;16;Хладостойкая сталь;0;Под заказ;7000098;0.png;-
Кран шаровой разборный проходной полнопроходной штуцерно-ниппельный ручной КШ-Р.П.ПП.ШН.Р. DN 20 PN 1,6 МПа, корпус ст. 09Г2С, класс герметичности «А» по ГОСТ 9544-2015;Краны шаровые;КШ-Р.П.ПП.ШН.Р.;-;Штуцерно-ниппельное;Ручной;20;16;Хладостойкая сталь;0;Под заказ;7000099;0.png;-
Кран шаровой разборный проходной полнопроходной штуцерно-ниппельный ручной КШ-Р.П.ПП.ШН.Р. DN 25 PN 1,6 МПа, корпус ст. 09Г2С, класс герметичности «А» по ГОСТ 9544-2015;Краны шаровые;КШ-Р.П.ПП.ШН.Р.;-;Штуцерно-ниппельное;Ручной;25;16;Хладостойкая сталь;0;Под заказ;7000100;0.png;-
Кран шаровой разборный проходной полнопроходной штуцерно-ниппельный ручной КШ-Р.П.ПП.ШН.Р. DN 32 PN 1,6 МПа, корпус ст. 09Г2С, класс герметичности «А» по ГОСТ 9544-2015;Краны шаровые;КШ-Р.П.ПП.ШН.Р.;-;Штуцерно-ниппельное;Ручной;32;16;Хладостойкая сталь;0;Под заказ;7000101;0.png;-
Кран шаровой разборный проходной полнопроходной штуцерно-ниппельный ручной КШ-Р.П.ПП.ШН.Р. DN 40 PN 1,6 МПа, корпус ст. 09Г2С, класс герметичности «А» по ГОСТ 9544-2015;Краны шаровые;КШ-Р.П.ПП.ШН.Р.;-;Штуцерно-ниппельное;Ручной;40;16;Хладостойкая сталь;0;Под заказ;7000102;0.png;-
Кран шаровой разборный проходной полнопроходной штуцерно-ниппельный ручной КШ-Р.П.ПП.ШН.Р. DN 50 PN 1,6 МПа, корпус ст. 09Г2С, класс герметичности «А» по ГОСТ 9544-2015;Краны шаровые;КШ-Р.П.ПП.ШН.Р.;-;Штуцерно-ниппельное;Ручной;50;16;Хладостойкая сталь;0;Под заказ;7000103;0.png;-
Кран шаровой разборный проходной неполнопроходной фланцевый ручной КШ-Р.П.НП.Ф.Р. DN 65/50 PN 1,6 МПа, корпус ст. 09Г2С, класс герметичности «А» по ГОСТ 9544-2015;Краны шаровые;КШ-Р.П.НП.Ф.Р.;-;Фланцевое;Ручной;65/50;16;Хладостойкая сталь;0;Под заказ;7000104;0.png;-
Кран шаровой разборный проходной неполнопроходной фланцевый ручной КШ-Р.П.НП.Ф.Р. DN 100/80 PN 1,6 МПа, корпус ст. 09Г2С, класс герметичности «А» по ГОСТ 9544-2015;Краны шаровые;КШ-Р.П.НП.Ф.Р.;-;Фланцевое;Ручной;100/80;16;Хладостойкая сталь;0;Под заказ;7000105;0.png;-
Кран шаровой разборный проходной неполнопроходной фланцевый ручной КШ-Р.П.НП.Ф.Р. DN 125/100 PN 1,6 МПа, корпус ст. 09Г2С, класс герметичности «А» по ГОСТ 9544-2015;Краны шаровые;КШ-Р.П.НП.Ф.Р.;-;Фланцевое;Ручной;125/100;16;Хладостойкая сталь;0;Под заказ;7000106;0.png;-
Кран шаровой разборный проходной неполнопроходной под приварку ручной КШ-Р.П.НП.П.Р. DN 65/50 PN 1,6 МПа, корпус ст. 09Г2С, класс герметичности «А» по ГОСТ 9544-2015;Краны шаровые;КШ-Р.П.НП.П.Р.;-;Под приварку;Ручной;65/50;16;Хладостойкая сталь;0;Под заказ;7000107;0.png;-
Кран шаровой разборный проходной неполнопроходной под приварку ручной КШ-Р.П.НП.П.Р. DN 100/80 PN 1,6 МПа, корпус ст. 09Г2С, класс герметичности «А» по ГОСТ 9544-2015;Краны шаровые;КШ-Р.П.НП.П.Р.;-;Под приварку;Ручной;100/80;16;Хладостойкая сталь;0;Под заказ;7000108;0.png;-
Кран шаровой разборный проходной неполнопроходной под приварку ручной КШ-Р.П.НП.П.Р. DN 125/100 PN 1,6 МПа, корпус ст. 09Г2С, класс герметичности «А» по ГОСТ 9544-2015;Краны шаровые;КШ-Р.П.НП.П.Р. ;-;Под приварку;Ручной;125/100;16;Хладостойкая сталь;0;Под заказ;7000109;0.png;-
Кран шаровой разборный проходной неполнопроходной муфтовый ручной КШ-Р.П.НП.М.Р. DN 65/50 PN 1,6 МПа, корпус ст. 09Г2С, класс герметичности «А» по ГОСТ 9544-2015;Краны шаровые;КШ-Р.П.НП.М.Р.;-;Муфтовое;Ручной;65/50;16;Хладостойкая сталь;0;Под заказ;7000110;0.png;-
Кран шаровой разборный проходной полнопроходной фланцевый ручной КШ-Р.П.ПП.Ф.Р. DN 10 PN 1,6 МПа, корпус ст. 12Х18Н10Т, класс герметичности «А» по ГОСТ 9544-2015;Краны шаровые;КШ-Р.П.ПП.Ф.Р.;-;Фланцевое;Ручной;10;16;Коррозионностойкая сталь;0;Под заказ;7000111;0.png;-
Кран шаровой разборный проходной полнопроходной фланцевый ручной КШ-Р.П.ПП.Ф.Р. DN 15 PN 1,6 МПа, корпус ст. 12Х18Н10Т, класс герметичности «А» по ГОСТ 9544-2015;Краны шаровые;КШ-Р.П.ПП.Ф.Р.;-;Фланцевое;Ручной;15;16;Коррозионностойкая сталь;0;Под заказ;7000112;0.png;-
Кран шаровой разборный проходной полнопроходной фланцевый ручной КШ-Р.П.ПП.Ф.Р. DN 20 PN 1,6 МПа, корпус ст. 12Х18Н10Т, класс герметичности «А» по ГОСТ 9544-2015;Краны шаровые;КШ-Р.П.ПП.Ф.Р.;-;Фланцевое;Ручной;20;16;Коррозионностойкая сталь;0;Под заказ;7000113;0.png;-
Кран шаровой разборный проходной полнопроходной фланцевый ручной КШ-Р.П.ПП.Ф.Р. DN 25 PN 1,6 МПа, корпус ст. 12Х18Н10Т, класс герметичности «А» по ГОСТ 9544-2015;Краны шаровые;КШ-Р.П.ПП.Ф.Р.;-;Фланцевое;Ручной;25;16;Коррозионностойкая сталь;0;Под заказ;7000114;0.png;-
Кран шаровой разборный проходной полнопроходной фланцевый ручной КШ-Р.П.ПП.Ф.Р. DN 32 PN 1,6 МПа, корпус ст. 12Х18Н10Т, класс герметичности «А» по ГОСТ 9544-2015;Краны шаровые;КШ-Р.П.ПП.Ф.Р.;-;Фланцевое;Ручной;32;16;Коррозионностойкая сталь;0;Под заказ;7000115;0.png;-
Кран шаровой разборный проходной полнопроходной фланцевый ручной КШ-Р.П.ПП.Ф.Р. DN 40 PN 1,6 МПа, корпус ст. 12Х18Н10Т, класс герметичности «А» по ГОСТ 9544-2015;Краны шаровые;КШ-Р.П.ПП.Ф.Р.;-;Фланцевое;Ручной;40;16;Коррозионностойкая сталь;0;Под заказ;7000116;0.png;-
Кран шаровой разборный проходной полнопроходной фланцевый ручной КШ-Р.П.ПП.Ф.Р. DN 50 PN 1,6 МПа, корпус ст. 12Х18Н10Т, класс герметичности «А» по ГОСТ 9544-2015;Краны шаровые;КШ-Р.П.ПП.Ф.Р.;-;Фланцевое;Ручной;50;16;Коррозионностойкая сталь;0;Под заказ;7000117;0.png;-
Кран шаровой разборный проходной полнопроходной фланцевый ручной КШ-Р.П.ПП.Ф.Р. DN 65 PN 1,6 МПа, корпус ст. 12Х18Н10Т, класс герметичности «А» по ГОСТ 9544-2015;Краны шаровые;КШ-Р.П.ПП.Ф.Р.;-;Фланцевое;Ручной;65;16;Коррозионностойкая сталь;0;Под заказ;7000118;0.png;-
Кран шаровой разборный проходной полнопроходной фланцевый ручной КШ-Р.П.ПП.Ф.Р. DN 80 PN 1,6 МПа, корпус ст. 12Х18Н10Т, класс герметичности «А» по ГОСТ 9544-2015;Краны шаровые;КШ-Р.П.ПП.Ф.Р.;-;Фланцевое;Ручной;80;16;Коррозионностойкая сталь;0;Под заказ;7000119;0.png;-
Кран шаровой разборный проходной полнопроходной фланцевый ручной КШ-Р.П.ПП.Ф.Р. DN 100 PN 1,6 МПа, корпус ст. 12Х18Н10Т, класс герметичности «А» по ГОСТ 9544-2015;Краны шаровые;КШ-Р.П.ПП.Ф.Р.;-;Фланцевое;Ручной;100;16;Коррозионностойкая сталь;0;Под заказ;7000120;0.png;-
Кран шаровой разборный проходной полнопроходной фланцевый ручной КШ-Р.П.ПП.Ф.Р. DN 125 PN 1,6 МПа, корпус ст. 12Х18Н10Т, класс герметичности «А» по ГОСТ 9544-2015;Краны шаровые;КШ-Р.П.ПП.Ф.Р.;-;Фланцевое;Ручной;125;16;Коррозионностойкая сталь;0;Под заказ;7000121;0.png;-
Кран шаровой разборный проходной полнопроходной фланцевый с редуктором КШ-Р.П.ПП.Ф.РД. DN 150 PN 1,6 МПа, корпус ст. 12Х18Н10Т, класс герметичности «А» по ГОСТ 9544-2015;Краны шаровые;КШ-Р.П.ПП.Ф.РД.;-;Фланцевое;Редукторный;150;16;Коррозионностойкая сталь;0;Под заказ;7000122;0.png;-
Кран шаровой разборный проходной полнопроходной фланцевый с редуктором КШ-Р.П.ПП.Ф.РД. DN 200 PN 1,6 МПа, корпус ст. 12Х18Н10Т, класс герметичности «А» по ГОСТ 9544-2015;Краны шаровые;КШ-Р.П.ПП.Ф.РД.;-;Фланцевое;Редукторный;200;16;Коррозионностойкая сталь;0;Под заказ;7000123;0.png;-
Кран шаровой разборный проходной полнопроходной под приварку ручной КШ-Р.П.ПП.П.Р. DN 10 PN 1,6 МПа, корпус ст. 12Х18Н10Т, класс герметичности «А» по ГОСТ 9544-2015;Краны шаровые;КШ-Р.П.ПП.П.Р.;-;Под приварку;Ручной;10;16;Коррозионностойкая сталь;0;Под заказ;7000124;0.png;-
Кран шаровой разборный проходной полнопроходной под приварку ручной КШ-Р.П.ПП.П.Р. DN 15 PN 1,6 МПа, корпус ст. 12Х18Н10Т, класс герметичности «А» по ГОСТ 9544-2015;Краны шаровые;КШ-Р.П.ПП.П.Р.;-;Под приварку;Ручной;15;16;Коррозионностойкая сталь;0;Под заказ;7000125;0.png;-
Кран шаровой разборный проходной полнопроходной под приварку ручной КШ-Р.П.ПП.П.Р. DN 20 PN 1,6 МПа, корпус ст. 12Х18Н10Т, класс герметичности «А» по ГОСТ 9544-2015;Краны шаровые;КШ-Р.П.ПП.П.Р.;-;Под приварку;Ручной;20;16;Коррозионностойкая сталь;0;Под заказ;7000126;0.png;-
Кран шаровой разборный проходной полнопроходной под приварку ручной КШ-Р.П.ПП.П.Р. DN 25 PN 1,6 МПа, корпус ст. 12Х18Н10Т, класс герметичности «А» по ГОСТ 9544-2015;Краны шаровые;КШ-Р.П.ПП.П.Р.;-;Под приварку;Ручной;25;16;Коррозионностойкая сталь;0;Под заказ;7000127;0.png;-
Кран шаровой разборный проходной полнопроходной под приварку ручной КШ-Р.П.ПП.П.Р. DN 32 PN 1,6 МПа, корпус ст. 12Х18Н10Т, класс герметичности «А» по ГОСТ 9544-2015;Краны шаровые;КШ-Р.П.ПП.П.Р.;-;Под приварку;Ручной;32;16;Коррозионностойкая сталь;0;Под заказ;7000128;0.png;-
Кран шаровой разборный проходной полнопроходной под приварку ручной КШ-Р.П.ПП.П.Р. DN 40 PN 1,6 МПа, корпус ст. 12Х18Н10Т, класс герметичности «А» по ГОСТ 9544-2015;Краны шаровые;КШ-Р.П.ПП.П.Р.;-;Под приварку;Ручной;40;16;Коррозионностойкая сталь;0;Под заказ;7000129;0.png;-
Кран шаровой разборный проходной полнопроходной под приварку ручной КШ-Р.П.ПП.П.Р. DN 50 PN 1,6 МПа, корпус ст. 12Х18Н10Т, класс герметичности «А» по ГОСТ 9544-2015;Краны шаровые;КШ-Р.П.ПП.П.Р.;-;Под приварку;Ручной;50;16;Коррозионностойкая сталь;0;Под заказ;7000130;0.png;-
Кран шаровой разборный проходной полнопроходной под приварку ручной КШ-Р.П.ПП.П.Р. DN 65 PN 1,6 МПа, корпус ст. 12Х18Н10Т, класс герметичности «А» по ГОСТ 9544-2015;Краны шаровые;КШ-Р.П.ПП.П.Р.;-;Под приварку;Ручной;65;16;Коррозионностойкая сталь;0;Под заказ;7000131;0.png;-
Кран шаровой разборный проходной полнопроходной под приварку ручной КШ-Р.П.ПП.П.Р. DN 80 PN 1,6 МПа, корпус ст. 12Х18Н10Т, класс герметичности «А» по ГОСТ 9544-2015;Краны шаровые;КШ-Р.П.ПП.П.Р.;-;Под приварку;Ручной;80;16;Коррозионностойкая сталь;0;Под заказ;7000132;0.png;-
Кран шаровой разборный проходной полнопроходной под приварку ручной КШ-Р.П.ПП.П.Р. DN 100 PN 1,6 МПа, корпус ст. 12Х18Н10Т, класс герметичности «А» по ГОСТ 9544-2015;Краны шаровые;КШ-Р.П.ПП.П.Р.;-;Под приварку;Ручной;100;16;Коррозионностойкая сталь;0;Под заказ;7000133;0.png;-
Кран шаровой разборный проходной полнопроходной под приварку ручной КШ-Р.П.ПП.П.Р. DN 125 PN 1,6 МПа, корпус ст. 12Х18Н10Т, класс герметичности «А» по ГОСТ 9544-2015;Краны шаровые;КШ-Р.П.ПП.П.Р.;-;Под приварку;Ручной;125;16;Коррозионностойкая сталь;0;Под заказ;7000134;0.png;-
Кран шаровой разборный проходной полнопроходной под приварку с редуктором КШ-Р.П.ПП.П.РД. DN 150 PN 1,6 МПа, корпус ст. 12Х18Н10Т, класс герметичности «А» по ГОСТ 9544-2015;Краны шаровые;КШ-Р.П.ПП.П.РД.;-;Под приварку;Редукторный;150;16;Коррозионностойкая сталь;0;Под заказ;7000135;0.png;-
Кран шаровой разборный проходной полнопроходной под приварку с редуктором КШ-Р.П.ПП.П.РД. DN 200 PN 1,6 МПа, корпус ст. 12Х18Н10Т, класс герметичности «А» по ГОСТ 9544-2015;Краны шаровые;КШ-Р.П.ПП.П.РД.;-;Под приварку;Редукторный;200;16;Коррозионностойкая сталь;0;Под заказ;7000136;0.png;-
Кран шаровой разборный проходной полнопроходной муфтовый ручной КШ-Р.П.ПП.М.Р. DN 10 PN 1,6 МПа, корпус ст. 12Х18Н10Т, класс герметичности «А» по ГОСТ 9544-2015;Краны шаровые;КШ-Р.П.ПП.М.Р.;-;Муфтовое;Ручной;10;16;Коррозионностойкая сталь;0;Под заказ;7000137;0.png;-
Кран шаровой разборный проходной полнопроходной муфтовый ручной КШ-Р.П.ПП.М.Р. DN 15 PN 1,6 МПа, корпус ст. 12Х18Н10Т, класс герметичности «А» по ГОСТ 9544-2015;Краны шаровые;КШ-Р.П.ПП.М.Р.;-;Муфтовое;Ручной;15;16;Коррозионностойкая сталь;0;Под заказ;7000138;0.png;-
Кран шаровой разборный проходной полнопроходной муфтовый ручной КШ-Р.П.ПП.М.Р. DN 20 PN 1,6 МПа, корпус ст. 12Х18Н10Т, класс герметичности «А» по ГОСТ 9544-2015;Краны шаровые;КШ-Р.П.ПП.М.Р.;-;Муфтовое;Ручной;20;16;Коррозионностойкая сталь;0;Под заказ;7000139;0.png;-
Кран шаровой разборный проходной полнопроходной муфтовый ручной КШ-Р.П.ПП.М.Р. DN 25 PN 1,6 МПа, корпус ст. 12Х18Н10Т, класс герметичности «А» по ГОСТ 9544-2015;Краны шаровые;КШ-Р.П.ПП.М.Р.;-;Муфтовое;Ручной;25;16;Коррозионностойкая сталь;0;Под заказ;7000140;0.png;-
Кран шаровой разборный проходной полнопроходной муфтовый ручной КШ-Р.П.ПП.М.Р. DN 32 PN 1,6 МПа, корпус ст. 12Х18Н10Т, класс герметичности «А» по ГОСТ 9544-2015;Краны шаровые;КШ-Р.П.ПП.М.Р.;-;Муфтовое;Ручной;32;16;Коррозионностойкая сталь;0;Под заказ;7000141;0.png;-
Кран шаровой разборный проходной полнопроходной муфтовый ручной КШ-Р.П.ПП.М.Р. DN 40 PN 1,6 МПа, корпус ст. 12Х18Н10Т, класс герметичности «А» по ГОСТ 9544-2015;Краны шаровые;КШ-Р.П.ПП.М.Р.;-;Муфтовое;Ручной;40;16;Коррозионностойкая сталь;0;Под заказ;7000142;0.png;-
Кран шаровой разборный проходной полнопроходной муфтовый ручной КШ-Р.П.ПП.М.Р. DN 50 PN 1,6 МПа, корпус ст. 12Х18Н10Т, класс герметичности «А» по ГОСТ 9544-2015;Краны шаровые;КШ-Р.П.ПП.М.Р.;-;Муфтовое;Ручной;50;16;Коррозионностойкая сталь;0;Под заказ;7000143;0.png;-
Кран шаровой разборный проходной полнопроходной муфтовый ручной КШ-Р.П.ПП.М.Р. DN 65 PN 1,6 МПа, корпус ст. 12Х18Н10Т, класс герметичности «А» по ГОСТ 9544-2015;Краны шаровые;КШ-Р.П.ПП.М.Р.;-;Муфтовое;Ручной;65;16;Коррозионностойкая сталь;0;Под заказ;7000144;0.png;-
Переключающее устройство ПУ 80-6 23с18нж DN 80 PN 0,6 МПа У1, корпус ст. 20Л, класс герметичности «А» по ГОСТ 9544-2015;Переключающие устройства;23с18нж;-;-;-;80;6;Углеродистая сталь;0;Под заказ;8000001;0.png;-
Переключающее устройство ПУ 100-6 23с18нж DN 100 PN 0,6 МПа У1, корпус ст. 20Л, класс герметичности «А» по ГОСТ 9544-2015;Переключающие устройства;23с18нж;-;-;-;100;6;Углеродистая сталь;0;Под заказ;8000002;0.png;-
Переключающее устройство ПУ 200-6 23с18нж DN 200 PN 0,6 МПа У1, корпус ст. 20Л, класс герметичности «А» по ГОСТ 9544-2015;Переключающие устройства;23с18нж;-;-;-;200;6;Углеродистая сталь;0;Под заказ;8000003;0.png;-
Переключающее устройство ПУ 300-6 23с18нж DN 300 PN 0,6 МПа У1, корпус ст. 20Л, класс герметичности «А» по ГОСТ 9544-2015;Переключающие устройства;23с18нж;-;-;-;300;6;Углеродистая сталь;0;Под заказ;8000004;0.png;-
Переключающее устройство ПУ 50-16 23с16нж DN 50 PN 1,6 МПа У1, корпус ст. 20Л, класс герметичности «А» по ГОСТ 9544-2015;Переключающие устройства;23с16нж;-;-;-;50;16;Углеродистая сталь;0;Под заказ;8000005;0.png;-
Переключающее устройство ПУ 50-16-01 23с16нж1 DN 50 PN 1,6 МПа У1, корпус ст. 20Л, класс герметичности «А» по ГОСТ 9544-2015;Переключающие устройства;23с16нж1;-;-;-;50;16;Углеродистая сталь;0;Под заказ;8000006;0.png;-
Переключающее устройство ПУ 80-16 23с16нж DN 80 PN 1,6 МПа У1, корпус ст. 20Л, класс герметичности «А» по ГОСТ 9544-2015;Переключающие устройства;23с16нж;-;-;-;80;16;Углеродистая сталь;0;Под заказ;8000007;0.png;-
Переключающее устройство ПУ 80-16-01 23с16нж1 DN 80 PN 1,6 МПа У1, корпус ст. 20Л, класс герметичности «А» по ГОСТ 9544-2015;Переключающие устройства;23с16нж1;-;-;-;80;16;Углеродистая сталь;0;Под заказ;8000008;0.png;-
Переключающее устройство ПУ 100-16 23с16нж DN 100 PN 1,6 МПа У1, корпус ст. 20Л, класс герметичности «А» по ГОСТ 9544-2015;Переключающие устройства;23с16нж;-;-;-;100;16;Углеродистая сталь;0;Под заказ;8000009;0.png;-
Переключающее устройство ПУ 100-16-01 23с16нж1 DN 100 PN 1,6 МПа У1, корпус ст. 20Л, класс герметичности «А» по ГОСТ 9544-2015;Переключающие устройства;23с16нж1;-;-;-;100;16;Углеродистая сталь;0;Под заказ;8000010;0.png;-
Переключающее устройство ПУ 150-16 23с16нж DN 150 PN 1,6 МПа У1, корпус ст. 20Л, класс герметичности «А» по ГОСТ 9544-2015;Переключающие устройства;23с16нж;-;-;-;150;16;Углеродистая сталь;0;Под заказ;8000011;0.png;-
Переключающее устройство ПУ 150-16-01 23с16нж1 DN 150 PN 1,6 МПа У1, корпус ст. 20Л, класс герметичности «А» по ГОСТ 9544-2015;Переключающие устройства;23с16нж1;-;-;-;150;16;Углеродистая сталь;0;Под заказ;8000012;0.png;-
Переключающее устройство ПУ 200-16 23с16нж DN 200 PN 1,6 МПа У1, корпус ст. 20Л, класс герметичности «А» по ГОСТ 9544-2015;Переключающие устройства;23с16нж;-;-;-;200;16;Углеродистая сталь;0;Под заказ;8000013;0.png;-
Переключающее устройство ПУ 50-40 23с17нж DN 50 PN 4,0 МПа У1, корпус ст. 20Л, класс герметичности «А» по ГОСТ 9544-2015;Переключающие устройства;23с17нж;-;-;-;50;40;Углеродистая сталь;0;Под заказ;8000014;0.png;-
Переключающее устройство ПУ 50-40-01 23с17нж1 DN 50 PN 4,0 МПа У1, корпус ст. 20Л, класс герметичности «А» по ГОСТ 9544-2015;Переключающие устройства;23с17нж1;-;-;-;50;40;Углеродистая сталь;0;Под заказ;8000015;0.png;-
Переключающее устройство ПУ 80-40 23с17нж DN 80 PN 4,0 МПа У1, корпус ст. 20Л, класс герметичности «А» по ГОСТ 9544-2015;Переключающие устройства;23с17нж;-;-;-;80;40;Углеродистая сталь;0;Под заказ;8000016;0.png;-
Переключающее устройство ПУ 80-40-01 23с17нж1 DN 80 PN 4,0 МПа У1, корпус ст. 20Л, класс герметичности «А» по ГОСТ 9544-2015;Переключающие устройства;23с17нж1;-;-;-;80;40;Углеродистая сталь;0;Под заказ;8000017;0.png;-
Переключающее устройство ПУ 100-40 23с17нж DN 100 PN 4,0 МПа У1, корпус ст. 20Л, класс герметичности «А» по ГОСТ 9544-2015;Переключающие устройства;23с17нж;-;-;-;100;40;Углеродистая сталь;0;Под заказ;8000018;0.png;-
Переключающее устройство ПУ 100-40-01 23с17нж1 DN 100 PN 4,0 МПа У1, корпус ст. 20Л, класс герметичности «А» по ГОСТ 9544-2015;Переключающие устройства;23с17нж1;-;-;-;100;40;Углеродистая сталь;0;Под заказ;8000019;0.png;-
Переключающее устройство ПУ 150-40 23с17нж DN 150 PN 4,0 МПа У1, корпус ст. 20Л, класс герметичности «А» по ГОСТ 9544-2015;Переключающие устройства;23с17нж;-;-;-;150;40;Углеродистая сталь;0;Под заказ;8000020;0.png;-
Переключающее устройство ПУ 150-40-01 23с17нж1 DN 150 PN 4,0 МПа У1, корпус ст. 20Л, класс герметичности «А» по ГОСТ 9544-2015;Переключающие устройства;23с17нж1;-;-;-;150;40;Углеродистая сталь;0;Под заказ;8000021;0.png;-
Переключающее устройство ПУ 25-40 23с17нж DN 25 PN 4,0 МПа У1, корпус ст. 20Л, класс герметичности «А» по ГОСТ 9544-2015;Переключающие устройства;23с17нж;-;-;-;25;40;Углеродистая сталь;0;Под заказ;8000022;0.png;-
Переключающее устройство ПУ 50-63 23с20нж DN 50 PN 6,3 МПа У1, корпус ст. 20Л, класс герметичности «А» по ГОСТ 9544-2015;Переключающие устройства;23с20нж;-;-;-;50;63;Углеродистая сталь;0;Под заказ;8000023;0.png;-
Переключающее устройство ПУ 80-63 23с20нж DN 80 PN 6,3 МПа У1, корпус ст. 20Л, класс герметичности «А» по ГОСТ 9544-2015;Переключающие устройства;23с20нж;-;-;-;80;63;Углеродистая сталь;0;Под заказ;8000024;0.png;-
Переключающее устройство ПУ 100-63 23с20нж DN 100 PN 6,3 МПа У1, корпус ст. 20Л, класс герметичности «А» по ГОСТ 9544-2015;Переключающие устройства;23с20нж;-;-;-;100;63;Углеродистая сталь;0;Под заказ;8000025;0.png;-
Переключающее устройство ПУ 50-160 23с19нж DN 50 PN 16,0 МПа У1, корпус ст. 20Л, класс герметичности «А» по ГОСТ 9544-2015;Переключающие устройства;23с19нж;-;-;-;50;160;Углеродистая сталь;0;Под заказ;8000026;0.png;-
Переключающее устройство ПУ 80-160 23с19нж DN 80 PN 16,0 МПа У1, корпус ст. 20Л, класс герметичности «А» по ГОСТ 9544-2015;Переключающие устройства;23с19нж;-;-;-;80;160;Углеродистая сталь;0;Под заказ;8000027;0.png;-
Переключающее устройство ПУ 100-160 23с19нж DN 100 PN 16,0 МПа У1, корпус ст. 20Л, класс герметичности «А» по ГОСТ 9544-2015;Переключающие устройства;23с19нж;-;-;-;100;160;Углеродистая сталь;0;Под заказ;8000028;0.png;-
Переключающее устройство ПУ 80-6-03хл1 23лс18нж DN 80 PN 0,6 МПа ХЛ1, корпус ст. 20ГЛ, класс герметичности «А» по ГОСТ 9544-2015;Переключающие устройства;23лс18нж;-;-;-;80;6;Хладостойкая сталь;0;Под заказ;8000029;0.png;-
Переключающее устройство ПУ 100-6-03хл1 23лс18нж DN 100 PN 0,6 МПа ХЛ1, корпус ст. 20ГЛ, класс герметичности «А» по ГОСТ 9544-2015;Переключающие устройства;23лс18нж;-;-;-;100;6;Хладостойкая сталь;0;Под заказ;8000030;0.png;-
Переключающее устройство ПУ 200-6-03хл1 23лс18нж DN 200 PN 0,6 МПа ХЛ1, корпус ст. 20ГЛ, класс герметичности «А» по ГОСТ 9544-2015;Переключающие устройства;23лс18нж;-;-;-;200;6;Хладостойкая сталь;0;Под заказ;8000031;0.png;-
Переключающее устройство ПУ 300-6-03хл1 23лс18нж DN 300 PN 0,6 МПа ХЛ1, корпус ст. 20ГЛ, класс герметичности «А» по ГОСТ 9544-2015;Переключающие устройства;23лс18нж;-;-;-;300;6;Хладостойкая сталь;0;Под заказ;8000032;0.png;-
Переключающее устройство ПУ 50-16-06хл1 23лс16нж DN 50 PN 1,6 МПа ХЛ1, корпус ст. 20ГЛ, класс герметичности «А» по ГОСТ 9544-2015;Переключающие устройства;23лс16нж;-;-;-;50;16;Хладостойкая сталь;0;Под заказ;8000033;0.png;-
Переключающее устройство ПУ 50-16-07хл1 23лс16нж1 DN 50 PN 1,6 МПа ХЛ1, корпус ст. 20ГЛ, класс герметичности «А» по ГОСТ 9544-2015;Переключающие устройства;23лс16нж1;-;-;-;50;16;Хладостойкая сталь;0;Под заказ;8000034;0.png;-
Переключающее устройство ПУ 80-16-06хл1 23лс16нж DN 80 PN 1,6 МПа ХЛ1, корпус ст. 20ГЛ, класс герметичности «А» по ГОСТ 9544-2015;Переключающие устройства;23лс16нж;-;-;-;80;16;Хладостойкая сталь;0;Под заказ;8000035;0.png;-
Переключающее устройство ПУ 80-16-07хл1 23лс16нж1 DN 80 PN 1,6 МПа ХЛ1, корпус ст. 20ГЛ, класс герметичности «А» по ГОСТ 9544-2015;Переключающие устройства;23лс16нж1;-;-;-;80;16;Хладостойкая сталь;0;Под заказ;8000036;0.png;-
Переключающее устройство ПУ 100-16-06хл1 23лс16нж DN 100 PN 1,6 МПа ХЛ1, корпус ст. 20ГЛ, класс герметичности «А» по ГОСТ 9544-2015;Переключающие устройства;23лс16нж;-;-;-;100;16;Хладостойкая сталь;0;Под заказ;8000037;0.png;-
Переключающее устройство ПУ 100-16-07хл1 23лс16нж1 DN 100 PN 1,6 МПа ХЛ1, корпус ст. 20ГЛ, класс герметичности «А» по ГОСТ 9544-2015;Переключающие устройства;23лс16нж1;-;-;-;100;16;Хладостойкая сталь;0;Под заказ;8000038;0.png;-
Переключающее устройство ПУ 150-16-06хл1 23лс16нж DN 150 PN 1,6 МПа ХЛ1, корпус ст. 20ГЛ, класс герметичности «А» по ГОСТ 9544-2015;Переключающие устройства;23лс16нж;-;-;-;150;16;Хладостойкая сталь;0;Под заказ;8000039;0.png;-
Переключающее устройство ПУ 150-16-07хл1 23лс16нж1 DN 150 PN 1,6 МПа ХЛ1, корпус ст. 20ГЛ, класс герметичности «А» по ГОСТ 9544-2015;Переключающие устройства;23лс16нж1;-;-;-;150;16;Хладостойкая сталь;0;Под заказ;8000040;0.png;-
Переключающее устройство ПУ 200-16-03хл1 23лс16нж DN 200 PN 1,6 МПа ХЛ1, корпус ст. 20ГЛ, класс герметичности «А» по ГОСТ 9544-2015;Переключающие устройства;23лс16нж;-;-;-;200;16;Хладостойкая сталь;0;Под заказ;8000041;0.png;-
Переключающее устройство ПУ 50-40-06хл1 23лс17нж DN 50 PN 4,0 МПа ХЛ1, корпус ст. 20ГЛ, класс герметичности «А» по ГОСТ 9544-2015;Переключающие устройства;23лс17нж;-;-;-;50;40;Хладостойкая сталь;0;Под заказ;8000042;0.png;-
Переключающее устройство ПУ 50-40-07хл1 23лс17нж1 DN 50 PN 4,0 МПа ХЛ1, корпус ст. 20ГЛ, класс герметичности «А» по ГОСТ 9544-2015;Переключающие устройства;23лс17нж1;-;-;-;50;40;Хладостойкая сталь;0;Под заказ;8000043;0.png;-
Переключающее устройство ПУ 80-40-06хл1 23лс17нж DN 80 PN 4,0 МПа ХЛ1, корпус ст. 20ГЛ, класс герметичности «А» по ГОСТ 9544-2015;Переключающие устройства;23лс17нж;-;-;-;80;40;Хладостойкая сталь;0;Под заказ;8000044;0.png;-
Переключающее устройство ПУ 80-40-07хл1 23лс17нж1 DN 80 PN 4,0 МПа ХЛ1, корпус ст. 20ГЛ, класс герметичности «А» по ГОСТ 9544-2015;Переключающие устройства;23лс17нж1;-;-;-;80;40;Хладостойкая сталь;0;Под заказ;8000045;0.png;-
Переключающее устройство ПУ 100-40-06хл1 23лс17нж DN 100 PN 4,0 МПа ХЛ1, корпус ст. 20ГЛ, класс герметичности «А» по ГОСТ 9544-2015;Переключающие устройства;23лс17нж;-;-;-;100;40;Хладостойкая сталь;0;Под заказ;8000046;0.png;-
Переключающее устройство ПУ 100-40-07хл1 23лс17нж1 DN 100 PN 4,0 МПа ХЛ1, корпус ст. 20ГЛ, класс герметичности «А» по ГОСТ 9544-2015;Переключающие устройства;23лс17нж1;-;-;-;100;40;Хладостойкая сталь;0;Под заказ;8000047;0.png;-
Переключающее устройство ПУ 150-40-06хл1 23лс17нж DN 150 PN 4,0 МПа ХЛ1, корпус ст. 20ГЛ, класс герметичности «А» по ГОСТ 9544-2015;Переключающие устройства;23лс17нж;-;-;-;150;40;Хладостойкая сталь;0;Под заказ;8000048;0.png;-
Переключающее устройство ПУ 150-40-07хл1 23лс17нж1 DN 150 PN 4,0 МПа ХЛ1, корпус ст. 20ГЛ, класс герметичности «А» по ГОСТ 9544-2015;Переключающие устройства;23лс17нж1;-;-;-;150;40;Хладостойкая сталь;0;Под заказ;8000049;0.png;-
Переключающее устройство ПУ 25-40-03хл1 23лс17нж DN 25 PN 4,0 МПа ХЛ1, корпус ст. 20ГЛ, класс герметичности «А» по ГОСТ 9544-2015;Переключающие устройства;23лс17нж;-;-;-;25;40;Хладостойкая сталь;0;Под заказ;8000050;0.png;-
Переключающее устройство ПУ 50-63-03хл1 23лс20нж DN 50 PN 6,3 МПа ХЛ1, корпус ст. 20ГЛ, класс герметичности «А» по ГОСТ 9544-2015;Переключающие устройства;23лс20нж;-;-;-;50;63;Хладостойкая сталь;0;Под заказ;8000051;0.png;-
Переключающее устройство ПУ 80-63-03хл1 23лс20нж DN 80 PN 6,3 МПа ХЛ1, корпус ст. 20ГЛ, класс герметичности «А» по ГОСТ 9544-2015;Переключающие устройства;23лс20нж;-;-;-;80;63;Хладостойкая сталь;0;Под заказ;8000052;0.png;-
Переключающее устройство ПУ 100-63-03хл1 23лс20нж DN 100 PN 6,3 МПа ХЛ1, корпус ст. 20ГЛ, класс герметичности «А» по ГОСТ 9544-2015;Переключающие устройства;23лс20нж;-;-;-;100;63;Хладостойкая сталь;0;Под заказ;8000053;0.png;-
Переключающее устройство ПУ 50-160-03хл1 23лс19нж DN 50 PN 16,0 МПа ХЛ1, корпус ст. 20ГЛ, класс герметичности «А» по ГОСТ 9544-2015;Переключающие устройства;23лс19нж;-;-;-;50;160;Хладостойкая сталь;0;Под заказ;8000054;0.png;-
Переключающее устройство ПУ 80-160-03хл1 23лс19нж DN 80 PN 16,0 МПа ХЛ1, корпус ст. 20ГЛ, класс герметичности «А» по ГОСТ 9544-2015;Переключающие устройства;23лс19нж;-;-;-;80;160;Хладостойкая сталь;0;Под заказ;8000055;0.png;-
Переключающее устройство ПУ 100-160-03хл1 23лс19нж DN 100 PN 16,0 МПа ХЛ1, корпус ст. 20ГЛ, класс герметичности «А» по ГОСТ 9544-2015;Переключающие устройства;23лс19нж;-;-;-;100;160;Хладостойкая сталь;0;Под заказ;8000056;0.png;-
Переключающее устройство ПУ 80-6-01нж 23нж18нж DN 80 PN 0,6 МПа УХЛ1, корпус ст. 12Х18Н9ТЛ, класс герметичности «А» по ГОСТ 9544-2015;Переключающие устройства;23нж18нж;-;-;-;80;6;Коррозионностойкая сталь;0;Под заказ;8000057;0.png;-
Переключающее устройство ПУ 100-6-01нж 23нж18нж DN 100 PN 0,6 МПа УХЛ1, корпус ст. 12Х18Н9ТЛ, класс герметичности «А» по ГОСТ 9544-2015;Переключающие устройства;23нж18нж;-;-;-;100;6;Коррозионностойкая сталь;0;Под заказ;8000058;0.png;-
Переключающее устройство ПУ 200-6-01нж 23нж18нж DN 200 PN 0,6 МПа УХЛ1, корпус ст. 12Х18Н9ТЛ, класс герметичности «А» по ГОСТ 9544-2015;Переключающие устройства;23нж18нж;-;-;-;200;6;Коррозионностойкая сталь;0;Под заказ;8000059;0.png;-
Переключающее устройство ПУ 300-6-01нж 23нж18нж DN 300 PN 0,6 МПа УХЛ1, корпус ст. 12Х18Н9ТЛ, класс герметичности «А» по ГОСТ 9544-2015;Переключающие устройства;23нж18нж;-;-;-;300;6;Коррозионностойкая сталь;0;Под заказ;8000060;0.png;-
Переключающее устройство ПУ 50-16-02нж 23нж16нж DN 50 PN 1,6 МПа УХЛ1, корпус ст. 12Х18Н9ТЛ, класс герметичности «А» по ГОСТ 9544-2015;Переключающие устройства;23нж16нж;-;-;-;50;16;Коррозионностойкая сталь;0;Под заказ;8000061;0.png;-
Переключающее устройство ПУ 50-16-03нж 23нж16нж1 DN 50 PN 1,6 МПа УХЛ1, корпус ст. 12Х18Н9ТЛ, класс герметичности «А» по ГОСТ 9544-2015;Переключающие устройства;23нж16нж1;-;-;-;50;16;Коррозионностойкая сталь;0;Под заказ;8000062;0.png;-
Переключающее устройство ПУ 80-16-02нж 23нж16нж DN 80 PN 1,6 МПа УХЛ1, корпус ст. 12Х18Н9ТЛ, класс герметичности «А» по ГОСТ 9544-2015;Переключающие устройства;23нж16нж;-;-;-;80;16;Коррозионностойкая сталь;0;Под заказ;8000063;0.png;-
Переключающее устройство ПУ 80-16-03нж 23нж16нж1 DN 80 PN 1,6 МПа УХЛ1, корпус ст. 12Х18Н9ТЛ, класс герметичности «А» по ГОСТ 9544-2015;Переключающие устройства;23нж16нж1;-;-;-;80;16;Коррозионностойкая сталь;0;Под заказ;8000064;0.png;-
Переключающее устройство ПУ 100-16-02нж 23нж16нж DN 100 PN 1,6 МПа УХЛ1, корпус ст. 12Х18Н9ТЛ, класс герметичности «А» по ГОСТ 9544-2015;Переключающие устройства;23нж16нж;-;-;-;100;16;Коррозионностойкая сталь;0;Под заказ;8000065;0.png;-
Переключающее устройство ПУ 100-16-03нж 23нж16нж1 DN 100 PN 1,6 МПа УХЛ1, корпус ст. 12Х18Н9ТЛ, класс герметичности «А» по ГОСТ 9544-2015;Переключающие устройства;23нж16нж1;-;-;-;100;16;Коррозионностойкая сталь;0;Под заказ;8000066;0.png;-
Переключающее устройство ПУ 150-16-02нж 23нж16нж DN 150 PN 1,6 МПа УХЛ1, корпус ст. 12Х18Н9ТЛ, класс герметичности «А» по ГОСТ 9544-2015;Переключающие устройства;23нж16нж;-;-;-;150;16;Коррозионностойкая сталь;0;Под заказ;8000067;0.png;-
Переключающее устройство ПУ 150-16-03нж 23нж16нж1 DN 150 PN 1,6 МПа УХЛ1, корпус ст. 12Х18Н9ТЛ, класс герметичности «А» по ГОСТ 9544-2015;Переключающие устройства;23нж16нж1;-;-;-;150;16;Коррозионностойкая сталь;0;Под заказ;8000068;0.png;-
Переключающее устройство ПУ 200-16-01нж 23нж16нж DN 200 PN 1,6 МПа УХЛ1, корпус ст. 12Х18Н9ТЛ, класс герметичности «А» по ГОСТ 9544-2015;Переключающие устройства;23нж16нж;-;-;-;200;16;Коррозионностойкая сталь;0;Под заказ;8000069;0.png;-
Переключающее устройство ПУ 50-40-02нж 23нж17нж DN 50 PN 4,0 МПа УХЛ1, корпус ст. 12Х18Н9ТЛ, класс герметичности «А» по ГОСТ 9544-2015;Переключающие устройства;23нж17нж;-;-;-;50;40;Коррозионностойкая сталь;0;Под заказ;8000070;0.png;-
Переключающее устройство ПУ 50-40-03нж 23нж17нж1 DN 50 PN 4,0 МПа УХЛ1, корпус ст. 12Х18Н9ТЛ, класс герметичности «А» по ГОСТ 9544-2015;Переключающие устройства;23нж17нж1;-;-;-;50;40;Коррозионностойкая сталь;0;Под заказ;8000071;0.png;-
Переключающее устройство ПУ 80-40-02нж 23нж17нж DN 80 PN 4,0 МПа УХЛ1, корпус ст. 12Х18Н9ТЛ, класс герметичности «А» по ГОСТ 9544-2015;Переключающие устройства;23нж17нж;-;-;-;80;40;Коррозионностойкая сталь;0;Под заказ;8000072;0.png;-
Переключающее устройство ПУ 80-40-03нж 23нж17нж1 DN 80 PN 4,0 МПа УХЛ1, корпус ст. 12Х18Н9ТЛ, класс герметичности «А» по ГОСТ 9544-2015;Переключающие устройства;23нж17нж1;-;-;-;80;40;Коррозионностойкая сталь;0;Под заказ;8000073;0.png;-
Переключающее устройство ПУ 100-40-02нж 23нж17нж DN 100 PN 4,0 МПа УХЛ1, корпус ст. 12Х18Н9ТЛ, класс герметичности «А» по ГОСТ 9544-2015;Переключающие устройства;23нж17нж;-;-;-;100;40;Коррозионностойкая сталь;0;Под заказ;8000074;0.png;-
Переключающее устройство ПУ 100-40-03нж 23нж17нж1 DN 100 PN 4,0 МПа УХЛ1, корпус ст. 12Х18Н9ТЛ, класс герметичности «А» по ГОСТ 9544-2015;Переключающие устройства;23нж17нж1;-;-;-;100;40;Коррозионностойкая сталь;0;Под заказ;8000075;0.png;-
Переключающее устройство ПУ 150-40-02нж 23нж17нж DN 150 PN 4,0 МПа УХЛ1, корпус ст. 12Х18Н9ТЛ, класс герметичности «А» по ГОСТ 9544-2015;Переключающие устройства;23нж17нж;-;-;-;150;40;Коррозионностойкая сталь;0;Под заказ;8000076;0.png;-
Переключающее устройство ПУ 150-40-03нж 23нж17нж1 DN 150 PN 4,0 МПа УХЛ1, корпус ст. 12Х18Н9ТЛ, класс герметичности «А» по ГОСТ 9544-2015;Переключающие устройства;23нж17нж1;-;-;-;150;40;Коррозионностойкая сталь;0;Под заказ;8000077;0.png;-
Переключающее устройство ПУ 25-40-01нж 23нж17нж DN 25 PN 4,0 МПа УХЛ1, корпус ст. 12Х18Н9ТЛ, класс герметичности «А» по ГОСТ 9544-2015;Переключающие устройства;23нж17нж;-;-;-;25;40;Коррозионностойкая сталь;0;Под заказ;8000078;0.png;-
Переключающее устройство ПУ 50-63-01нж 23нж20нж DN 50 PN 6,3 МПа УХЛ1, корпус ст. 12Х18Н9ТЛ, класс герметичности «А» по ГОСТ 9544-2015;Переключающие устройства;23нж20нж;-;-;-;50;63;Коррозионностойкая сталь;0;Под заказ;8000079;0.png;-
Переключающее устройство ПУ 80-63-01нж 23нж20нж DN 80 PN 6,3 МПа УХЛ1, корпус ст. 12Х18Н9ТЛ, класс герметичности «А» по ГОСТ 9544-2015;Переключающие устройства;23нж20нж;-;-;-;80;63;Коррозионностойкая сталь;0;Под заказ;8000080;0.png;-
Переключающее устройство ПУ 100-63-01нж 23нж20нж DN 100 PN 6,3 МПа УХЛ1, корпус ст. 12Х18Н9ТЛ, класс герметичности «А» по ГОСТ 9544-2015;Переключающие устройства;23нж20нж;-;-;-;100;63;Коррозионностойкая сталь;0;Под заказ;8000081;0.png;-
Переключающее устройство ПУ 50-160-01нж 23нж19нж DN 50 PN 16,0 МПа УХЛ1, корпус ст. 12Х18Н9ТЛ, класс герметичности «А» по ГОСТ 9544-2015;Переключающие устройства;23нж19нж;-;-;-;50;160;Коррозионностойкая сталь;0;Под заказ;8000082;0.png;-
Переключающее устройство ПУ 80-160-01нж 23нж19нж DN 80 PN 16,0 МПа УХЛ1, корпус ст. 12Х18Н9ТЛ, класс герметичности «А» по ГОСТ 9544-2015;Переключающие устройства;23нж19нж;-;-;-;80;160;Коррозионностойкая сталь;0;Под заказ;8000083;0.png;-
Переключающее устройство ПУ 100-160-01нж 23нж19нж DN 100 PN 16,0 МПа УХЛ1, корпус ст. 12Х18Н9ТЛ, класс герметичности «А» по ГОСТ 9544-2015;Переключающие устройства;23нж19нж;-;-;-;100;160;Коррозионностойкая сталь;0;Под заказ;8000084;0.png;-
Переключающее устройство ПУ 80-6-02нж1 23нж18нж1 DN 80 PN 0,6 МПа УХЛ1, корпус ст. 12Х18Н12М3ТЛ, класс герметичности «А» по ГОСТ 9544-2015;Переключающие устройства;23нж18нж1;-;-;-;80;6;Коррозионностойкая сталь;0;Под заказ;8000085;0.png;-
Переключающее устройство ПУ 100-6-02нж1 23нж18нж1 DN 100 PN 0,6 МПа УХЛ1, корпус ст. 12Х18Н12М3ТЛ, класс герметичности «А» по ГОСТ 9544-2015;Переключающие устройства;23нж18нж1;-;-;-;100;6;Коррозионностойкая сталь;0;Под заказ;8000086;0.png;-
Переключающее устройство ПУ 200-6-02нж1 23нж18нж1 DN 200 PN 0,6 МПа УХЛ1, корпус ст. 12Х18Н12М3ТЛ, класс герметичности «А» по ГОСТ 9544-2015;Переключающие устройства;23нж18нж1;-;-;-;200;6;Коррозионностойкая сталь;0;Под заказ;8000087;0.png;-
Переключающее устройство ПУ 300-6-02нж1 23нж18нж1 DN 300 PN 0,6 МПа УХЛ1, корпус ст. 12Х18Н12М3ТЛ, класс герметичности «А» по ГОСТ 9544-2015;Переключающие устройства;23нж18нж1;-;-;-;300;6;Коррозионностойкая сталь;0;Под заказ;8000088;0.png;-
Переключающее устройство ПУ 50-16-04нж1 23нж16нж2 DN 50 PN 1,6 МПа УХЛ1, корпус ст. 12Х18Н12М3ТЛ, класс герметичности «А» по ГОСТ 9544-2015;Переключающие устройства;23нж16нж2;-;-;-;50;16;Коррозионностойкая сталь;0;Под заказ;8000089;0.png;-
Переключающее устройство ПУ 50-16-05нж1 23нж16нж3 DN 50 PN 1,6 МПа УХЛ1, корпус ст. 12Х18Н12М3ТЛ, класс герметичности «А» по ГОСТ 9544-2015;Переключающие устройства;23нж16нж3;-;-;-;50;16;Коррозионностойкая сталь;0;Под заказ;8000090;0.png;-
Переключающее устройство ПУ 80-16-04нж1 23нж16нж2 DN 80 PN 1,6 МПа УХЛ1, корпус ст. 12Х18Н12М3ТЛ, класс герметичности «А» по ГОСТ 9544-2015;Переключающие устройства;23нж16нж2;-;-;-;80;16;Коррозионностойкая сталь;0;Под заказ;8000091;0.png;-
Переключающее устройство ПУ 80-16-05нж1 23нж16нж3 DN 80 PN 1,6 МПа УХЛ1, корпус ст. 12Х18Н12М3ТЛ, класс герметичности «А» по ГОСТ 9544-2015;Переключающие устройства;23нж16нж3;-;-;-;80;16;Коррозионностойкая сталь;0;Под заказ;8000092;0.png;-
Переключающее устройство ПУ 100-16-04нж1 23нж16нж2 DN 100 PN 1,6 МПа УХЛ1, корпус ст. 12Х18Н12М3ТЛ, класс герметичности «А» по ГОСТ 9544-2015;Переключающие устройства;23нж16нж2;-;-;-;100;16;Коррозионностойкая сталь;0;Под заказ;8000093;0.png;-
Переключающее устройство ПУ 100-16-05нж1 23нж16нж3 DN 100 PN 1,6 МПа УХЛ1, корпус ст. 12Х18Н12М3ТЛ, класс герметичности «А» по ГОСТ 9544-2015;Переключающие устройства;23нж16нж3;-;-;-;100;16;Коррозионностойкая сталь;0;Под заказ;8000094;0.png;-
Переключающее устройство ПУ 150-16-04нж1 23нж16нж2 DN 150 PN 1,6 МПа УХЛ1, корпус ст. 12Х18Н12М3ТЛ, класс герметичности «А» по ГОСТ 9544-2015;Переключающие устройства;23нж16нж2;-;-;-;150;16;Коррозионностойкая сталь;0;Под заказ;8000095;0.png;-
Переключающее устройство ПУ 150-16-05нж1 23нж16нж3 DN 150 PN 1,6 МПа УХЛ1, корпус ст. 12Х18Н12М3ТЛ, класс герметичности «А» по ГОСТ 9544-2015;Переключающие устройства;23нж16нж3;-;-;-;150;16;Коррозионностойкая сталь;0;Под заказ;8000096;0.png;-
Переключающее устройство ПУ 200-16-02нж1 23нж16нж1 DN 200 PN 1,6 МПа УХЛ1, корпус ст. 12Х18Н12М3ТЛ, класс герметичности «А» по ГОСТ 9544-2015;Переключающие устройства;23нж16нж1;-;-;-;200;16;Коррозионностойкая сталь;0;Под заказ;8000097;0.png;-
Переключающее устройство ПУ 25-40-02нж1 23нж17нж1 DN 25 PN 4,0 МПа УХЛ1, корпус ст. 12Х18Н12М3ТЛ, класс герметичности «А» по ГОСТ 9544-2015;Переключающие устройства;23нж17нж1;-;-;-;25;40;Коррозионностойкая сталь;0;Под заказ;8000098;0.png;-
Переключающее устройство ПУ 50-40-04нж1 23нж17нж2 DN 50 PN 4,0 МПа УХЛ1, корпус ст. 12Х18Н12М3ТЛ, класс герметичности «А» по ГОСТ 9544-2015;Переключающие устройства;23нж17нж2;-;-;-;50;40;Коррозионностойкая сталь;0;Под заказ;8000099;0.png;-
Переключающее устройство ПУ 50-40-05нж1 23нж17нж3 DN 50 PN 4,0 МПа УХЛ1, корпус ст. 12Х18Н12М3ТЛ, класс герметичности «А» по ГОСТ 9544-2015;Переключающие устройства;23нж17нж3;-;-;-;50;40;Коррозионностойкая сталь;0;Под заказ;8000100;0.png;-
Переключающее устройство ПУ 80-40-04нж1 23нж17нж2 DN 80 PN 4,0 МПа УХЛ1, корпус ст. 12Х18Н12М3ТЛ, класс герметичности «А» по ГОСТ 9544-2015;Переключающие устройства;23нж17нж2;-;-;-;80;40;Коррозионностойкая сталь;0;Под заказ;8000101;0.png;-
Переключающее устройство ПУ 80-40-05нж1 23нж17нж3 DN 80 PN 4,0 МПа УХЛ1, корпус ст. 12Х18Н12М3ТЛ, класс герметичности «А» по ГОСТ 9544-2015;Переключающие устройства;23нж17нж3;-;-;-;80;40;Коррозионностойкая сталь;0;Под заказ;8000102;0.png;-
Переключающее устройство ПУ 100-40-04нж1 23нж17нж2 DN 100 PN 4,0 МПа УХЛ1, корпус ст. 12Х18Н12М3ТЛ, класс герметичности «А» по ГОСТ 9544-2015;Переключающие устройства;23нж17нж2;-;-;-;100;40;Коррозионностойкая сталь;0;Под заказ;8000103;0.png;-
Переключающее устройство ПУ 100-40-05нж1 23нж17нж3 DN 100 PN 4,0 МПа УХЛ1, корпус ст. 12Х18Н12М3ТЛ, класс герметичности «А» по ГОСТ 9544-2015;Переключающие устройства;23нж17нж3;-;-;-;100;40;Коррозионностойкая сталь;0;Под заказ;8000104;0.png;-
Переключающее устройство ПУ 150-40-04нж1 23нж17нж2 DN 150 PN 4,0 МПа УХЛ1, корпус ст. 12Х18Н12М3ТЛ, класс герметичности «А» по ГОСТ 9544-2015;Переключающие устройства;23нж17нж2;-;-;-;150;40;Коррозионностойкая сталь;0;Под заказ;8000105;0.png;-
Переключающее устройство ПУ 150-40-05нж1 23нж17нж3 DN 150 PN 4,0 МПа УХЛ1, корпус ст. 12Х18Н12М3ТЛ, класс герметичности «А» по ГОСТ 9544-2015;Переключающие устройства;23нж17нж3;-;-;-;150;40;Коррозионностойкая сталь;0;Под заказ;8000106;0.png;-
Переключающее устройство ПУ 50-63-02нж1 23нж20нж1 DN 50 PN 6,3 МПа УХЛ1, корпус ст. 12Х18Н12М3ТЛ, класс герметичности «А» по ГОСТ 9544-2015;Переключающие устройства;23нж20нж1;-;-;-;50;63;Коррозионностойкая сталь;0;Под заказ;8000107;0.png;-
Переключающее устройство ПУ 80-63-02нж1 23нж20нж1 DN 80 PN 6,3 МПа УХЛ1, корпус ст. 12Х18Н12М3ТЛ, класс герметичности «А» по ГОСТ 9544-2015;Переключающие устройства;23нж20нж1;-;-;-;80;63;Коррозионностойкая сталь;0;Под заказ;8000108;0.png;-
Переключающее устройство ПУ 100-63-02нж1 23нж20нж1 DN 100 PN 6,3 МПа УХЛ1, корпус ст. 12Х18Н12М3ТЛ, класс герметичности «А» по ГОСТ 9544-2015;Переключающие устройства;23нж20нж1;-;-;-;100;63;Коррозионностойкая сталь;0;Под заказ;8000109;0.png;-
Переключающее устройство ПУ 50-160-02нж1 23нж19нж1 DN 50 PN 16,0 МПа УХЛ1, корпус ст. 12Х18Н12М3ТЛ, класс герметичности «А» по ГОСТ 9544-2015;Переключающие устройства;23нж19нж1;-;-;-;50;160;Коррозионностойкая сталь;0;Под заказ;8000110;0.png;-
Переключающее устройство ПУ 80-160-02нж1 23нж19нж1 DN 80 PN 16,0 МПа УХЛ1, корпус ст. 12Х18Н12М3ТЛ, класс герметичности «А» по ГОСТ 9544-2015;Переключающие устройства;23нж19нж1;-;-;-;80;160;Коррозионностойкая сталь;0;Под заказ;8000111;0.png;-
Переключающее устройство ПУ 100-160-02нж1 23нж19нж1 DN 100 PN 16,0 МПа УХЛ1, корпус ст. 12Х18Н12М3ТЛ, класс герметичности «А» по ГОСТ 9544-2015;Переключающие устройства;23нж19нж1;-;-;-;100;160;Коррозионностойкая сталь;0;Под заказ;8000112;0.png;-
"Регулятор давления фланцевый ""после себя"" нормально открытый 21ч4нж DN 25 PN 1,6 МПа У3, корпус чугун";Регуляторы давления;21ч4нж;-;-;Автоматический;25;16;Чугун;0;Под заказ;9000001;0.png;-
"Регулятор давления фланцевый ""после себя"" нормально открытый 21ч4нж DN 50 PN 1,6 МПа У3, корпус чугун";Регуляторы давления;21ч4нж;-;-;Автоматический;50;16;Чугун;0;Под заказ;9000002;0.png;-
"Регулятор давления фланцевый ""после себя"" нормально открытый 21ч4нж DN 80 PN 1,6 МПа У3, корпус чугун";Регуляторы давления;21ч4нж;-;-;Автоматический;80;16;Чугун;0;Под заказ;9000003;0.png;-
"Регулятор давления фланцевый ""после себя"" нормально открытый 21ч5бк DN 80 PN 1,6 МПа У3, корпус чугун";Регуляторы давления;21ч5бк;-;-;Ручной;80;16;Чугун;0;Под заказ;9000004;0.png;-
"Регулятор давления фланцевый ""после себя"" нормально открытый 21ч5бк DN 100 PN 1,6 МПа У3, корпус чугун";Регуляторы давления;21ч5бк;-;-;Ручной;100;16;Чугун;0;Под заказ;9000005;0.png;-
"Регулятор давления фланцевый ""после себя"" нормально открытый 21ч5бк DN 150 PN 1,6 МПа У3, корпус чугун";Регуляторы давления;21ч5бк;-;-;Ручной;150;16;Чугун;0;Под заказ;9000006;0.png;-
"Регулятор давления фланцевый ""после себя"" нормально открытый 21ч10нж DN 50 PN 1,6 МПа У3, корпус чугун";Регуляторы давления;21ч10нж;-;-;Грузо-рычажный механизм с МИМ;50;16;Чугун;0;Под заказ;9000007;0.png;-
"Регулятор давления фланцевый ""после себя"" нормально открытый 21ч10нж DN 80 PN 1,6 МПа У3, корпус чугун";Регуляторы давления;21ч10нж;-;-;Грузо-рычажный механизм с МИМ;80;16;Чугун;0;Под заказ;9000008;0.png;-
"Регулятор давления фланцевый ""после себя"" нормально открытый 21ч10нж DN 100 PN 1,6 МПа У3, корпус чугун";Регуляторы давления;21ч10нж;-;-;Грузо-рычажный механизм с МИМ;100;16;Чугун;0;Под заказ;9000009;0.png;-
"Регулятор давления фланцевый ""после себя"" нормально открытый 21ч10нж DN 150 PN 1,6 МПа У3, корпус чугун";Регуляторы давления;21ч10нж;-;-;Грузо-рычажный механизм с МИМ;150;16;Чугун;0;Под заказ;9000010;0.png;-
"Регулятор давления фланцевый ""до себя"" нормально закрытый 21ч12нж DN 50 PN 1,6 МПа У3, корпус чугун";Регуляторы давления;21ч12нж;-;-;Грузо-рычажный механизм с МИМ;50;16;Чугун;0;Под заказ;9000011;0.png;-
"Регулятор давления фланцевый ""до себя"" нормально закрытый 21ч12нж DN 80 PN 1,6 МПа У3, корпус чугун";Регуляторы давления;21ч12нж;-;-;Грузо-рычажный механизм с МИМ;80;16;Чугун;0;Под заказ;9000012;0.png;-
"Регулятор давления фланцевый ""до себя"" нормально закрытый 21ч12нж DN 100 PN 1,6 МПа У3, корпус чугун";Регуляторы давления;21ч12нж;-;-;Грузо-рычажный механизм с МИМ;100;16;Чугун;0;Под заказ;9000013;0.png;-
"Регулятор давления фланцевый ""до себя"" нормально закрытый 21ч12нж DN 150 PN 1,6 МПа У3, корпус чугун";Регуляторы давления;21ч12нж;-;-;Грузо-рычажный механизм с МИМ;150;16;Чугун;0;Под заказ;9000014;0.png;-
"Регулятор давления фланцевый ""до себя"" нормально закрытый 21ч13нж DN 50 PN 1,6 МПа У3, корпус чугун";Регуляторы давления;21ч13нж;-;-;Грузо-рычажный механизм с МИМ;50;16;Чугун;0;Под заказ;9000015;0.png;-
"Регулятор давления фланцевый ""после себя"" нормально открытый 21с10нж DN 50 PN 1,6 МПа У1, корпус ст. 25Л";Регуляторы давления;21с10нж;-;-;Грузо-рычажный механизм с МИМ;50;16;Углеродистая сталь;0;Под заказ;9000016;0.png;-
"Регулятор давления фланцевый ""после себя"" нормально открытый 21с10нж DN 80 PN 1,6 МПа У1, корпус ст. 25Л";Регуляторы давления;21с10нж;-;-;Грузо-рычажный механизм с МИМ;80;16;Углеродистая сталь;0;Под заказ;9000017;0.png;-
"Регулятор давления фланцевый ""после себя"" нормально открытый 21с10нж DN 100 PN 1,6 МПа У1, корпус ст. 25Л";Регуляторы давления;21с10нж;-;-;Грузо-рычажный механизм с МИМ;100;16;Углеродистая сталь;0;Под заказ;9000018;0.png;-
"Регулятор давления фланцевый ""после себя"" нормально открытый 21с10нж DN 150 PN 1,6 МПа У1, корпус ст. 25Л";Регуляторы давления;21с10нж;-;-;Грузо-рычажный механизм с МИМ;150;16;Углеродистая сталь;0;Под заказ;9000019;0.png;-
"Регулятор давления фланцевый ""до себя"" нормально закрытый 21с12нж DN 50 PN 1,6 МПа У1, корпус ст. 25Л";Регуляторы давления;21с12нж;-;-;Грузо-рычажный механизм с МИМ;50;16;Углеродистая сталь;0;Под заказ;9000020;0.png;-
"Регулятор давления фланцевый ""до себя"" нормально закрытый 21с12нж DN 80 PN 1,6 МПа У1, корпус ст. 25Л";Регуляторы давления;21с12нж;-;-;Грузо-рычажный механизм с МИМ;80;16;Углеродистая сталь;0;Под заказ;9000021;0.png;-
"Регулятор давления фланцевый ""до себя"" нормально закрытый 21с12нж DN 100 PN 1,6 МПа У1, корпус ст. 25Л";Регуляторы давления;21с12нж;-;-;Грузо-рычажный механизм с МИМ;100;16;Углеродистая сталь;0;Под заказ;9000022;0.png;-
"Регулятор давления фланцевый ""до себя"" нормально закрытый 21с12нж DN 150 PN 1,6 МПа У1, корпус ст. 25Л";Регуляторы давления;21с12нж;-;-;Грузо-рычажный механизм с МИМ;150;16;Углеродистая сталь;0;Под заказ;9000023;0.png;-
Клапан (вентиль) дренажный под приварку ручной 1213-6-0 DN 6 PN 10,0 МПа Т450 °С, корпус ст. 30Х13;Энергетическая арматура;1213-6-0;-;Под приварку;Ручной;6;100;Жаропрочная высоколегированная сталь;0;Под заказ;10000001;0.png;-
Клапан (вентиль) дренажный под приварку ручной 805-6-0 DN 6 PN 10,0 МПа Т450 °С, корпус ст. 30Х13;Энергетическая арматура;1213-6-1;-;Под приварку;Ручной;6;100;Жаропрочная высоколегированная сталь;0;Под заказ;10000002;0.png;-
Клапан (вентиль) запорный под приварку ручной 1456-10-0 DN 10 PN 10,0 МПа Т250 °С, корпус ст. 20;Энергетическая арматура;1213-6-2;-;Под приварку;Ручной;10;100;Углеродистая сталь;0;Под заказ;10000003;0.png;-
Клапан (вентиль) трехходовой под приварку ручной 1093-10-0 DN 10 PN 13,7 МПа Т560 °С, корпус ст. 12Х1МФ;Энергетическая арматура;1213-6-3;-;Под приварку;Ручной;10;137;Жаропрочная низколегированная сталь;0;Под заказ;10000004;0.png;-
Клапан (вентиль) запорный под приварку ручной 1с-11-1М DN 10 PN 10,0 МПа Т450 °С, корпус ст. 20;Энергетическая арматура;1213-6-4;-;Под приварку;Ручной;10;100;Углеродистая сталь;0;Под заказ;10000005;0.png;-
Клапан (вентиль) запорный под приварку ручной 1с-12-1 DN 10 PN 25,0 МПа Т350 °С, корпус ст. 20;Энергетическая арматура;1213-6-5;-;Под приварку;Ручной;10;250;Углеродистая сталь;0;Под заказ;10000006;0.png;-
Клапан (вентиль) запорный под приварку с электроприводом (ПЭМ-А12М У2) 1с-12-1ЭЧ DN 10 PN 25,0 МПа Т350 °С, корпус ст. 20;Энергетическая арматура;1213-6-6;-;Под приварку;С электроприводом;10;250;Углеродистая сталь;0;Под заказ;10000007;0.png;-
Клапан (вентиль) запорный под приварку с электроприводом (ЭП-З-100-24-А2-05-В-У1) 1с-12-1ЭН DN 10 PN 25,0 МПа Т350 °С, корпус ст. 20;Энергетическая арматура;1213-6-7;-;Под приварку;С электроприводом;10;250;Углеродистая сталь;0;Под заказ;10000008;0.png;-
Клапан (вентиль) запорный под приварку ручной 1с-13-1 DN 10 PN 16,5 МПа Т560 °С, корпус ст. 12Х1МФ;Энергетическая арматура;1213-6-8;-;Под приварку;Ручной;10;165;Жаропрочная низколегированная сталь;0;Под заказ;10000009;0.png;-
Клапан (вентиль) запорный под приварку с электроприводом (ПЭМ-А12М У2) 1с-14-1ЭЧ DN 10 PN 37,3 МПа Т280 °С, корпус ст. 20;Энергетическая арматура;1213-6-9;-;Под приварку;С электроприводом;10;373;Углеродистая сталь;0;Под заказ;10000010;0.png;-
Клапан (вентиль) запорный под приварку с электроприводом (ЭП-З-100-24-А2-05-В-У1) 1с-14-1ЭН DN 10 PN 37,3 МПа Т280 °С, корпус ст. 20;Энергетическая арматура;1213-6-10;-;Под приварку;С электроприводом;10;373;Углеродистая сталь;0;Под заказ;10000011;0.png;-
Клапан (вентиль) запорный под приварку под электропривод 1с-14-1Э DN 10 PN 37,3 МПа Т280 °С, корпус ст. 20;Энергетическая арматура;1213-6-11;-;Под приварку;Под электропривод;10;373;Углеродистая сталь;0;Под заказ;10000012;0.png;-
Клапан (вентиль) запорный под приварку с электроприводом 1с-15-1Э DN 10 PN 25,0 МПа Т545 °С, корпус ст. 12Х1МФ;Энергетическая арматура;1213-6-12;-;Под приварку;С электроприводом;10;250;Углеродистая сталь;0;Под заказ;10000013;0.png;-
Клапан (вентиль) запорный под приварку с электроприводом (ПЭМ-А12М У2) 1с-15-1ЭЧ DN 10 PN 25,0 МПа Т545 °С, корпус ст. 12Х1МФ;Энергетическая арматура;1213-6-13;-;Под приварку;С электроприводом;10;250;Жаропрочная низколегированная сталь;0;Под заказ;10000014;0.png;-
Клапан (вентиль) запорный под приварку с электроприводом (ЭП-З-100-24-А2-05-В-У1) 1с-15-1ЭН DN 10 PN 25,0 МПа Т545 °С, корпус ст. 12Х1МФ;Энергетическая арматура;1213-6-14;-;Под приварку;С электроприводом;10;250;Жаропрочная низколегированная сталь;0;Под заказ;10000015;0.png;-
Клапан (вентиль) угловой под приварку ручной Т-202БМ DN 10 PN 13,7 МПа Т560 °С, корпус ст. 12Х1МФ;Энергетическая арматура;1213-6-15;-;Под приварку;Ручной;10;137;Жаропрочная низколегированная сталь;0;Под заказ;10000016;0.png;-
Клапан (вентиль) запорный под приварку ручной 588-10-0 DN 10 PN 37,3 МПа Т280 °С, корпус ст. 20;Энергетическая арматура;1213-6-16;-;Под приварку;Ручной;10;373;Углеродистая сталь;0;Под заказ;10000017;0.png;-
Клапан (вентиль) запорный под приварку ручной 589-10-0 DN 10 PN 25,0 МПа Т545 °С, корпус ст. 12Х1МФ;Энергетическая арматура;1213-6-17;-;Под приварку;Ручной;10;250;Жаропрочная низколегированная сталь;0;Под заказ;10000018;0.png;-
Клапан (вентиль) запорный под приварку ручной 1с-17-2 DN 10 PN 13,7 МПа Т560 °С, корпус ст. 12Х1МФ;Энергетическая арматура;1213-6-18;-;Под приварку;Ручной;10;137;Жаропрочная низколегированная сталь;0;Под заказ;10000019;0.png;-
Клапан (вентиль) запорный под приварку ручной 1с-11-2 DN 15 PN 10,0 МПа Т450 °С, корпус ст. 20;Энергетическая арматура;1213-6-19;-;Под приварку;Ручной;15;100;Углеродистая сталь;0;Под заказ;10000020;0.png;-
Клапан (вентиль) запорный под приварку ручной 1с-12-2 DN 15 PN 25,0 МПа Т350 °С, корпус ст. 20;Энергетическая арматура;1213-6-20;-;Под приварку;Ручной;15;250;Углеродистая сталь;0;Под заказ;10000021;0.png;-
Клапан (вентиль) запорный под приварку ручной 1с-15-2 DN 15 PN 25,0 МПа Т545 °С, корпус ст. 12Х1МФ;Энергетическая арматура;1213-6-21;-;Под приварку;Ручной;15;250;Жаропрочная низколегированная сталь;0;Под заказ;10000022;0.png;-
Клапан (вентиль) запорный под приварку ручной 1456-20-0 DN 20 PN 25,0 МПа  Т250 °С, корпус ст. 20;Энергетическая арматура;1213-6-22;-;Под приварку;Ручной;20;250;Углеродистая сталь;0;Под заказ;10000023;0.png;-
Клапан (вентиль) запорный под приварку ручной 1с-11-3 DN 20 PN 10,0 МПа Т425 °С, корпус ст. 20;Энергетическая арматура;1213-6-23;-;Под приварку;Ручной;20;100;Углеродистая сталь;0;Под заказ;10000024;0.png;-
Клапан (вентиль) запорный под приварку ручной 1с-11-4 DN 32 PN 10,0 МПа Т425 °С, корпус ст. 20;Энергетическая арматура;1213-6-24;-;Под приварку;Ручной;32;100;Углеродистая сталь;0;Под заказ;10000025;0.png;-
Клапан (вентиль) запорный под приварку ручной 1с-11-3М DN 20 PN 10,0 МПа Т425 °С, корпус ст. 20;Энергетическая арматура;1213-6-25;-;Под приварку;Ручной;20;100;Углеродистая сталь;0;Под заказ;10000026;0.png;-
Клапан (вентиль) запорный под приварку с электроприводом (ГЗ-А.100/24 У1) 1с-11-3ЭГ DN 20 PN 10,0 МПа Т425 °С, корпус ст. 20;Энергетическая арматура;1213-6-26;-;Под приварку;С электроприводом;20;100;Углеродистая сталь;0;Под заказ;10000027;0.png;-
Клапан (вентиль) запорный под приварку с электроприводом (Н-А2-08К У2) 1с-11-3ЭМ DN 20 PN 10,0 МПа Т425 °С, корпус ст. 20;Энергетическая арматура;1213-6-27;-;Под приварку;С электроприводом;20;100;Углеродистая сталь;0;Под заказ;10000028;0.png;-
Клапан (вентиль) запорный под приварку с электроприводом (ПЭМ-А9М) 1с-11-3ЭЧ DN 20 PN 10,0 МПа Т450 °С, корпус ст. 20;Энергетическая арматура;1213-6-28;-;Под приварку;С электроприводом;20;100;Углеродистая сталь;0;Под заказ;10000029;0.png;-
Клапан (вентиль) запорный под приварку с электроприводом (ЭП-З-100-24-А2-05-В) 1с-11-3ЭН DN 20 PN 10,0 МПа Т450 °С, корпус ст. 20;Энергетическая арматура;1213-6-29;-;Под приварку;С электроприводом;20;100;Углеродистая сталь;0;Под заказ;10000030;0.png;-
Клапан (вентиль) запорный под приварку с электроприводом (AUMA SA10.2-F10-380/50/3-22) 1с-11-3ЭД DN 20 PN 10,0 МПа Т450 °С, корпус ст. 20;Энергетическая арматура;1213-6-30;-;Под приварку;С электроприводом;20;100;Углеродистая сталь;0;Под заказ;10000031;0.png;-
Клапан (вентиль) запорный под приварку с электроприводом (MODACT MON 52030.22E2N) 1с-11-3ЭК DN 20 PN 10,0 МПа Т450 °С, корпус ст. 20;Энергетическая арматура;1213-6-31;-;Под приварку;С электроприводом;20;100;Углеродистая сталь;0;Под заказ;10000032;0.png;-
Клапан запорный под приварку ручной 1с-12-3 DN 20 PN 25,0 МПа Т350 °С, корпус ст. 20;Энергетическая арматура;1213-6-32;-;Под приварку;Ручной;20;250;Углеродистая сталь;0;Под заказ;10000033;0.png;-
Клапан (вентиль) запорный под приварку с электроприводом (ГЗ-А.100/24 У1) 1с-12-3ЭГ DN 20 PN 25,0 МПа Т350 °С, корпус ст. 20;Энергетическая арматура;1213-6-33;-;Под приварку;С электроприводом;20;250;Углеродистая сталь;0;Под заказ;10000034;0.png;-
Клапан (вентиль) запорный под приварку с электроприводом (Н-А2-08К У2) 1с-12-3ЭМ DN 20 PN 25,0 МПа Т350 °С, корпус ст. 20;Энергетическая арматура;1213-6-34;-;Под приварку;С электроприводом;20;250;Углеродистая сталь;0;Под заказ;10000035;0.png;-
Клапан (вентиль) запорный под приварку с электроприводом (ПЭМ-А9М У2) 1с-12-3ЭЧ DN 20 PN 25,0 МПа Т350 °С, корпус ст. 20;Энергетическая арматура;1213-6-35;-;Под приварку;С электроприводом;20;250;Углеродистая сталь;0;Под заказ;10000036;0.png;-
Клапан (вентиль) запорный под приварку с электроприводом (ЭП-З-100-24-А2-05-В-У1) 1с-12-3ЭН DN 20 PN 25,0 МПа Т350 °С, корпус ст. 20;Энергетическая арматура;1213-6-36;-;Под приварку;С электроприводом;20;250;Углеродистая сталь;0;Под заказ;10000037;0.png;-
Клапан (вентиль) запорный под приварку с электроприводом (AUMA SA10.2-F10-380/50/3-22) 1с-12-3ЭД DN 20 PN 25,0 МПа Т350 °С, корпус ст. 20;Энергетическая арматура;1213-6-37;-;Под приварку;С электроприводом;20;250;Углеродистая сталь;0;Под заказ;10000038;0.png;-
Клапан (вентиль) запорный под приварку с электроприводом (MODACT MON 52030.22E2N) 1с-12-3ЭК DN 20 PN 25,0 МПа Т350 °С, корпус ст. 20;Энергетическая арматура;1213-6-38;-;Под приварку;С электроприводом;20;250;Углеродистая сталь;0;Под заказ;10000039;0.png;-
Клапан (вентиль) запорный под приварку ручной 1с-13-3 DN 20 PN 16,5 МПа Т560 °С, корпус ст. 12Х1МФ;Энергетическая арматура;1213-6-39;-;Под приварку;Ручной;20;165;Жаропрочная низколегированная сталь;0;Под заказ;10000040;0.png;-
Клапан (вентиль) запорный под приварку с электроприводом (ГЗ-А.100/24 У1) 1с-13-3ЭГ DN 20 PN 16,5 МПа Т560 °С, корпус ст. 12Х1МФ;Энергетическая арматура;1213-6-40;-;Под приварку;С электроприводом;20;165;Жаропрочная низколегированная сталь;0;Под заказ;10000041;0.png;-
Клапан (вентиль) запорный под приварку с электроприводом (Н-А2-08К У2) 1с-13-3ЭМ DN 20 PN 16,5 МПа Т560 °С, корпус ст. 12Х1МФ;Энергетическая арматура;1213-6-41;-;Под приварку;С электроприводом;20;165;Жаропрочная низколегированная сталь;0;Под заказ;10000042;0.png;-
Клапан (вентиль) запорный под приварку с электроприводом (ПЭМ-А9М У2) 1с-13-3ЭЧ DN 20 PN 16,5 МПа Т560 °С, корпус ст. 12Х1МФ;Энергетическая арматура;1213-6-42;-;Под приварку;С электроприводом;20;165;Жаропрочная низколегированная сталь;0;Под заказ;10000043;0.png;-
Клапан (вентиль) запорный под приварку с электроприводом (ЭП-З-100-24-А2-05-В-У1) 1с-13-3ЭН DN 20 PN 16,5 МПа Т560 °С, корпус ст. 12Х1МФ;Энергетическая арматура;1213-6-43;-;Под приварку;С электроприводом;20;165;Жаропрочная низколегированная сталь;0;Под заказ;10000044;0.png;-
Клапан (вентиль) запорный под приварку ручной 998-20-0 DN 20 PN 37,3 МПа Т280 °С, корпус ст. 20;Энергетическая арматура;1213-6-44;-;Под приварку;Ручной;20;373;Углеродистая сталь;0;Под заказ;10000045;0.png;-
Клапан (вентиль) запорный под приварку с маховиком и шарнирной муфтой 998-20-Г DN 20 PN 37,3 МПа Т280 °С, корпус ст. 20;Энергетическая арматура;1213-6-45;-;Под приварку;Ручной;20;373;Углеродистая сталь;0;Под заказ;10000046;0.png;-
Клапан (вентиль) запорный под приварку  с электроприводом (821-Э-0а) 998-20-Э DN 20 PN 37,3 МПа Т280 °С, корпус ст. 20;Энергетическая арматура;1213-6-46;-;Под приварку;С электроприводом;20;373;Углеродистая сталь;0;Под заказ;10000047;0.png;-
Клапан (вентиль) запорный под приварку  с электроприводом (ГЗ-А.100/24 У1) 998-20-ЭГ DN 20 PN 37,3 МПа Т280 °С, корпус ст. 20;Энергетическая арматура;1213-6-47;-;Под приварку;С электроприводом;20;373;Углеродистая сталь;0;Под заказ;10000048;0.png;-
Клапан (вентиль) запорный под приварку  с электроприводом (Н-А2-08К У2) 998-20-ЭМ DN 20 PN 37,3 МПа Т280 °С, корпус ст. 20;Энергетическая арматура;1213-6-48;-;Под приварку;С электроприводом;20;373;Углеродистая сталь;0;Под заказ;10000049;0.png;-
Клапан (вентиль) запорный под приварку  с электроприводом (ЭП-З-100-24-А2-05-В-У1) 998-20-ЭН DN 20 PN 37,3 МПа Т280 °С, корпус ст. 20;Энергетическая арматура;1213-6-49;-;Под приварку;С электроприводом;20;373;Углеродистая сталь;0;Под заказ;10000050;0.png;-
Клапан (вентиль) запорный под приварку с электроприводом (ПЭМ-А9М) 998-20-ЭЧ DN 20 PN 37,3 МПа Т280 °С, корпус ст. 20;Энергетическая арматура;1213-6-50;-;Под приварку;С электроприводом;20;373;Углеродистая сталь;0;Под заказ;10000051;0.png;-
Клапан (вентиль) запорный под приварку с электроприводом (AUMA SA10.2-F10-380/50/3-22) 998-20-ЭД DN 20 PN 37,3 МПа Т280 °С, корпус ст. 20;Энергетическая арматура;1213-6-51;-;Под приварку;С электроприводом;20;373;Углеродистая сталь;0;Под заказ;10000052;0.png;-
Клапан (вентиль) запорный под приварку с электроприводом (MODACT MON 52030.22E2N) 998-20-ЭК DN 20 PN 37,3 МПа Т280 °С, корпус ст. 20;Энергетическая арматура;1213-6-52;-;Под приварку;С электроприводом;20;373;Углеродистая сталь;0;Под заказ;10000053;0.png;-
Клапан (вентиль) запорный под приварку ручной 999-20-0 DN 20 PN 25,0 МПа Т545 °С, корпус ст. 12Х1МФ;Энергетическая арматура;1213-6-53;-;Под приварку;Ручной;20;250;Жаропрочная низколегированная сталь;0;Под заказ;10000054;0.png;-
Клапан (вентиль) запорный под приварку с маховиком и шарнирной муфтой 999-20-Г DN 20 PN 25,0 МПа Т545 °С, корпус ст. 12Х1МФ;Энергетическая арматура;1213-6-54;-;Под приварку;Ручной;20;250;Жаропрочная низколегированная сталь;0;Под заказ;10000055;0.png;-
Клапан (вентиль) запорный под приварку с электроприводом (821-Э-0а) 999-20-Э DN 20 PN 25,0 МПа Т545 °С , корпус ст. 12Х1МФ;Энергетическая арматура;1213-6-55;-;Под приварку;С электроприводом;20;250;Жаропрочная низколегированная сталь;0;Под заказ;10000056;0.png;-
Клапан (вентиль) запорный под приварку с электроприводом (ГЗ-А.100/24 У1) 999-20-ЭГ DN 20 PN 25,0 МПа Т545 °С , корпус ст. 12Х1МФ;Энергетическая арматура;1213-6-56;-;Под приварку;С электроприводом;20;250;Жаропрочная низколегированная сталь;0;Под заказ;10000057;0.png;-
Клапан (вентиль) запорный под приварку с электроприводом (Н-А2-08К У2) 999-20-ЭМ DN 20 PN 25,0 МПа Т545 °С , корпус ст. 12Х1МФ;Энергетическая арматура;1213-6-57;-;Под приварку;С электроприводом;20;250;Жаропрочная низколегированная сталь;0;Под заказ;10000058;0.png;-
Клапан (вентиль) запорный под приварку с электроприводом (ПЭМ-А9М У2) 999-20-ЭЧ DN 20 PN 25,0 МПа Т545 °С , корпус ст. 12Х1МФ;Энергетическая арматура;1213-6-58;-;Под приварку;С электроприводом;20;250;Жаропрочная низколегированная сталь;0;Под заказ;10000059;0.png;-
Клапан (вентиль) запорный под приварку с электроприводом (ЭП-З-100-24-А2-05-В-У1) 999-20-ЭН DN 20 PN 25,0 МПа Т545 °С , корпус ст. 12Х1МФ;Энергетическая арматура;1213-6-59;-;Под приварку;С электроприводом;20;250;Жаропрочная низколегированная сталь;0;Под заказ;10000060;0.png;-
Клапан (вентиль) запорный под приварку с электроприводом (AUMA SA10.2-F10-380/50/3-22) 999-20-ЭД DN 20 PN 25,0 МПа Т545 °С, корпус ст. 12Х1МФ ;Энергетическая арматура;1213-6-60;-;Под приварку;С электроприводом;20;250;Жаропрочная низколегированная сталь;0;Под заказ;10000061;0.png;-
Клапан (вентиль) запорный под приварку с электроприводом (MODACT MON 52030.22E2N) 999-20-ЭК DN 20 PN 25,0 МПа Т545 °С, корпус ст. 12Х1МФ ;Энергетическая арматура;1213-6-61;-;Под приварку;С электроприводом;20;250;Жаропрочная низколегированная сталь;0;Под заказ;10000062;0.png;-
Клапан (вентиль) запорный под приварку ручной 1с-13-31 DN 25 PN 25,0 МПа Т545 °С, корпус ст. 12Х1МФ;Энергетическая арматура;1213-6-62;-;Под приварку;Ручной;25;250;Жаропрочная низколегированная сталь;0;Под заказ;10000063;0.png;-
Клапан (вентиль) запорный под приварку ручной 1456-25-М DN 25 PN 10,0 МПа  Т250 °С, корпус ст. 20;Энергетическая арматура;1213-6-63;-;Под приварку;Ручной;25;100;Углеродистая сталь;0;Под заказ;10000064;0.png;-
Клапан (вентиль) запорный под приварку ручной 1с-11-31 DN 25 PN 10,0 МПа Т450 °С, корпус ст. 20;Энергетическая арматура;1213-6-64;-;Под приварку;Ручной;25;100;Углеродистая сталь;0;Под заказ;10000065;0.png;-
Клапан (вентиль) запорный под приварку  с электроприводом (ГЗ-А.100/24 У1) 1с-11-31ЭГ DN 25 PN 10,0 МПа Т450 °С, корпус ст. 20;Энергетическая арматура;1213-6-65;-;Под приварку;С электроприводом;25;100;Углеродистая сталь;0;Под заказ;10000066;0.png;-
Клапан (вентиль) запорный под приварку  с электроприводом (Н-А2-08К У2) 1с-11-31ЭМ DN 25 PN 10,0 МПа Т450 °С, корпус ст. 20;Энергетическая арматура;1213-6-66;-;Под приварку;С электроприводом;25;100;Углеродистая сталь;0;Под заказ;10000067;0.png;-
Клапан (вентиль) запорный под приварку  с электроприводом (ПЭМ-А9М У2) 1с-11-31ЭЧ DN 25 PN 10,0 МПа Т450 °С, корпус ст. 20;Энергетическая арматура;1213-6-67;-;Под приварку;С электроприводом;25;100;Углеродистая сталь;0;Под заказ;10000068;0.png;-
Клапан (вентиль) запорный под приварку с электроприводом (ЭП-З-100-24-А2-05-В-У1) 1с-11-31ЭН DN 20 PN 10,0 МПа Т450 °С, корпус ст. 20;Энергетическая арматура;1213-6-68;-;Под приварку;С электроприводом;20;100;Углеродистая сталь;0;Под заказ;10000069;0.png;-
Клапан (вентиль) запорный под приварку с электроприводом (AUMA SA10.2-F10-380/50/3-22) 1с-11-31ЭД DN 25 PN 10,0 МПа Т450 °С, корпус ст. 20;Энергетическая арматура;1213-6-69;-;Под приварку;С электроприводом;20;100;Углеродистая сталь;0;Под заказ;10000070;0.png;-
Клапан (вентиль) запорный под приварку с электроприводом (MODACT MON 52030.22E2N) 1с-11-31ЭК DN 25 PN 10,0 МПа Т450 °С, корпус ст. 20;Энергетическая арматура;1213-6-70;-;Под приварку;С электроприводом;20;100;Углеродистая сталь;0;Под заказ;10000071;0.png;-
Клапан (вентиль) запорный под приварку ручной 1456-32-0 DN 32 PN 10,0 МПа  Т250 °С, корпус ст. 20;Энергетическая арматура;1213-6-71;-;Под приварку;Ручной;32;100;Углеродистая сталь;0;Под заказ;10000072;0.png;-
Клапан (вентиль) запорный под приварку ручной 1055-32-0 DN 32 PN 25,0 МПа Т545 °С, корпус ст. 12Х1МФ;Энергетическая арматура;1213-6-72;-;Под приварку;Ручной;32;250;Жаропрочная низколегированная сталь;0;Под заказ;10000073;0.png;-
Клапан (вентиль) запорный под приварку ручной 1с-13-32 DN 32 PN 25,0 МПа Т450 °С, корпус ст. 12Х1МФ;Энергетическая арматура;1213-6-73;-;Под приварку;Ручной;32;250;Жаропрочная низколегированная сталь;0;Под заказ;10000074;0.png;-
Клапан (вентиль) запорный под приварку с цилиндрическим редуктором 1055-32-ЦЗ DN 32 PN 25,0 МПа Т545 °С, корпус ст. 12Х1МФ;Энергетическая арматура;1213-6-74;-;Под приварку;Ручной;32;250;Жаропрочная низколегированная сталь;0;Под заказ;10000075;0.png;-
Клапан (вентиль) запорный под приварку с электроприводом (792-Э-0а-01) 1055-32-Э DN 32 PN 25,0 МПа Т545 °С , корпус ст. 12Х1МФ;Энергетическая арматура;1213-6-75;-;Под приварку;С электроприводом;32;250;Жаропрочная низколегированная сталь;0;Под заказ;10000076;0.png;-
Клапан (вентиль) запорный под приварку с электроприводом (ГЗ-Б.300/24 У1) 1055-32-ЭГ DN 32 PN 25,0 МПа Т545 °С , корпус ст. 12Х1МФ;Энергетическая арматура;1213-6-76;-;Под приварку;С электроприводом;32;250;Жаропрочная низколегированная сталь;0;Под заказ;10000077;0.png;-
Клапан (вентиль) запорный под приварку с электроприводом (Н-Б1-07 У2) 1055-32-ЭМ DN 32 PN 25,0 МПа Т545 °С , корпус ст. 12Х1МФ;Энергетическая арматура;1213-6-77;-;Под приварку;С электроприводом;32;250;Жаропрочная низколегированная сталь;0;Под заказ;10000078;0.png;-
Клапан (вентиль) запорный под приварку с электроприводом (ПЭМ-Б0М У2) 1055-32-ЭЧ DN 32 PN 25,0 МПа Т545 °С , корпус ст. 12Х1МФ;Энергетическая арматура;1213-6-78;-;Под приварку;С электроприводом;32;250;Жаропрочная низколегированная сталь;0;Под заказ;10000079;0.png;-
Клапан (вентиль) запорный под приварку с электроприводом (ЭП-З-300-25-Б1-0-А-У1) 1055-32-ЭН DN 32 PN 25,0 МПа Т545 °С , корпус ст. 12Х1МФ;Энергетическая арматура;1213-6-79;-;Под приварку;С электроприводом;32;250;Жаропрочная низколегированная сталь;0;Под заказ;10000080;0.png;-
Клапан (вентиль) запорный под приварку с электроприводом (AUMA SA14.6-F14-380/50/3-22) 1055-32-ЭД DN 32 PN 25,0 МПа Т545 °С, корпус ст. 12Х1МФ;Энергетическая арматура;1213-6-80;-;Под приварку;С электроприводом;32;250;Жаропрочная низколегированная сталь;0;Под заказ;10000081;0.png;-
Клапан (вентиль) запорный под приварку с электроприводом (MODACT MON 52032.12J2N) 1055-32-ЭК DN 32 PN 25,0 МПа Т545 °С, корпус ст. 12Х1МФ;Энергетическая арматура;1213-6-81;-;Под приварку;С электроприводом;32;250;Жаропрочная низколегированная сталь;0;Под заказ;10000082;0.png;-
Клапан (вентиль) запорный под приварку ручной 1с-12-4 DN 32 PN 10,0 МПа Т450 °С, корпус ст. 20;Энергетическая арматура;1213-6-82;-;Под приварку;Ручной;32;100;Углеродистая сталь;0;Под заказ;10000083;0.png;-
"Блок предохранительных клапанов БПУ Р 50-16 50с02нж1 в составе: клапан предохранительный пружинный сальниковый фланцевый СППК4Р 50-16  17с6нж DN 50/80 PN 1,6/0,6 МПа У1, пружина № ?, Рн=? кгс/см², корпус ст. 20Л, класс герметичности «А» по ГОСТ 9544-2015 - 2 шт.; переключающее устройство ПУ 50-16-01 23с16нж1 DN 50 PN 1,6 МПа У1, корпус ст. 20Л - 1 шт.; переключающее устройство ПУ 80-6 23с18нж DN 80 PN 0,6 МПа У1, корпус ст. 20Л - 1 шт.";Блок предохранительных клапанов с переключающими устройствами;50с02нж1;-;-;-;50/80;45459,00;Углеродистая сталь;0;25-30 рабочих дней;11000001;0.png;-
"Блок предохранительных клапанов БПУ Р 80-16 50с06нж1 в составе: клапан предохранительный пружинный сальниковый фланцевый СППК4Р 80-16 17с6нж DN 80/100 PN 1,6/0,6 МПа У1, пружина № ?, Рн=? кгс/см², корпус ст. 20Л, класс герметичности «А» по ГОСТ 9544-2015 - 2 шт.; переключающее устройство ПУ 80-16-01 23с16нж1 DN 80 PN 1,6 МПа У1, корпус ст. 20Л - 1 шт.; переключающее устройство ПУ 100-6 23с18нж DN 100 PN 0,6 МПа У1, корпус ст. 20Л - 1 шт.";Блок предохранительных клапанов с переключающими устройствами;50с06нж1;-;-;-;80/100;45459,00;Углеродистая сталь;0;25-30 рабочих дней;11000002;0.png;-
"Блок предохранительных клапанов БПУ Р 100-16 50с10нж1 в составе: клапан предохранительный пружинный сальниковый фланцевый СППК5Р 100-16 17с6нж DN 100/150 PN 1,6/1,6 МПа У1, пружина № ?, Рн=? кгс/см², корпус ст. 20Л, класс герметичности «А» по ГОСТ 9544-2015 - 2 шт.; переключающее устройство ПУ 100-16-01 23с16нж1 DN 100 PN 1,6 МПа У1, корпус ст. 20Л - 1 шт.; переключающее устройство ПУ 150-16 23с16нж DN 150 PN 1,6 МПа У1, корпус ст. 20Л - 1 шт.";Блок предохранительных клапанов с переключающими устройствами;50с10нж1;-;-;-;100/150;45459,00;Углеродистая сталь;0;25-30 рабочих дней;11000003;0.png;-
"Блок предохранительных клапанов БПУ Р 150-16 50с14нж2 в составе: клапан предохранительный пружинный сальниковый фланцевый СППК4Р 150-16 17с6нж DN 150/200 PN 1,6/0,6 МПа У1, пружина № ?, Рн=? кгс/см², корпус ст. 20Л, класс герметичности «А» по ГОСТ 9544-2015 - 2 шт.; переключающее устройство ПУ 150-16-01 23с16нж1 DN 150 PN 1,6 МПа У1, корпус ст. 20Л - 1 шт.; переключающее устройство ПУ 200-6 23с18нж DN 200 PN 0,6 МПа У1, корпус ст. 20Л - 1 шт.";Блок предохранительных клапанов с переключающими устройствами;50с14нж2;-;-;-;150/200;45459,00;Углеродистая сталь;0;25-30 рабочих дней;11000004;0.png;-
"Блок предохранительных клапанов БПУ Р 150-40 50с15нж1 в составе: клапан предохранительный пружинный сальниковый фланцевый СППК4Р 150-40 17с21нж DN 150/200 PN 4,0/1,6 МПа У1, пружина № ?, Рн=? кгс/см², корпус ст. 20Л, класс герметичности «А» по ГОСТ 9544-2015 - 2 шт.; переключающее устройство ПУ 150-40-01 23с17нж1 DN 150 PN 4,0 МПа У1, корпус ст. 20Л - 1 шт.; переключающее устройство ПУ 200-16 23с16нж DN 200 PN 1,6 МПа У1, корпус ст. 20Л - 1 шт.";Блок предохранительных клапанов с переключающими устройствами;50с15нж1;-;-;-;150/200;40/16;Углеродистая сталь;0;25-30 рабочих дней;11000005;0.png;-
"Блок предохранительных клапанов БПУ Р 200-16 50с16нж2 в составе: клапан предохранительный пружинный сальниковый фланцевый СППК4Р 200-16 17с17нж DN 200/300 PN 1,6/0,6 МПа У1, пружина № ?, Рн=? кгс/см², корпус ст. 20Л, класс герметичности «А» по ГОСТ 9544-2015 - 2 шт.; переключающее устройство ПУ 200-16 23с16нж DN 200 PN 1,6 МПа У1, корпус ст. 20Л - 1 шт.; переключающее устройство ПУ 300-6 23с18нж DN 300 PN 0,6 МПа У1, корпус ст. 20Л - 1 шт.";Блок предохранительных клапанов с переключающими устройствами;50с16нж2;-;-;-;200/300;45459,00;Углеродистая сталь;0;25-30 рабочих дней;11000006;0.png;-
"Блок предохранительных клапанов БПУ Р 25-40 50с01нж1 в составе: клапан предохранительный пружинный сальниковый фланцевый СППК4Р 25-40 17с25нж DN 25/40 PN 4,0/1,6 МПа У1, пружина № ?, Рн=? кгс/см², корпус ст. 20Л, класс герметичности «А» по ГОСТ 9544-2015 - 2 шт.; переключающее устройство ПУ 25-40 23с17нж DN 25 PN 4,0 МПа У1, корпус ст. 20Л - 1 шт.; переключающее устройство ПУ 50-16 23с16нж DN 50 PN 1,6 МПа У1, корпус ст. 20Л - 1 шт.";Блок предохранительных клапанов с переключающими устройствами;50с01нж1;-;-;-;25/40;40/16;Углеродистая сталь;0;25-30 рабочих дней;11000007;0.png;-
"Блок предохранительных клапанов БПУ Р 50-40 50с03нж1 в составе: клапан предохранительный пружинный сальниковый фланцевый СППК4Р 50-40 17с21нж DN 50/80 PN 4,0/1,6 МПа У1, пружина № ?, Рн=? кгс/см², корпус ст. 20Л, класс герметичности «А» по ГОСТ 9544-2015 - 2 шт.; переключающее устройство ПУ 50-40-01 23с17нж1 DN 50 PN 4,0 МПа У1, корпус ст. 20Л - 1 шт.; переключающее устройство ПУ 80-16 23с16нж DN 80 PN 1,6 МПа У1, корпус ст. 20Л - 1 шт.";Блок предохранительных клапанов с переключающими устройствами;50с03нж1;-;-;-;50/80;40/16;Углеродистая сталь;0;25-30 рабочих дней;11000008;0.png;-
"Блок предохранительных клапанов БПУ Р 80-40 50с07нж1 в составе: клапан предохранительный пружинный сальниковый фланцевый СППК4Р 80-40 17с21нж DN 80/100 PN 4,0/1,6 МПа У1, пружина № ?, Рн=? кгс/см², корпус ст. 20Л, класс герметичности «А» по ГОСТ 9544-2015 - 2 шт.; переключающее устройство ПУ 80-40-01 23с17нж1 DN 80 PN 4,0 МПа У1, корпус ст. 20Л - 1 шт.; переключающее устройство ПУ 100-16 23с16нж DN 100 PN 1,6 МПа У1, корпус ст. 20Л - 1 шт.";Блок предохранительных клапанов с переключающими устройствами;50с07нж1;-;-;-;80/100;40/16;Углеродистая сталь;0;25-30 рабочих дней;11000009;0.png;-
"Блок предохранительных клапанов БПУ Р 100-40 50с11нж1 в составе: клапан предохранительный пружинный сальниковый фланцевый СППК5Р 100-40 17с21нж DN 100/150 PN 4,0/1,6 МПа У1, пружина № ?, Рн=? кгс/см², корпус ст. 20Л, класс герметичности «А» по ГОСТ 9544-2015 - 2 шт.; переключающее устройство ПУ 100-40-01 23с17нж1 DN 100 PN 4,0 МПа У1, корпус ст. 20Л - 1 шт.; переключающее устройство ПУ 150-16 23с16нж DN 150 PN 1,6 МПа У1, корпус ст. 20Л - 1 шт.";Блок предохранительных клапанов с переключающими устройствами;50с11нж1;-;-;-;100/150;40/16;Углеродистая сталь;0;25-30 рабочих дней;11000010;0.png;-
"Блок предохранительных клапанов БПУ Р 50-63 50с04нж1 в составе: клапан предохранительный пружинный сальниковый фланцевый СППК5Р 50-63 17с16нж DN 50/80 PN 6,3/4,0 МПа У1, пружина № ?, Рн=? кгс/см², корпус ст. 20Л, класс герметичности «А» по ГОСТ 9544-2015 - 2 шт.; переключающее устройство ПУ 50-63 23с20нж DN 50 PN 6,3 МПа У1, корпус ст. 20Л - 1 шт.; переключающее устройство ПУ 80-40 23с17нж DN 80 PN 4,0 МПа У1, корпус ст. 20Л - 1 шт.";Блок предохранительных клапанов с переключающими устройствами;50с04нж1;-;-;-;50/80;63/40;Углеродистая сталь;0;25-30 рабочих дней;11000011;0.png;-
"Блок предохранительных клапанов БПУ Р 80-63 50с08нж1 в составе: клапан предохранительный пружинный сальниковый фланцевый СППК4Р 80-63 17с89нж DN 80/100 PN 6,3/4,0 МПа У1, пружина № ?, Рн=? кгс/см², корпус ст. 20Л, класс герметичности «А» по ГОСТ 9544-2015 - 2 шт.; переключающее устройство ПУ 80-63 23с20нж DN 80 PN 6,3 МПа У1, корпус ст. 20Л - 1 шт.; переключающее устройство ПУ 100-40 23с17нж DN 100 PN 4,0 МПа У1, корпус ст. 20Л - 1 шт.";Блок предохранительных клапанов с переключающими устройствами;50с08нж1;-;-;-;80/100;63/40;Углеродистая сталь;0;25-30 рабочих дней;11000012;0.png;-
"Блок предохранительных клапанов БПУ Р 100-63 50с12нж2 в составе: клапан предохранительный пружинный сальниковый фланцевый СППК5Р 100-63 17с16нж DN 100/150 PN 6,3/4,0 МПа У1, пружина № ?, Рн=? кгс/см², корпус ст. 20Л, класс герметичности «А» по ГОСТ 9544-2015 - 2 шт.; переключающее устройство ПУ 100-63 23с20нж DN 100 PN 6,3 МПа У1, корпус ст. 20Л - 1 шт.; переключающее устройство ПУ 150-40 23с17нж DN 150 PN 4,0 МПа У1, корпус ст. 20Л - 1 шт.";Блок предохранительных клапанов с переключающими устройствами;50с12нж2;-;-;-;100/150;63/40;Углеродистая сталь;0;25-30 рабочих дней;11000013;0.png;-
"Блок предохранительных клапанов БПУ Р 50-160 50с05нж1 в составе: клапан предохранительный пружинный сальниковый фланцевый СППК5Р 50-160 17с8нж DN 50/80 PN 16,0/4,0 МПа У1, пружина № ?, Рн=? кгс/см², корпус ст. 20Л, класс герметичности «А» по ГОСТ 9544-2015 - 2 шт.; переключающее устройство ПУ 50-160 23с19нж DN 50 PN 16,0 МПа У1, корпус ст. 20Л - 1 шт.; переключающее устройство ПУ 80-40 23с17нж DN 80 PN 4,0 МПа У1, корпус ст. 20Л - 1 шт.";Блок предохранительных клапанов с переключающими устройствами;50с05нж1;-;-;-;50/80;160/40;Углеродистая сталь;0;25-30 рабочих дней;11000014;0.png;-
"Блок предохранительных клапанов БПУ Р 80-160 50с09нж1 в составе: клапан предохранительный пружинный сальниковый фланцевый СППК4Р 80-160 17с90нж DN 80/100 PN 16,0/4,0 МПа У1, пружина № ?, Рн=? кгс/см², корпус ст. 20Л, класс герметичности «А» по ГОСТ 9544-2015 - 2 шт.; переключающее устройство ПУ 80-160 23с19нж DN 80 PN 16,0 МПа У1, корпус ст. 20Л - 1 шт.; переключающее устройство ПУ 100-40 23с17нж DN 100 PN 4,0 МПа У1, корпус ст. 20Л - 1 шт.";Блок предохранительных клапанов с переключающими устройствами;50с09нж1;-;-;-;80/100;160/40;Углеродистая сталь;0;25-30 рабочих дней;11000015;0.png;-
"Блок предохранительных клапанов БПУ Р 100-160 50с13нж2 в составе: клапан предохранительный пружинный сальниковый фланцевый СППК5Р 100-160 17с8нж DN 100/150 PN 16,0/4,0 МПа У1, пружина № ?, Рн=? кгс/см², корпус ст. 20Л, класс герметичности «А» по ГОСТ 9544-2015 - 2 шт.; переключающее устройство ПУ 100-160 23с19нж DN 100 PN 16,0 МПа У1, корпус ст. 20Л - 1 шт.; переключающее устройство ПУ 150-40 23с17нж DN 150 PN 4,0 МПа У1, корпус ст. 20Л - 1 шт.";Блок предохранительных клапанов с переключающими устройствами;50с13нж2;-;-;-;100/150;160/40;Углеродистая сталь;0;25-30 рабочих дней;11000016;0.png;-
"Блок предохранительных клапанов БПУ 50-16 50с02нж в составе: клапан предохранительный пружинный сальниковый фланцевый СППК4 50-16 17с7нж DN 50/80 PN 1,6/0,6 МПа У1, пружина № ?, Рн=? кгс/см², корпус ст. 20Л, класс герметичности «А» по ГОСТ 9544-2015 - 2 шт.; переключающее устройство ПУ 50-16-01 23с16нж1 DN 50 PN 1,6 МПа У1, корпус ст. 20Л - 1 шт.; переключающее устройство ПУ 80-6 23с18нж DN 80 PN 0,6 МПа У1, корпус ст. 20Л - 1 шт.";Блок предохранительных клапанов с переключающими устройствами;50с02нж;-;-;-;50/80;45459,00;Углеродистая сталь;0;25-30 рабочих дней;11000017;0.png;-
"Блок предохранительных клапанов БПУ 80-16 50с06нж в составе: клапан предохранительный пружинный сальниковый фланцевый СППК4 80-16 17с7нж DN 80/100 PN 1,6/0,6 МПа У1, пружина № ?, Рн=? кгс/см², корпус ст. 20Л, класс герметичности «А» по ГОСТ 9544-2015 - 2 шт.; переключающее устройство ПУ 80-16-01 23с16нж1 DN80 PN 1,6 МПа У1, корпус ст. 20Л - 1 шт.; переключающее устройство ПУ 100-6 23с18нж DN 100 PN 0,6 МПа У1, корпус ст. 20Л - 1 шт.";Блок предохранительных клапанов с переключающими устройствами;50с06нж;-;-;-;80/100;45459,00;Углеродистая сталь;0;25-30 рабочих дней;11000018;0.png;-
"Блок предохранительных клапанов БПУ 100-16 50с10нж в составе: клапан предохранительный пружинный сальниковый фланцевый СППК5 100-16 17с7нж DN 100/150 PN 1,6/1,6 МПа У1, пружина № ?, Рн=? кгс/см², корпус ст. 20Л, класс герметичности «А» по ГОСТ 9544-2015 - 2 шт.; переключающее устройство ПУ 100-16-01 23с16нж1 DN 100 PN 1,6 МПа У1, корпус ст. 20Л - 1 шт.; переключающее устройство ПУ 150-16 23с16нж DN 150 PN 1,6 МПа У1, корпус ст. 20Л - 1 шт.";Блок предохранительных клапанов с переключающими устройствами;50с10нж;-;-;-;100/150;45459,00;Углеродистая сталь;0;25-30 рабочих дней;11000019;0.png;-
"Блок предохранительных клапанов БПУ 150-16 50с14нж в составе: клапан предохранительный пружинный сальниковый фланцевый СППК4 150-16 17с7нж DN 150/200 PN 1,6/0,6 МПа У1, пружина № ?, Рн=? кгс/см², корпус ст. 20Л, класс герметичности «А» по ГОСТ 9544-2015 - 2 шт.; переключающее устройство ПУ 150-16-01 23с16нж1 DN 150 PN 1,6 МПа У1, корпус ст. 20Л - 1 шт.; переключающее устройство ПУ 200-6 23с18нж DN 200 PN 0,6 МПа У1, корпус ст. 20Л - 1 шт.";Блок предохранительных клапанов с переключающими устройствами;50с14нж;-;-;-;150/200;45459,00;Углеродистая сталь;0;25-30 рабочих дней;11000020;0.png;-
"Блок предохранительных клапанов БПУ 200-16 50с16нж в составе: клапан предохранительный пружинный сальниковый фланцевый СППК4 200-16 17с13нж DN 200/300 PN 1,6/0,6 МПа У1, пружина № ?, Рн=? кгс/см², корпус ст. 20Л, класс герметичности «А» по ГОСТ 9544-2015 - 2 шт.; переключающее устройство ПУ 200-16 23с16нж DN 200 PN 1,6 МПа У1, корпус ст. 20Л - 1 шт.; переключающее устройство ПУ 300-6 23с18нж DN 300 PN 0,6 МПа У1, корпус ст. 20Л - 1 шт.";Блок предохранительных клапанов с переключающими устройствами;50с16нж;-;-;-;200/300;45459,00;Углеродистая сталь;0;25-30 рабочих дней;11000021;0.png;-
"Блок предохранительных клапанов БПУ 25-40 50с01нж в составе: клапан предохранительный пружинный сальниковый фланцевый СППК4 25-40 17с14нж DN 25/40 PN 4,0/1,6 МПа У1, пружина № ?, Рн=? кгс/см², корпус ст. 20Л, класс герметичности «А» по ГОСТ 9544-2015 - 2 шт.; переключающее устройство ПУ 25-40 23с17нж DN 25 PN 4,0 МПа У1, корпус ст. 20Л - 1 шт.; переключающее устройство ПУ 50-16 23с16нж DN 50 PN 1,6 МПа У1, корпус ст. 20Л - 1 шт.";Блок предохранительных клапанов с переключающими устройствами;50с01нж;-;-;-;25/40;40/16;Углеродистая сталь;0;25-30 рабочих дней;11000022;0.png;-
"Блок предохранительных клапанов БПУ 50-40 50с03нж в составе: клапан предохранительный пружинный сальниковый фланцевый СППК4 50-40 17с23нж DN 50/80 PN 4,0/1,6 МПа У1, пружина № ?, Рн=? кгс/см², корпус ст. 20Л, класс герметичности «А» по ГОСТ 9544-2015 - 2 шт.; переключающее устройство ПУ 50-40-01 23с17нж1 DN 50 PN 4,0 МПа У1, корпус ст. 20Л - 1 шт.; переключающее устройство ПУ 80-16 23с16нж DN 80 PN 1,6 МПа У1, корпус ст. 20Л - 1 шт.";Блок предохранительных клапанов с переключающими устройствами;50с03нж;-;-;-;50/80;40/16;Углеродистая сталь;0;25-30 рабочих дней;11000023;0.png;-
"Блок предохранительных клапанов БПУ 80-40 50с07нж в составе: клапан предохранительный пружинный сальниковый фланцевый СППК4 80-40 17с23нж DN 80/100 PN 4,0/1,6 МПа У1, пружина № ?, Рн=? кгс/см², корпус ст. 20Л, класс герметичности «А» по ГОСТ 9544-2015 - 2 шт.; переключающее устройство ПУ 80-40-01 23с17нж1 DN 80 PN 4,0 МПа У1, корпус ст. 20Л - 1 шт.; переключающее устройство ПУ 100-16 23с16нж DN 100 PN 1,6 МПа У1, корпус ст. 20Л - 1 шт.";Блок предохранительных клапанов с переключающими устройствами;50с07нж;-;-;-;80/100;40/16;Углеродистая сталь;0;25-30 рабочих дней;11000024;0.png;-
"Блок предохранительных клапанов БПУ 100-40 50с11нж в составе: клапан предохранительный пружинный сальниковый фланцевый СППК5 100-40 17с23нж DN 100/150 PN 4,0/1,6 МПа У1, пружина № ?, Рн=? кгс/см², корпус ст. 20Л, класс герметичности «А» по ГОСТ 9544-2015 - 2 шт.; переключающее устройство ПУ 100-40-01 23с17нж1 DN 100 PN 4,0 МПа У1, корпус ст. 20Л - 1 шт.; переключающее устройство ПУ 150-16 23с16нж DN 150 PN 1,6 МПа У1, корпус ст. 20Л - 1 шт.";Блок предохранительных клапанов с переключающими устройствами;50с11нж;-;-;-;100/150;40/16;Углеродистая сталь;0;25-30 рабочих дней;11000025;0.png;-
"Блок предохранительных клапанов БПУ 150-40 50с15нж в составе: клапан предохранительный пружинный сальниковый фланцевый СППК4 150-40 17с23нж DN 150/200 PN 4,0/1,6 МПа У1, пружина № ?, Рн=? кгс/см², корпус ст. 20Л, класс герметичности «А» по ГОСТ 9544-2015 - 2 шт.; переключающее устройство ПУ 150-40-01 23с17нж1 DN 150 PN 4,0 МПа У1, корпус ст. 20Л - 1 шт.; переключающее устройство ПУ 200-16 23с16нж DN 200 PN 1,6 МПа У1, корпус ст. 20Л - 1 шт.";Блок предохранительных клапанов с переключающими устройствами;50с15нж;-;-;-;150/200;40/16;Углеродистая сталь;0;25-30 рабочих дней;11000026;0.png;-
"Блок предохранительных клапанов БПУ 50-63 50с04нж в составе: клапан предохранительный пружинный сальниковый фланцевый СППК5 50-63 17с16нж1 DN 50/80 PN 6,3/4,0 МПа У1, пружина № ?, Рн=? кгс/см², корпус ст. 20Л, класс герметичности «А» по ГОСТ 9544-2015 - 2 шт.; переключающее устройство ПУ 50-63 23с20нж DN 50 PN 6,3 МПа У1, корпус ст. 20Л - 1 шт.; переключающее устройство ПУ 80-40 23с17нж DN 80 PN 4,0 МПа У1, корпус ст. 20Л - 1 шт.";Блок предохранительных клапанов с переключающими устройствами;50с04нж;-;-;-;50/80;63/40;Углеродистая сталь;0;25-30 рабочих дней;11000027;0.png;-
"Блок предохранительных клапанов БПУ 80-63 50с08нж в составе: клапан предохранительный пружинный сальниковый фланцевый СППК4 80-63 17с85нж DN 80/100 PN 6,3/4,0 МПа У1, пружина № ?, Рн=? кгс/см², корпус ст. 20Л,  класс герметичности «А» по ГОСТ 9544-2015 - 2 шт.; переключающее устройство ПУ 80-63 23с20нж DN 80 PN 6,3 МПа У1, корпус ст. 20Л - 1 шт.; переключающее устройство ПУ 100-40 23с17нж DN 100 PN 4,0 МПа У1, корпус ст. 20Л - 1 шт.";Блок предохранительных клапанов с переключающими устройствами;50с08нж;-;-;-;80/100;63/40;Углеродистая сталь;0;25-30 рабочих дней;11000028;0.png;-
"Блок предохранительных клапанов БПУ 100-63 50с12нж в составе: клапан предохранительный пружинный сальниковый фланцевый СППК5 100-63 17с16нж DN 100/150 PN 6,3/4,0 МПа У1, пружина № ?, Рн=? кгс/см², корпус ст. 20Л, класс герметичности «А» по ГОСТ 9544-2015 - 2 шт.; переключающее устройство ПУ 100-63 23с20нж DN 100 PN 6,3 МПа У1, корпус ст. 20Л - 1 шт.; переключающее устройство ПУ 150-40 23с17нж DN 150 PN 4,0 МПа У1, корпус ст. 20Л - 1 шт.";Блок предохранительных клапанов с переключающими устройствами;50с12нж;-;-;-;100/150;63/40;Углеродистая сталь;0;25-30 рабочих дней;11000029;0.png;-
"Блок предохранительных клапанов БПУ 50-160 50с05нж в составе: клапан предохранительный пружинный сальниковый фланцевый СППК5 50-160 17с8нж1 DN 50/80 PN 16,0/4,0 МПа У1, пружина № ?, Рн=? кгс/см², корпус ст. 20Л, класс герметичности «А» по ГОСТ 9544-2015 - 2 шт.; переключающее устройство ПУ 50-160 23с19нж DN 50 PN 16,0 МПа У1, корпус ст. 20Л - 1 шт.; переключающее устройство ПУ 80-40 23с17нж DN 80 PN 4,0 МПа У1, корпус ст. 20Л - 1 шт.";Блок предохранительных клапанов с переключающими устройствами;50с05нж;-;-;-;50/80;160/40;Углеродистая сталь;0;25-30 рабочих дней;11000030;0.png;-
"Блок предохранительных клапанов БПУ 80-160 50с09нж в составе: клапан предохранительный пружинный сальниковый фланцевый СППК4 80-160 17с80нж DN 80/100 PN 16,0/4,0 МПа У1, пружина № ?, Рн=? кгс/см², корпус ст. 20Л, класс герметичности «А» по ГОСТ 9544-2015 - 2 шт.; переключающее устройство ПУ 80-160 23с19нж DN 80 PN 16,0 МПа У1, корпус ст. 20Л - 1 шт.; переключающее устройство ПУ 100-40 23с17нж DN 100 PN 4,0 МПа У1, корпус ст. 20Л - 1 шт.";Блок предохранительных клапанов с переключающими устройствами;50с09нж;-;-;-;80/100;160/40;Углеродистая сталь;0;25-30 рабочих дней;11000031;0.png;-
"Блок предохранительных клапанов БПУ 100-160 50с13нж в составе: клапан предохранительный пружинный сальниковый фланцевый СППК5 100-160 17с8нж2 DN 100/150 PN 16,0/4,0 МПа У1, пружина № ?, Рн=? кгс/см², корпус ст. 20Л, класс герметичности «А» по ГОСТ 9544-2015 - 2 шт.; переключающее устройство ПУ 100-160 23с19нж DN 100 PN 16,0 МПа У1, корпус ст. 20Л - 1 шт.; переключающее устройство ПУ 150-40 23с17нж DN 150 PN 4,0 МПа У1, корпус ст. 20Л - 1 шт.";Блок предохранительных клапанов с переключающими устройствами;50с13нж;-;-;-;100/150;160/40;Углеродистая сталь;0;25-30 рабочих дней;11000032;0.png;-
"Блок предохранительных клапанов БПУ Р 50-16 УХЛ1 50нж02нж1 в составе: клапан предохранительный сальниковый фланцевый СППК4Р 50-16нж 17нж17нж DN 50/80 PN 1,6/0,6 МПа УХЛ1, пружина № ?, Рн=? кгс/см², корпус ст. 12Х18Н9ТЛ, класс герметичности «А» по ГОСТ 9544-2015 - 2 шт.; переключающее устройство ПУ 50-16-03нж 23нж16нж1 DN 50 PN 1,6 МПа УХЛ1, корпус ст. 12Х18Н9ТЛ - 1 шт.; переключающее устройство ПУ 80-6-01нж 23нж18нж DN 80 PN 0,6 МПа УХЛ1, корпус ст. 12Х18Н9ТЛ - 1 шт.";Блок предохранительных клапанов с переключающими устройствами;50нж02нж1;-;-;-;50/80;45459,00;Коррозионностойкая сталь;0;25-30 рабочих дней;11000033;0.png;-
"Блок предохранительных клапанов БПУ Р 80-16 УХЛ1 50нж06нж1 в составе: клапан предохранительный сальниковый фланцевый СППК4Р 80-16нж 17нж17нж DN 80/100 PN 1,6/0,6 МПа УХЛ1, пружина № ?, Рн=? кгс/см², корпус ст. 12Х18Н9ТЛ, класс герметичности «А» по ГОСТ 9544-2015 - 2 шт.; переключающее устройство ПУ 80-16-03нж 23нж16нж1 DN 80 PN 1,6 МПа УХЛ1, корпус ст. 12Х18Н9ТЛ - 1 шт.; переключающее устройство ПУ 100-6-01нж 23нж18нж DN 100 PN 0,6 МПа УХЛ1, корпус ст. 12Х18Н9ТЛ - 1 шт.";Блок предохранительных клапанов с переключающими устройствами;50нж06нж1;-;-;-;80/100;45459,00;Коррозионностойкая сталь;0;25-30 рабочих дней;11000034;0.png;-
"Блок предохранительных клапанов БПУ Р 100-16 УХЛ1 50нж10нж1 в составе: клапан предохранительный сальниковый фланцевый СППК5Р 100-16нж 17нж6нж DN 100/150 PN 1,6/1,6 МПа УХЛ1, пружина №?, Рн=? кгс/см², корпус ст. 12Х18Н9ТЛ, класс герметичности «А» по ГОСТ 9544-2015 - 2 шт; переключающее устройство ПУ 100-16-03нж 23нж16нж1 DN 100 PN 1,6 МПа УХЛ1, корпус ст. 12Х18Н9ТЛ - 1шт; переключающее устройство ПУ 150-16-02нж 23нж16нж DN 150 PN 1,6 МПа УХЛ1, корпус ст. 12Х18Н9ТЛ - 1 шт";Блок предохранительных клапанов с переключающими устройствами;50нж10нж1;-;-;-;100/150;45459,00;Коррозионностойкая сталь;0;25-30 рабочих дней;11000035;0.png;-
Конденсатоотводчик термодинамический под приварку 45с13нж DN 15 PN 4,0 МПа У1, корпус ст. 20;Конденсатоотводчики;45с13нж;-;Под приварку;-;15;40;Углеродистая сталь;0;15-20 рабочих дней;12000001;0.png;-
Конденсатоотводчик термодинамический под приварку 45с13нж DN 20 PN 4,0 МПа У1, корпус ст. 20;Конденсатоотводчики;45с13нж;-;Под приварку;-;20;40;Углеродистая сталь;0;15-20 рабочих дней;12000002;0.png;-
Конденсатоотводчик термодинамический под приварку 45с13нж DN 25 PN 4,0 МПа У1, корпус ст. 20;Конденсатоотводчики;45с13нж;-;Под приварку;-;25;40;Углеродистая сталь;0;15-20 рабочих дней;12000003;0.png;-
Конденсатоотводчик термодинамический под приварку 45с13нж DN 32 PN 4,0 МПа У1, корпус ст. 20;Конденсатоотводчики;45с13нж;-;Под приварку;-;32;40;Углеродистая сталь;0;15-20 рабочих дней;12000004;0.png;-
Конденсатоотводчик термодинамический под приварку 45с13нж DN 40 PN 4,0 МПа У1, корпус ст. 20;Конденсатоотводчики;45с13нж;-;Под приварку;-;40;40;Углеродистая сталь;0;15-20 рабочих дней;12000005;0.png;-
Конденсатоотводчик термодинамический под приварку 45с13нж DN 50 PN 4,0 МПа У1, корпус ст. 20;Конденсатоотводчики;45с13нж;-;Под приварку;-;50;40;Углеродистая сталь;0;15-20 рабочих дней;12000006;0.png;-
Конденсатоотводчик термодинамический муфтовый 45с13нж DN 15 PN 4,0 МПа У1, корпус ст. 20;Конденсатоотводчики;45с13нж;-;Под приварку;-;15;40;Углеродистая сталь;0;15-20 рабочих дней;12000007;0.png;-
Конденсатоотводчик термодинамический муфтовый 45с13нж DN 20 PN 4,0 МПа У1, корпус ст. 20;Конденсатоотводчики;45с13нж;-;Под приварку;-;20;40;Углеродистая сталь;0;15-20 рабочих дней;12000008;0.png;-
Конденсатоотводчик термодинамический муфтовый 45с13нж DN 25 PN 4,0 МПа У1, корпус ст. 20;Конденсатоотводчики;45с13нж;-;Под приварку;-;25;40;Углеродистая сталь;0;15-20 рабочих дней;12000009;0.png;-
Конденсатоотводчик термодинамический муфтовый 45с13нж DN 32 PN 4,0 МПа У1, корпус ст. 20;Конденсатоотводчики;45с13нж;-;Под приварку;-;32;40;Углеродистая сталь;0;15-20 рабочих дней;12000010;0.png;-
Конденсатоотводчик термодинамический муфтовый 45с13нж DN 40 PN 4,0 МПа У1, корпус ст. 20;Конденсатоотводчики;45с13нж;-;Под приварку;-;40;40;Углеродистая сталь;0;15-20 рабочих дней;12000011;0.png;-
Конденсатоотводчик термодинамический муфтовый 45с13нж DN 50 PN 4,0 МПа У1, корпус ст. 20;Конденсатоотводчики;45с13нж;-;Под приварку;-;50;40;Углеродистая сталь;0;15-20 рабочих дней;12000012;0.png;-
Конденсатоотводчик термодинамический фланцевый 45с13нж DN 15 PN 4,0 МПа У1, корпус ст. 20;Конденсатоотводчики;45с13нж;-;Под приварку;-;15;40;Углеродистая сталь;0;15-20 рабочих дней;12000013;0.png;-
Конденсатоотводчик термодинамический фланцевый 45с13нж DN 20 PN 4,0 МПа У1, корпус ст. 20;Конденсатоотводчики;45с13нж;-;Под приварку;-;20;40;Углеродистая сталь;0;15-20 рабочих дней;12000014;0.png;-
Конденсатоотводчик термодинамический фланцевый 45с13нж DN 25 PN 4,0 МПа У1, корпус ст. 20;Конденсатоотводчики;45с13нж;-;Под приварку;-;25;40;Углеродистая сталь;0;15-20 рабочих дней;12000015;0.png;-
Конденсатоотводчик термодинамический фланцевый 45с13нж DN 32 PN 4,0 МПа У1, корпус ст. 20;Конденсатоотводчики;45с13нж;-;Под приварку;-;32;40;Углеродистая сталь;0;15-20 рабочих дней;12000016;0.png;-
Конденсатоотводчик термодинамический фланцевый 45с13нж DN 40 PN 4,0 МПа У1, корпус ст. 20;Конденсатоотводчики;45с13нж;-;Под приварку;-;40;40;Углеродистая сталь;0;15-20 рабочих дней;12000017;0.png;-
Конденсатоотводчик термодинамический фланцевый 45с13нж DN 50 PN 4,0 МПа У1, корпус ст. 20;Конденсатоотводчики;45с13нж;-;Под приварку;-;50;40;Углеродистая сталь;0;15-20 рабочих дней;12000018;0.png;-
Конденсатоотводчик термодинамический под приварку 45нж13нж DN 15 PN 4,0 МПа УХЛ1, корпус ст. 20Х13, патрубки ст. 12Х18Н10Т;Конденсатоотводчики;45нж13нж;-;Под приварку;-;15;40;Коррозионностойкая сталь;0;15-20 рабочих дней;12000019;0.png;-
Конденсатоотводчик термодинамический под приварку 45нж13нж DN 20 PN 4,0 МПа УХЛ1, корпус ст. 20Х13, патрубки ст. 12Х18Н10Т;Конденсатоотводчики;45нж13нж;-;Под приварку;-;20;40;Коррозионностойкая сталь;0;15-20 рабочих дней;12000020;0.png;-
Конденсатоотводчик термодинамический под приварку 45нж13нж DN 25 PN 4,0 МПа УХЛ1, корпус ст. 20Х13, патрубки ст. 12Х18Н10Т;Конденсатоотводчики;45нж13нж;-;Под приварку;-;25;40;Коррозионностойкая сталь;0;15-20 рабочих дней;12000021;0.png;-
Конденсатоотводчик термодинамический под приварку 45нж13нж DN 32 PN 4,0 МПа УХЛ1, корпус ст. 20Х13, патрубки ст. 12Х18Н10Т;Конденсатоотводчики;45нж13нж;-;Под приварку;-;32;40;Коррозионностойкая сталь;0;15-20 рабочих дней;12000022;0.png;-
Конденсатоотводчик термодинамический под приварку 45нж13нж DN 40 PN 4,0 МПа УХЛ1, корпус ст. 20Х13, патрубки ст. 12Х18Н10Т;Конденсатоотводчики;45нж13нж;-;Под приварку;-;40;40;Коррозионностойкая сталь;0;15-20 рабочих дней;12000023;0.png;-
Конденсатоотводчик термодинамический под приварку 45нж13нж DN 50 PN 4,0 МПа УХЛ1, корпус ст. 20Х13, патрубки ст. 12Х18Н10Т;Конденсатоотводчики;45нж13нж;-;Под приварку;-;50;40;Коррозионностойкая сталь;0;15-20 рабочих дней;12000024;0.png;-
Конденсатоотводчик термодинамический муфтовый 45нж13нж DN 15 PN 4,0 МПа УХЛ1, корпус ст. 20Х13, патрубки ст. 12Х18Н10Т;Конденсатоотводчики;45нж13нж;-;Под приварку;-;15;40;Коррозионностойкая сталь;0;15-20 рабочих дней;12000025;0.png;-
Конденсатоотводчик термодинамический муфтовый 45нж13нж DN 20 PN 4,0 МПа УХЛ1, корпус ст. 20Х13, патрубки ст. 12Х18Н10Т;Конденсатоотводчики;45нж13нж;-;Под приварку;-;20;40;Коррозионностойкая сталь;0;15-20 рабочих дней;12000026;0.png;-
Конденсатоотводчик термодинамический муфтовый 45нж13нж DN 25 PN 4,0 МПа УХЛ1, корпус ст. 20Х13, патрубки ст. 12Х18Н10Т;Конденсатоотводчики;45нж13нж;-;Под приварку;-;25;40;Коррозионностойкая сталь;0;15-20 рабочих дней;12000027;0.png;-
Конденсатоотводчик термодинамический муфтовый 45нж13нж DN 32 PN 4,0 МПа УХЛ1, корпус ст. 20Х13, патрубки ст. 12Х18Н10Т;Конденсатоотводчики;45нж13нж;-;Под приварку;-;32;40;Коррозионностойкая сталь;0;15-20 рабочих дней;12000028;0.png;-
Конденсатоотводчик термодинамический муфтовый 45нж13нж DN 40 PN 4,0 МПа УХЛ1, корпус ст. 20Х13, патрубки ст. 12Х18Н10Т;Конденсатоотводчики;45нж13нж;-;Под приварку;-;40;40;Коррозионностойкая сталь;0;15-20 рабочих дней;12000029;0.png;-
Конденсатоотводчик термодинамический муфтовый 45нж13нж DN 50 PN 4,0 МПа УХЛ1, корпус ст. 20Х13, патрубки ст. 12Х18Н10Т;Конденсатоотводчики;45нж13нж;-;Под приварку;-;50;40;Коррозионностойкая сталь;0;15-20 рабочих дней;12000030;0.png;-
Конденсатоотводчик термодинамический фланцевый 45нж13нж DN 15 PN 4,0 МПа УХЛ1, корпус ст. 20Х13, патрубки ст. 12Х18Н10Т;Конденсатоотводчики;45нж13нж;-;Под приварку;-;15;40;Коррозионностойкая сталь;0;15-20 рабочих дней;12000031;0.png;-
Конденсатоотводчик термодинамический фланцевый 45нж13нж DN 20 PN 4,0 МПа УХЛ1, корпус ст. 20Х13, патрубки ст. 12Х18Н10Т;Конденсатоотводчики;45нж13нж;-;Под приварку;-;20;40;Коррозионностойкая сталь;0;15-20 рабочих дней;12000032;0.png;-
Конденсатоотводчик термодинамический фланцевый 45нж13нж DN 25 PN 4,0 МПа УХЛ1, корпус ст. 20Х13, патрубки ст. 12Х18Н10Т;Конденсатоотводчики;45нж13нж;-;Под приварку;-;25;40;Коррозионностойкая сталь;0;15-20 рабочих дней;12000033;0.png;-
Конденсатоотводчик термодинамический фланцевый 45нж13нж DN 32 PN 4,0 МПа УХЛ1, корпус ст. 20Х13, патрубки ст. 12Х18Н10Т;Конденсатоотводчики;45нж13нж;-;Под приварку;-;32;40;Коррозионностойкая сталь;0;15-20 рабочих дней;12000034;0.png;-
Конденсатоотводчик термодинамический фланцевый 45нж13нж DN 40 PN 4,0 МПа УХЛ1, корпус ст. 20Х13, патрубки ст. 12Х18Н10Т;Конденсатоотводчики;45нж13нж;-;Под приварку;-;40;40;Коррозионностойкая сталь;0;15-20 рабочих дней;12000035;0.png;-
Конденсатоотводчик термодинамический фланцевый 45нж13нж DN 50 PN 4,0 МПа УХЛ1, корпус ст. 20Х13, патрубки ст. 12Х18Н10Т;Конденсатоотводчики;45нж13нж;-;Под приварку;-;50;40;Коррозионностойкая сталь;0;15-20 рабочих дней;12000036;0.png;-
Конденсатоотводчик термодинамический с фильтром сетчатым под приварку 45с13нж DN 15 PN 4,0 МПа У1, корпус ст. 20;Конденсатоотводчики;45с13нж;-;Под приварку;-;15;40;Углеродистая сталь;0;15-20 рабочих дней;12000037;0.png;-
Конденсатоотводчик термодинамический с фильтром сетчатым под приварку 45с13нж DN 20 PN 4,0 МПа У1, корпус ст. 20;Конденсатоотводчики;45с13нж;-;Под приварку;-;20;40;Углеродистая сталь;0;15-20 рабочих дней;12000038;0.png;-
Конденсатоотводчик термодинамический с фильтром сетчатым под приварку 45с13нж DN 25 PN 4,0 МПа У1, корпус ст. 20;Конденсатоотводчики;45с13нж;-;Под приварку;-;25;40;Углеродистая сталь;0;15-20 рабочих дней;12000039;0.png;-
Конденсатоотводчик термодинамический с фильтром сетчатым под приварку 45с13нж DN 32 PN 4,0 МПа У1, корпус ст. 20;Конденсатоотводчики;45с13нж;-;Под приварку;-;32;40;Углеродистая сталь;0;15-20 рабочих дней;12000040;0.png;-
Конденсатоотводчик термодинамический с фильтром сетчатым под приварку 45с13нж DN 40 PN 4,0 МПа У1, корпус ст. 20;Конденсатоотводчики;45с13нж;-;Под приварку;-;40;40;Углеродистая сталь;0;15-20 рабочих дней;12000041;0.png;-
Конденсатоотводчик термодинамический с фильтром сетчатым под приварку 45с13нж DN 50 PN 4,0 МПа У1, корпус ст. 20;Конденсатоотводчики;45с13нж;-;Под приварку;-;50;40;Углеродистая сталь;0;15-20 рабочих дней;12000042;0.png;-
Конденсатоотводчик термодинамический с фильтром сетчатым муфтовый 45с13нж DN 15 PN 4,0 МПа У1, корпус ст. 20;Конденсатоотводчики;45с13нж;-;Под приварку;-;15;40;Углеродистая сталь;0;15-20 рабочих дней;12000043;0.png;-
Конденсатоотводчик термодинамический с фильтром сетчатым муфтовый 45с13нж DN 20 PN 4,0 МПа У1, корпус ст. 20;Конденсатоотводчики;45с13нж;-;Под приварку;-;20;40;Углеродистая сталь;0;15-20 рабочих дней;12000044;0.png;-
Конденсатоотводчик термодинамический с фильтром сетчатым муфтовый 45с13нж DN 25 PN 4,0 МПа У1, корпус ст. 20;Конденсатоотводчики;45с13нж;-;Под приварку;-;25;40;Углеродистая сталь;0;15-20 рабочих дней;12000045;0.png;-
Конденсатоотводчик термодинамический с фильтром сетчатым муфтовый 45с13нж DN 32 PN 4,0 МПа У1, корпус ст. 20;Конденсатоотводчики;45с13нж;-;Под приварку;-;32;40;Углеродистая сталь;0;15-20 рабочих дней;12000046;0.png;-
Конденсатоотводчик термодинамический с фильтром сетчатым муфтовый 45с13нж DN 40 PN 4,0 МПа У1, корпус ст. 20;Конденсатоотводчики;45с13нж;-;Под приварку;-;40;40;Углеродистая сталь;0;15-20 рабочих дней;12000047;0.png;-
Конденсатоотводчик термодинамический с фильтром сетчатым муфтовый 45с13нж DN 50 PN 4,0 МПа У1, корпус ст. 20;Конденсатоотводчики;45с13нж;-;Под приварку;-;50;40;Углеродистая сталь;0;15-20 рабочих дней;12000048;0.png;-
Конденсатоотводчик термодинамический с фильтром сетчатым фланцевый 45с13нж DN 15 PN 4,0 МПа У1, корпус ст. 20;Конденсатоотводчики;45с13нж;-;Под приварку;-;15;40;Углеродистая сталь;0;15-20 рабочих дней;12000049;0.png;-
Конденсатоотводчик термодинамический с фильтром сетчатым фланцевый 45с13нж DN 20 PN 4,0 МПа У1, корпус ст. 20;Конденсатоотводчики;45с13нж;-;Под приварку;-;20;40;Углеродистая сталь;0;15-20 рабочих дней;12000050;0.png;-
Конденсатоотводчик термодинамический с фильтром сетчатым фланцевый 45с13нж DN 25 PN 4,0 МПа У1, корпус ст. 20;Конденсатоотводчики;45с13нж;-;Под приварку;-;25;40;Углеродистая сталь;0;15-20 рабочих дней;12000051;0.png;-
Конденсатоотводчик термодинамический с фильтром сетчатым фланцевый 45с13нж DN 32 PN 4,0 МПа У1, корпус ст. 20;Конденсатоотводчики;45с13нж;-;Под приварку;-;32;40;Углеродистая сталь;0;15-20 рабочих дней;12000052;0.png;-
Конденсатоотводчик термодинамический с фильтром сетчатым фланцевый 45с13нж DN 40 PN 4,0 МПа У1, корпус ст. 20;Конденсатоотводчики;45с13нж;-;Под приварку;-;40;40;Углеродистая сталь;0;15-20 рабочих дней;12000053;0.png;-
Конденсатоотводчик термодинамический с фильтром сетчатым фланцевый 45с13нж DN 50 PN 4,0 МПа У1, корпус ст. 20;Конденсатоотводчики;45с13нж;-;Под приварку;-;50;40;Углеродистая сталь;0;15-20 рабочих дней;12000054;0.png;-
Конденсатоотводчик термодинамический с фильтром сетчатым под приварку 45нж13нж DN 15 PN 4,0 МПа УХЛ1, корпус ст. 20Х13, патрубки ст. 12Х18Н10Т;Конденсатоотводчики;45нж13нж;-;Под приварку;-;15;40;Коррозионностойкая сталь;0;15-20 рабочих дней;12000055;0.png;-
Конденсатоотводчик термодинамический с фильтром сетчатым под приварку 45нж13нж DN 20 PN 4,0 МПа УХЛ1, корпус ст. 20Х13, патрубки ст. 12Х18Н10Т;Конденсатоотводчики;45нж13нж;-;Под приварку;-;20;40;Коррозионностойкая сталь;0;15-20 рабочих дней;12000056;0.png;-
Конденсатоотводчик термодинамический с фильтром сетчатым под приварку 45нж13нж DN 25 PN 4,0 МПа УХЛ1, корпус ст. 20Х13, патрубки ст. 12Х18Н10Т;Конденсатоотводчики;45нж13нж;-;Под приварку;-;25;40;Коррозионностойкая сталь;0;15-20 рабочих дней;12000057;0.png;-
Конденсатоотводчик термодинамический с фильтром сетчатым под приварку 45нж13нж DN 32 PN 4,0 МПа УХЛ1, корпус ст. 20Х13, патрубки ст. 12Х18Н10Т;Конденсатоотводчики;45нж13нж;-;Под приварку;-;32;40;Коррозионностойкая сталь;0;15-20 рабочих дней;12000058;0.png;-
Конденсатоотводчик термодинамический с фильтром сетчатым под приварку 45нж13нж DN 40 PN 4,0 МПа УХЛ1, корпус ст. 20Х13, патрубки ст. 12Х18Н10Т;Конденсатоотводчики;45нж13нж;-;Под приварку;-;40;40;Коррозионностойкая сталь;0;15-20 рабочих дней;12000059;0.png;-
Конденсатоотводчик термодинамический с фильтром сетчатым под приварку 45нж13нж DN 50 PN 4,0 МПа УХЛ1, корпус ст. 20Х13, патрубки ст. 12Х18Н10Т;Конденсатоотводчики;45нж13нж;-;Под приварку;-;50;40;Коррозионностойкая сталь;0;15-20 рабочих дней;12000060;0.png;-
Конденсатоотводчик термодинамический с фильтром сетчатым муфтовый 45нж13нж DN 15 PN 4,0 МПа УХЛ1, корпус ст. 20Х13, патрубки ст. 12Х18Н10Т;Конденсатоотводчики;45нж13нж;-;Под приварку;-;15;40;Коррозионностойкая сталь;0;15-20 рабочих дней;12000061;0.png;-
Конденсатоотводчик термодинамический с фильтром сетчатым муфтовый 45нж13нж DN 20 PN 4,0 МПа УХЛ1, корпус ст. 20Х13, патрубки ст. 12Х18Н10Т;Конденсатоотводчики;45нж13нж;-;Под приварку;-;20;40;Коррозионностойкая сталь;0;15-20 рабочих дней;12000062;0.png;-
Конденсатоотводчик термодинамический с фильтром сетчатым муфтовый 45нж13нж DN 25 PN 4,0 МПа УХЛ1, корпус ст. 20Х13, патрубки ст. 12Х18Н10Т;Конденсатоотводчики;45нж13нж;-;Под приварку;-;25;40;Коррозионностойкая сталь;0;15-20 рабочих дней;12000063;0.png;-
Конденсатоотводчик термодинамический с фильтром сетчатым муфтовый 45нж13нж DN 32 PN 4,0 МПа УХЛ1, корпус ст. 20Х13, патрубки ст. 12Х18Н10Т;Конденсатоотводчики;45нж13нж;-;Под приварку;-;32;40;Коррозионностойкая сталь;0;15-20 рабочих дней;12000064;0.png;-
Конденсатоотводчик термодинамический с фильтром сетчатым муфтовый 45нж13нж DN 40 PN 4,0 МПа УХЛ1, корпус ст. 20Х13, патрубки ст. 12Х18Н10Т;Конденсатоотводчики;45нж13нж;-;Под приварку;-;40;40;Коррозионностойкая сталь;0;15-20 рабочих дней;12000065;0.png;-
Конденсатоотводчик термодинамический с фильтром сетчатым муфтовый 45нж13нж DN 50 PN 4,0 МПа УХЛ1, корпус ст. 20Х13, патрубки ст. 12Х18Н10Т;Конденсатоотводчики;45нж13нж;-;Под приварку;-;50;40;Коррозионностойкая сталь;0;15-20 рабочих дней;12000066;0.png;-
Конденсатоотводчик термодинамический с фильтром сетчатым фланцевый 45нж13нж DN 15 PN 4,0 МПа УХЛ1, корпус ст. 20Х13, патрубки ст. 12Х18Н10Т;Конденсатоотводчики;45нж13нж;-;Под приварку;-;15;40;Коррозионностойкая сталь;0;15-20 рабочих дней;12000067;0.png;-
Конденсатоотводчик термодинамический с фильтром сетчатым фланцевый 45нж13нж DN 20 PN 4,0 МПа УХЛ1, корпус ст. 20Х13, патрубки ст. 12Х18Н10Т;Конденсатоотводчики;45нж13нж;-;Под приварку;-;20;40;Коррозионностойкая сталь;0;15-20 рабочих дней;12000068;0.png;-
Конденсатоотводчик термодинамический с фильтром сетчатым фланцевый 45нж13нж DN 25 PN 4,0 МПа УХЛ1, корпус ст. 20Х13, патрубки ст. 12Х18Н10Т;Конденсатоотводчики;45нж13нж;-;Под приварку;-;25;40;Коррозионностойкая сталь;0;15-20 рабочих дней;12000069;0.png;-
Конденсатоотводчик термодинамический с фильтром сетчатым фланцевый 45нж13нж DN 32 PN 4,0 МПа УХЛ1, корпус ст. 20Х13, патрубки ст. 12Х18Н10Т;Конденсатоотводчики;45нж13нж;-;Под приварку;-;32;40;Коррозионностойкая сталь;0;15-20 рабочих дней;12000070;0.png;-
Конденсатоотводчик термодинамический с фильтром сетчатым фланцевый 45нж13нж DN 40 PN 4,0 МПа УХЛ1, корпус ст. 20Х13, патрубки ст. 12Х18Н10Т;Конденсатоотводчики;45нж13нж;-;Под приварку;-;40;40;Коррозионностойкая сталь;0;15-20 рабочих дней;12000071;0.png;-
Конденсатоотводчик термодинамический с фильтром сетчатым фланцевый 45нж13нж DN 50 PN 4,0 МПа УХЛ1, корпус ст. 20Х13, патрубки ст. 12Х18Н10Т;Конденсатоотводчики;45нж13нж;-;Под приварку;-;50;40;Коррозионностойкая сталь;0;15-20 рабочих дней;12000072;0.png;-
Затвор дисковый поворотный с футерованным диском и корпусом межфланцевый с гладкими проушинами двусторонний ручной ФДК.МФГП.ДС.Р.040.010.05.01.01.У1 DN 40 PN 1,0 МПа, уплотнение - PTFE, корпус - углеродистая сталь 20Л, диск - углеродистая сталь 20Л, класс герметичности «А» по ГОСТ 9544-2015;Затворы;-;С футерованным диском и корпусом;Межфланцевое с гладкими проушинами;Ручной;40;10;Углеродистая сталь 20Л;0;70 рабочих дней;13000001;0.png;PTFE
Затвор дисковый поворотный с футерованным диском и корпусом межфланцевый с гладкими проушинами двусторонний ручной ФДК.МФГП.ДС.Р.050.010.05.01.01.У1 DN 50 PN 1,0 МПа, уплотнение - PTFE, корпус - углеродистая сталь 20Л, диск - углеродистая сталь 20Л, класс герметичности «А» по ГОСТ 9544-2015;Затворы;-;С футерованным диском и корпусом;Межфланцевое с гладкими проушинами;Ручной;50;10;Углеродистая сталь 20Л;0;70 рабочих дней;13000002;0.png;PTFE
Затвор дисковый поворотный с футерованным диском и корпусом межфланцевый с гладкими проушинами двусторонний ручной ФДК.МФГП.ДС.Р.065.010.05.01.01.У1 DN 65 PN 1,0 МПа, уплотнение - PTFE, корпус - углеродистая сталь 20Л, диск - углеродистая сталь 20Л, класс герметичности «А» по ГОСТ 9544-2015;Затворы;-;С футерованным диском и корпусом;Межфланцевое с гладкими проушинами;Ручной;65;10;Углеродистая сталь 20Л;0;70 рабочих дней;13000003;0.png;PTFE
Затвор дисковый поворотный с футерованным диском и корпусом межфланцевый с гладкими проушинами двусторонний ручной ФДК.МФГП.ДС.Р.080.010.05.01.01.У1 DN 80 PN 1,0 МПа, уплотнение - PTFE, корпус - углеродистая сталь 20Л, диск - углеродистая сталь 20Л, класс герметичности «А» по ГОСТ 9544-2015;Затворы;-;С футерованным диском и корпусом;Межфланцевое с гладкими проушинами;Ручной;80;10;Углеродистая сталь 20Л;0;70 рабочих дней;13000004;0.png;PTFE
Затвор дисковый поворотный с футерованным диском и корпусом межфланцевый с гладкими проушинами двусторонний ручной ФДК.МФГП.ДС.Р.100.010.05.01.01.У1 DN 100 PN 1,0 МПа, уплотнение - PTFE, корпус - углеродистая сталь 20Л, диск - углеродистая сталь 20Л, класс герметичности «А» по ГОСТ 9544-2015;Затворы;-;С футерованным диском и корпусом;Межфланцевое с гладкими проушинами;Ручной;100;10;Углеродистая сталь 20Л;0;70 рабочих дней;13000005;0.png;PTFE
Затвор дисковый поворотный с футерованным диском и корпусом межфланцевый с гладкими проушинами двусторонний ручной ФДК.МФГП.ДС.Р.125.010.05.01.01.У1 DN 125 PN 1,0 МПа, уплотнение - PTFE, корпус - углеродистая сталь 20Л, диск - углеродистая сталь 20Л, класс герметичности «А» по ГОСТ 9544-2015;Затворы;-;С футерованным диском и корпусом;Межфланцевое с гладкими проушинами;Ручной;125;10;Углеродистая сталь 20Л;0;70 рабочих дней;13000006;0.png;PTFE
Затвор дисковый поворотный с футерованным диском и корпусом межфланцевый с гладкими проушинами двусторонний ручной ФДК.МФГП.ДС.Р.150.010.05.01.01.У1 DN 150 PN 1,0 МПа, уплотнение - PTFE, корпус - углеродистая сталь 20Л, диск - углеродистая сталь 20Л, класс герметичности «А» по ГОСТ 9544-2015;Затворы;-;С футерованным диском и корпусом;Межфланцевое с гладкими проушинами;Ручной;150;10;Углеродистая сталь 20Л;0;70 рабочих дней;13000007;0.png;PTFE
Затвор дисковый поворотный с футерованным диском и корпусом межфланцевый с гладкими проушинами двусторонний с редуктором ФДК.МФГП.ДС.РД.200.010.05.01.01.У1 DN 200 PN 1,0 МПа, уплотнение - PTFE, корпус - углеродистая сталь 20Л, диск - углеродистая сталь 20Л, класс герметичности «А» по ГОСТ 9544-2015;Затворы;-;С футерованным диском и корпусом;Межфланцевое с гладкими проушинами;Редукторный;200;10;Углеродистая сталь 20Л;0;70 рабочих дней;13000008;0.png;PTFE
Затвор дисковый поворотный с футерованным диском и корпусом межфланцевый с гладкими проушинами двусторонний с редуктором ФДК.МФГП.ДС.РД.250.010.05.01.01.У1 DN 250 PN 1,0 МПа, уплотнение - PTFE, корпус - углеродистая сталь 20Л, диск - углеродистая сталь 20Л, класс герметичности «А» по ГОСТ 9544-2015;Затворы;-;С футерованным диском и корпусом;Межфланцевое с гладкими проушинами;Редукторный;250;10;Углеродистая сталь 20Л;0;70 рабочих дней;13000009;0.png;PTFE
Затвор дисковый поворотный с футерованным диском и корпусом межфланцевый с гладкими проушинами двусторонний с редуктором ФДК.МФГП.ДС.РД.300.010.05.01.01.У1 DN 300 PN 1,0 МПа, уплотнение - PTFE, корпус - углеродистая сталь 20Л, диск - углеродистая сталь 20Л, класс герметичности «А» по ГОСТ 9544-2015;Затворы;-;С футерованным диском и корпусом;Межфланцевое с гладкими проушинами;Редукторный;300;10;Углеродистая сталь 20Л;0;70 рабочих дней;13000010;0.png;PTFE
Затвор дисковый поворотный с футерованным диском и корпусом межфланцевый с гладкими проушинами двусторонний с редуктором ФДК.МФГП.ДС.РД.350.010.05.01.01.У1 DN 350 PN 1,0 МПа, уплотнение - PTFE, корпус - углеродистая сталь 20Л, диск - углеродистая сталь 20Л, класс герметичности «А» по ГОСТ 9544-2015;Затворы;-;С футерованным диском и корпусом;Межфланцевое с гладкими проушинами;Редукторный;350;10;Углеродистая сталь 20Л;0;70 рабочих дней;13000011;0.png;PTFE
Затвор дисковый поворотный с футерованным диском и корпусом межфланцевый с гладкими проушинами двусторонний с редуктором ФДК.МФГП.ДС.РД.400.010.05.01.01.У1 DN 400 PN 1,0 МПа, уплотнение - PTFE, корпус - углеродистая сталь 20Л, диск - углеродистая сталь 20Л, класс герметичности «А» по ГОСТ 9544-2015;Затворы;-;С футерованным диском и корпусом;Межфланцевое с гладкими проушинами;Редукторный;400;10;Углеродистая сталь 20Л;0;70 рабочих дней;13000012;0.png;PTFE
Затвор дисковый поворотный с футерованным диском и корпусом межфланцевый с гладкими проушинами двусторонний с редуктором ФДК.МФГП.ДС.РД.450.010.05.01.01.У1 DN 450 PN 1,0 МПа, уплотнение - PTFE, корпус - углеродистая сталь 20Л, диск - углеродистая сталь 20Л, класс герметичности «А» по ГОСТ 9544-2015;Затворы;-;С футерованным диском и корпусом;Межфланцевое с гладкими проушинами;Редукторный;450;10;Углеродистая сталь 20Л;0;70 рабочих дней;13000013;0.png;PTFE
Затвор дисковый поворотный с футерованным диском и корпусом межфланцевый с гладкими проушинами двусторонний с редуктором ФДК.МФГП.ДС.РД.500.010.05.01.01.У1 DN 500 PN 1,0 МПа, уплотнение - PTFE, корпус - углеродистая сталь 20Л, диск - углеродистая сталь 20Л, класс герметичности «А» по ГОСТ 9544-2015;Затворы;-;С футерованным диском и корпусом;Межфланцевое с гладкими проушинами;Редукторный;500;10;Углеродистая сталь 20Л;0;70 рабочих дней;13000014;0.png;PTFE
Затвор дисковый поворотный с футерованным диском и корпусом межфланцевый с гладкими проушинами двусторонний с редуктором ФДК.МФГП.ДС.РД.600.010.05.01.01.У1 DN 600 PN 1,0 МПа, уплотнение - PTFE, корпус - углеродистая сталь 20Л, диск - углеродистая сталь 20Л, класс герметичности «А» по ГОСТ 9544-2015;Затворы;-;С футерованным диском и корпусом;Межфланцевое с гладкими проушинами;Редукторный;600;10;Углеродистая сталь 20Л;0;70 рабочих дней;13000015;0.png;PTFE
Затвор дисковый поворотный с футерованным диском и корпусом межфланцевый с гладкими проушинами двусторонний ручной ФДК.МФГП.ДС.Р.040.016.05.01.01.У1 DN 40 PN 1,6 МПа, уплотнение - PTFE, корпус - углеродистая сталь 20Л, диск - углеродистая сталь 20Л, класс герметичности «А» по ГОСТ 9544-2015;Затворы;-;С футерованным диском и корпусом;Межфланцевое с гладкими проушинами;Ручной;40;16;Углеродистая сталь 20Л;0;70 рабочих дней;13000016;0.png;PTFE
Затвор дисковый поворотный с футерованным диском и корпусом межфланцевый с гладкими проушинами двусторонний ручной ФДК.МФГП.ДС.Р.050.016.05.01.01.У1 DN 50 PN 1,6 МПа, уплотнение - PTFE, корпус - углеродистая сталь 20Л, диск - углеродистая сталь 20Л, класс герметичности «А» по ГОСТ 9544-2015;Затворы;-;С футерованным диском и корпусом;Межфланцевое с гладкими проушинами;Ручной;50;16;Углеродистая сталь 20Л;0;70 рабочих дней;13000017;0.png;PTFE
Затвор дисковый поворотный с футерованным диском и корпусом межфланцевый с гладкими проушинами двусторонний ручной ФДК.МФГП.ДС.Р.065.016.05.01.01.У1 DN 65 PN 1,6 МПа, уплотнение - PTFE, корпус - углеродистая сталь 20Л, диск - углеродистая сталь 20Л, класс герметичности «А» по ГОСТ 9544-2015;Затворы;-;С футерованным диском и корпусом;Межфланцевое с гладкими проушинами;Ручной;65;16;Углеродистая сталь 20Л;0;70 рабочих дней;13000018;0.png;PTFE
Затвор дисковый поворотный с футерованным диском и корпусом межфланцевый с гладкими проушинами двусторонний ручной ФДК.МФГП.ДС.Р.080.016.05.01.01.У1 DN 80 PN 1,6 МПа, уплотнение - PTFE, корпус - углеродистая сталь 20Л, диск - углеродистая сталь 20Л, класс герметичности «А» по ГОСТ 9544-2015;Затворы;-;С футерованным диском и корпусом;Межфланцевое с гладкими проушинами;Ручной;80;16;Углеродистая сталь 20Л;0;70 рабочих дней;13000019;0.png;PTFE
Затвор дисковый поворотный с футерованным диском и корпусом межфланцевый с гладкими проушинами двусторонний ручной ФДК.МФГП.ДС.Р.100.016.05.01.01.У1 DN 100 PN 1,6 МПа, уплотнение - PTFE, корпус - углеродистая сталь 20Л, диск - углеродистая сталь 20Л, класс герметичности «А» по ГОСТ 9544-2015;Затворы;-;С футерованным диском и корпусом;Межфланцевое с гладкими проушинами;Ручной;100;16;Углеродистая сталь 20Л;0;70 рабочих дней;13000020;0.png;PTFE
Затвор дисковый поворотный с футерованным диском и корпусом межфланцевый с гладкими проушинами двусторонний ручной ФДК.МФГП.ДС.Р.125.016.05.01.01.У1 DN 125 PN 1,6 МПа, уплотнение - PTFE, корпус - углеродистая сталь 20Л, диск - углеродистая сталь 20Л, класс герметичности «А» по ГОСТ 9544-2015;Затворы;-;С футерованным диском и корпусом;Межфланцевое с гладкими проушинами;Ручной;125;16;Углеродистая сталь 20Л;0;70 рабочих дней;13000021;0.png;PTFE
Затвор дисковый поворотный с футерованным диском и корпусом межфланцевый с гладкими проушинами двусторонний ручной ФДК.МФГП.ДС.Р.150.016.05.01.01.У1 DN 150 PN 1,6 МПа, уплотнение - PTFE, корпус - углеродистая сталь 20Л, диск - углеродистая сталь 20Л, класс герметичности «А» по ГОСТ 9544-2015;Затворы;-;С футерованным диском и корпусом;Межфланцевое с гладкими проушинами;Ручной;150;16;Углеродистая сталь 20Л;0;70 рабочих дней;13000022;0.png;PTFE
Затвор дисковый поворотный с футерованным диском и корпусом межфланцевый с гладкими проушинами двусторонний с редуктором ФДК.МФГП.ДС.РД.200.016.05.01.01.У1 DN 200 PN 1,6 МПа, уплотнение - PTFE, корпус - углеродистая сталь 20Л, диск - углеродистая сталь 20Л, класс герметичности «А» по ГОСТ 9544-2015;Затворы;-;С футерованным диском и корпусом;Межфланцевое с гладкими проушинами;Редукторный;200;16;Углеродистая сталь 20Л;0;70 рабочих дней;13000023;0.png;PTFE
Затвор дисковый поворотный с футерованным диском и корпусом межфланцевый с гладкими проушинами двусторонний с редуктором ФДК.МФГП.ДС.РД.250.016.05.01.01.У1 DN 250 PN 1,6 МПа, уплотнение - PTFE, корпус - углеродистая сталь 20Л, диск - углеродистая сталь 20Л, класс герметичности «А» по ГОСТ 9544-2015;Затворы;-;С футерованным диском и корпусом;Межфланцевое с гладкими проушинами;Редукторный;250;16;Углеродистая сталь 20Л;0;70 рабочих дней;13000024;0.png;PTFE
Затвор дисковый поворотный с футерованным диском и корпусом межфланцевый с гладкими проушинами двусторонний с редуктором ФДК.МФГП.ДС.РД.300.016.05.01.01.У1 DN 300 PN 1,6 МПа, уплотнение - PTFE, корпус - углеродистая сталь 20Л, диск - углеродистая сталь 20Л, класс герметичности «А» по ГОСТ 9544-2015;Затворы;-;С футерованным диском и корпусом;Межфланцевое с гладкими проушинами;Редукторный;300;16;Углеродистая сталь 20Л;0;70 рабочих дней;13000025;0.png;PTFE
Затвор дисковый поворотный с футерованным диском и корпусом межфланцевый с гладкими проушинами двусторонний с редуктором ФДК.МФГП.ДС.РД.350.016.05.01.01.У1 DN 350 PN 1,6 МПа, уплотнение - PTFE, корпус - углеродистая сталь 20Л, диск - углеродистая сталь 20Л, класс герметичности «А» по ГОСТ 9544-2015;Затворы;-;С футерованным диском и корпусом;Межфланцевое с гладкими проушинами;Редукторный;350;16;Углеродистая сталь 20Л;0;70 рабочих дней;13000026;0.png;PTFE
Затвор дисковый поворотный с футерованным диском и корпусом межфланцевый с гладкими проушинами двусторонний с редуктором ФДК.МФГП.ДС.РД.400.016.05.01.01.У1 DN 400 PN 1,6 МПа, уплотнение - PTFE, корпус - углеродистая сталь 20Л, диск - углеродистая сталь 20Л, класс герметичности «А» по ГОСТ 9544-2015;Затворы;-;С футерованным диском и корпусом;Межфланцевое с гладкими проушинами;Редукторный;400;16;Углеродистая сталь 20Л;0;70 рабочих дней;13000027;0.png;PTFE
Затвор дисковый поворотный с футерованным диском и корпусом межфланцевый с гладкими проушинами двусторонний с редуктором ФДК.МФГП.ДС.РД.450.016.05.01.01.У1 DN 450 PN 1,6 МПа, уплотнение - PTFE, корпус - углеродистая сталь 20Л, диск - углеродистая сталь 20Л, класс герметичности «А» по ГОСТ 9544-2015;Затворы;-;С футерованным диском и корпусом;Межфланцевое с гладкими проушинами;Редукторный;450;16;Углеродистая сталь 20Л;0;70 рабочих дней;13000028;0.png;PTFE
Затвор дисковый поворотный с футерованным диском и корпусом межфланцевый с гладкими проушинами двусторонний с редуктором ФДК.МФГП.ДС.РД.500.016.05.01.01.У1 DN 500 PN 1,6 МПа, уплотнение - PTFE, корпус - углеродистая сталь 20Л, диск - углеродистая сталь 20Л, класс герметичности «А» по ГОСТ 9544-2015;Затворы;-;С футерованным диском и корпусом;Межфланцевое с гладкими проушинами;Редукторный;500;16;Углеродистая сталь 20Л;0;70 рабочих дней;13000029;0.png;PTFE
Затвор дисковый поворотный с футерованным диском и корпусом межфланцевый с гладкими проушинами двусторонний с редуктором ФДК.МФГП.ДС.РД.600.016.05.01.01.У1 DN 600 PN 1,6 МПа, уплотнение - PTFE, корпус - углеродистая сталь 20Л, диск - углеродистая сталь 20Л, класс герметичности «А» по ГОСТ 9544-2015;Затворы;-;С футерованным диском и корпусом;Межфланцевое с гладкими проушинами;Редукторный;600;16;Углеродистая сталь 20Л;0;70 рабочих дней;13000030;0.png;PTFE
Затвор дисковый поворотный с футерованным диском и корпусом межфланцевый с гладкими проушинами двусторонний ручной ФДК.МФГП.ДС.Р.040.010.05.01.04.У1 DN 40 PN 1,0 МПа, уплотнение - PTFE, корпус - углеродистая сталь 20Л, диск - коррозионностойкая сталь с содержанием молибдена CF8M, класс герметичности «А» по ГОСТ 9544-2015;Затворы;-;С футерованным диском и корпусом;Межфланцевое с гладкими проушинами;Ручной;40;10;Углеродистая сталь 20Л;0;70 рабочих дней;13000031;0.png;PTFE
Затвор дисковый поворотный с футерованным диском и корпусом межфланцевый с гладкими проушинами двусторонний ручной ФДК.МФГП.ДС.Р.050.010.05.01.04.У1 DN 50 PN 1,0 МПа, уплотнение - PTFE, корпус - углеродистая сталь 20Л, диск - коррозионностойкая сталь с содержанием молибдена CF8M, класс герметичности «А» по ГОСТ 9544-2015;Затворы;-;С футерованным диском и корпусом;Межфланцевое с гладкими проушинами;Ручной;50;10;Углеродистая сталь 20Л;0;70 рабочих дней;13000032;0.png;PTFE
Затвор дисковый поворотный с футерованным диском и корпусом межфланцевый с гладкими проушинами двусторонний ручной ФДК.МФГП.ДС.Р.065.010.05.01.04.У1 DN 65 PN 1,0 МПа, уплотнение - PTFE, корпус - углеродистая сталь 20Л, диск - коррозионностойкая сталь с содержанием молибдена CF8M, класс герметичности «А» по ГОСТ 9544-2015;Затворы;-;С футерованным диском и корпусом;Межфланцевое с гладкими проушинами;Ручной;65;10;Углеродистая сталь 20Л;0;70 рабочих дней;13000033;0.png;PTFE
Затвор дисковый поворотный с футерованным диском и корпусом межфланцевый с гладкими проушинами двусторонний ручной ФДК.МФГП.ДС.Р.080.010.05.01.04.У1 DN 80 PN 1,0 МПа, уплотнение - PTFE, корпус - углеродистая сталь 20Л, диск - коррозионностойкая сталь с содержанием молибдена CF8M, класс герметичности «А» по ГОСТ 9544-2015;Затворы;-;С футерованным диском и корпусом;Межфланцевое с гладкими проушинами;Ручной;80;10;Углеродистая сталь 20Л;0;70 рабочих дней;13000034;0.png;PTFE
Затвор дисковый поворотный с футерованным диском и корпусом межфланцевый с гладкими проушинами двусторонний ручной ФДК.МФГП.ДС.Р.100.010.05.01.04.У1 DN 100 PN 1,0 МПа, уплотнение - PTFE, корпус - углеродистая сталь 20Л, диск - коррозионностойкая сталь с содержанием молибдена CF8M, класс герметичности «А» по ГОСТ 9544-2015;Затворы;-;С футерованным диском и корпусом;Межфланцевое с гладкими проушинами;Ручной;100;10;Углеродистая сталь 20Л;0;70 рабочих дней;13000035;0.png;PTFE
Затвор дисковый поворотный с двойным эксцентриситетом фланцевый двусторонний с редуктором ДЭФ.Ф.ДС.РД.100.025.05.03.04.УХЛ1 DN 100 PN 2,5 МПа, уплотнение - PTFE, корпус - коррозионностойкая сталь CF8, диск - коррозионностойкая сталь с содержанием молибдена CF8M, класс герметичности «А» по ГОСТ 9544-2015;Затворы;-;С двойным эксцентриситетом;Фланцевое;Редукторный;100;25;Коррозионностойкая сталь CF8;0;70 рабочих дней;13010185;0.png;PTFE
Затвор дисковый поворотный с двойным эксцентриситетом фланцевый двусторонний с редуктором ДЭФ.Ф.ДС.РД.125.025.05.03.04.УХЛ1 DN 125 PN 2,5 МПа, уплотнение - PTFE, корпус - коррозионностойкая сталь CF8, диск - коррозионностойкая сталь с содержанием молибдена CF8M, класс герметичности «А» по ГОСТ 9544-2015;Затворы;-;С двойным эксцентриситетом;Фланцевое;Редукторный;125;25;Коррозионностойкая сталь CF8;0;70 рабочих дней;13010186;0.png;PTFE
Затвор дисковый поворотный с двойным эксцентриситетом фланцевый двусторонний с редуктором ДЭФ.Ф.ДС.РД.150.025.05.03.04.УХЛ1 DN 150 PN 2,5 МПа, уплотнение - PTFE, корпус - коррозионностойкая сталь CF8, диск - коррозионностойкая сталь с содержанием молибдена CF8M, класс герметичности «А» по ГОСТ 9544-2015;Затворы;-;С двойным эксцентриситетом;Фланцевое;Редукторный;150;25;Коррозионностойкая сталь CF8;0;70 рабочих дней;13010187;0.png;PTFE
Затвор дисковый поворотный с двойным эксцентриситетом фланцевый двусторонний с редуктором ДЭФ.Ф.ДС.РД.200.025.05.03.04.УХЛ1 DN 200 PN 2,5 МПа, уплотнение - PTFE, корпус - коррозионностойкая сталь CF8, диск - коррозионностойкая сталь с содержанием молибдена CF8M, класс герметичности «А» по ГОСТ 9544-2015;Затворы;-;С двойным эксцентриситетом;Фланцевое;Редукторный;200;25;Коррозионностойкая сталь CF8;0;70 рабочих дней;13010188;0.png;PTFE
Затвор дисковый поворотный с двойным эксцентриситетом фланцевый двусторонний с редуктором ДЭФ.Ф.ДС.РД.250.025.05.03.04.УХЛ1 DN 250 PN 2,5 МПа, уплотнение - PTFE, корпус - коррозионностойкая сталь CF8, диск - коррозионностойкая сталь с содержанием молибдена CF8M, класс герметичности «А» по ГОСТ 9544-2015;Затворы;-;С двойным эксцентриситетом;Фланцевое;Редукторный;250;25;Коррозионностойкая сталь CF8;0;70 рабочих дней;13010189;0.png;PTFE
Затвор дисковый поворотный с двойным эксцентриситетом фланцевый двусторонний с редуктором ДЭФ.Ф.ДС.РД.300.025.05.03.04.УХЛ1 DN 300 PN 2,5 МПа, уплотнение - PTFE, корпус - коррозионностойкая сталь CF8, диск - коррозионностойкая сталь с содержанием молибдена CF8M, класс герметичности «А» по ГОСТ 9544-2015;Затворы;-;С двойным эксцентриситетом;Фланцевое;Редукторный;300;25;Коррозионностойкая сталь CF8;0;70 рабочих дней;13010190;0.png;PTFE
Затвор дисковый поворотный с двойным эксцентриситетом фланцевый двусторонний с редуктором ДЭФ.Ф.ДС.РД.350.025.05.03.04.УХЛ1 DN 350 PN 2,5 МПа, уплотнение - PTFE, корпус - коррозионностойкая сталь CF8, диск - коррозионностойкая сталь с содержанием молибдена CF8M, класс герметичности «А» по ГОСТ 9544-2015;Затворы;-;С двойным эксцентриситетом;Фланцевое;Редукторный;350;25;Коррозионностойкая сталь CF8;0;70 рабочих дней;13010191;0.png;PTFE
Затвор дисковый поворотный с двойным эксцентриситетом фланцевый двусторонний с редуктором ДЭФ.Ф.ДС.РД.400.025.05.03.04.УХЛ1 DN 400 PN 2,5 МПа, уплотнение - PTFE, корпус - коррозионностойкая сталь CF8, диск - коррозионностойкая сталь с содержанием молибдена CF8M, класс герметичности «А» по ГОСТ 9544-2015;Затворы;-;С двойным эксцентриситетом;Фланцевое;Редукторный;400;25;Коррозионностойкая сталь CF8;0;70 рабочих дней;13010192;0.png;PTFE
Затвор дисковый поворотный с двойным эксцентриситетом фланцевый двусторонний с редуктором ДЭФ.Ф.ДС.РД.450.025.05.03.04.УХЛ1 DN 450 PN 2,5 МПа, уплотнение - PTFE, корпус - коррозионностойкая сталь CF8, диск - коррозионностойкая сталь с содержанием молибдена CF8M, класс герметичности «А» по ГОСТ 9544-2015;Затворы;-;С двойным эксцентриситетом;Фланцевое;Редукторный;450;25;Коррозионностойкая сталь CF8;0;70 рабочих дней;13010193;0.png;PTFE
Затвор дисковый поворотный с двойным эксцентриситетом фланцевый двусторонний с редуктором ДЭФ.Ф.ДС.РД.500.025.05.03.04.УХЛ1 DN 500 PN 2,5 МПа, уплотнение - PTFE, корпус - коррозионностойкая сталь CF8, диск - коррозионностойкая сталь с содержанием молибдена CF8M, класс герметичности «А» по ГОСТ 9544-2015;Затворы;-;С двойным эксцентриситетом;Фланцевое;Редукторный;500;25;Коррозионностойкая сталь CF8;0;70 рабочих дней;13010194;0.png;PTFE
Затвор дисковый поворотный с двойным эксцентриситетом фланцевый двусторонний с редуктором ДЭФ.Ф.ДС.РД.600.025.05.03.04.УХЛ1 DN 600 PN 2,5 МПа, уплотнение - PTFE, корпус - коррозионностойкая сталь CF8, диск - коррозионностойкая сталь с содержанием молибдена CF8M, класс герметичности «А» по ГОСТ 9544-2015;Затворы;-;С двойным эксцентриситетом;Фланцевое;Редукторный;600;25;Коррозионностойкая сталь CF8;0;70 рабочих дней;13010195;0.png;PTFE
Затвор дисковый поворотный с двойным эксцентриситетом фланцевый двусторонний с редуктором ДЭФ.Ф.ДС.РД.700.025.05.03.04.УХЛ1 DN 700 PN 2,5 МПа, уплотнение - PTFE, корпус - коррозионностойкая сталь CF8, диск - коррозионностойкая сталь с содержанием молибдена CF8M, класс герметичности «А» по ГОСТ 9544-2015;Затворы;-;С двойным эксцентриситетом;Фланцевое;Редукторный;700;25;Коррозионностойкая сталь CF8;0;70 рабочих дней;13010196;0.png;PTFE
Затвор дисковый поворотный с двойным эксцентриситетом фланцевый двусторонний с редуктором ДЭФ.Ф.ДС.РД.800.025.05.03.04.УХЛ1 DN 800 PN 2,5 МПа, уплотнение - PTFE, корпус - коррозионностойкая сталь CF8, диск - коррозионностойкая сталь с содержанием молибдена CF8M, класс герметичности «А» по ГОСТ 9544-2015;Затворы;-;С двойным эксцентриситетом;Фланцевое;Редукторный;800;25;Коррозионностойкая сталь CF8;0;70 рабочих дней;13010197;0.png;PTFE
Затвор дисковый поворотный с двойным эксцентриситетом фланцевый двусторонний с редуктором ДЭФ.Ф.ДС.РД.900.025.05.03.04.УХЛ1 DN 900 PN 2,5 МПа, уплотнение - PTFE, корпус - коррозионностойкая сталь CF8, диск - коррозионностойкая сталь с содержанием молибдена CF8M, класс герметичности «А» по ГОСТ 9544-2015;Затворы;-;С двойным эксцентриситетом;Фланцевое;Редукторный;900;25;Коррозионностойкая сталь CF8;0;70 рабочих дней;13010198;0.png;PTFE
Затвор дисковый поворотный с двойным эксцентриситетом фланцевый двусторонний с редуктором ДЭФ.Ф.ДС.РД.1000.025.05.03.04.УХЛ1 DN 1000 PN 2,5 МПа, уплотнение - PTFE, корпус - коррозионностойкая сталь CF8, диск - коррозионностойкая сталь с содержанием молибдена CF8M, класс герметичности «А» по ГОСТ 9544-2015;Затворы;-;С двойным эксцентриситетом;Фланцевое;Редукторный;1000;25;Коррозионностойкая сталь CF8;0;70 рабочих дней;13010199;0.png;PTFE
Затвор дисковый поворотный с двойным эксцентриситетом фланцевый двусторонний с редуктором ДЭФ.Ф.ДС.РД.1200.025.05.03.04.УХЛ1 DN 1200 PN 2,5 МПа, уплотнение - PTFE, корпус - коррозионностойкая сталь CF8, диск - коррозионностойкая сталь с содержанием молибдена CF8M, класс герметичности «А» по ГОСТ 9544-2015;Затворы;-;С двойным эксцентриситетом;Фланцевое;Редукторный;1200;25;Коррозионностойкая сталь CF8;0;70 рабочих дней;13010200;0.png;PTFE
Затвор дисковый поворотный с двойным эксцентриситетом фланцевый двусторонний с редуктором ДЭФ.Ф.ДС.РД.1400.025.05.03.04.УХЛ1 DN 1400 PN 2,5 МПа, уплотнение - PTFE, корпус - коррозионностойкая сталь CF8, диск - коррозионностойкая сталь с содержанием молибдена CF8M, класс герметичности «А» по ГОСТ 9544-2015;Затворы;-;С двойным эксцентриситетом;Фланцевое;Редукторный;1400;25;Коррозионностойкая сталь CF8;0;70 рабочих дней;13010201;0.png;PTFE
