Наименование;Раздел;Таблица фигур;Короткое наименование;Состав;"Пределы давления
настройки, Рн, кгс/см2 (№ пружины)";Рабочая среда;Температура рабочей среды, °С;Температура окружающего воздуха, °С;Климатическое исполнение;Класс герметичности;Приемка;Назначенный срок службы, лет;Назначенный ресурс, циклов;Наработка на отказ, циклов;Гарантия;Диаметр DN/DN1, мм;Давление PN/PN1, кгс/см²;Материал корпуса;Масса, кг, не более;Цена закупки;Цена без НДС;Срок изготовления
"Блок предохранительных клапанов БПУ Р 50-16 50с02нж1 в составе: клапан предохранительный пружинный сальниковый фланцевый СППК4Р 50-16  17с6нж DN 50/80 PN 1,6/0,6 МПа У1, пружина № ?, Рн=? кгс/см², корпус ст. 20Л, класс герметичности «А» по ГОСТ 9544-2015 - 2 шт.; переключающее устройство ПУ 50-16-01 23с16нж1 DN 50 PN 1,6 МПа У1, корпус ст. 20Л - 1 шт.; переключающее устройство ПУ 80-6 23с18нж DN 80 PN 0,6 МПа У1, корпус ст. 20Л - 1 шт.";Блок предохранительных клапанов с переключающими устройствами;50с02нж1;Блок предохранительных клапанов БПУ Р 50-16 У1 50с02нж1;"клапан предохранительный пружинный сальниковый фланцевый СППК4Р 50-16 17с6нж DN 50/80 PN 1,6/0,6 МПа У1, корпус ст. 20Л - 2 шт.; переключающее устройство ПУ 50-16-01 23с16нж1 DN 50 PN 1,6 МПа У1, корпус ст. 20Л - 1 шт.; переключающее устройство ПУ 80-6 23с18нж DN 80 PN 0,6 МПа У1, корпус ст. 20Л - 1 шт.";"0,5…1,2 (10); 1,2…2,5 (11); 2,5…4 (12); 4…8 (13); 8…16 (14)";Вода, воздух, пар, нефть, жидкие углеводороды и нефтепродукты, масляные фракции и другие, среды, в которых скорость коррозии материала корпуса не привышает 0,2 мм в год;От -40 до +450;От -40 до +45;У1;А;ОТК;10;830;180;12 месяцев со дня ввода в эксплуатацию, но не более 18 месяцев со дня отгрузки потребителю;50/80;16/6;Углеродистая сталь;160;По запросу;401670;25-30 рабочих дней
"Блок предохранительных клапанов БПУ Р 80-16 50с06нж1 в составе: клапан предохранительный пружинный сальниковый фланцевый СППК4Р 80-16 17с6нж DN 80/100 PN 1,6/0,6 МПа У1, пружина № ?, Рн=? кгс/см², корпус ст. 20Л, класс герметичности «А» по ГОСТ 9544-2015 - 2 шт.; переключающее устройство ПУ 80-16-01 23с16нж1 DN 80 PN 1,6 МПа У1, корпус ст. 20Л - 1 шт.; переключающее устройство ПУ 100-6 23с18нж DN 100 PN 0,6 МПа У1, корпус ст. 20Л - 1 шт.";Блок предохранительных клапанов с переключающими устройствами;50с06нж1;Блок предохранительных клапанов БПУ Р 80-16 У1 50с06нж1;"клапан предохранительный пружинный сальниковый фланцевый СППК4Р 80-16 17с6нж DN 80 (исп. В) / 100 (исп. В) PN 1,6 (вход) / 0,6 (выход) МПа У1, корпус ст. 20Л - 2 шт.; переключающее устройство ПУ 80-16-01 23с16нж1 DN 80 PN 1,6 МПа У1, корпус ст. 20Л - 1 шт.; переключающее устройство ПУ 100-6 23с18нж DN 100 PN 0,6 МПа У1, корпус ст. 20Л - 1 шт.";"0,5…1,2 (30); 1,2…3 (31); 3…5 (32); 5…8 (33); 8…16 (34)";Вода, воздух, пар, нефть, жидкие углеводороды и нефтепродукты, масляные фракции и другие, среды, в которых скорость коррозии материала корпуса не привышает 0,2 мм в год;От -40 до +450;От -40 до +45;У1;А;ОТК;10;830;180;12 месяцев со дня ввода в эксплуатацию, но не более 18 месяцев со дня отгрузки потребителю;80/100;16/6;Углеродистая сталь;216;По запросу;485910;25-30 рабочих дней
"Блок предохранительных клапанов БПУ Р 100-16 50с10нж1 в составе: клапан предохранительный пружинный сальниковый фланцевый СППК5Р 100-16 17с6нж DN 100/150 PN 1,6/1,6 МПа У1, пружина № ?, Рн=? кгс/см², корпус ст. 20Л, класс герметичности «А» по ГОСТ 9544-2015 - 2 шт.; переключающее устройство ПУ 100-16-01 23с16нж1 DN 100 PN 1,6 МПа У1, корпус ст. 20Л - 1 шт.; переключающее устройство ПУ 150-16 23с16нж DN 150 PN 1,6 МПа У1, корпус ст. 20Л - 1 шт.";Блок предохранительных клапанов с переключающими устройствами;50с10нж1;Блок предохранительных клапанов БПУ Р 100-16 У1 50с10нж1;"клапан предохранительный пружинный сальниковый фланцевый СППК5Р 100-16 17с6нж DN 100 (исп. В) / 150 (исп. В) PN 1,6 (вход) / 1,6 (выход) МПа У1, корпус ст. 20Л - 2 шт.; переключающее устройство ПУ 100-16-01 23с16нж1 DN 100 PN 1,6 МПа У1, корпус ст. 20Л - 1 шт.; переключающее устройство ПУ 150-16 23с16нж DN 150 PN 1,6 МПа У1, корпус ст. 20Л - 1 шт.";"0,5…1 (50); 0,8…1,6 (51); 1,5…3 (52); 2,5…4,5 (53); 4,5…8,5 (54); 8…16 (55)";Вода, воздух, пар, нефть, жидкие углеводороды и нефтепродукты, масляные фракции и другие, среды, в которых скорость коррозии материала корпуса не привышает 0,2 мм в год;От -40 до +450;От -40 до +45;У1;А;ОТК;10;830;180;12 месяцев со дня ввода в эксплуатацию, но не более 18 месяцев со дня отгрузки потребителю;100/150;16/6;Углеродистая сталь;400;По запросу;702130;25-30 рабочих дней
"Блок предохранительных клапанов БПУ Р 150-16 50с14нж2 в составе: клапан предохранительный пружинный сальниковый фланцевый СППК4Р 150-16 17с6нж DN 150/200 PN 1,6/0,6 МПа У1, пружина № ?, Рн=? кгс/см², корпус ст. 20Л, класс герметичности «А» по ГОСТ 9544-2015 - 2 шт.; переключающее устройство ПУ 150-16-01 23с16нж1 DN 150 PN 1,6 МПа У1, корпус ст. 20Л - 1 шт.; переключающее устройство ПУ 200-6 23с18нж DN 200 PN 0,6 МПа У1, корпус ст. 20Л - 1 шт.";Блок предохранительных клапанов с переключающими устройствами;50с14нж2;Блок предохранительных клапанов БПУ Р 150-16 У1 50с14нж2;"клапан предохранительный пружинный сальниковый фланцевый СППК4Р 150-16 17с6нж DN 150/200 PN 1,6/0,6 МПа У1, корпус ст. 20Л - 2 шт.; переключающее устройство ПУ 150-16-01 23с16нж1 DN 150 PN 1,6 МПа У1, корпус ст. 20Л - 1 шт.; переключающее устройство ПУ 200-6 23с18нж DN 200 PN 0,6 МПа У1, корпус ст. 20Л - 1 шт.";"0,5…1,5 (70); 1,5…3 (71); 3…5 (72); 5…8 (73); 8…12 (74); 12…16 (75)";Вода, воздух, пар, нефть, жидкие углеводороды и нефтепродукты, масляные фракции и другие, среды, в которых скорость коррозии материала корпуса не привышает 0,2 мм в год;От -40 до +450;От -40 до +45;У1;А;ОТК;10;830;180;12 месяцев со дня ввода в эксплуатацию, но не более 18 месяцев со дня отгрузки потребителю;150/200;16/6;Углеродистая сталь;635;По запросу;917640;25-30 рабочих дней
"Блок предохранительных клапанов БПУ Р 150-40 50с15нж1 в составе: клапан предохранительный пружинный сальниковый фланцевый СППК4Р 150-40 17с21нж DN 150/200 PN 4,0/1,6 МПа У1, пружина № ?, Рн=? кгс/см², корпус ст. 20Л, класс герметичности «А» по ГОСТ 9544-2015 - 2 шт.; переключающее устройство ПУ 150-40-01 23с17нж1 DN 150 PN 4,0 МПа У1, корпус ст. 20Л - 1 шт.; переключающее устройство ПУ 200-16 23с16нж DN 200 PN 1,6 МПа У1, корпус ст. 20Л - 1 шт.";Блок предохранительных клапанов с переключающими устройствами;50с15нж1;Блок предохранительных клапанов БПУ Р 150-40 У1 50с15нж1;"клапан предохранительный пружинный сальниковый фланцевый СППК4Р 150-40 17с21нж DN 150/200 PN 4,0/1,6 МПа У1, корпус ст. 20Л - 2 шт.; переключающее устройство ПУ 150-40-01 23с17нж1 DN 150 PN 4,0 МПа У1, корпус ст. 20Л - 1 шт.; переключающее устройство ПУ 200-16 23с16нж DN 200 PN 1,6 МПа У1, корпус ст. 20Л - 1 шт.";"8…12 (74); 12…18 (75); 18…25 (76); 25…35 (77); 35…40 (78)";Вода, воздух, пар, нефть, жидкие углеводороды и нефтепродукты, масляные фракции и другие, среды, в которых скорость коррозии материала корпуса не привышает 0,2 мм в год;От -40 до +450;От -40 до +45;У1;А;ОТК;10;830;180;12 месяцев со дня ввода в эксплуатацию, но не более 18 месяцев со дня отгрузки потребителю;150/200;40/16;Углеродистая сталь;685;По запросу;984330;25-30 рабочих дней
"Блок предохранительных клапанов БПУ Р 200-16 50с16нж2 в составе: клапан предохранительный пружинный сальниковый фланцевый СППК4Р 200-16 17с17нж DN 200/300 PN 1,6/0,6 МПа У1, пружина № ?, Рн=? кгс/см², корпус ст. 20Л, класс герметичности «А» по ГОСТ 9544-2015 - 2 шт.; переключающее устройство ПУ 200-16 23с16нж DN 200 PN 1,6 МПа У1, корпус ст. 20Л - 1 шт.; переключающее устройство ПУ 300-6 23с18нж DN 300 PN 0,6 МПа У1, корпус ст. 20Л - 1 шт.";Блок предохранительных клапанов с переключающими устройствами;50с16нж2;Блок предохранительных клапанов БПУ Р 200-16 У1 50с16нж2;"клапан предохранительный пружинный сальниковый фланцевый СППК4Р 200-16 17с17нж DN 200/300 PN 1,6/0,6 МПа У1, корпус ст. 20Л - 2 шт.; переключающее устройство ПУ 200-16 23с16нж DN 200 PN 1,6 МПа У1, корпус ст. 20Л - 1 шт.; переключающее устройство ПУ 300-6 23с18нж DN 300 PN 0,6 МПа У1, корпус ст. 20Л - 1 шт.";"0,5…1 (72); 1…2 (73); 2…3 (74); 3…5 (75); 5…7 (76); 7…9 (77); 9…12 (78); 12…16 (79)";Вода, воздух, пар, нефть, жидкие углеводороды и нефтепродукты, масляные фракции и другие, среды, в которых скорость коррозии материала корпуса не привышает 0,2 мм в год;От -40 до +450;От -40 до +45;У1;А;ОТК;10;830;180;12 месяцев со дня ввода в эксплуатацию, но не более 18 месяцев со дня отгрузки потребителю;200/300;16/6;Углеродистая сталь;1093;По запросу;1950980;25-30 рабочих дней
"Блок предохранительных клапанов БПУ Р 25-40 50с01нж1 в составе: клапан предохранительный пружинный сальниковый фланцевый СППК4Р 25-40 17с25нж DN 25/40 PN 4,0/1,6 МПа У1, пружина № ?, Рн=? кгс/см², корпус ст. 20Л, класс герметичности «А» по ГОСТ 9544-2015 - 2 шт.; переключающее устройство ПУ 25-40 23с17нж DN 25 PN 4,0 МПа У1, корпус ст. 20Л - 1 шт.; переключающее устройство ПУ 50-16 23с16нж DN 50 PN 1,6 МПа У1, корпус ст. 20Л - 1 шт.";Блок предохранительных клапанов с переключающими устройствами;50с01нж1;Блок предохранительных клапанов БПУ Р 25-40 У1 50с01нж1;"клапан предохранительный пружинный сальниковый фланцевый СППК4Р 25-40 17с25нж DN 25/40 PN 4,0/1,6 МПа У1, корпус ст. 20Л - 2 шт.; переключающее устройство ПУ 25-40 23с17нж DN 25 PN 4,0 МПа У1, корпус ст. 20Л - 1 шт.; переключающее устройство ПУ 50-16 23с16нж DN 50 PN 1,6 МПа У1, корпус ст. 20Л - 1 шт.";"4…8 (8); 8…16 (1); 16…25 (2); 25…40 (3)";Вода, воздух, пар, нефть, жидкие углеводороды и нефтепродукты, масляные фракции и другие, среды, в которых скорость коррозии материала корпуса не привышает 0,2 мм в год;От -40 до +450;От -40 до +45;У1;А;ОТК;10;830;180;12 месяцев со дня ввода в эксплуатацию, но не более 18 месяцев со дня отгрузки потребителю;25/40;40/16;Углеродистая сталь;131;По запросу;334560;25-30 рабочих дней
"Блок предохранительных клапанов БПУ Р 50-40 50с03нж1 в составе: клапан предохранительный пружинный сальниковый фланцевый СППК4Р 50-40 17с21нж DN 50/80 PN 4,0/1,6 МПа У1, пружина № ?, Рн=? кгс/см², корпус ст. 20Л, класс герметичности «А» по ГОСТ 9544-2015 - 2 шт.; переключающее устройство ПУ 50-40-01 23с17нж1 DN 50 PN 4,0 МПа У1, корпус ст. 20Л - 1 шт.; переключающее устройство ПУ 80-16 23с16нж DN 80 PN 1,6 МПа У1, корпус ст. 20Л - 1 шт.";Блок предохранительных клапанов с переключающими устройствами;50с03нж1;Блок предохранительных клапанов БПУ Р 50-40 У1 50с03нж1;"клапан предохранительный пружинный сальниковый фланцевый СППК4Р 50-40 17с21нж DN 50/80 PN 4,0/1,6 МПа У1, корпус ст. 20Л - 2 шт.; переключающее устройство ПУ 50-40-01 23с17нж1 DN 50 PN 4,0 МПа У1, корпус ст. 20Л - 1 шт.; переключающее устройство ПУ 80-16 23с16нж DN 80 PN 1,6 МПа У1, корпус ст. 20Л - 1 шт.";"0,5…1,2 (10); 1,2…2,5 (11); 2,5…4 (12); 4…8 (13); 8…20 (14); 20…30 (15); 30…40 (16)";Вода, воздух, пар, нефть, жидкие углеводороды и нефтепродукты, масляные фракции и другие, среды, в которых скорость коррозии материала корпуса не привышает 0,2 мм в год;От -40 до +450;От -40 до +45;У1;А;ОТК;10;830;180;12 месяцев со дня ввода в эксплуатацию, но не более 18 месяцев со дня отгрузки потребителю;50/80;40/16;Углеродистая сталь;165;По запросу;429050;25-30 рабочих дней
"Блок предохранительных клапанов БПУ Р 80-40 50с07нж1 в составе: клапан предохранительный пружинный сальниковый фланцевый СППК4Р 80-40 17с21нж DN 80/100 PN 4,0/1,6 МПа У1, пружина № ?, Рн=? кгс/см², корпус ст. 20Л, класс герметичности «А» по ГОСТ 9544-2015 - 2 шт.; переключающее устройство ПУ 80-40-01 23с17нж1 DN 80 PN 4,0 МПа У1, корпус ст. 20Л - 1 шт.; переключающее устройство ПУ 100-16 23с16нж DN 100 PN 1,6 МПа У1, корпус ст. 20Л - 1 шт.";Блок предохранительных клапанов с переключающими устройствами;50с07нж1;Блок предохранительных клапанов БПУ Р 80-40 У1 50с07нж1;"клапан предохранительный пружинный сальниковый фланцевый СППК4Р 80-40 17с21нж DN 80 (исп. F) / 100 (исп. В) PN 4,0 (вход) / 1,6 (выход) МПа У1, корпус ст. 20Л - 2 шт.; переключающее устройство ПУ 80-40-01 23с17нж1 DN 80 PN 4,0 МПа У1, корпус ст. 20Л - 1 шт.; переключающее устройство ПУ 100-16 23с16нж DN 100 PN 1,6 МПа У1, корпус ст. 20Л - 1 шт.";"0,5…1,2 (30); 1,2…3 (31); 3…5 (32); 5…8 (33); 8…20 (35); 20…30 (36); 30…40 (37)";Вода, воздух, пар, нефть, жидкие углеводороды и нефтепродукты, масляные фракции и другие, среды, в которых скорость коррозии материала корпуса не привышает 0,2 мм в год;От -40 до +450;От -40 до +45;У1;А;ОТК;10;830;180;12 месяцев со дня ввода в эксплуатацию, но не более 18 месяцев со дня отгрузки потребителю;80/100;40/16;Углеродистая сталь;260;По запросу;554000;25-30 рабочих дней
"Блок предохранительных клапанов БПУ Р 100-40 50с11нж1 в составе: клапан предохранительный пружинный сальниковый фланцевый СППК5Р 100-40 17с21нж DN 100/150 PN 4,0/1,6 МПа У1, пружина № ?, Рн=? кгс/см², корпус ст. 20Л, класс герметичности «А» по ГОСТ 9544-2015 - 2 шт.; переключающее устройство ПУ 100-40-01 23с17нж1 DN 100 PN 4,0 МПа У1, корпус ст. 20Л - 1 шт.; переключающее устройство ПУ 150-16 23с16нж DN 150 PN 1,6 МПа У1, корпус ст. 20Л - 1 шт.";Блок предохранительных клапанов с переключающими устройствами;50с11нж1;Блок предохранительных клапанов БПУ Р 100-40 У1 50с11нж1;"клапан предохранительный пружинный сальниковый фланцевый СППК5Р 100-40 17с21нж DN 100 (исп. F) / 150 (исп. В) PN 4,0 (вход) / 1,6 (выход) МПа У1, корпус ст. 20Л - 2 шт.; переключающее устройство ПУ 100-40-01 23с17нж1 DN 100 PN 4,0 МПа У1, корпус ст. 20Л - 1 шт.; переключающее устройство ПУ 150-16 23с16нж DN 150 PN 1,6 МПа У1, корпус ст. 20Л - 1 шт.";"8…16 (55); 16…26 (56); 26…40 (57)";Вода, воздух, пар, нефть, жидкие углеводороды и нефтепродукты, масляные фракции и другие, среды, в которых скорость коррозии материала корпуса не привышает 0,2 мм в год;От -40 до +450;От -40 до +45;У1;А;ОТК;10;830;180;12 месяцев со дня ввода в эксплуатацию, но не более 18 месяцев со дня отгрузки потребителю;100/150;40/16;Углеродистая сталь;450;По запросу;764470;25-30 рабочих дней
"Блок предохранительных клапанов БПУ Р 50-63 50с04нж1 в составе: клапан предохранительный пружинный сальниковый фланцевый СППК5Р 50-63 17с16нж DN 50/80 PN 6,3/4,0 МПа У1, пружина № ?, Рн=? кгс/см², корпус ст. 20Л, класс герметичности «А» по ГОСТ 9544-2015 - 2 шт.; переключающее устройство ПУ 50-63 23с20нж DN 50 PN 6,3 МПа У1, корпус ст. 20Л - 1 шт.; переключающее устройство ПУ 80-40 23с17нж DN 80 PN 4,0 МПа У1, корпус ст. 20Л - 1 шт.";Блок предохранительных клапанов с переключающими устройствами;50с04нж1;Блок предохранительных клапанов БПУ Р 50-63 У1 50с04нж1;"клапан предохранительный пружинный сальниковый фланцевый СППК5Р 50-63 17с16нж DN 50 (исп. ?) / 80 (исп. F) PN 6,3 (вход) / 4,0 (выход) МПа У1, корпус ст. 20Л - 2 шт.; переключающее устройство ПУ 50-63 23с20нж DN 50 PN 6,3 МПа У1, корпус ст. 20Л - 1 шт.; переключающее устройство ПУ 80-40 23с17нж DN 80 PN 4,0 МПа У1, корпус ст. 20Л - 1 шт.";"20…34 (55); 30…54 (56); 50…63 (57)";Вода, воздух, пар, нефть, жидкие углеводороды и нефтепродукты, масляные фракции и другие, среды, в которых скорость коррозии материала корпуса не привышает 0,2 мм в год;От -40 до +450;От -40 до +45;У1;А;ОТК;10;830;180;12 месяцев со дня ввода в эксплуатацию, но не более 18 месяцев со дня отгрузки потребителю;50/80;63/40;Углеродистая сталь;275;По запросу;728240;25-30 рабочих дней
"Блок предохранительных клапанов БПУ Р 80-63 50с08нж1 в составе: клапан предохранительный пружинный сальниковый фланцевый СППК4Р 80-63 17с89нж DN 80/100 PN 6,3/4,0 МПа У1, пружина № ?, Рн=? кгс/см², корпус ст. 20Л, класс герметичности «А» по ГОСТ 9544-2015 - 2 шт.; переключающее устройство ПУ 80-63 23с20нж DN 80 PN 6,3 МПа У1, корпус ст. 20Л - 1 шт.; переключающее устройство ПУ 100-40 23с17нж DN 100 PN 4,0 МПа У1, корпус ст. 20Л - 1 шт.";Блок предохранительных клапанов с переключающими устройствами;50с08нж1;Блок предохранительных клапанов БПУ Р 80-63 У1 50с08нж1;"клапан предохранительный пружинный сальниковый фланцевый СППК4Р 80-63 17с89нж DN 80 (исп. ?) / 100 (исп. F) PN 6,3 (вход) / 4,0 (выход) МПа У1, корпус ст. 20Л - 2 шт.; переключающее устройство ПУ 80-63 23с20нж DN 80 PN 6,3 МПа У1, корпус ст. 20Л - 1 шт.; переключающее устройство ПУ 100-40 23с17нж DN 100 PN 4,0 МПа У1, корпус ст. 20Л - 1 шт.";"25…35 (38); 35…44 (37); 44…50 (39); 50…63 (40)";Вода, воздух, пар, нефть, жидкие углеводороды и нефтепродукты, масляные фракции и другие, среды, в которых скорость коррозии материала корпуса не привышает 0,2 мм в год;От -40 до +450;От -40 до +45;У1;А;ОТК;10;830;180;12 месяцев со дня ввода в эксплуатацию, но не более 18 месяцев со дня отгрузки потребителю;80/100;63/40;Углеродистая сталь;380;По запросу;911610;25-30 рабочих дней
"Блок предохранительных клапанов БПУ Р 100-63 50с12нж2 в составе: клапан предохранительный пружинный сальниковый фланцевый СППК5Р 100-63 17с16нж DN 100/150 PN 6,3/4,0 МПа У1, пружина № ?, Рн=? кгс/см², корпус ст. 20Л, класс герметичности «А» по ГОСТ 9544-2015 - 2 шт.; переключающее устройство ПУ 100-63 23с20нж DN 100 PN 6,3 МПа У1, корпус ст. 20Л - 1 шт.; переключающее устройство ПУ 150-40 23с17нж DN 150 PN 4,0 МПа У1, корпус ст. 20Л - 1 шт.";Блок предохранительных клапанов с переключающими устройствами;50с12нж2;Блок предохранительных клапанов БПУ Р 100-63 У1 50с12нж2;"клапан предохранительный пружинный сальниковый фланцевый СППК5Р 100-63 17с16нж DN 100 (исп. ?) / 150 (исп. F) PN 6,3 (вход) / 4,0 (выход) МПа У, корпус ст. 20Л - 2 шт.; переключающее устройство ПУ 100-63 23с20нж DN 100 PN 6,3 МПа У1, корпус ст. 20Л - 1 шт.; переключающее устройство ПУ 150-40 23с17нж DN 150 PN 4,0 МПа У1, корпус ст. 20Л - 1 шт.";"25…40 (77); 40…55 (80); 55…63 (81)";Вода, воздух, пар, нефть, жидкие углеводороды и нефтепродукты, масляные фракции и другие, среды, в которых скорость коррозии материала корпуса не привышает 0,2 мм в год;От -40 до +450;От -40 до +45;У1;А;ОТК;10;830;180;12 месяцев со дня ввода в эксплуатацию, но не более 18 месяцев со дня отгрузки потребителю;100/150;63/40;Углеродистая сталь;745;По запросу;1465200;25-30 рабочих дней
"Блок предохранительных клапанов БПУ Р 50-160 50с05нж1 в составе: клапан предохранительный пружинный сальниковый фланцевый СППК5Р 50-160 17с8нж DN 50/80 PN 16,0/4,0 МПа У1, пружина № ?, Рн=? кгс/см², корпус ст. 20Л, класс герметичности «А» по ГОСТ 9544-2015 - 2 шт.; переключающее устройство ПУ 50-160 23с19нж DN 50 PN 16,0 МПа У1, корпус ст. 20Л - 1 шт.; переключающее устройство ПУ 80-40 23с17нж DN 80 PN 4,0 МПа У1, корпус ст. 20Л - 1 шт.";Блок предохранительных клапанов с переключающими устройствами;50с05нж1;Блок предохранительных клапанов БПУ Р 50-160 У1 50с05нж1;"клапан предохранительный пружинный сальниковый фланцевый СППК5Р 50-160 17с8нж DN 50 (исп. J) / 80 (исп. F) PN 16,0 (вход) / 4,0 (выход) МПа У1, корпус ст. 20Л - 2 шт.; переключающее устройство ПУ 50-160 23с19нж DN 50 PN 16,0 МПа У1, корпус ст. 20Л - 1 шт.; переключающее устройство ПУ 80-40 23с17нж DN 80 PN 4,0 МПа У1, корпус ст. 20Л - 1 шт.";"53…90 (58); 85…124 (59); 124…141 (60); 140…160 (61)";Вода, воздух, пар, нефть, жидкие углеводороды и нефтепродукты, масляные фракции и другие, среды, в которых скорость коррозии материала корпуса не привышает 0,2 мм в год;От -40 до +450;От -40 до +45;У1;А;ОТК;10;830;180;12 месяцев со дня ввода в эксплуатацию, но не более 18 месяцев со дня отгрузки потребителю;50/80;160/40;Углеродистая сталь;300;По запросу;773170;25-30 рабочих дней
"Блок предохранительных клапанов БПУ Р 80-160 50с09нж1 в составе: клапан предохранительный пружинный сальниковый фланцевый СППК4Р 80-160 17с90нж DN 80/100 PN 16,0/4,0 МПа У1, пружина № ?, Рн=? кгс/см², корпус ст. 20Л, класс герметичности «А» по ГОСТ 9544-2015 - 2 шт.; переключающее устройство ПУ 80-160 23с19нж DN 80 PN 16,0 МПа У1, корпус ст. 20Л - 1 шт.; переключающее устройство ПУ 100-40 23с17нж DN 100 PN 4,0 МПа У1, корпус ст. 20Л - 1 шт.";Блок предохранительных клапанов с переключающими устройствами;50с09нж1;Блок предохранительных клапанов БПУ Р 80-160 У1 50с09нж1;"клапан предохранительный пружинный сальниковый фланцевый СППК4Р 80-160 17с90нж DN 80 (исп. J) / 100 (исп. F) PN 16,0 (вход) / 4,0 (выход) МПа У1, корпус ст. 20Л - 2 шт.; переключающее устройство ПУ 80-160 23с19нж DN 80 PN 16,0 МПа У1, корпус ст. 20Л - 1 шт.; переключающее устройство ПУ 100-40 23с17нж DN 100 PN 4,0 МПа У1, корпус ст. 20Л - 1 шт.";"50…63 (40); 63…100 (41); 100…135 (42); 135…160 (43)";Вода, воздух, пар, нефть, жидкие углеводороды и нефтепродукты, масляные фракции и другие, среды, в которых скорость коррозии материала корпуса не привышает 0,2 мм в год;От -40 до +450;От -40 до +45;У1;А;ОТК;10;830;180;12 месяцев со дня ввода в эксплуатацию, но не более 18 месяцев со дня отгрузки потребителю;80/100;160/40;Углеродистая сталь;405;По запросу;992050;25-30 рабочих дней
"Блок предохранительных клапанов БПУ Р 100-160 50с13нж2 в составе: клапан предохранительный пружинный сальниковый фланцевый СППК5Р 100-160 17с8нж DN 100/150 PN 16,0/4,0 МПа У1, пружина № ?, Рн=? кгс/см², корпус ст. 20Л, класс герметичности «А» по ГОСТ 9544-2015 - 2 шт.; переключающее устройство ПУ 100-160 23с19нж DN 100 PN 16,0 МПа У1, корпус ст. 20Л - 1 шт.; переключающее устройство ПУ 150-40 23с17нж DN 150 PN 4,0 МПа У1, корпус ст. 20Л - 1 шт.";Блок предохранительных клапанов с переключающими устройствами;50с13нж2;Блок предохранительных клапанов БПУ Р 100-160 У1 50с13нж2;"клапан предохранительный пружинный сальниковый фланцевый СППК5Р 100-160 17с8нж DN 100 (исп. J) / 150 (исп. F) PN 16,0 (вход) / 4,0 (выход) МПа У1, корпус ст. 20Л - 2 шт.; переключающее устройство ПУ 100-160 23с19нж DN 100 PN 16,0 МПа У1, корпус ст. 20Л - 1 шт.; переключающее устройство ПУ 150-40 23с17нж DN 150 PN 4,0 МПа У1, корпус ст. 20Л - 1 шт.";"63…100 (80); 100…125 (81); 110…145 (82); 135…160 (83)";Вода, воздух, пар, нефть, жидкие углеводороды и нефтепродукты, масляные фракции и другие, среды, в которых скорость коррозии материала корпуса не привышает 0,2 мм в год;От -40 до +450;От -40 до +45;У1;А;ОТК;10;830;180;12 месяцев со дня ввода в эксплуатацию, но не более 18 месяцев со дня отгрузки потребителю;100/150;160/40;Углеродистая сталь;780;По запросу;1685070;25-30 рабочих дней
"Блок предохранительных клапанов БПУ 50-16 50с02нж в составе: клапан предохранительный пружинный сальниковый фланцевый СППК4 50-16 17с7нж DN 50/80 PN 1,6/0,6 МПа У1, пружина № ?, Рн=? кгс/см², корпус ст. 20Л, класс герметичности «А» по ГОСТ 9544-2015 - 2 шт.; переключающее устройство ПУ 50-16-01 23с16нж1 DN 50 PN 1,6 МПа У1, корпус ст. 20Л - 1 шт.; переключающее устройство ПУ 80-6 23с18нж DN 80 PN 0,6 МПа У1, корпус ст. 20Л - 1 шт.";Блок предохранительных клапанов с переключающими устройствами;50с02нж;Блок предохранительных клапанов БПУ 50-16 У1 50с02нж;"клапан предохранительный пружинный сальниковый фланцевый СППК4 50-16 17с7нж DN 50 (исп. В) / 80 (исп. В) PN 1,6 (вход) / 0,6 (выход) МПа У1, корпус ст. 20Л - 2 шт.; переключающее устройство ПУ 50-16-01 23с16нж1 DN 50 PN 1,6 МПа У1, корпус ст. 20Л - 1 шт.; переключающее устройство ПУ 80-6 23с18нж DN 80 PN 0,6 МПа У1, корпус ст. 20Л - 1 шт.";"0,5…1,2 (10); 1,2…2,5 (11); 2,5…4 (12); 4…8 (13); 8…16 (14)";Вода, воздух, пар, нефть, жидкие углеводороды и нефтепродукты, масляные фракции и другие, среды, в которых скорость коррозии материала корпуса не привышает 0,2 мм в год;От -40 до +450;От -40 до +45;У1;А;ОТК;10;830;180;12 месяцев со дня ввода в эксплуатацию, но не более 18 месяцев со дня отгрузки потребителю;50/80;16/6;Углеродистая сталь;154;По запросу;396630;25-30 рабочих дней
"Блок предохранительных клапанов БПУ 80-16 50с06нж в составе: клапан предохранительный пружинный сальниковый фланцевый СППК4 80-16 17с7нж DN 80/100 PN 1,6/0,6 МПа У1, пружина № ?, Рн=? кгс/см², корпус ст. 20Л, класс герметичности «А» по ГОСТ 9544-2015 - 2 шт.; переключающее устройство ПУ 80-16-01 23с16нж1 DN80 PN 1,6 МПа У1, корпус ст. 20Л - 1 шт.; переключающее устройство ПУ 100-6 23с18нж DN 100 PN 0,6 МПа У1, корпус ст. 20Л - 1 шт.";Блок предохранительных клапанов с переключающими устройствами;50с06нж;Блок предохранительных клапанов БПУ 80-16 У1 50с06нж;"клапан предохранительный пружинный сальниковый фланцевый СППК4 80-16 17с7нж DN 80 (исп. В) / 100 (исп. В) PN 1,6 (вход) / 0,6 (выход) МПа У1, корпус ст. 20Л - 2 шт.; переключающее устройство ПУ 80-16-01 23с16нж1 DN80 PN 1,6 МПа У1, корпус ст. 20Л - 1 шт.; переключающее устройство ПУ 100-6 23с18нж DN 100 PN 0,6 МПа У1, корпус ст. 20Л - 1 шт.";"0,5…1,2 (30); 1,2…3 (31); 3…5 (32); 5…8 (33); 8…16 (34)";Вода, воздух, пар, нефть, жидкие углеводороды и нефтепродукты, масляные фракции и другие, среды, в которых скорость коррозии материала корпуса не привышает 0,2 мм в год;От -40 до +450;От -40 до +45;У1;А;ОТК;10;830;180;12 месяцев со дня ввода в эксплуатацию, но не более 18 месяцев со дня отгрузки потребителю;80/100;16/6;Углеродистая сталь;210;По запросу;480580;25-30 рабочих дней
"Блок предохранительных клапанов БПУ 100-16 50с10нж в составе: клапан предохранительный пружинный сальниковый фланцевый СППК5 100-16 17с7нж DN 100/150 PN 1,6/1,6 МПа У1, пружина № ?, Рн=? кгс/см², корпус ст. 20Л, класс герметичности «А» по ГОСТ 9544-2015 - 2 шт.; переключающее устройство ПУ 100-16-01 23с16нж1 DN 100 PN 1,6 МПа У1, корпус ст. 20Л - 1 шт.; переключающее устройство ПУ 150-16 23с16нж DN 150 PN 1,6 МПа У1, корпус ст. 20Л - 1 шт.";Блок предохранительных клапанов с переключающими устройствами;50с10нж;Блок предохранительных клапанов БПУ 100-16 У1 50с10нж;"клапан предохранительный пружинный сальниковый фланцевый СППК5 100-16 17с7нж DN 100 (исп. В) / 150 (исп. В) PN 1,6 (вход) / 1,6 (выход) МПа У1, корпус ст. 20Л - 2 шт.; переключающее устройство ПУ 100-16-01 23с16нж1 DN 100 PN 1,6 МПа У1, корпус ст. 20Л - 1 шт.; переключающее устройство ПУ 150-16 23с16нж DN 150 PN 1,6 МПа У1, корпус ст. 20Л - 1 шт.";"0,5…1 (50); 0,8…1,6 (51); 1,5…3 (52); 2,5…4,5 (53); 4,5…8,5 (54); 8…16 (55)";Вода, воздух, пар, нефть, жидкие углеводороды и нефтепродукты, масляные фракции и другие, среды, в которых скорость коррозии материала корпуса не привышает 0,2 мм в год;От -40 до +450;От -40 до +45;У1;А;ОТК;10;830;180;12 месяцев со дня ввода в эксплуатацию, но не более 18 месяцев со дня отгрузки потребителю;100/150;16/6;Углеродистая сталь;380;По запросу;696090;25-30 рабочих дней
"Блок предохранительных клапанов БПУ 150-16 50с14нж в составе: клапан предохранительный пружинный сальниковый фланцевый СППК4 150-16 17с7нж DN 150/200 PN 1,6/0,6 МПа У1, пружина № ?, Рн=? кгс/см², корпус ст. 20Л, класс герметичности «А» по ГОСТ 9544-2015 - 2 шт.; переключающее устройство ПУ 150-16-01 23с16нж1 DN 150 PN 1,6 МПа У1, корпус ст. 20Л - 1 шт.; переключающее устройство ПУ 200-6 23с18нж DN 200 PN 0,6 МПа У1, корпус ст. 20Л - 1 шт.";Блок предохранительных клапанов с переключающими устройствами;50с14нж;Блок предохранительных клапанов БПУ 150-16 У1 50с14нж;"клапан предохранительный пружинный сальниковый фланцевый СППК4 150-16 17с7нж DN 150 (исп. В) / 200 (исп. В) PN 1,6 (вход) / 0,6 (выход) МПа У1, корпус ст. 20Л - 2 шт.; переключающее устройство ПУ 150-16-01 23с16нж1 DN 150 PN 1,6 МПа У1, корпус ст. 20Л - 1 шт.; переключающее устройство ПУ 200-6 23с18нж DN 200 PN 0,6 МПа У1, корпус ст. 20Л - 1 шт.";"0,5…1,5 (70); 1,5…3 (71); 3…5 (72); 5…8 (73); 8…12 (74); 12…16 (75)";Вода, воздух, пар, нефть, жидкие углеводороды и нефтепродукты, масляные фракции и другие, среды, в которых скорость коррозии материала корпуса не привышает 0,2 мм в год;От -40 до +450;От -40 до +45;У1;А;ОТК;10;830;180;12 месяцев со дня ввода в эксплуатацию, но не более 18 месяцев со дня отгрузки потребителю;150/200;16/6;Углеродистая сталь;630;По запросу;911610;25-30 рабочих дней
"Блок предохранительных клапанов БПУ 200-16 50с16нж в составе: клапан предохранительный пружинный сальниковый фланцевый СППК4 200-16 17с13нж DN 200/300 PN 1,6/0,6 МПа У1, пружина № ?, Рн=? кгс/см², корпус ст. 20Л, класс герметичности «А» по ГОСТ 9544-2015 - 2 шт.; переключающее устройство ПУ 200-16 23с16нж DN 200 PN 1,6 МПа У1, корпус ст. 20Л - 1 шт.; переключающее устройство ПУ 300-6 23с18нж DN 300 PN 0,6 МПа У1, корпус ст. 20Л - 1 шт.";Блок предохранительных клапанов с переключающими устройствами;50с16нж;Блок предохранительных клапанов БПУ 200-16 У1 50с16нж;"клапан предохранительный пружинный сальниковый фланцевый СППК4 200-16 17с13нж DN 200 (исп. В) / 300 (исп. В) PN 1,6 (вход) / 0,6 (выход) МПа У1, корпус ст. 20Л - 2 шт.; переключающее устройство ПУ 200-16 23с16нж DN 200 PN 1,6 МПа У1, корпус ст. 20Л - 1 шт.; переключающее устройство ПУ 300-6 23с18нж DN 300 PN 0,6 МПа У1, корпус ст. 20Л - 1 шт.";"0,5…1 (72); 1…2 (73); 2…3 (74); 3…5 (75); 5…7 (76); 7…9 (77); 9…12 (78); 12…16 (79)";Вода, воздух, пар, нефть, жидкие углеводороды и нефтепродукты, масляные фракции и другие, среды, в которых скорость коррозии материала корпуса не привышает 0,2 мм в год;От -40 до +450;От -40 до +45;У1;А;ОТК;10;830;180;12 месяцев со дня ввода в эксплуатацию, но не более 18 месяцев со дня отгрузки потребителю;200/300;16/6;Углеродистая сталь;1091;По запросу;1944390;25-30 рабочих дней
"Блок предохранительных клапанов БПУ 25-40 50с01нж в составе: клапан предохранительный пружинный сальниковый фланцевый СППК4 25-40 17с14нж DN 25/40 PN 4,0/1,6 МПа У1, пружина № ?, Рн=? кгс/см², корпус ст. 20Л, класс герметичности «А» по ГОСТ 9544-2015 - 2 шт.; переключающее устройство ПУ 25-40 23с17нж DN 25 PN 4,0 МПа У1, корпус ст. 20Л - 1 шт.; переключающее устройство ПУ 50-16 23с16нж DN 50 PN 1,6 МПа У1, корпус ст. 20Л - 1 шт.";Блок предохранительных клапанов с переключающими устройствами;50с01нж;Блок предохранительных клапанов БПУ 25-40 У1 50с01нж;"клапан предохранительный пружинный сальниковый фланцевый СППК4 25-40 17с14нж DN 25 (исп. F) / 40 (исп. В) PN 4,0 (вход) / 1,6 (выход) МПа У1, корпус ст. 20Л - 2 шт.; переключающее устройство ПУ 25-40 23с17нж DN 25 PN 4,0 МПа У1, корпус ст. 20Л - 1 шт.; переключающее устройство ПУ 50-16 23с16нж DN 50 PN 1,6 МПа У1, корпус ст. 20Л - 1 шт.";"4…8 (8); 8…16 (1); 16…25 (2); 25…40 (3)";Вода, воздух, пар, нефть, жидкие углеводороды и нефтепродукты, масляные фракции и другие, среды, в которых скорость коррозии материала корпуса не привышает 0,2 мм в год;От -40 до +450;От -40 до +45;У1;А;ОТК;10;830;180;12 месяцев со дня ввода в эксплуатацию, но не более 18 месяцев со дня отгрузки потребителю;25/40;40/16;Углеродистая сталь;120;По запросу;328950;25-30 рабочих дней
"Блок предохранительных клапанов БПУ 50-40 50с03нж в составе: клапан предохранительный пружинный сальниковый фланцевый СППК4 50-40 17с23нж DN 50/80 PN 4,0/1,6 МПа У1, пружина № ?, Рн=? кгс/см², корпус ст. 20Л, класс герметичности «А» по ГОСТ 9544-2015 - 2 шт.; переключающее устройство ПУ 50-40-01 23с17нж1 DN 50 PN 4,0 МПа У1, корпус ст. 20Л - 1 шт.; переключающее устройство ПУ 80-16 23с16нж DN 80 PN 1,6 МПа У1, корпус ст. 20Л - 1 шт.";Блок предохранительных клапанов с переключающими устройствами;50с03нж;Блок предохранительных клапанов БПУ 50-40 У1 50с03нж;"клапан предохранительный пружинный сальниковый фланцевый СППК4 50-40 17с23нж DN 50 (исп. F) / 80 (исп. В) PN 4,0 (вход) / 1,6 (выход) МПа У1, корпус ст. 20Л - 2 шт.; переключающее устройство ПУ 50-40-01 23с17нж1 DN 50 PN 4,0 МПа У1, корпус ст. 20Л - 1 шт.; переключающее устройство ПУ 80-16 23с16нж DN 80 PN 1,6 МПа У1, корпус ст. 20Л - 1 шт.";"0,5…1,2 (10); 1,2…2,5 (11); 2,5…4 (12); 4…8 (13); 8…20 (14); 20…30 (15); 30…40 (16)";Вода, воздух, пар, нефть, жидкие углеводороды и нефтепродукты, масляные фракции и другие, среды, в которых скорость коррозии материала корпуса не привышает 0,2 мм в год;От -40 до +450;От -40 до +45;У1;А;ОТК;10;830;180;12 месяцев со дня ввода в эксплуатацию, но не более 18 месяцев со дня отгрузки потребителю;50/80;40/16;Углеродистая сталь;165;По запросу;423860;25-30 рабочих дней
"Блок предохранительных клапанов БПУ 80-40 50с07нж в составе: клапан предохранительный пружинный сальниковый фланцевый СППК4 80-40 17с23нж DN 80/100 PN 4,0/1,6 МПа У1, пружина № ?, Рн=? кгс/см², корпус ст. 20Л, класс герметичности «А» по ГОСТ 9544-2015 - 2 шт.; переключающее устройство ПУ 80-40-01 23с17нж1 DN 80 PN 4,0 МПа У1, корпус ст. 20Л - 1 шт.; переключающее устройство ПУ 100-16 23с16нж DN 100 PN 1,6 МПа У1, корпус ст. 20Л - 1 шт.";Блок предохранительных клапанов с переключающими устройствами;50с07нж;Блок предохранительных клапанов БПУ 80-40 У1 50с07нж;"клапан предохранительный пружинный сальниковый фланцевый СППК4 80-40 17с23нж DN 80 (исп. F) / 100 (исп. В) PN 4,0 (вход) / 1,6 (выход) МПа У1, корпус ст. 20Л - 2 шт.; переключающее устройство ПУ 80-40-01 23с17нж1 DN 80 PN 4,0 МПа У1, корпус ст. 20Л - 1 шт.; переключающее устройство ПУ 100-16 23с16нж DN 100 PN 1,6 МПа У1, корпус ст. 20Л - 1 шт.";"0,5…1,2 (30); 1,2…3 (31); 3…5 (32); 5…8 (33); 8…20 (35); 20…30 (36); 30…40 (37)";Вода, воздух, пар, нефть, жидкие углеводороды и нефтепродукты, масляные фракции и другие, среды, в которых скорость коррозии материала корпуса не привышает 0,2 мм в год;От -40 до +450;От -40 до +45;У1;А;ОТК;10;830;180;12 месяцев со дня ввода в эксплуатацию, но не более 18 месяцев со дня отгрузки потребителю;80/100;40/16;Углеродистая сталь;250;По запросу;548820;25-30 рабочих дней
"Блок предохранительных клапанов БПУ 100-40 50с11нж в составе: клапан предохранительный пружинный сальниковый фланцевый СППК5 100-40 17с23нж DN 100/150 PN 4,0/1,6 МПа У1, пружина № ?, Рн=? кгс/см², корпус ст. 20Л, класс герметичности «А» по ГОСТ 9544-2015 - 2 шт.; переключающее устройство ПУ 100-40-01 23с17нж1 DN 100 PN 4,0 МПа У1, корпус ст. 20Л - 1 шт.; переключающее устройство ПУ 150-16 23с16нж DN 150 PN 1,6 МПа У1, корпус ст. 20Л - 1 шт.";Блок предохранительных клапанов с переключающими устройствами;50с11нж;Блок предохранительных клапанов БПУ 100-40 У1 50с11нж;"клапан предохранительный пружинный сальниковый фланцевый СППК5 100-40 17с23нж DN 100 (исп. F) / 150 (исп. В) PN 4,0 (вход) / 1,6 (выход) МПа У1, корпус ст. 20Л - 2 шт.; переключающее устройство ПУ 100-40-01 23с17нж1 DN 100 PN 4,0 МПа У1, корпус ст. 20Л - 1 шт.; переключающее устройство ПУ 150-16 23с16нж DN 150 PN 1,6 МПа У1, корпус ст. 20Л - 1 шт.";"8…16 (55); 16…26 (56); 26…40 (57)";Вода, воздух, пар, нефть, жидкие углеводороды и нефтепродукты, масляные фракции и другие, среды, в которых скорость коррозии материала корпуса не привышает 0,2 мм в год;От -40 до +450;От -40 до +45;У1;А;ОТК;10;830;180;12 месяцев со дня ввода в эксплуатацию, но не более 18 месяцев со дня отгрузки потребителю;100/150;40/16;Углеродистая сталь;440;По запросу;758160;25-30 рабочих дней
"Блок предохранительных клапанов БПУ 150-40 50с15нж в составе: клапан предохранительный пружинный сальниковый фланцевый СППК4 150-40 17с23нж DN 150/200 PN 4,0/1,6 МПа У1, пружина № ?, Рн=? кгс/см², корпус ст. 20Л, класс герметичности «А» по ГОСТ 9544-2015 - 2 шт.; переключающее устройство ПУ 150-40-01 23с17нж1 DN 150 PN 4,0 МПа У1, корпус ст. 20Л - 1 шт.; переключающее устройство ПУ 200-16 23с16нж DN 200 PN 1,6 МПа У1, корпус ст. 20Л - 1 шт.";Блок предохранительных клапанов с переключающими устройствами;50с15нж;Блок предохранительных клапанов БПУ 150-40 У1 50с15нж;"клапан предохранительный пружинный сальниковый фланцевый СППК4 150-40 17с23нж DN 150 (исп. F) / 200 (исп. В) PN 4,0 (вход) / 1,6 (выход) МПа У1, корпус ст. 20Л - 2 шт.; переключающее устройство ПУ 150-40-01 23с17нж1 DN 150 PN 4,0 МПа У1, корпус ст. 20Л - 1 шт.; переключающее устройство ПУ 200-16 23с16нж DN 200 PN 1,6 МПа У1, корпус ст. 20Л - 1 шт.";"8…12 (74); 12…18 (75); 18…25 (76); 25…35 (77); 35…40 (78)";Вода, воздух, пар, нефть, жидкие углеводороды и нефтепродукты, масляные фракции и другие, среды, в которых скорость коррозии материала корпуса не привышает 0,2 мм в год;От -40 до +450;От -40 до +45;У1;А;ОТК;10;830;180;12 месяцев со дня ввода в эксплуатацию, но не более 18 месяцев со дня отгрузки потребителю;150/200;40/16;Углеродистая сталь;680;По запросу;978300;25-30 рабочих дней
"Блок предохранительных клапанов БПУ 50-63 50с04нж в составе: клапан предохранительный пружинный сальниковый фланцевый СППК5 50-63 17с16нж1 DN 50/80 PN 6,3/4,0 МПа У1, пружина № ?, Рн=? кгс/см², корпус ст. 20Л, класс герметичности «А» по ГОСТ 9544-2015 - 2 шт.; переключающее устройство ПУ 50-63 23с20нж DN 50 PN 6,3 МПа У1, корпус ст. 20Л - 1 шт.; переключающее устройство ПУ 80-40 23с17нж DN 80 PN 4,0 МПа У1, корпус ст. 20Л - 1 шт.";Блок предохранительных клапанов с переключающими устройствами;50с04нж;Блок предохранительных клапанов БПУ 50-63 У1 50с04нж;"клапан предохранительный пружинный сальниковый фланцевый СППК5 50-63 17с16нж1 DN 50 (исп. ?) / 80 (исп. F) PN 6,3 (вход) / 4,0 (выход) МПа У1, корпус ст. 20Л - 2 шт.; переключающее устройство ПУ 50-63 23с20нж DN 50 PN 6,3 МПа У1, корпус ст. 20Л - 1 шт.; переключающее устройство ПУ 80-40 23с17нж DN 80 PN 4,0 МПа У1, корпус ст. 20Л - 1 шт.";"20…34 (55); 30…54 (56); 50…63 (57)";Вода, воздух, пар, нефть, жидкие углеводороды и нефтепродукты, масляные фракции и другие, среды, в которых скорость коррозии материала корпуса не привышает 0,2 мм в год;От -40 до +450;От -40 до +45;У1;А;ОТК;10;830;180;12 месяцев со дня ввода в эксплуатацию, но не более 18 месяцев со дня отгрузки потребителю;50/80;63/40;Углеродистая сталь;270;По запросу;715330;25-30 рабочих дней
"Блок предохранительных клапанов БПУ 80-63 50с08нж в составе: клапан предохранительный пружинный сальниковый фланцевый СППК4 80-63 17с85нж DN 80/100 PN 6,3/4,0 МПа У1, пружина № ?, Рн=? кгс/см², корпус ст. 20Л,  класс герметичности «А» по ГОСТ 9544-2015 - 2 шт.; переключающее устройство ПУ 80-63 23с20нж DN 80 PN 6,3 МПа У1, корпус ст. 20Л - 1 шт.; переключающее устройство ПУ 100-40 23с17нж DN 100 PN 4,0 МПа У1, корпус ст. 20Л - 1 шт.";Блок предохранительных клапанов с переключающими устройствами;50с08нж;Блок предохранительных клапанов БПУ 80-63 У1 50с08нж;"клапан предохранительный пружинный сальниковый фланцевый СППК4 80-63 17с85нж DN 80 (исп. ?) / 100 (исп. F) PN 6,3 (вход) / 4,0 (выход) МПа У1, корпус ст. 20Л - 2 шт.; переключающее устройство ПУ 80-63 23с20нж DN 80 PN 6,3 МПа У1, корпус ст. 20Л - 1 шт.; переключающее устройство ПУ 100-40 23с17нж DN 100 PN 4,0 МПа У1, корпус ст. 20Л - 1 шт.";"25…35 (38); 35…44 (37); 44…50 (39); 50…63 (40)";Вода, воздух, пар, нефть, жидкие углеводороды и нефтепродукты, масляные фракции и другие, среды, в которых скорость коррозии материала корпуса не привышает 0,2 мм в год;От -40 до +450;От -40 до +45;У1;А;ОТК;10;830;180;12 месяцев со дня ввода в эксплуатацию, но не более 18 месяцев со дня отгрузки потребителю;80/100;63/40;Углеродистая сталь;375;По запросу;826380;25-30 рабочих дней
"Блок предохранительных клапанов БПУ 100-63 50с12нж в составе: клапан предохранительный пружинный сальниковый фланцевый СППК5 100-63 17с16нж DN 100/150 PN 6,3/4,0 МПа У1, пружина № ?, Рн=? кгс/см², корпус ст. 20Л, класс герметичности «А» по ГОСТ 9544-2015 - 2 шт.; переключающее устройство ПУ 100-63 23с20нж DN 100 PN 6,3 МПа У1, корпус ст. 20Л - 1 шт.; переключающее устройство ПУ 150-40 23с17нж DN 150 PN 4,0 МПа У1, корпус ст. 20Л - 1 шт.";Блок предохранительных клапанов с переключающими устройствами;50с12нж;Блок предохранительных клапанов БПУ 100-63 У1 50с12нж;"клапан предохранительный пружинный сальниковый фланцевый СППК5 100-63 17с16нж DN 100 (исп. ?) / 150 (исп. F) PN 6,3 (вход) / 4,0 (выход) МПа У1, корпус ст. 20Л - 2 шт.; переключающее устройство ПУ 100-63 23с20нж DN 100 PN 6,3 МПа У1, корпус ст. 20Л - 1 шт.; переключающее устройство ПУ 150-40 23с17нж DN 150 PN 4,0 МПа У1, корпус ст. 20Л - 1 шт.";"25…40 (77); 40…55 (80); 55…63 (81)";Вода, воздух, пар, нефть, жидкие углеводороды и нефтепродукты, масляные фракции и другие, среды, в которых скорость коррозии материала корпуса не привышает 0,2 мм в год;От -40 до +450;От -40 до +45;У1;А;ОТК;10;830;180;12 месяцев со дня ввода в эксплуатацию, но не более 18 месяцев со дня отгрузки потребителю;100/150;63/40;Углеродистая сталь;735;По запросу;1451590;25-30 рабочих дней
"Блок предохранительных клапанов БПУ 50-160 50с05нж в составе: клапан предохранительный пружинный сальниковый фланцевый СППК5 50-160 17с8нж1 DN 50/80 PN 16,0/4,0 МПа У1, пружина № ?, Рн=? кгс/см², корпус ст. 20Л, класс герметичности «А» по ГОСТ 9544-2015 - 2 шт.; переключающее устройство ПУ 50-160 23с19нж DN 50 PN 16,0 МПа У1, корпус ст. 20Л - 1 шт.; переключающее устройство ПУ 80-40 23с17нж DN 80 PN 4,0 МПа У1, корпус ст. 20Л - 1 шт.";Блок предохранительных клапанов с переключающими устройствами;50с05нж;Блок предохранительных клапанов БПУ 50-160 У1 50с05нж;"клапан предохранительный пружинный сальниковый фланцевый СППК5 50-160 17с8нж1 DN 50 (исп. J) / 80 (исп. F) PN 16,0 (вход) / 4,0 (выход) МПа У1, корпус ст. 20Л - 2 шт.; переключающее устройство ПУ 50-160 23с19нж DN 50 PN 16,0 МПа У1, корпус ст. 20Л - 1 шт.; переключающее устройство ПУ 80-40 23с17нж DN 80 PN 4,0 МПа У1, корпус ст. 20Л - 1 шт.";"53…90 (58); 85…124 (59); 124…141 (60); 140…160 (61)";Вода, воздух, пар, нефть, жидкие углеводороды и нефтепродукты, масляные фракции и другие, среды, в которых скорость коррозии материала корпуса не привышает 0,2 мм в год;От -40 до +450;От -40 до +45;У1;А;ОТК;10;830;180;12 месяцев со дня ввода в эксплуатацию, но не более 18 месяцев со дня отгрузки потребителю;50/80;160/40;Углеродистая сталь;290;По запросу;747480;25-30 рабочих дней
"Блок предохранительных клапанов БПУ 80-160 50с09нж в составе: клапан предохранительный пружинный сальниковый фланцевый СППК4 80-160 17с80нж DN 80/100 PN 16,0/4,0 МПа У1, пружина № ?, Рн=? кгс/см², корпус ст. 20Л, класс герметичности «А» по ГОСТ 9544-2015 - 2 шт.; переключающее устройство ПУ 80-160 23с19нж DN 80 PN 16,0 МПа У1, корпус ст. 20Л - 1 шт.; переключающее устройство ПУ 100-40 23с17нж DN 100 PN 4,0 МПа У1, корпус ст. 20Л - 1 шт.";Блок предохранительных клапанов с переключающими устройствами;50с09нж;Блок предохранительных клапанов БПУ 80-160 У1 50с09нж;"клапан предохранительный пружинный сальниковый фланцевый СППК4 80-160 17с80нж DN 80 (исп. J) / 100 (исп. F) PN 16,0 (вход) / 4,0 (выход) МПа У1, корпус ст. 20Л - 2 шт.; переключающее устройство ПУ 80-160 23с19нж DN 80 PN 16,0 МПа У1, корпус ст. 20Л - 1 шт.; переключающее устройство ПУ 100-40 23с17нж DN 100 PN 4,0 МПа У1, корпус ст. 20Л - 1 шт.";"50…63 (40); 63…100 (41); 100…135 (42); 135…160 (43)";Вода, воздух, пар, нефть, жидкие углеводороды и нефтепродукты, масляные фракции и другие, среды, в которых скорость коррозии материала корпуса не привышает 0,2 мм в год;От -40 до +450;От -40 до +45;У1;А;ОТК;10;830;180;12 месяцев со дня ввода в эксплуатацию, но не более 18 месяцев со дня отгрузки потребителю;80/100;160/40;Углеродистая сталь;400;По запросу;966510;25-30 рабочих дней
"Блок предохранительных клапанов БПУ 100-160 50с13нж в составе: клапан предохранительный пружинный сальниковый фланцевый СППК5 100-160 17с8нж2 DN 100/150 PN 16,0/4,0 МПа У1, пружина № ?, Рн=? кгс/см², корпус ст. 20Л, класс герметичности «А» по ГОСТ 9544-2015 - 2 шт.; переключающее устройство ПУ 100-160 23с19нж DN 100 PN 16,0 МПа У1, корпус ст. 20Л - 1 шт.; переключающее устройство ПУ 150-40 23с17нж DN 150 PN 4,0 МПа У1, корпус ст. 20Л - 1 шт.";Блок предохранительных клапанов с переключающими устройствами;50с13нж;Блок предохранительных клапанов БПУ 100-160 У1 50с13нж;"клапан предохранительный пружинный сальниковый фланцевый СППК5 100-160 17с8нж2 DN 100 (исп. J) / 150 (исп. F) PN 16,0 (вход) / 4,0 (выход) МПа У1, корпус ст. 20Л - 2 шт.; переключающее устройство ПУ 100-160 23с19нж DN 100 PN 16,0 МПа У1, корпус ст. 20Л - 1 шт.; переключающее устройство ПУ 150-40 23с17нж DN 150 PN 4,0 МПа У1, корпус ст. 20Л - 1 шт.";"63…100 (80); 100…125 (81); 110…145 (82); 135…160 (83)";Вода, воздух, пар, нефть, жидкие углеводороды и нефтепродукты, масляные фракции и другие, среды, в которых скорость коррозии материала корпуса не привышает 0,2 мм в год;От -40 до +450;От -40 до +45;У1;А;ОТК;10;830;180;12 месяцев со дня ввода в эксплуатацию, но не более 18 месяцев со дня отгрузки потребителю;100/150;160/40;Углеродистая сталь;770;По запросу;1672720;25-30 рабочих дней
"Блок предохранительных клапанов БПУ Р 50-16 УХЛ1 50нж02нж1 в составе: клапан предохранительный сальниковый фланцевый СППК4Р 50-16нж 17нж17нж DN 50/80 PN 1,6/0,6 МПа УХЛ1, пружина № ?, Рн=? кгс/см², корпус ст. 12Х18Н9ТЛ, класс герметичности «А» по ГОСТ 9544-2015 - 2 шт.; переключающее устройство ПУ 50-16-03нж 23нж16нж1 DN 50 PN 1,6 МПа УХЛ1, корпус ст. 12Х18Н9ТЛ - 1 шт.; переключающее устройство ПУ 80-6-01нж 23нж18нж DN 80 PN 0,6 МПа УХЛ1, корпус ст. 12Х18Н9ТЛ - 1 шт.";Блок предохранительных клапанов с переключающими устройствами;50нж02нж1;Блок предохранительных клапанов БПУ Р 50-16 УХЛ1 50нж02нж1;"клапан предохранительный пружинный сальниковый фланцевый СППК4Р 50-16нж 17нж17нж DN 50 (исп. В) / 80 (исп. В) PN 1,6 (вход) / 0,6 (выход) МПа УХЛ1, корпус ст. 12Х18Н9ТЛ - 2 шт.; переключающее устройство ПУ 50-16-03нж 23нж16нж1 DN 50 PN 1,6 МПа УХЛ1, корпус ст. 12Х18Н9ТЛ - 1 шт.; переключающее устройство ПУ 80-6-01нж 23нж18нж DN 80 PN 0,6 МПа УХЛ1, корпус ст. 12Х18Н9ТЛ - 1 шт.";"0,5…1,2 (10); 1,2…2,5 (11); 2,5…4 (12); 4…8 (13); 8…16 (14)";Вода, воздух, пар, природный газ, жидкие углеводороды и нефтепродукты, масляные фракции, нефтехимические и другие, среды, в которых скорость коррозии материала корпуса не привышает 0,2 мм в год;От -60 до +600;От -60 до +45;УХЛ1;А;ОТК;10;830;180;12 месяцев со дня ввода в эксплуатацию, но не более 18 месяцев со дня отгрузки потребителю;50/80;16/6;Коррозионностойкая сталь;160;По запросу;802240;25-30 рабочих дней
"Блок предохранительных клапанов БПУ Р 80-16 УХЛ1 50нж06нж1 в составе: клапан предохранительный сальниковый фланцевый СППК4Р 80-16нж 17нж17нж DN 80/100 PN 1,6/0,6 МПа УХЛ1, пружина № ?, Рн=? кгс/см², корпус ст. 12Х18Н9ТЛ, класс герметичности «А» по ГОСТ 9544-2015 - 2 шт.; переключающее устройство ПУ 80-16-03нж 23нж16нж1 DN 80 PN 1,6 МПа УХЛ1, корпус ст. 12Х18Н9ТЛ - 1 шт.; переключающее устройство ПУ 100-6-01нж 23нж18нж DN 100 PN 0,6 МПа УХЛ1, корпус ст. 12Х18Н9ТЛ - 1 шт.";Блок предохранительных клапанов с переключающими устройствами;50нж06нж1;Блок предохранительных клапанов БПУ Р 80-16 УХЛ1 50нж06нж1;"клапан предохранительный пружинный сальниковый фланцевый СППК4Р 80-16нж 17нж17нж DN 80 (исп. В) / 100 (исп. В) PN 1,6 (вход) / 0,6 (выход) МПа УХЛ1, корпус ст. 12Х18Н9ТЛ - 2 шт.; переключающее устройство ПУ 80-16-03нж 23нж16нж1 DN 80 PN 1,6 МПа УХЛ1, корпус ст. 12Х18Н9ТЛ - 1 шт.; переключающее устройство ПУ 100-6-01нж 23нж18нж DN 100 PN 0,6 МПа УХЛ1, корпус ст. 12Х18Н9ТЛ - 1 шт.";"0,5…1,2 (30); 1,2…3 (31); 3…5 (32); 5…8 (33); 8…16 (34)";Вода, воздух, пар, природный газ, жидкие углеводороды и нефтепродукты, масляные фракции, нефтехимические и другие, среды, в которых скорость коррозии материала корпуса не привышает 0,2 мм в год;От -60 до +600;От -60 до +45;УХЛ1;А;ОТК;10;830;180;12 месяцев со дня ввода в эксплуатацию, но не более 18 месяцев со дня отгрузки потребителю;80/100;16/6;Коррозионностойкая сталь;216;По запросу;1195220;25-30 рабочих дней
"Блок предохранительных клапанов БПУ Р 100-16 УХЛ1 50нж10нж1 в составе: клапан предохранительный сальниковый фланцевый СППК5Р 100-16нж 17нж6нж DN 100/150 PN 1,6/1,6 МПа УХЛ1, пружина №?, Рн=? кгс/см², корпус ст. 12Х18Н9ТЛ, класс герметичности «А» по ГОСТ 9544-2015 - 2 шт; переключающее устройство ПУ 100-16-03нж 23нж16нж1 DN 100 PN 1,6 МПа УХЛ1, корпус ст. 12Х18Н9ТЛ - 1шт; переключающее устройство ПУ 150-16-02нж 23нж16нж DN 150 PN 1,6 МПа УХЛ1, корпус ст. 12Х18Н9ТЛ - 1 шт";Блок предохранительных клапанов с переключающими устройствами;50нж10нж1;Блок предохранительных клапанов БПУ Р 100-16 УХЛ1 50нж10нж1;"клапан предохранительный пружинный сальниковый фланцевый СППК5Р 100-16нж 17нж6нж DN 100 (исп. В) / 150 (исп. В) PN 1,6 (вход) / 1,6 (выход) МПа УХЛ1, корпус ст. 12Х18Н9ТЛ - 2 шт.; переключающее устройство ПУ 100-16-03нж 23нж16нж1 DN 100 PN 1,6 МПа УХЛ1, корпус ст. 12Х18Н9ТЛ - 1 шт.; переключающее устройство ПУ 150-16-02нж 23нж16нж DN 150 PN 1,6 МПа УХЛ1, корпус ст. 12Х18Н9ТЛ - 1 шт.";"0,5…1 (50); 0,8…1,6 (51); 1,5…3 (52); 2,5…4,5 (53); 4,5…8,5 (54); 8…16 (55)";Вода, воздух, пар, природный газ, жидкие углеводороды и нефтепродукты, масляные фракции, нефтехимические и другие, среды, в которых скорость коррозии материала корпуса не привышает 0,2 мм в год;От -60 до +600;От -60 до +45;УХЛ1;А;ОТК;10;830;180;12 месяцев со дня ввода в эксплуатацию, но не более 18 месяцев со дня отгрузки потребителю;100/150;16/6;Коррозионностойкая сталь;405;По запросу;1671170;25-30 рабочих дней
"Блок предохранительных клапанов БПУ Р 150-16 УХЛ1 50нж14нж1 в составе: клапан предохранительный сальниковый фланцевый СППК4Р 150-16нж 17нж6нж DN 150/200 PN 1,6/0,6 МПа УХЛ1, пружина №?, Рн=? кгс/см², корпус ст. 12Х18Н9ТЛ, класс герметичности «А» по ГОСТ 9544-2015 - 2 шт; переключающее устройство ПУ 150-16-03нж 23нж16нж1 DN 150 PN 1,6 МПа УХЛ1, корпус ст. 12Х18Н9ТЛ - 1 шт; переключающее устройство ПУ 200-6-01нж 23нж18нж DN 200 PN 0,6 МПа УХЛ1, корпус ст. 12Х18Н9ТЛ - 1 шт";Блок предохранительных клапанов с переключающими устройствами;50нж14нж1;Блок предохранительных клапанов БПУ Р 150-16 УХЛ1 50нж14нж1;"клапан предохранительный пружинный сальниковый фланцевый СППК4Р 150-16нж 17нж6нж DN 150 (исп. В) / 200 (исп. В) PN 1,6 (вход) / 0,6 (выход) МПа УХЛ1, корпус ст. 12Х18Н9ТЛ - 2 шт.; переключающее устройство ПУ 150-16-03нж 23нж16нж1 DN 150 PN 1,6 МПа УХЛ1, корпус ст. 12Х18Н9ТЛ - 1 шт.; переключающее устройство ПУ 200-6-01нж 23нж18нж DN 200 PN 0,6 МПа УХЛ1, корпус ст. 12Х18Н9ТЛ - 1 шт.";"0,5…1,5 (70); 1,5…3 (71); 3…5 (72); 5…8 (73); 8…12 (74); 12…16 (75)";Вода, воздух, пар, природный газ, жидкие углеводороды и нефтепродукты, масляные фракции, нефтехимические и другие, среды, в которых скорость коррозии материала корпуса не привышает 0,2 мм в год;От -60 до +600;От -60 до +45;УХЛ1;А;ОТК;10;830;180;12 месяцев со дня ввода в эксплуатацию, но не более 18 месяцев со дня отгрузки потребителю;150/200;16/6;Коррозионностойкая сталь;635;По запросу;2486050;25-30 рабочих дней
"Блок предохранительных клапанов БПУ Р 200-16 УХЛ1 50нж16нж1 в составе: клапан предохранительный сальниковый фланцевый СППК4Р 200-16нж 17нж17нж DN 200/300 PN 1,6/0,6 МПа УХЛ1, пружина №?, Рн=? кгс/см², корпус ст. 12Х18Н9ТЛ, класс герметичности «А» по ГОСТ 9544-2015 - 2 шт; переключающее устройство ПУ 200-16-01нж 23нж16нж DN 200 PN 1,6 МПа УХЛ1, корпус ст. 12Х18Н9ТЛ - 1 шт; переключающее устройство ПУ 300-6-01нж 23нж18нж DN 300 PN 0,6 МПа УХЛ1, корпус ст. 12Х18Н9ТЛ - 1 шт";Блок предохранительных клапанов с переключающими устройствами;50нж16нж1;Блок предохранительных клапанов БПУ Р 200-16 УХЛ1 50нж16нж1;"клапан предохранительный пружинный сальниковый фланцевый СППК4Р 200-16нж 17нж17нж DN 200 (исп. В) / 300 (исп. В) PN 1,6 (вход) / 0,6 (выход) МПа УХЛ1, корпус ст. 12Х18Н9ТЛ - 2 шт.; переключающее устройство ПУ 200-16-01нж 23нж16нж DN 200 PN 1,6 МПа УХЛ1, корпус ст. 12Х18Н9ТЛ - 1 шт.; переключающее устройство ПУ 300-6-01нж 23нж18нж DN 300 PN 0,6 МПа УХЛ1, корпус ст. 12Х18Н9ТЛ - 1 шт.";"0,5…1 (72); 1…2 (73); 2…3 (74); 3…5 (75); 5…7 (76); 7…9 (77); 9…12 (78); 12…16 (79)";Вода, воздух, пар, природный газ, жидкие углеводороды и нефтепродукты, масляные фракции, нефтехимические и другие, среды, в которых скорость коррозии материала корпуса не привышает 0,2 мм в год;От -60 до +600;От -60 до +45;УХЛ1;А;ОТК;10;830;180;12 месяцев со дня ввода в эксплуатацию, но не более 18 месяцев со дня отгрузки потребителю;200/300;16/6;Коррозионностойкая сталь;1093;По запросу;5036850;25-30 рабочих дней
"Блок предохранительных клапанов БПУ Р 25-40 УХЛ1 50нж01нж1 в составе: клапан предохранительный сальниковый фланцевый СППК4Р 25-40нж 17нж25нж DN 25/40 PN 4,0/1,6 МПа УХЛ1, пружина № ?, Рн=? кгс/см², корпус ст. 12Х18Н9ТЛ, класс герметичности «А» по ГОСТ 9544-2015 - 2 шт.; переключающее устройство ПУ 25-40-01нж 23нж17нж DN 25 PN 4,0 МПа УХЛ1, корпус ст. 12Х18Н9ТЛ - 1 шт.; переключающее устройство ПУ 50-16-02нж 23нж16нж DN 50 PN 1,6 МПа УХЛ1, корпус ст. 12Х18Н9ТЛ - 1 шт.";Блок предохранительных клапанов с переключающими устройствами;50нж01нж1;Блок предохранительных клапанов БПУ Р 25-40 УХЛ1 50нж01нж1;"клапан предохранительный пружинный сальниковый фланцевый СППК4Р 25-40нж 17нж25нж DN 25 (исп. F) / 40 (исп. В) PN 4,0 (вход) / 1,6 (выход) МПа УХЛ1, корпус ст. 12Х18Н9ТЛ - 2 шт.; переключающее устройство ПУ 25-40-01нж 23нж17нж DN 25 PN 4,0 МПа УХЛ1, корпус ст. 12Х18Н9ТЛ - 1 шт.; переключающее устройство ПУ 50-16-02нж 23нж16нж DN 50 PN 1,6 МПа УХЛ1, корпус ст. 12Х18Н9ТЛ - 1 шт.";"4…8 (8); 8…16 (1); 16…25 (2); 25…40 (3)";Вода, воздух, пар, природный газ, жидкие углеводороды и нефтепродукты, масляные фракции, нефтехимические и другие, среды, в которых скорость коррозии материала корпуса не привышает 0,2 мм в год;От -60 до +600;От -60 до +45;УХЛ1;А;ОТК;10;830;180;12 месяцев со дня ввода в эксплуатацию, но не более 18 месяцев со дня отгрузки потребителю;25/40;40/16;Коррозионностойкая сталь;131;По запросу;610740;25-30 рабочих дней
"Блок предохранительных клапанов БПУ Р 50-40 УХЛ1 50нж03нж1 в составе: клапан предохранительный сальниковый фланцевый СППК4Р 50-40нж 17нж25нж DN 50/80 PN 4,0/1,6 МПа УХЛ1, пружина № ?, Рн=? кгс/см², корпус ст. 12Х18Н9ТЛ, класс герметичности «А» по ГОСТ 9544-2015 - 2 шт.; переключающее устройство ПУ 50-40-03нж 23нж17нж1 DN 50 PN 4,0 МПа УХЛ1, корпус ст. 12Х18Н9ТЛ - 1 шт.; переключающее устройство ПУ 80-16-02нж 23нж16нж DN 80 PN 1,6 МПа УХЛ1, корпус ст. 12Х18Н9ТЛ - 1 шт.";Блок предохранительных клапанов с переключающими устройствами;50нж03нж1;Блок предохранительных клапанов БПУ Р 50-40 УХЛ1 50нж03нж1;"клапан предохранительный пружинный сальниковый фланцевый СППК4Р 50-40нж 17нж25нж DN 50 (исп. F) / 80 (исп. В) PN 4,0 (вход) / 1,6 (выход) МПа УХЛ1, корпус ст. 12Х18Н9ТЛ - 2 шт.; переключающее устройство ПУ 50-40-03нж 23нж17нж1 DN 50 PN 4,0 МПа УХЛ1, корпус ст. 12Х18Н9ТЛ - 1 шт.; переключающее устройство ПУ 80-16-02нж 23нж16нж DN 80 PN 1,6 МПа УХЛ1, корпус ст. 12Х18Н9ТЛ - 1 шт.";"0,5…1,2 (10); 1,2…2,5 (11); 2,5…4 (12); 4…8 (13); 8…20 (14); 20…30 (15); 30…40 (16)";Вода, воздух, пар, природный газ, жидкие углеводороды и нефтепродукты, масляные фракции, нефтехимические и другие, среды, в которых скорость коррозии материала корпуса не привышает 0,2 мм в год;От -60 до +600;От -60 до +45;УХЛ1;А;ОТК;10;830;180;12 месяцев со дня ввода в эксплуатацию, но не более 18 месяцев со дня отгрузки потребителю;50/80;40/16;Коррозионностойкая сталь;165;По запросу;909360;25-30 рабочих дней
"Блок предохранительных клапанов БПУ Р 80-40 УХЛ1 50нж07нж1 в составе: клапан предохранительный сальниковый фланцевый СППК4Р 80-40нж 17нж25нж DN 80/100 PN 4,0/1,6 МПа УХЛ1, пружина № ?, Рн=? кгс/см², корпус ст. 12Х18Н9ТЛ, класс герметичности «А» по ГОСТ 9544-2015 - 2 шт.; переключающее устройство ПУ 80-40-03нж 23нж17нж1 DN 80 PN 4,0 МПа УХЛ1, корпус ст. 12Х18Н9ТЛ - 1 шт.; переключающее устройство ПУ 100-16-02нж 23нж16нж DN 100 PN 1,6 МПа УХЛ1, корпус ст. 12Х18Н9ТЛ - 1 шт";Блок предохранительных клапанов с переключающими устройствами;50нж07нж1;Блок предохранительных клапанов БПУ Р 80-40 УХЛ1 50нж07нж1;"клапан предохранительный пружинный сальниковый фланцевый СППК4Р 80-40нж 17нж25нж DN 80 (исп. F) / 100 (исп. В) PN 4,0 (вход) / 1,6 (выход) МПа УХЛ1, корпус ст. 12Х18Н9ТЛ - 2 шт.; переключающее устройство ПУ 80-40-03нж 23нж17нж1 DN 80 PN 4,0 МПа УХЛ1, корпус ст. 12Х18Н9ТЛ - 1 шт.; переключающее устройство ПУ 100-16-02нж 23нж16нж DN 100 PN 1,6 МПа УХЛ1, корпус ст. 12Х18Н9ТЛ - 1 шт.";"0,5…1,2 (30); 1,2…3 (31); 3…5 (32); 5…8 (33); 8…20 (35); 20…30 (36); 30…40 (37)";Вода, воздух, пар, природный газ, жидкие углеводороды и нефтепродукты, масляные фракции, нефтехимические и другие, среды, в которых скорость коррозии материала корпуса не привышает 0,2 мм в год;От -60 до +600;От -60 до +45;УХЛ1;А;ОТК;10;830;180;12 месяцев со дня ввода в эксплуатацию, но не более 18 месяцев со дня отгрузки потребителю;80/100;40/16;Коррозионностойкая сталь;260;По запросу;1292940;25-30 рабочих дней
"Блок предохранительных клапанов БПУ Р 100-40 УХЛ1 50нж11нж1 в составе: клапан предохранительный сальниковый фланцевый СППК5Р 100-40нж 17нж25нж DN 100/150 PN 4,0/1,6 МПа УХЛ1, пружина № ?, Рн=? кгс/см², корпус ст. 12Х18Н9ТЛ, класс герметичности «А» по ГОСТ 9544-2015 - 2 шт.; переключающее устройство ПУ 100-40-03нж 23нж17нж1 DN 100 PN 4,0 МПа УХЛ1, корпус ст. 12Х18Н9ТЛ - 1 шт.; переключающее устройство ПУ 150-16-02нж 23нж16нж DN 150 PN 1,6 МПа, корпус ст. 12Х18Н9ТЛ - 1 шт";Блок предохранительных клапанов с переключающими устройствами;50нж11нж1;Блок предохранительных клапанов БПУ Р 100-40 УХЛ1 50нж11нж1;"клапан предохранительный пружинный сальниковый фланцевый СППК5Р 100-40нж 17нж25нж DN 100 (исп. F) / 150 (исп. В) PN 4,0 (вход) / 1,6 (выход) МПа УХЛ1, корпус ст. 12Х18Н9ТЛ - 2 шт.; переключающее устройство ПУ 100-40-03нж 23нж17нж1 DN 100 PN 4,0 МПа УХЛ1, корпус ст. 12Х18Н9ТЛ - 1 шт.; переключающее устройство ПУ 150-16-02нж 23нж16нж DN 150 PN 1,6 МПа УХЛ1, корпус ст. 12Х18Н9ТЛ - 1 шт.";"8…16 (55); 16…26 (56); 26…40 (57)";Вода, воздух, пар, природный газ, жидкие углеводороды и нефтепродукты, масляные фракции, нефтехимические и другие, среды, в которых скорость коррозии материала корпуса не привышает 0,2 мм в год;От -60 до +600;От -60 до +45;УХЛ1;А;ОТК;10;830;180;12 месяцев со дня ввода в эксплуатацию, но не более 18 месяцев со дня отгрузки потребителю;100/150;40/16;Коррозионностойкая сталь;450;По запросу;1868290;25-30 рабочих дней
"Блок предохранительных клапанов БПУ Р 150-40 УХЛ1 50нж15нж1 в составе: клапан предохранительный сальниковый фланцевый СППК4Р 150-40нж 17нж21нж DN 150/200 PN 4,0/1,6 МПа УХЛ1, пружина № ?, Рн=? кгс/см², корпус ст. 12Х18Н9ТЛ, класс герметичности «А» по ГОСТ 9544-2015 - 2 шт.; переключающее устройство ПУ 150-40-03нж 23нж17нж1 DN 150 PN 4,0 МПа УХЛ1, корпус ст. 12Х18Н9ТЛ - 1 шт.; переключающее устройство ПУ 200-16-01нж 23нж16нж DN 200 PN 1,6 МПа, корпус ст. 12Х18Н9ТЛ - 1 шт";Блок предохранительных клапанов с переключающими устройствами;50нж15нж1;Блок предохранительных клапанов БПУ Р 150-40 УХЛ1 50нж15нж1;"клапан предохранительный пружинный сальниковый фланцевый СППК4Р 150-40нж 17нж21нж DN 150 (исп. F) / 200 (исп. В) PN 4,0 (вход) / 1,6 (выход) МПа УХЛ1, корпус ст. 12Х18Н9ТЛ - 2 шт.; переключающее устройство ПУ 150-40-03нж 23нж17нж1 DN 150 PN 4,0 МПа УХЛ1, корпус ст. 12Х18Н9ТЛ - 1 шт.; переключающее устройство ПУ 200-16-01нж 23нж16нж DN 200 PN 1,6 МПа УХЛ1, корпус ст. 12Х18Н9ТЛ - 1 шт.";"8…12 (74); 12…18 (75); 18…25 (76); 25…35 (77); 35…40 (78)";Вода, воздух, пар, природный газ, жидкие углеводороды и нефтепродукты, масляные фракции, нефтехимические и другие, среды, в которых скорость коррозии материала корпуса не привышает 0,2 мм в год;От -60 до +600;От -60 до +45;УХЛ1;А;ОТК;10;830;180;12 месяцев со дня ввода в эксплуатацию, но не более 18 месяцев со дня отгрузки потребителю;150/200;40/16;Коррозионностойкая сталь;685;По запросу;2893070;25-30 рабочих дней
"Блок предохранительных клапанов БПУ Р 50-63 УХЛ1 50нж04нж1 в составе: клапан предохранительный сальниковый фланцевый СППК5Р 50-63нж 17нж16нж DN 50/80 PN 6,3/4,0 МПа УХЛ1, пружина № ?, Рн=? кгс/см², корпус ст. 12Х18Н9ТЛ, класс герметичности «А» по ГОСТ 9544-2015 - 2 шт.; переключающее устройство ПУ 50-63-01нж 23нж20нж DN 50 PN 6,3 МПа УХЛ1, корпус ст. 12Х18Н9ТЛ - 1 шт.; переключающее устройство ПУ 80-40-02нж 23нж17нж DN 80 PN 4,0 МПа УХЛ1, корпус ст. 12Х18Н9ТЛ - 1 шт.";Блок предохранительных клапанов с переключающими устройствами;50нж04нж1;Блок предохранительных клапанов БПУ Р 50-63 УХЛ1 50нж04нж1;"клапан предохранительный пружинный сальниковый фланцевый СППК5Р 50-63нж 17нж16нж DN 50 (исп. ?) / 80 (исп. F) PN 6,3 (вход) / 4,0 (выход) МПа УХЛ1, корпус ст. 12Х18Н9ТЛ - 2 шт.; переключающее устройство ПУ 50-63-01нж 23нж20нж DN 50 PN 6,3 МПа УХЛ1, корпус ст. 12Х18Н9ТЛ - 1 шт.; переключающее устройство ПУ 80-40-02нж 23нж17нж DN 80 PN 4,0 МПа УХЛ1, корпус ст. 12Х18Н9ТЛ - 1 шт.";"20…34 (55); 30…54 (56); 50…63 (57)";Вода, воздух, пар, природный газ, жидкие углеводороды и нефтепродукты, масляные фракции, нефтехимические и другие, среды, в которых скорость коррозии материала корпуса не привышает 0,2 мм в год;От -60 до +600;От -60 до +45;УХЛ1;А;ОТК;10;830;180;12 месяцев со дня ввода в эксплуатацию, но не более 18 месяцев со дня отгрузки потребителю;50/80;63/40;Коррозионностойкая сталь;275;По запросу;1630460;25-30 рабочих дней
"Блок предохранительных клапанов БПУ Р 80-63 УХЛ1 50нж08нж1 в составе: клапан предохранительный сальниковый фланцевый СППК4Р 80-63нж 17нж89нж DN 80/100  PN 6,3/4,0 МПа УХЛ1, пружина № ?, Рн=? кгс/см², корпус ст. 12Х18Н9ТЛ, класс герметичности «А» по ГОСТ 9544-2015 - 2 шт.; переключающее устройство ПУ 80-63-01нж 23нж20нж DN 80 PN 6,3 МПа УХЛ1, корпус ст. 12Х18Н9ТЛ - 1 шт.; переключающее устройство ПУ 100-40-02нж 23нж17нж DN 100 PN 4,0 МПа УХЛ1, корпус ст. 12Х18Н9ТЛ - 1 шт.";Блок предохранительных клапанов с переключающими устройствами;50нж08нж1;Блок предохранительных клапанов БПУ Р 80-63 УХЛ1 50нж08нж1;"клапан предохранительный пружинный сальниковый фланцевый СППК4Р 80-63нж 17нж89нж DN 80 (исп. ?) / 100 (исп. F) PN 6,3 (вход) / 4,0 (выход) МПа УХЛ1, корпус ст. 12Х18Н9ТЛ - 2 шт.; переключающее устройство ПУ 80-63-01нж 23нж20нж DN 80 PN 6,3 МПа УХЛ1, корпус ст. 12Х18Н9ТЛ - 1 шт.; переключающее устройство ПУ 100-40-02нж 23нж17нж DN 100 PN 4,0 МПа УХЛ1, корпус ст. 12Х18Н9ТЛ - 1 шт.";"25…35 (38); 35…44 (37); 44…50 (39); 50…63 (40)";Вода, воздух, пар, природный газ, жидкие углеводороды и нефтепродукты, масляные фракции, нефтехимические и другие, среды, в которых скорость коррозии материала корпуса не привышает 0,2 мм в год;От -60 до +600;От -60 до +45;УХЛ1;А;ОТК;10;830;180;12 месяцев со дня ввода в эксплуатацию, но не более 18 месяцев со дня отгрузки потребителю;80/100;63/40;Коррозионностойкая сталь;380;По запросу;1970640;25-30 рабочих дней
"Блок предохранительных клапанов БПУ Р 100-63нж УХЛ1 50нж12нж2 в составе: клапан предохранительный сальниковый фланцевый СППК5Р 100-63нж 17нж16нж DN 100/150 PN 6,3/4,0 МПа УХЛ1, пружина № ?, Рн=? кгс/см², корпус ст. 12Х18Н9ТЛ, класс герметичности «А» по ГОСТ 9544-2015 - 2 шт.; переключающее устройство ПУ 100-63-01нж 23нж20нж DN 100 PN 6,3 МПа, корпус ст. 12Х18Н9ТЛ - 1 шт.; переключающее устройство ПУ 150-40-02нж 23нж17нж DN 150 PN 4,0 МПа, корпус ст. 12Х18Н9ТЛ - 1 шт.";Блок предохранительных клапанов с переключающими устройствами;50нж12нж2;Блок предохранительных клапанов БПУ Р 100-63нж УХЛ1 50нж12нж2;"клапан предохранительный пружинный сальниковый фланцевый СППК5Р 100-63нж 17нж16нж DN 100 (исп. ?) / 150 (исп. F) PN 6,3 (вход) / 4,0 (выход) МПа УХЛ1, корпус ст. 12Х18Н9ТЛ - 2 шт.; переключающее устройство ПУ 100-63-01нж 23нж20нж DN 100 PN 6,3 МПа УХЛ1, корпус ст. 12Х18Н9ТЛ - 1 шт.; переключающее устройство ПУ 150-40-02нж 23нж17нж DN 150 PN 4,0 МПа УХЛ1, корпус ст. 12Х18Н9ТЛ - 1 шт.";"25…40 (77); 40…55 (80); 55…63 (81)";Вода, воздух, пар, природный газ, жидкие углеводороды и нефтепродукты, масляные фракции, нефтехимические и другие, среды, в которых скорость коррозии материала корпуса не привышает 0,2 мм в год;От -60 до +600;От -60 до +45;УХЛ1;А;ОТК;10;830;180;12 месяцев со дня ввода в эксплуатацию, но не более 18 месяцев со дня отгрузки потребителю;100/150;63/40;Коррозионностойкая сталь;745;По запросу;3362000;25-30 рабочих дней
"Блок предохранительных клапанов БПУ Р 50-160нж УХЛ1 50нж05нж1 в составе: клапан предохранительный сальниковый фланцевый СППК5Р 50-160нж 17нж8нж DN 50/80 PN 16,0/4,0 МПа УХЛ1, пружина № ?, Рн=? кгс/см², корпус ст. 12Х18Н9ТЛ, класс герметичности «А» по ГОСТ 9544-2015 - 2 шт.; переключающее устройство ПУ 50-160-01нж 23нж19нж DN 50 PN 16,0 МПа УХЛ1, корпус ст. 12Х18Н9ТЛ - 1 шт.; переключающее устройство ПУ 80-40-02нж 23нж17нж DN 80 PN 4,0 МПа, корпус ст. 12Х18Н9ТЛ - 1 шт.";Блок предохранительных клапанов с переключающими устройствами;50нж05нж1;Блок предохранительных клапанов БПУ Р 50-160нж УХЛ1 50нж05нж1;"клапан предохранительный пружинный сальниковый фланцевый СППК5Р 50-160нж 17нж8нж DN 50 (исп. J) / 80 (исп. F) PN 16,0 (вход) / 4,0 (выход) МПа УХЛ1, корпус ст. 12Х18Н9ТЛ - 2 шт.; переключающее устройство ПУ 50-160-01нж 23нж19нж DN 50 PN 16,0 МПа УХЛ1, корпус ст. 12Х18Н9ТЛ - 1 шт.; переключающее устройство ПУ 80-40-02нж 23нж17нж DN 80 PN 4,0 МПа УХЛ1, корпус ст. 12Х18Н9ТЛ - 1 шт.";"53…90 (58); 85…124 (59); 124…141 (60); 140…160 (61)";Вода, воздух, пар, природный газ, жидкие углеводороды и нефтепродукты, масляные фракции, нефтехимические и другие, среды, в которых скорость коррозии материала корпуса не привышает 0,2 мм в год;От -60 до +600;От -60 до +45;УХЛ1;А;ОТК;10;830;180;12 месяцев со дня ввода в эксплуатацию, но не более 18 месяцев со дня отгрузки потребителю;50/80;160/40;Коррозионностойкая сталь;305;По запросу;1719610;25-30 рабочих дней
"Блок предохранительных клапанов БПУ Р 80-160 УХЛ1 50нж09нж1 в составе: клапан предохранительный сальниковый фланцевый СППК4Р 80-160нж 17нж90нж DN 80/100 PN 16,0/4,0 МПа УХЛ1, пружина № ?, Рн=? кгс/см², корпус ст. 12Х18Н9ТЛ, класс герметичности «А» по ГОСТ 9544-2015 - 2 шт.; переключающее устройство ПУ 80-160-01нж 23нж19нж DN 80 PN 16,0 МПа УХЛ1, корпус ст. 12Х18Н9ТЛ - 1 шт.; переключающее устройство ПУ 100-40-02нж 23нж17нж DN 100 PN 4,0 МПа, корпус ст. 12Х18Н9ТЛ - 1 шт.";Блок предохранительных клапанов с переключающими устройствами;50нж09нж1;Блок предохранительных клапанов БПУ Р 80-160 УХЛ1 50нж09нж1;"клапан предохранительный пружинный сальниковый фланцевый СППК4Р 80-160нж 17нж90нж DN 80 (исп. J) / 100 (исп. F) PN 16,0 (вход) / 4,0 (выход) МПа УХЛ1, корпус ст. 12Х18Н9ТЛ - 2 шт.; переключающее устройство ПУ 80-160-01нж 23нж19нж DN 80 PN 16,0 МПа УХЛ1, корпус ст. 12Х18Н9ТЛ - 1 шт.; переключающее устройство ПУ 100-40-02нж 23нж17нж DN 100 PN 4,0 МПа УХЛ1, корпус ст. 12Х18Н9ТЛ - 1 шт.";"50…63 (40); 63…100 (41); 100…135 (42); 135…160 (43)";Вода, воздух, пар, природный газ, жидкие углеводороды и нефтепродукты, масляные фракции, нефтехимические и другие, среды, в которых скорость коррозии материала корпуса не привышает 0,2 мм в год;От -60 до +600;От -60 до +45;УХЛ1;А;ОТК;10;830;180;12 месяцев со дня ввода в эксплуатацию, но не более 18 месяцев со дня отгрузки потребителю;80/100;160/40;Коррозионностойкая сталь;405;По запросу;2439860;25-30 рабочих дней
"Блок предохранительных клапанов БПУ Р 100-160нж УХЛ1 50нж13нж2 в составе: клапан предохранительный сальниковый фланцевый СППК5Р 100-160нж 17нж8нж DN 100/150 PN 16,0/4,0 МПа УХЛ1, пружина № ?, Рн=? кгс/см², корпус ст. 12Х18Н9ТЛ, класс герметичности «А» по ГОСТ 9544-2015 - 2 шт.; переключающее устройство ПУ 100-160-01нж 23нж19нж DN 100 PN 16,0 МПа, корпус ст. 12Х18Н9ТЛ - 1 шт.; переключающее устройство ПУ 150-40-02нж 23нж17нж DN 150 PN 4,0 МПа, корпус ст. 12Х18Н9ТЛ - 1 шт";Блок предохранительных клапанов с переключающими устройствами;50нж13нж2;Блок предохранительных клапанов БПУ Р 100-160нж УХЛ1 50нж13нж2;"клапан предохранительный пружинный сальниковый фланцевый СППК5Р 100-160нж 17нж8нж DN 100 (исп. J) / 150 (исп. F) PN 16,0 (вход) / 4,0 (выход) МПа УХЛ1, корпус ст. 12Х18Н9ТЛ - 2 шт.; переключающее устройство ПУ 100-160-01нж 23нж19нж DN 100 PN 16,0 МПа УХЛ1, корпус ст. 12Х18Н9ТЛ - 1 шт.; переключающее устройство ПУ 150-40-02нж 23нж17нж DN 150 PN 4,0 МПа УХЛ1, корпус ст. 12Х18Н9ТЛ - 1 шт.";"63…100 (80); 100…125 (81); 110…145 (82); 135…160 (83)";Вода, воздух, пар, природный газ, жидкие углеводороды и нефтепродукты, масляные фракции, нефтехимические и другие, среды, в которых скорость коррозии материала корпуса не привышает 0,2 мм в год;От -60 до +600;От -60 до +45;УХЛ1;А;ОТК;10;830;180;12 месяцев со дня ввода в эксплуатацию, но не более 18 месяцев со дня отгрузки потребителю;100/150;160/40;Коррозионностойкая сталь;780;По запросу;3730700;25-30 рабочих дней
"Блок предохранительных клапанов БПУ С 200-16нж УХЛ1 50нж16нж4 в составе: клапан предохранительный пружинный сильфонный фланцевый уравновешенного типа СППК4С 200-16нж 17нж13нж1 DN 200/300 PN 1,6/0,6 МПа УХЛ1, пружина № ?, Рн=? кгс/см², корпус ст. 12Х18Н9ТЛ - 1 шт.; переключающее устройство ПУ 200-16-01нж 23нж16нж DN 200 PN 1,6 МПа УХЛ1, корпус ст. 12Х18Н9ТЛ  - 1 шт.; переключающее устройство ПУ 300-6-01нж 23нж18нж DN 300 PN 0,6 МПа УХЛ1, корпус ст. 12Х18Н9ТЛ - 1 шт.";Блок предохранительных клапанов с переключающими устройствами;50нж16нж4;Блок предохранительных клапанов БПУ С 200-16нж УХЛ1 50нж16нж4;"клапан предохранительный пружинный сильфонный фланцевый уравновешенного типа СППК4С 200-16нж 17нж13нж1 DN 200 (исп. В) / 300 (исп. В) PN 1,6 (вход) / 0,6 (выход) МПа УХЛ1, корпус ст. 12Х18Н9ТЛ - 2 шт.; переключающее устройство ПУ 200-16-01нж 23нж16нж DN 200 PN 1,6 МПа УХЛ1, корпус ст. 12Х18Н9ТЛ - 1 шт.; переключающее устройство ПУ 300-6-01нж 23нж18нж DN 300 PN 0,6 МПа УХЛ1, корпус ст. 12Х18Н9ТЛ - 1 шт.";;Вода, воздух, пар, природный газ, жидкие углеводороды и нефтепродукты, масляные фракции, нефтехимические и другие, среды, в которых скорость коррозии материала корпуса не привышает 0,2 мм в год;От -60 до +600;От -60 до +45;УХЛ1;А;ОТК;10;830;180;12 месяцев со дня ввода в эксплуатацию, но не более 18 месяцев со дня отгрузки потребителю;200/300;16/6;Коррозионностойкая сталь;1100;По запросу;5836420;25-30 рабочих дней
"Блок предохранительных клапанов БПУ 50-16 УХЛ1 50нж02нж в составе: клапан предохранительный сальниковый фланцевый СППК4 50-16нж 17нж13нж DN 50/80 PN 1,6/0,6 МПа УХЛ1, пружина № ?, Рн=? кгс/см², корпус ст. 12Х18Н9ТЛ, класс герметичности «А» по ГОСТ 9544-2015 - 2 шт.; переключающее устройство ПУ 50-16-03нж 23нж16нж1 DN 50 PN 1,6 МПа УХЛ1, корпус ст. 12Х18Н9ТЛ - 1 шт.; переключающее устройство ПУ 80-6-01нж 23нж18нж DN 80 PN 0,6 МПа УХЛ1, корпус ст. 12Х18Н9ТЛ - 1 шт.";Блок предохранительных клапанов с переключающими устройствами;50нж02нж;Блок предохранительных клапанов БПУ 50-16 УХЛ1 50нж02нж;"клапан предохранительный пружинный сальниковый фланцевый СППК4 50-16нж 17нж13нж DN 50 (исп. В) / 80 (исп. В) PN 1,6 (вход) / 0,6 (выход) МПа УХЛ1, корпус ст. 12Х18Н9ТЛ - 2 шт.; переключающее устройство ПУ 50-16-03нж 23нж16нж1 DN 50 PN 1,6 МПа УХЛ1, корпус ст. 12Х18Н9ТЛ - 1 шт.; переключающее устройство ПУ 80-6-01нж 23нж18нж DN 80 PN 0,6 МПа УХЛ1, корпус ст. 12Х18Н9ТЛ - 1 шт.";"0,5…1,2 (10); 1,2…2,5 (11); 2,5…4 (12); 4…8 (13); 8…16 (14)";Вода, воздух, пар, природный газ, жидкие углеводороды и нефтепродукты, масляные фракции, нефтехимические и другие, среды, в которых скорость коррозии материала корпуса не привышает 0,2 мм в год;От -60 до +600;От -60 до +45;УХЛ1;А;ОТК;10;830;180;12 месяцев со дня ввода в эксплуатацию, но не более 18 месяцев со дня отгрузки потребителю;50/80;16/6;Коррозионностойкая сталь;154;По запросу;779920;25-30 рабочих дней
"Блок предохранительных клапанов БПУ 80-16 УХЛ1 50нж06нж в составе: клапан предохранительный сальниковый фланцевый СППК4 80-16нж 17нж13нж DN 80/100 PN 1,6/0,6 МПа УХЛ1, пружина № ?, Рн=? кгс/см², корпус ст. 12Х18Н9ТЛ, класс герметичности «А» по ГОСТ 9544-2015 - 2 шт.; переключающее устройство ПУ 80-16-03нж 23нж16нж1 DN 80 PN 1,6 МПа УХЛ1, корпус ст. 12Х18Н9ТЛ - 1 шт.; переключающее устройство ПУ 100-6-01нж 23нж18нж DN 100 PN 0,6 МПа УХЛ1, корпус ст. 12Х18Н9ТЛ - 1 шт.";Блок предохранительных клапанов с переключающими устройствами;50нж06нж;Блок предохранительных клапанов БПУ 80-16 УХЛ1 50нж06нж;"клапан предохранительный пружинный сальниковый фланцевый СППК4 80-16нж 17нж13нж DN 80 (исп. В) / 100 (исп. В) PN 1,6 (вход) / 0,6 (выход) МПа УХЛ1, корпус ст. 12Х18Н9ТЛ - 2 шт.; переключающее устройство ПУ 80-16-03нж 23нж16нж1 DN 80 PN 1,6 МПа УХЛ1, корпус ст. 12Х18Н9ТЛ - 1 шт.; переключающее устройство ПУ 100-6-01нж 23нж18нж DN 100 PN 0,6 МПа УХЛ1, корпус ст. 12Х18Н9ТЛ - 1 шт.";"0,5…1,2 (30); 1,2…3 (31); 3…5 (32); 5…8 (33); 8…16 (34)";Вода, воздух, пар, природный газ, жидкие углеводороды и нефтепродукты, масляные фракции, нефтехимические и другие, среды, в которых скорость коррозии материала корпуса не привышает 0,2 мм в год;От -60 до +600;От -60 до +45;УХЛ1;А;ОТК;10;830;180;12 месяцев со дня ввода в эксплуатацию, но не более 18 месяцев со дня отгрузки потребителю;80/100;16/6;Коррозионностойкая сталь;210;По запросу;1172190;25-30 рабочих дней
"Блок предохранительных клапанов БПУ 100-16 УХЛ1 50нж10нж в составе: клапан предохранительный сальниковый фланцевый СППК5 100-16нж 17нж7нж DN 100/150 PN 1,6/1,6 МПа УХЛ1, пружина № ?, Рн=? кгс/см², корпус ст. 12Х18Н9ТЛ, класс герметичности «А» по ГОСТ 9544-2015 - 2 шт.; переключающее устройство ПУ 100-16-03нж 23нж16нж1 DN 100 PN 1,6 МПа УХЛ1, корпус ст. 12Х18Н9ТЛ - 1 шт.; переключающее устройство ПУ 150-16-02нж 23нж16нж DN 150 PN 1,6 МПа УХЛ1, корпус ст. 12Х18Н9ТЛ - 1 шт";Блок предохранительных клапанов с переключающими устройствами;50нж10нж;Блок предохранительных клапанов БПУ 100-16 УХЛ1 50нж10нж;"клапан предохранительный пружинный сальниковый фланцевый СППК5 100-16нж 17нж7нж DN 100 (исп. В) / 150 (исп. В) PN 1,6 (вход) / 1,6 (выход) МПа УХЛ1, корпус ст. 12Х18Н9ТЛ - 2 шт.; переключающее устройство ПУ 100-16-03нж 23нж16нж1 DN 100 PN 1,6 МПа УХЛ1, корпус ст. 12Х18Н9ТЛ - 1 шт.; переключающее устройство ПУ 150-16-02нж 23нж16нж DN 150 PN 1,6 МПа УХЛ1, корпус ст. 12Х18Н9ТЛ - 1 шт.";"0,5…1 (50); 0,8…1,6 (51); 1,5…3 (52); 2,5…4,5 (53); 4,5…8,5 (54); 8…16 (55)";Вода, воздух, пар, природный газ, жидкие углеводороды и нефтепродукты, масляные фракции, нефтехимические и другие, среды, в которых скорость коррозии материала корпуса не привышает 0,2 мм в год;От -60 до +600;От -60 до +45;УХЛ1;А;ОТК;10;830;180;12 месяцев со дня ввода в эксплуатацию, но не более 18 месяцев со дня отгрузки потребителю;100/150;16/6;Коррозионностойкая сталь;380;По запросу;1646320;25-30 рабочих дней
"Блок предохранительных клапанов БПУ 150-16 УХЛ1 50нж14нж в составе: клапан предохранительный сальниковый фланцевый СППК4 150-16нж 17нж7нж DN 150/200 PN 1,6/0,6 МПа УХЛ1, пружина № ?, Рн=? кгс/см², корпус ст. 12Х18Н9ТЛ, класс герметичности «А» по ГОСТ 9544-2015 - 2 шт.; переключающее устройство ПУ 150-16-03нж 23нж16нж1 DN 150 PN 1,6 МПа УХЛ1, корпус ст. 12Х18Н9ТЛ - 1 шт.; переключающее устройство ПУ 200-6-01нж 23нж18нж DN 200 PN 0,6 МПа УХЛ1, корпус ст. 12Х18Н9ТЛ - 1 шт.";Блок предохранительных клапанов с переключающими устройствами;50нж14нж;Блок предохранительных клапанов БПУ 150-16 УХЛ1 50нж14нж;"клапан предохранительный пружинный сальниковый фланцевый СППК4 150-16нж 17нж7нж DN 150 (исп. В) / 200 (исп. В) PN 1,6 (вход) / 0,6 (выход) МПа УХЛ1, корпус ст. 12Х18Н9ТЛ - 2 шт.; переключающее устройство ПУ 150-16-03нж 23нж16нж1 DN 150 PN 1,6 МПа УХЛ1, корпус ст. 12Х18Н9ТЛ - 1 шт.; переключающее устройство ПУ 200-6-01нж 23нж18нж DN 200 PN 0,6 МПа УХЛ1, корпус ст. 12Х18Н9ТЛ - 1 шт.";"0,5…1,5 (70); 1,5…3 (71); 3…5 (72); 5…8 (73); 8…12 (74); 12…16 (75)";Вода, воздух, пар, природный газ, жидкие углеводороды и нефтепродукты, масляные фракции, нефтехимические и другие, среды, в которых скорость коррозии материала корпуса не привышает 0,2 мм в год;От -60 до +600;От -60 до +45;УХЛ1;А;ОТК;10;830;180;12 месяцев со дня ввода в эксплуатацию, но не более 18 месяцев со дня отгрузки потребителю;150/200;16/6;Коррозионностойкая сталь;630;По запросу;2460920;25-30 рабочих дней
"Блок предохранительных клапанов БПУ 200-16 УХЛ1 50нж16нж в составе: клапан предохранительный сальниковый фланцевый СППК4 200-16нж 17нж13нж DN 200/300 PN 1,6/0,6 МПа УХЛ1, пружина № ?, Рн=? кгс/см², корпус ст. 12Х18Н9ТЛ, класс герметичности «А» по ГОСТ 9544-2015 - 2 шт.; переключающее устройство ПУ 200-16-01нж 23нж16нж DN 200 PN 1,6 МПа УХЛ1, корпус ст. 12Х18Н9ТЛ - 1 шт.; переключающее устройство ПУ 300-6-01нж 23нж18нж DN 300 PN 0,6 МПа УХЛ1, корпус ст. 12Х18Н9ТЛ - 1 шт.";Блок предохранительных клапанов с переключающими устройствами;50нж16нж;Блок предохранительных клапанов БПУ 200-16 УХЛ1 50нж16нж;"клапан предохранительный пружинный сальниковый фланцевый СППК4 200-16нж 17нж13нж DN 200 (исп. В) / 300 (исп. В) PN 1,6 (вход) / 0,6 (выход) МПа УХЛ1, корпус ст. 12Х18Н9ТЛ - 2 шт.; переключающее устройство ПУ 200-16-01нж 23нж16нж DN 200 PN 1,6 МПа УХЛ1, корпус ст. 12Х18Н9ТЛ - 1 шт.; переключающее устройство ПУ 300-6-01нж 23нж18нж DN 300 PN 0,6 МПа УХЛ1, корпус ст. 12Х18Н9ТЛ - 1 шт.";"0,5…1 (72); 1…2 (73); 2…3 (74); 3…5 (75); 5…7 (76); 7…9 (77); 9…12 (78); 12…16 (79)";Вода, воздух, пар, природный газ, жидкие углеводороды и нефтепродукты, масляные фракции, нефтехимические и другие, среды, в которых скорость коррозии материала корпуса не привышает 0,2 мм в год;От -60 до +600;От -60 до +45;УХЛ1;А;ОТК;10;830;180;12 месяцев со дня ввода в эксплуатацию, но не более 18 месяцев со дня отгрузки потребителю;200/300;16/6;Коррозионностойкая сталь;1091;По запросу;5011140;25-30 рабочих дней
"Блок предохранительных клапанов БПУ 25-40 УХЛ1 50нж01нж в составе: клапан предохранительный сальниковый фланцевый СППК4 25-40нж 17нж14нж DN 25/40 PN 4,0/1,6 МПа УХЛ1, пружина № ?, Рн=? кгс/см², корпус ст. 12Х18Н9ТЛ, класс герметичности «А» по ГОСТ 9544-2015 - 2 шт.; переключающее устройство ПУ 25-40-01нж 23нж17нж DN 25 PN 4,0 МПа УХЛ1, корпус ст. 12Х18Н9ТЛ - 1 шт.; переключающее устройство ПУ 50-16-02нж 23нж16нж DN 50 PN 1,6 МПа УХЛ1, корпус ст. 12Х18Н9ТЛ - 1 шт.";Блок предохранительных клапанов с переключающими устройствами;50нж01нж;Блок предохранительных клапанов БПУ 25-40 УХЛ1 50нж01нж;"клапан предохранительный пружинный сальниковый фланцевый СППК4 25-40нж 17нж14нж DN 25 (исп. F) / 40 (исп. В) PN 4,0 (вход) / 1,6 (выход) МПа УХЛ1, корпус ст. 12Х18Н9ТЛ - 2 шт.; переключающее устройство ПУ 25-40-01нж 23нж17нж DN 25 PN 4,0 МПа УХЛ1, корпус ст. 12Х18Н9ТЛ - 1 шт.; переключающее устройство ПУ 50-16-02нж 23нж16нж DN 50 PN 1,6 МПа УХЛ1, корпус ст. 12Х18Н9ТЛ - 1 шт.";"4…8 (8); 8…16 (1); 16…25 (2); 25…40 (3)";Вода, воздух, пар, природный газ, жидкие углеводороды и нефтепродукты, масляные фракции, нефтехимические и другие, среды, в которых скорость коррозии материала корпуса не привышает 0,2 мм в год;От -60 до +600;От -60 до +45;УХЛ1;А;ОТК;10;830;180;12 месяцев со дня ввода в эксплуатацию, но не более 18 месяцев со дня отгрузки потребителю;25/40;40/16;Коррозионностойкая сталь;120;По запросу;586870;25-30 рабочих дней
"Блок предохранительных клапанов БПУ 50-40 УХЛ1 50нж03нж в составе: клапан предохранительный пружинный сальниковый фланцевый СППК4 50-40 17нж14нж DN 50/80 PN 4,0/1,6 МПа УХЛ1, пружина № ?, Рн=? кгс/см², корпус ст. 12Х18Н9ТЛ, класс герметичности «А» по ГОСТ 9544-2015 - 2 шт.; переключающее устройство ПУ 50-40-03нж 23нж17нж1 DN 50 PN 4,0 МПа УХЛ1, корпус ст. 12Х18Н9ТЛ - 1 шт; переключающее устройство ПУ 80-16-02нж 23нж16нж DN 80 PN 1,6 МПа УХЛ1, корпус ст. 12Х18Н9ТЛ - 1 шт";Блок предохранительных клапанов с переключающими устройствами;50нж03нж;Блок предохранительных клапанов БПУ 50-40 УХЛ1 50нж03нж;"клапан предохранительный пружинный сальниковый фланцевый СППК4 50-40 17нж14нж DN 50 (исп. F) / 80 (исп. В) PN 4,0 (вход) / 1,6 (выход) МПа УХЛ1, корпус ст. 12Х18Н9ТЛ - 2 шт.; переключающее устройство ПУ 50-40-03нж 23нж17нж1 DN 50 PN 4,0 МПа УХЛ1, корпус ст. 12Х18Н9ТЛ - 1 шт.; переключающее устройство ПУ 80-16-02нж 23нж16нж DN 80 PN 1,6 МПа УХЛ1, корпус ст. 12Х18Н9ТЛ - 1 шт.";"0,5…1,2 (10); 1,2…2,5 (11); 2,5…4 (12); 4…8 (13); 8…20 (14); 20…30 (15); 30…40 (16)";Вода, воздух, пар, природный газ, жидкие углеводороды и нефтепродукты, масляные фракции, нефтехимические и другие, среды, в которых скорость коррозии материала корпуса не привышает 0,2 мм в год;От -60 до +600;От -60 до +45;УХЛ1;А;ОТК;10;830;180;12 месяцев со дня ввода в эксплуатацию, но не более 18 месяцев со дня отгрузки потребителю;50/80;40/16;Коррозионностойкая сталь;165;По запросу;886750;25-30 рабочих дней
"Блок предохранительных клапанов БПУ 80-40 УХЛ1 50нж07нж в составе: клапан предохранительный сальниковый фланцевый СППК4 80-40нж 17нж14нж DN 80/100 PN 4,0/1,6 МПа УХЛ1, пружина № ?, Рн=? кгс/см², корпус ст. 12Х18Н9ТЛ, класс герметичности «А» по ГОСТ 9544-2015 - 2 шт.; переключающее устройство ПУ 80-40-03нж 23нж17нж1 DN 80 PN 4,0 МПа УХЛ1, корпус ст. 12Х18Н9ТЛ - 1 шт.; переключающее устройство ПУ 100-16-02нж 23нж16нж DN 100 PN 1,6 МПа УХЛ1, корпус ст. 12Х18Н9ТЛ - 1 шт.";Блок предохранительных клапанов с переключающими устройствами;50нж07нж;Блок предохранительных клапанов БПУ 80-40 УХЛ1 50нж07нж;"клапан предохранительный пружинный сальниковый фланцевый СППК4 80-40нж 17нж14нж DN 80 (исп. F) / 100 (исп. В) PN 4,0 (вход) / 1,6 (выход) МПа УХЛ1, корпус ст. 12Х18Н9ТЛ - 2 шт.; переключающее устройство ПУ 80-40-03нж 23нж17нж1 DN 80 PN 4,0 МПа УХЛ1, корпус ст. 12Х18Н9ТЛ - 1 шт.; переключающее устройство ПУ 100-16-02нж 23нж16нж DN 100 PN 1,6 МПа УХЛ1, корпус ст. 12Х18Н9ТЛ - 1 шт.";"0,5…1,2 (30); 1,2…3 (31); 3…5 (32); 5…8 (33); 8…20 (35); 20…30 (36); 30…40 (37)";Вода, воздух, пар, природный газ, жидкие углеводороды и нефтепродукты, масляные фракции, нефтехимические и другие, среды, в которых скорость коррозии материала корпуса не привышает 0,2 мм в год;От -60 до +600;От -60 до +45;УХЛ1;А;ОТК;10;830;180;12 месяцев со дня ввода в эксплуатацию, но не более 18 месяцев со дня отгрузки потребителю;80/100;40/16;Коррозионностойкая сталь;250;По запросу;1269910;25-30 рабочих дней
"Блок предохранительных клапанов БПУ 100-40 УХЛ1 50нж11нж в составе: клапан предохранительный сальниковый фланцевый СППК5 100-40нж 17нж23нж DN 100/150 PN 4,0/1,6 МПа УХЛ1, пружина № ?, Рн=? кгс/см², корпус ст. 12Х18Н9ТЛ, класс герметичности «А» по ГОСТ 9544-2015 - 2 шт.; переключающее устройство ПУ 100-40-03нж 23нж17нж1 DN 100 PN 4,0 МПа УХЛ1, корпус ст. 12Х18Н9ТЛ - 1 шт; переключающее устройство ПУ 150-16-02нж 23нж16нж DN 150 PN 1,6 МПа УХЛ1, корпус ст. 12Х18Н9ТЛ - 1 шт";Блок предохранительных клапанов с переключающими устройствами;50нж11нж;Блок предохранительных клапанов БПУ 100-40 УХЛ1 50нж11нж;"клапан предохранительный пружинный сальниковый фланцевый СППК5 100-40нж 17нж23нж DN 100 (исп. F) / 150 (исп. В) PN 4,0 (вход) / 1,6 (выход) МПа УХЛ1, корпус ст. 12Х18Н9ТЛ - 2 шт.; переключающее устройство ПУ 100-40-03нж 23нж17нж1 DN 100 PN 4,0 МПа УХЛ1, корпус ст. 12Х18Н9ТЛ - 1 шт.; переключающее устройство ПУ 150-16-02нж 23нж16нж DN 150 PN 1,6 МПа УХЛ1, корпус ст. 12Х18Н9ТЛ - 1 шт.";"8…16 (55); 16…26 (56); 26…40 (57)";Вода, воздух, пар, природный газ, жидкие углеводороды и нефтепродукты, масляные фракции, нефтехимические и другие, среды, в которых скорость коррозии материала корпуса не привышает 0,2 мм в год;От -60 до +600;От -60 до +45;УХЛ1;А;ОТК;10;830;180;12 месяцев со дня ввода в эксплуатацию, но не более 18 месяцев со дня отгрузки потребителю;100/150;40/16;Коррозионностойкая сталь;440;По запросу;1843720;25-30 рабочих дней
"Блок предохранительных клапанов БПУ 150-40 УХЛ1 50нж15нж в составе: клапан предохранительный сальниковый фланцевый СППК4 150-40нж 17нж23нж DN 150/200 PN 4,0/1,6 МПа УХЛ1, пружина № ?, Рн=? кгс/см², корпус ст. 12Х18Н9ТЛ, класс герметичности «А» по ГОСТ 9544-2015 - 2 шт.; пареключающее устройство ПУ 150-40-03нж 23нж17нж1 DN 150 PN 4,0 МПа УХЛ1, корпус ст. 12Х18Н9ТЛ - 1 шт; переключающее устройство ПУ 200-16-01нж 23нж16нж DN 200 PN 1,6 МПа УХЛ1, корпус ст. 12Х18Н9ТЛ - 1 шт";Блок предохранительных клапанов с переключающими устройствами;50нж15нж;Блок предохранительных клапанов БПУ 150-40 УХЛ1 50нж15нж;"клапан предохранительный пружинный сальниковый фланцевый СППК4 150-40нж 17нж23нж DN 150 (исп. F) / 200 (исп. В) PN 4,0 (вход) / 1,6 (выход) МПа УХЛ1, корпус ст. 12Х18Н9ТЛ - 2 шт.; пареключающее устройство ПУ 150-40-03нж 23нж17нж1 DN 150 PN 4,0 МПа УХЛ1, корпус ст. 12Х18Н9ТЛ - 1 шт.; переключающее устройство ПУ 200-16-01нж 23нж16нж DN 200 PN 1,6 МПа УХЛ1, корпус ст. 12Х18Н9ТЛ - 1 шт.";"8…12 (74); 12…18 (75); 18…25 (76); 25…35 (77); 35…40 (78)";Вода, воздух, пар, природный газ, жидкие углеводороды и нефтепродукты, масляные фракции, нефтехимические и другие, среды, в которых скорость коррозии материала корпуса не привышает 0,2 мм в год;От -60 до +600;От -60 до +45;УХЛ1;А;ОТК;10;830;180;12 месяцев со дня ввода в эксплуатацию, но не более 18 месяцев со дня отгрузки потребителю;150/200;40/16;Коррозионностойкая сталь;680;По запросу;2868370;25-30 рабочих дней
"Блок предохранительных клапанов БПУ 50-63нж УХЛ1 50нж04нж в составе: клапан предохранительный сальниковый фланцевый СППК5 50-63нж 17нж16нж1 DN 50/80 PN 6,3/4,0 МПа УХЛ1, пружина № ?, Рн=? кгс/см², корпус ст. 12Х18Н9ТЛ, класс герметичности «А» по ГОСТ 9544-2015 - 2 шт.; переключающее устройство ПУ 50-63-01нж 23нж20нж DN 50 PN 6,3 МПа УХЛ1, корпус ст. 12Х18Н9ТЛ - 1 шт.; переключающее устройство ПУ 80-40-02нж 23нж17нж DN 80 PN 4,0 МПа УХЛ1, корпус ст. 12Х18Н9ТЛ - 1 шт.";Блок предохранительных клапанов с переключающими устройствами;50нж04нж;Блок предохранительных клапанов БПУ 50-63нж УХЛ1 50нж04нж;"клапан предохранительный пружинный сальниковый фланцевый СППК5 50-63нж 17нж16нж1 DN 50 (исп. ?) / 80 (исп. F) PN 6,3 (вход) / 4,0 (выход) МПа УХЛ1, корпус ст. 12Х18Н9ТЛ - 2 шт.; переключающее устройство ПУ 50-63-01нж 23нж20нж DN 50 PN 6,3 МПа УХЛ1, корпус ст. 12Х18Н9ТЛ - 1 шт.; переключающее устройство ПУ 80-40-02нж 23нж17нж DN 80 PN 4,0 МПа УХЛ1, корпус ст. 12Х18Н9ТЛ - 1 шт.";"20…34 (55); 30…54 (56); 50…63 (57)";Вода, воздух, пар, природный газ, жидкие углеводороды и нефтепродукты, масляные фракции, нефтехимические и другие, среды, в которых скорость коррозии материала корпуса не привышает 0,2 мм в год;От -60 до +600;От -60 до +45;УХЛ1;А;ОТК;10;830;180;12 месяцев со дня ввода в эксплуатацию, но не более 18 месяцев со дня отгрузки потребителю;50/80;63/40;Коррозионностойкая сталь;270;По запросу;1605890;25-30 рабочих дней
"Блок предохранительных клапанов БПУ 80-63 УХЛ1 50нж08нж в составе: клапан предохранительный сальниковый фланцевый СППК4 80-63нж 17нж85нж DN 80/100 PN 6,3/4,0 МПа УХЛ1, пружина № ?, Рн=? кгс/см², корпус ст. 12Х18Н9ТЛ, класс герметичности «А» по ГОСТ 9544-2015 - 2 шт.; переключающее устройство ПУ 80-63-01нж 23нж20нж DN 80 PN 6,3 МПа УХЛ1, корпус ст. 12Х18Н9ТЛ - 1 шт.; переключающее устройство ПУ 100-40-02нж 23нж17нж DN 100 PN 4,0 МПа УХЛ1, корпус ст. 12Х18Н9ТЛ - 1 шт.";Блок предохранительных клапанов с переключающими устройствами;50нж08нж;Блок предохранительных клапанов БПУ 80-63 УХЛ1 50нж08нж;"клапан предохранительный пружинный сальниковый фланцевый СППК4 80-63нж 17нж85нж DN 80 (исп. ?) / 100 (исп. F) PN 6,3 (вход) / 4,0 (выход) МПа УХЛ1, корпус ст. 12Х18Н9ТЛ - 2 шт.; переключающее устройство ПУ 80-63-01нж 23нж20нж DN 80 PN 6,3 МПа УХЛ1, корпус ст. 12Х18Н9ТЛ - 1 шт.; переключающее устройство ПУ 100-40-02нж 23нж17нж DN 100 PN 4,0 МПа УХЛ1, корпус ст. 12Х18Н9ТЛ - 1 шт.";"25…35 (38); 35…44 (37); 44…50 (39); 50…63 (40)";Вода, воздух, пар, природный газ, жидкие углеводороды и нефтепродукты, масляные фракции, нефтехимические и другие, среды, в которых скорость коррозии материала корпуса не привышает 0,2 мм в год;От -60 до +600;От -60 до +45;УХЛ1;А;ОТК;10;830;180;12 месяцев со дня ввода в эксплуатацию, но не более 18 месяцев со дня отгрузки потребителю;80/100;63/40;Коррозионностойкая сталь;375;По запросу;1944950;25-30 рабочих дней
"Блок предохранительных клапанов БПУ 100-63нж УХЛ1 50нж12нж в составе: клапан предохранительный сальниковый фланцевый СППК5 100-63нж 17нж16нж2 DN 100/150 PN 6,3/4,0 МПа УХЛ1, пружина № ?, Рн=? кгс/см², корпус ст. 12Х18Н9ТЛ, класс герметичности «А» по ГОСТ 9544-2015 - 2 шт.; переключающее устройство ПУ 100-63-01нж 23нж20нж DN 100 PN 6,3 МПа УХЛ1, корпус ст. 12Х18Н9ТЛ - 1 шт.; переключающее устройство ПУ 150-40-02нж 23нж17нж DN 150 PN 4,0 МПа, корпус ст. 12Х18Н9ТЛ - 1 шт.";Блок предохранительных клапанов с переключающими устройствами;50нж12нж;Блок предохранительных клапанов БПУ 100-63нж УХЛ1 50нж12нж;"клапан предохранительный пружинный сальниковый фланцевый СППК5 100-63нж 17нж16нж2 DN 100 (исп. ?) / 150 (исп. F) PN 6,3 (вход) / 4,0 (выход) МПа УХЛ1, корпус ст. 12Х18Н9ТЛ - 2 шт.; переключающее устройство ПУ 100-63-01нж 23нж20нж DN 100 PN 6,3 МПа УХЛ1, корпус ст. 12Х18Н9ТЛ - 1 шт.; переключающее устройство ПУ 150-40-02нж 23нж17нж DN 150 PN 4,0 МПа УХЛ1, корпус ст. 12Х18Н9ТЛ - 1 шт.";"25…40 (77); 40…55 (80); 55…63 (81)";Вода, воздух, пар, природный газ, жидкие углеводороды и нефтепродукты, масляные фракции, нефтехимические и другие, среды, в которых скорость коррозии материала корпуса не привышает 0,2 мм в год;От -60 до +600;От -60 до +45;УХЛ1;А;ОТК;10;830;180;12 месяцев со дня ввода в эксплуатацию, но не более 18 месяцев со дня отгрузки потребителю;100/150;63/40;Коррозионностойкая сталь;735;По запросу;3336730;25-30 рабочих дней
"Блок предохранительных клапанов БПУ 50-160нж УХЛ1 50нж05нж в составе: клапан предохранительный сальниковый фланцевый СППК5 50-160нж 17нж8нж1 DN 50/80 PN 16,0/4,0 МПа УХЛ1, пружина № ?, Рн=? кгс/см², корпус ст. 12Х18Н9ТЛ, класс герметичности «А» по ГОСТ 9544-2015 - 2 шт.; переключающее устройство ПУ 50-160-01нж 23нж19нж DN 50 PN 16,0 МПа УХЛ1, корпус ст. 12Х18Н9ТЛ - 1 шт.; переключающее устройство ПУ 80-40-02нж 23нж17нж DN 80 PN 4,0 МПа УХЛ1, корпус ст. 12Х18Н9ТЛ - 1 шт.";Блок предохранительных клапанов с переключающими устройствами;50нж05нж;Блок предохранительных клапанов БПУ 50-160нж УХЛ1 50нж05нж;"клапан предохранительный пружинный сальниковый фланцевый СППК5 50-160нж 17нж8нж1 DN 50 (исп. J) / 80 (исп. F) PN 16,0 (вход) / 4,0 (выход) МПа УХЛ1, корпус ст. 12Х18Н9ТЛ - 2 шт.; переключающее устройство ПУ 50-160-01нж 23нж19нж DN 50 PN 16,0 МПа УХЛ1, корпус ст. 12Х18Н9ТЛ - 1 шт.; переключающее устройство ПУ 80-40-02нж 23нж17нж DN 80 PN 4,0 МПа УХЛ1, корпус ст. 12Х18Н9ТЛ - 1 шт.";"53…90 (58); 85…124 (59); 124…141 (60); 140…160 (61)";Вода, воздух, пар, природный газ, жидкие углеводороды и нефтепродукты, масляные фракции, нефтехимические и другие, среды, в которых скорость коррозии материала корпуса не привышает 0,2 мм в год;От -60 до +600;От -60 до +45;УХЛ1;А;ОТК;10;830;180;12 месяцев со дня ввода в эксплуатацию, но не более 18 месяцев со дня отгрузки потребителю;50/80;160/40;Коррозионностойкая сталь;290;По запросу;1693920;25-30 рабочих дней
"Блок предохранительных клапанов БПУ 80-160 УХЛ1 50нж09нж в составе: клапан предохранительный сальниковый фланцевый СППК4 80-160нж 17нж80нж DN 80/100 PN 16,0/4,0 МПа УХЛ1, пружина № ?, Рн=? кгс/см², корпус ст. 12Х18Н9ТЛ, класс герметичности «А» по ГОСТ 9544-2015 - 2 шт.; переключающее устройство ПУ 80-160-01нж 23нж19нж DN 80 PN 16,0 МПа УХЛ1, корпус ст. 12Х18Н9ТЛ - 1 шт.; переключающее устройство ПУ 100-40-02нж 23нж17нж DN 100 PN 4,0 МПа УХЛ1, корпус ст. 12Х18Н9ТЛ - 1 шт";Блок предохранительных клапанов с переключающими устройствами;50нж09нж;Блок предохранительных клапанов БПУ 80-160 УХЛ1 50нж09нж;"клапан предохранительный пружинный сальниковый фланцевый СППК4 80-160нж 17нж80нж DN 80 (исп. J) / 100 (исп. F) PN 16,0 (вход) / 4,0 (выход) МПа УХЛ1, корпус ст. 12Х18Н9ТЛ - 2 шт.; переключающее устройство ПУ 80-160-01нж 23нж19нж DN 80 PN 16,0 МПа УХЛ1, корпус ст. 12Х18Н9ТЛ - 1 шт.; переключающее устройство ПУ 100-40-02нж 23нж17нж DN 100 PN 4,0 МПа УХЛ1, корпус ст. 12Х18Н9ТЛ - 1 шт.";"50…63 (40); 63…100 (41); 100…135 (42); 135…160 (43)";Вода, воздух, пар, природный газ, жидкие углеводороды и нефтепродукты, масляные фракции, нефтехимические и другие, среды, в которых скорость коррозии материала корпуса не привышает 0,2 мм в год;От -60 до +600;От -60 до +45;УХЛ1;А;ОТК;10;830;180;12 месяцев со дня ввода в эксплуатацию, но не более 18 месяцев со дня отгрузки потребителю;80/100;160/40;Коррозионностойкая сталь;400;По запросу;2415010;25-30 рабочих дней
"Блок предохранительных клапанов БПУ 100-160нж УХЛ1 50нж13нж в составе: клапан предохранительный сальниковый фланцевый СППК5 100-160нж 17нж8нж2 DN 100/150 PN 16,0/4,0 МПа УХЛ1, пружина № ?, Рн=? кгс/см², корпус ст. 12Х18Н9ТЛ, класс герметичности «А» по ГОСТ 9544-2015 - 2 шт.; переключающее устройство ПУ 100-160-01нж 23нж19нж DN 100 PN 16,0 МПа, корпус ст. 12Х18Н9ТЛ - 1 шт.; переключающее устройство ПУ 150-40-02нж 23нж17нж DN 150 PN 4,0 МПа, корпус ст. 12Х18Н9ТЛ - 1 шт.";Блок предохранительных клапанов с переключающими устройствами;50нж13нж;Блок предохранительных клапанов БПУ 100-160нж УХЛ1 50нж13нж;"клапан предохранительный пружинный сальниковый фланцевый СППК5 100-160нж 17нж8нж2 DN 100 (исп. J) / 150 (исп. F) PN 16,0 (вход) / 4,0 (выход) МПа УХЛ1, корпус ст. 12Х18Н9ТЛ - 2 шт.; переключающее устройство ПУ 100-160-01нж 23нж19нж DN 100 PN 16,0 МПа УХЛ1, корпус ст. 12Х18Н9ТЛ - 1 шт.; переключающее устройство ПУ 150-40-02нж 23нж17нж DN 150 PN 4,0 МПа УХЛ1, корпус ст. 12Х18Н9ТЛ - 1 шт.";"63…100 (80); 100…125 (81); 110…145 (82); 135…160 (83)";Вода, воздух, пар, природный газ, жидкие углеводороды и нефтепродукты, масляные фракции, нефтехимические и другие, среды, в которых скорость коррозии материала корпуса не привышает 0,2 мм в год;От -60 до +600;От -60 до +45;УХЛ1;А;ОТК;10;830;180;12 месяцев со дня ввода в эксплуатацию, но не более 18 месяцев со дня отгрузки потребителю;100/150;160/40;Коррозионностойкая сталь;770;По запросу;3705710;25-30 рабочих дней
"Блок предохранительных клапанов БПУ С 150-16нж УХЛ1 50нж14нж4 в составе: клапан предохранительный пружинный сильфонный фланцевый уравновешенного типа СППК4С 150-16нж 17нж7нж1 DN 150/200 PN 1,6/0,6 МПа УХЛ1, пружина № ?, Рн=? кгс/см², корпус ст. 12Х18Н9ТЛ - 2 шт.; переключающее устройство ПУ 150-16-03нж 23нж16нж1 DN 150 PN 1,6 МПа УХЛ1, корпус ст. 12Х18Н9ТЛ - 1 шт.; переключающее устройство ПУ 200-6-01нж 23нж18нж DN 200 PN 0,6 МПа УХЛ1, корпус ст. 12Х18Н9ТЛ - 1 шт.";Блок предохранительных клапанов с переключающими устройствами;50нж14нж4;Блок предохранительных клапанов БПУ С 150-16нж УХЛ1 50нж14нж4;"клапан предохранительный пружинный сильфонный фланцевый уравновешенного типа СППК4С 150-16нж 17нж7нж1 DN 150 (исп. В) / 200 (исп. В) PN 1,6 (вход) / 0,6 (выход) МПа УХЛ1, корпус ст. 12Х18Н9ТЛ - 2 шт.; переключающее устройство ПУ 150-16-03нж 23нж16нж1 DN 150 PN 1,6 МПа УХЛ1, корпус ст. 12Х18Н9ТЛ - 1 шт.; переключающее устройство ПУ 200-6-01нж 23нж18нж DN 200 PN 0,6 МПа УХЛ1, корпус ст. 12Х18Н9ТЛ - 1 шт.";"3…5 (72); 5…8 (73); 8…12 (74); 12…16 (75)";Вода, воздух, пар, природный газ, жидкие углеводороды и нефтепродукты, масляные фракции, нефтехимические и другие, среды, в которых скорость коррозии материала корпуса не привышает 0,2 мм в год;От -60 до +600;От -60 до +45;УХЛ1;А;ОТК;10;830;180;12 месяцев со дня ввода в эксплуатацию, но не более 18 месяцев со дня отгрузки потребителю;150/200;16/6;Коррозионностойкая сталь;635;По запросу;2706910;25-30 рабочих дней
"Блок предохранительных клапанов БПУ С 25-40нж УХЛ1 50нж01нж4 в составе: клапан предохранительный пружинный сильфонный фланцевый уравновешенного типа СППК4С 25-40нж 17нж14нж1 DN 25/40 PN 4,0/1,6 МПа УХЛ1, пружина № ?, Рн=? кгс/см², корпус ст. 12Х18Н9ТЛ - 2 шт.; переключающее устройство ПУ 25-40-01нж 23нж17нж DN 25 PN 4,0 МПа УХЛ1, корпус ст. 12Х18Н9ТЛ - 1 шт.; переключающее устройство ПУ 50-16-02нж 23нж16нж DN 50 PN 1,6 МПа УХЛ1, корпус ст. 12Х18Н9ТЛ - 1 шт.";Блок предохранительных клапанов с переключающими устройствами;50нж01нж4;Блок предохранительных клапанов БПУ С 25-40нж УХЛ1 50нж01нж4;"клапан предохранительный пружинный сильфонный фланцевый уравновешенного типа СППК4С 25-40нж 17нж14нж1 DN 25 (исп. F) / 40 (исп. В) PN 4,0 (вход) / 1,6 (выход) МПа УХЛ1, корпус ст. 12Х18Н9ТЛ - 2 шт.; переключающее устройство ПУ 25-40-01нж 23нж17нж DN 25 PN 4,0 МПа УХЛ1, корпус ст. 12Х18Н9ТЛ - 1 шт.; переключающее устройство ПУ 50-16-02нж 23нж16нж DN 50 PN 1,6 МПа УХЛ1, корпус ст. 12Х18Н9ТЛ - 1 шт.";"6…8 (8); 8…16 (1); 16…25 (2); 25…40 (3) ";Вода, воздух, пар, природный газ, жидкие углеводороды и нефтепродукты, масляные фракции, нефтехимические и другие, среды, в которых скорость коррозии материала корпуса не привышает 0,2 мм в год;От -60 до +600;От -60 до +45;УХЛ1;А;ОТК;10;830;180;12 месяцев со дня ввода в эксплуатацию, но не более 18 месяцев со дня отгрузки потребителю;25/40;40/16;Коррозионностойкая сталь;121;По запросу;645410;25-30 рабочих дней
"Блок предохранительных клапанов БПУ С 50-40нж УХЛ1 50нж03нж4 в составе: клапан предохранительный пружинный сильфонный фланцевый уравновешенного типа СППК4С 50-40нж 17нж14нж1 DN 50/80 PN 4,0/1,6 МПа УХЛ1, пружина № ?, Рн=? кгс/см², корпус ст. 12Х18Н9ТЛ - 2 шт.; переключающее устройство ПУ 50-40-03нж 23нж17нж1 DN 50 PN 4,0 МПа УХЛ1, корпус ст. 12Х18Н9ТЛ - 1 шт.; переключающее устройство ПУ 80-16-02нж 23нж16нж DN 80 PN 1,6 МПа УХЛ1, корпус ст. 12Х18Н9ТЛ - 1 шт.";Блок предохранительных клапанов с переключающими устройствами;50нж03нж4;Блок предохранительных клапанов БПУ С 50-40нж УХЛ1 50нж03нж4;"клапан предохранительный пружинный сильфонный фланцевый уравновешенного типа СППК4С 50-40нж 17нж14нж1 DN 50 (исп. F) / 80 (исп. В) PN 4,0 (вход) / 1,6 (выход) МПа УХЛ1, корпус ст. 12Х18Н9ТЛ - 2 шт.; переключающее устройство ПУ 50-40-03нж 23нж17нж1 DN 50 PN 4,0 МПа УХЛ1, корпус ст. 12Х18Н9ТЛ - 1 шт.; переключающее устройство ПУ 80-16-02нж 23нж16нж DN 80 PN 1,6 МПа УХЛ1, корпус ст. 12Х18Н9ТЛ - 1 шт.";"6…8 (13); 8…20 (14); 20…30 (15); 30…40 (16)";Вода, воздух, пар, природный газ, жидкие углеводороды и нефтепродукты, масляные фракции, нефтехимические и другие, среды, в которых скорость коррозии материала корпуса не привышает 0,2 мм в год;От -60 до +600;От -60 до +45;УХЛ1;А;ОТК;10;830;180;12 месяцев со дня ввода в эксплуатацию, но не более 18 месяцев со дня отгрузки потребителю;50/80;40/16;Коррозионностойкая сталь;160;По запросу;975490;25-30 рабочих дней
"Блок предохранительных клапанов БПУ С 80-40нж УХЛ1 50нж07нж4 в составе: клапан предохранительный пружинный сильфонный фланцевый уравновешенного типа СППК4С 80-40нж 17нж14нж1 DN 80/100 PN 4,0/1,6 МПа УХЛ1, пружина №?, Рн=? кгс/см², корпус ст. 12Х18Н9ТЛ - 2 шт; переключающее устройство ПУ 80-40-03нж 23нж17нж1 DN 80 PN 4,0 МПа, корпус ст. 12Х18Н9ТЛ -1 шт; переключающее устройство ПУ 100-16-02нж 23нж16нж DN 100 PN 1,6 МПа, корпус ст 12Х18Н9ТЛ - 1 шт";Блок предохранительных клапанов с переключающими устройствами;50нж07нж4;Блок предохранительных клапанов БПУ С 80-40нж УХЛ1 50нж07нж4;"клапан предохранительный пружинный сильфонный фланцевый уравновешенного типа СППК4С 80-40нж 17нж14нж1 СППК4С 80-40нж 17нж14нж1 DN 80 (исп. F) / 100 (исп. В) PN 4,0 (вход) / 1,6 (выход) МПа УХЛ1, корпус ст. 12Х18Н9ТЛ - 2 шт.; переключающее устройство ПУ 80-40-03нж 23нж17нж1 DN 80 PN 4,0 МПа УХЛ1, корпус ст. 12Х18Н9ТЛ - 1 шт.; переключающее устройство ПУ 100-16-02нж 23нж16нж DN 100 PN 1,6 МПа УХЛ1, корпус ст. 12Х18Н9ТЛ - 1 шт.";"6…8 (33); 8…20 (35); 20…30 (36); 30…40 (37)";Вода, воздух, пар, природный газ, жидкие углеводороды и нефтепродукты, масляные фракции, нефтехимические и другие, среды, в которых скорость коррозии материала корпуса не привышает 0,2 мм в год;От -60 до +600;От -60 до +45;УХЛ1;А;ОТК;10;830;180;12 месяцев со дня ввода в эксплуатацию, но не более 18 месяцев со дня отгрузки потребителю;80/100;40/16;Коррозионностойкая сталь;256;По запросу;1396830;25-30 рабочих дней
"Блок предохранительных клапанов БПУ С 100-40нж УХЛ1 50нж11нж4 в составе: клапан предохранительный пружинный сильфонный фланцевый уравновешенного типа СППК5С 100-40нж 17нж23нж1 DN 100/150 PN 4,0/1,6 МПа УХЛ1, пружина № ?, Рн=? кгс/см², корпус ст. 12Х18Н9ТЛ - 2 шт.; переключающее устройство ПУ 100-40-03нж 23нж17нж1 DN 100 PN 4,0 МПа УХЛ1, корпус ст. 12Х18Н9ТЛ - 1 шт.; переключающее устройство ПУ 150-16-02нж 23нж16нж DN 150 PN 1,6 МПа УХЛ1, корпус ст. 12Х18Н9ТЛ - 1 шт.";Блок предохранительных клапанов с переключающими устройствами;50нж11нж4;Блок предохранительных клапанов БПУ С 100-40нж УХЛ1 50нж11нж4;"клапан предохранительный пружинный сильфонный фланцевый уравновешенного типа СППК5С 100-40нж 17нж23нж1 DN 100 (исп. F) / 150 (исп. В) PN 4,0 (вход) / 1,6 (выход) МПа УХЛ1, корпус ст. 12Х18Н9ТЛ - 2 шт.; переключающее устройство ПУ 100-40-03нж 23нж17нж1 DN 100 PN 4,0 МПа УХЛ1, корпус ст. 12Х18Н9ТЛ - 1 шт.; переключающее устройство ПУ 150-16-02нж 23нж16нж DN 150 PN 1,6 МПа УХЛ1, корпус ст. 12Х18Н9ТЛ - 1 шт.";"8…16 (55); 16…26 (56); 26…40 (57)";Вода, воздух, пар, природный газ, жидкие углеводороды и нефтепродукты, масляные фракции, нефтехимические и другие, среды, в которых скорость коррозии материала корпуса не привышает 0,2 мм в год;От -60 до +600;От -60 до +45;УХЛ1;А;ОТК;10;830;180;12 месяцев со дня ввода в эксплуатацию, но не более 18 месяцев со дня отгрузки потребителю;100/150;40/16;Коррозионностойкая сталь;444;По запросу;2028200;25-30 рабочих дней
"Блок предохранительных клапанов БПУ С 150-40нж УХЛ1 50нж15нж4 в составе: клапан предохранительный пружинный сильфонный фланцевый уравновешенного типа СППК4С 150-40нж 17нж23нж1 DN 150/200 PN 4,0/1,6 МПа УХЛ1, пружина № ?, Рн=? кгс/см², корпус ст. 12Х18Н9ТЛ - 2 шт.; переключающее устройство ПУ 150-40-03нж 23нж17нж1 DN 150 PN 4,0 МПа УХЛ1, корпус ст. 12Х18Н9ТЛ - 1 шт.; переключающее устройство ПУ 200-16-01нж 23нж16нж DN 200 PN 1,6 МПа УХЛ1, корпус ст. 12Х18Н9ТЛ - 1 шт.";Блок предохранительных клапанов с переключающими устройствами;50нж15нж4;Блок предохранительных клапанов БПУ С 150-40нж УХЛ1 50нж15нж4;"клапан предохранительный пружинный сильфонный фланцевый уравновешенного типа СППК4С 150-40нж 17нж23нж1 DN 150 (исп. F) / 200 (исп. В) PN 4,0 (вход) / 1,6 (выход) МПа УХЛ1, корпус ст. 12Х18Н9ТЛ - 2 шт.; переключающее устройство ПУ 150-40-03нж 23нж17нж1 DN 150 PN 4,0 МПа УХЛ1, корпус ст. 12Х18Н9ТЛ - 1 шт.; переключающее устройство ПУ 200-16-01нж 23нж16нж DN 200 PN 1,6 МПа УХЛ1, корпус ст. 12Х18Н9ТЛ - 1 шт.";"8…12 (74); 12…18 (75); 18…25 (76); 25…35 (77); 35…40 (78)";Вода, воздух, пар, природный газ, жидкие углеводороды и нефтепродукты, масляные фракции, нефтехимические и другие, среды, в которых скорость коррозии материала корпуса не привышает 0,2 мм в год;От -60 до +600;От -60 до +45;УХЛ1;А;ОТК;10;830;180;12 месяцев со дня ввода в эксплуатацию, но не более 18 месяцев со дня отгрузки потребителю;150/200;40/16;Коррозионностойкая сталь;680;По запросу;3155340;25-30 рабочих дней
"Блок предохранительных клапанов БПУ С 50-63нж УХЛ1 50нж04нж4 в составе: клапан предохранительный сильфонный фланцевый уравн. типа СППК5С 50-63нж 17нж16нж1 DN 50/80 PN 6,3/4,0 МПа УХЛ1, пружина №?, Рн=? кгс/см², корпус ст.12Х18Н9ТЛ, класс герметичности «А» по ГОСТ 9544-2015 - 2 шт; переключающее устройство ПУ 50-63-01нж 23нж20нж DN 50 PN 6,3 МПа, корпус ст. 12Х18Н9ТЛ - 1 шт; переключающее устройство ПУ 80-40-02нж 23нж17нж DN 80 PN 4,0 МПа, корпус ст. 12Х18Н9ТЛ - 1 шт";Блок предохранительных клапанов с переключающими устройствами;50нж04нж4;Блок предохранительных клапанов БПУ С 50-63нж УХЛ1 50нж04нж4;"клапан предохранительный пружинный сильфонный фланцевый уравновешенного типа СППК5С 50-63нж 17нж16нж1 DN 50 (исп. ?) / 80 (исп. F) PN 6,3 (вход) / 4,0 (выход) МПа УХЛ1, корпус ст. 12Х18Н9ТЛ, класс герметичности «А» по ГОСТ 9544-2015 - 2 шт.; переключающее устройство ПУ 50-63-01нж 23нж20нж DN 50 PN 6,3 МПа УХЛ1, корпус ст. 12Х18Н9ТЛ - 1 шт.; переключающее устройство ПУ 80-40-02нж 23нж17нж DN 80 PN 4,0 МПа УХЛ1, корпус ст. 12Х18Н9ТЛ - 1 шт.";"20…34 (55); 30…54 (56); 50…63 (57)";Вода, воздух, пар, природный газ, жидкие углеводороды и нефтепродукты, масляные фракции, нефтехимические и другие, среды, в которых скорость коррозии материала корпуса не привышает 0,2 мм в год;От -60 до +600;От -60 до +45;УХЛ1;А;ОТК;10;830;180;12 месяцев со дня ввода в эксплуатацию, но не более 18 месяцев со дня отгрузки потребителю;50/80;63/40;Коррозионностойкая сталь;252;По запросу;1766360;25-30 рабочих дней
"Блок предохранительных клапанов БПУ С 100-63нж УХЛ1 50нж12нж6 в составе: клапан предохранительный пружинный сильфонный фланцевый уравновешенного типа СППК5С 100-63нж 17нж16нж2 DN 100/150 PN 6,3/4,0 МПа УХЛ1, пружина № ?, Рн=? кгс/см², корпус ст. 12Х18Н9ТЛ - 2 шт.; переключающее устройство ПУ 100-63-01нж 23нж20нж DN 100 PN 6,3 МПа УХЛ1, корпус ст. 12Х18Н9ТЛ - 1 шт.; переключающее устройство ПУ 150-40-02нж 23нж17нж DN 150 PN 4,0 МПа УХЛ1, корпус ст. 12Х18Н9ТЛ - 1 шт.";Блок предохранительных клапанов с переключающими устройствами;50нж12нж6;Блок предохранительных клапанов БПУ С 100-63нж УХЛ1 50нж12нж6;"клапан предохранительный пружинный сильфонный фланцевый уравновешенного типа СППК5С 100-63нж 17нж16нж2 DN 100 (исп. ?) / 150 (исп. F) PN 6,3 (вход) / 4,0 (выход) МПа УХЛ1, корпус ст. 12Х18Н9ТЛ - 2 шт.; переключающее устройство ПУ 100-63-01нж 23нж20нж DN 100 PN 6,3 МПа УХЛ1, корпус ст. 12Х18Н9ТЛ - 1 шт.; переключающее устройство ПУ 150-40-02нж 23нж17нж DN 150 PN 4,0 МПа УХЛ1, корпус ст. 12Х18Н9ТЛ - 1 шт.";"25…40 (77); 40…55 (80); 55…63 (81)";Вода, воздух, пар, природный газ, жидкие углеводороды и нефтепродукты, масляные фракции, нефтехимические и другие, среды, в которых скорость коррозии материала корпуса не привышает 0,2 мм в год;От -60 до +600;От -60 до +45;УХЛ1;А;ОТК;10;830;180;12 месяцев со дня ввода в эксплуатацию, но не более 18 месяцев со дня отгрузки потребителю;100/150;63/40;Коррозионностойкая сталь;735;По запросу;3670320;25-30 рабочих дней
"Блок предохранительных клапанов БПУ С 50-160нж УХЛ1 50нж05нж4 в составе: клапан предохранительный пружинный сильфонный фланцевый уравновешенного типа СППК5С 50-160нж 17нж8нж1 DN 50/80 PN 16,0/4,0 МПа УХЛ1, пружина № ?, Рн=? кгс/см², корпус ст. 12Х18Н9ТЛ - 2 шт.; переключающее устройство ПУ 50-160-01нж 23нж19нж DN 50 PN 16,0 МПа УХЛ1, корпус ст. 12Х18Н9ТЛ - 1 шт.; переключающее устройство ПУ 80-40-02нж 23нж17нж DN 80 PN 4,0 МПа УХЛ1, корпус ст. 12Х18Н9ТЛ - 1 шт.";Блок предохранительных клапанов с переключающими устройствами;50нж05нж4;Блок предохранительных клапанов БПУ С 50-160нж УХЛ1 50нж05нж4;"клапан предохранительный пружинный сильфонный фланцевый уравновешенного типа СППК5С 50-160нж 17нж8нж1 DN 50 (исп. J) / 80 (исп. F) PN 16,0 (вход) / 4,0 (выход) МПа УХЛ1, корпус ст. 12Х18Н9ТЛ - 2 шт.; переключающее устройство ПУ 50-160-01нж 23нж19нж DN 50 PN 16,0 МПа УХЛ1, корпус ст. 12Х18Н9ТЛ - 1 шт.; переключающее устройство ПУ 80-40-02нж 23нж17нж DN 80 PN 4,0 МПа УХЛ1, корпус ст. 12Х18Н9ТЛ - 1 шт.";"53…90 (58); 85…124 (59); 124…141 (60); 140…160 (61)";Вода, воздух, пар, природный газ, жидкие углеводороды и нефтепродукты, масляные фракции, нефтехимические и другие, среды, в которых скорость коррозии материала корпуса не привышает 0,2 мм в год;От -60 до +600;От -60 до +45;УХЛ1;А;ОТК;10;830;180;12 месяцев со дня ввода в эксплуатацию, но не более 18 месяцев со дня отгрузки потребителю;50/80;160/40;Коррозионностойкая сталь;274;По запросу;1863520;25-30 рабочих дней
"Блок предохранительных клапанов БПУ С 100-160нж УХЛ1 50нж13нж6 в составе: клапан предохранительный пружинный сильфонный фланцевый уравновешенного типа СППК5С 100-160нж 17нж8нж3 DN 100/150 PN 16,0/4,0 МПа УХЛ1, пружина № ?, Рн=? кгс/см², корпус ст. 12Х18Н9ТЛ - 2 шт.; переключающее устройство ПУ 100-160-01нж 23нж19нж DN 100 PN 16,0 МПа УХЛ1, корпус ст. 12Х18Н9ТЛ - 1 шт.; переключающее устройство ПУ 150-40-02нж 23нж17нж DN 150 PN 4,0 МПа УХЛ1, корпус ст. 12Х18Н9ТЛ - 1 шт.";Блок предохранительных клапанов с переключающими устройствами;50нж13нж6;Блок предохранительных клапанов БПУ С 100-160нж УХЛ1 50нж13нж6;"клапан предохранительный пружинный сильфонный фланцевый уравновешенного типа СППК5С 100-160нж 17нж8нж3 DN 100 (исп. J) / 150 (исп. F) PN 16,0 (вход) / 4,0 (выход) МПа УХЛ1 - 2 шт.; переключающее устройство ПУ 100-160-01нж 23нж19нж DN 100 PN 16,0 МПа УХЛ1, корпус ст. 12Х18Н9ТЛ - 1 шт.; переключающее устройство ПУ 150-40-02нж 23нж17нж DN 150 PN 4,0 МПа УХЛ1, корпус ст. 12Х18Н9ТЛ - 1 шт.";"63…100 (80); 100…125 (81); 110…145 (82); 135…160 (83)";Вода, воздух, пар, природный газ, жидкие углеводороды и нефтепродукты, масляные фракции, нефтехимические и другие, среды, в которых скорость коррозии материала корпуса не привышает 0,2 мм в год;От -60 до +600;От -60 до +45;УХЛ1;А;ОТК;10;830;180;12 месяцев со дня ввода в эксплуатацию, но не более 18 месяцев со дня отгрузки потребителю;100/150;160/40;Коррозионностойкая сталь;780;По запросу;4076220;25-30 рабочих дней
"Блок предохранительных клапанов БПУ РС 50-16нж УХЛ1 50нж02нж3 в составе: клапан предохранительный пружинный сильфонный фланцевый СППК5РС 50-16нж1 28нж20нж1 DN 50/80 PN 1,6/0,6 МПа УХЛ1, пружина № ?, Рн=? кгс/см², корпус ст. 12Х18Н12М3ТЛ - 2 шт.; переключающее устройство ПУ 50-16-05нж1 23нж16нж3 DN 50 PN 1,6 МПа УХЛ1, корпус ст. 12Х18Н12М3ТЛ - 1 шт.; переключающее устройство ПУ 80-6-02нж1 23нж18нж1 DN 80 PN 0,6 МПа УХЛ1, корпус ст. 12Х18Н12М3ТЛ - 1 шт.";Блок предохранительных клапанов с переключающими устройствами;50нж02нж3;Блок предохранительных клапанов БПУ РС 50-16нж УХЛ1 50нж02нж3;"клапан предохранительный пружинный сильфонный фланцевый СППК5РС 50-16нж1 28нж20нж1 DN 50 (исп. В) / 80 (исп. В) PN 1,6 (вход) / 0,6 (выход) МПа УХЛ1, корпус ст. 12Х18Н12М3ТЛ - 2 шт.; переключающее устройство ПУ 50-16-05нж1 23нж16нж3 DN 50 PN 1,6 МПа УХЛ1, корпус ст. 12Х18Н12М3ТЛ - 1 шт.; переключающее устройство ПУ 80-6-02нж1 23нж18нж1 DN 80 PN 0,6 МПа УХЛ1, корпус ст. 12Х18Н12М3ТЛ - 1 шт.";"6…8 (13); 8…16 (14)";Вода, воздух, пар, природный газ, жидкие углеводороды и нефтепродукты, масляные фракции, нефтехимические и другие, среды, в которых скорость коррозии материала корпуса не привышает 0,2 мм в год;От -60 до +600;От -60 до +45;УХЛ1;А;ОТК;10;830;180;12 месяцев со дня ввода в эксплуатацию, но не более 18 месяцев со дня отгрузки потребителю;50/80;16/6;Коррозионностойкая сталь;165;По запросу;882410;25-30 рабочих дней
"Блок предохранительных клапанов БПУ РС 80-16нж УХЛ1 50нж06нж3 в составе: клапан предохранительный пружинный сильфонный фланцевый СППК5РС 80-16нж1 28нж20нж1 DN 80/100 PN 1,6/0,6 МПа УХЛ1, пружина № ?, Рн=? кгс/см², корпус ст. 12Х18Н12М3ТЛ - 2 шт.; переключающее устройство ПУ 80-16-05нж1 23нж16нж3 DN 80 PN 1,6 МПа УХЛ1, корпус ст. 12Х18Н12М3ТЛ - 1 шт.; переключающее устройство ПУ 100-6-02нж1 23нж18нж1 DN 100 PN 0,6 МПа УХЛ1, корпус ст. 12Х18Н12М3ТЛ - 1 шт.";Блок предохранительных клапанов с переключающими устройствами;50нж06нж3;Блок предохранительных клапанов БПУ РС 80-16нж УХЛ1 50нж06нж3;"клапан предохранительный пружинный сильфонный фланцевый СППК5РС 80-16нж1 28нж20нж1 DN 80 (исп. В) / 100 (исп. В) PN 1,6 (вход) / 0,6 (выход) МПа УХЛ1, корпус ст. 12Х18Н12М3ТЛ - 2 шт.; переключающее устройство ПУ 80-16-05нж1 23нж16нж3 DN 80 PN 1,6 МПа УХЛ1, корпус ст. 12Х18Н12М3ТЛ - 1 шт.; переключающее устройство ПУ 100-6-02нж1 23нж18нж1 DN 100 PN 0,6 МПа УХЛ1, корпус ст. 12Х18Н12М3ТЛ - 1 шт.";"6…8 (33); 8…16 (34)";Вода, воздух, пар, природный газ, жидкие углеводороды и нефтепродукты, масляные фракции, нефтехимические и другие, среды, в которых скорость коррозии материала корпуса не привышает 0,2 мм в год;От -60 до +600;От -60 до +45;УХЛ1;А;ОТК;10;830;180;12 месяцев со дня ввода в эксплуатацию, но не более 18 месяцев со дня отгрузки потребителю;80/100;16/6;Коррозионностойкая сталь;218;По запросу;1314700;25-30 рабочих дней
"Блок предохранительных клапанов БПУ РС 100-16нж УХЛ1 50нж10нж3 в составе: клапан предохранительный пружинный сильфонный фланцевый СППК5РС 100-16нж1 28нж20нж1 DN 100/150 PN 1,6/1,6 МПа УХЛ1, пружина № ?, Рн=? кгс/см², корпус ст. 12Х18Н12М3ТЛ - 2 шт.; переключающее устройство ПУ 100-16-05нж1 23нж16нж3 DN 100 PN 1,6 МПа УХЛ1, корпус ст. 12Х18Н12М3ТЛ - 1 шт.; Переключающее устройство ПУ 150-16-04нж1 23нж16нж2 DN 150 PN 1,6 МПа УХЛ1, корпус ст. 12Х18Н12М3ТЛ - 1 шт.";Блок предохранительных клапанов с переключающими устройствами;50нж10нж3;Блок предохранительных клапанов БПУ РС 100-16нж УХЛ1 50нж10нж3;"клапан предохранительный пружинный сильфонный фланцевый СППК5РС 100-16нж1 28нж20нж1 DN 100 (исп. В) / 150 (исп. В) PN 1,6 (вход) / 1,6 (выход) МПа УХЛ1, корпус ст. 12Х18Н12М3ТЛ - 2 шт.; переключающее устройство ПУ 100-16-05нж1 23нж16нж3 DN 100 PN 1,6 МПа УХЛ1, корпус ст. 12Х18Н12М3ТЛ - 1 шт.; Переключающее устройство ПУ 150-16-04нж1 23нж16нж2 DN 150 PN 1,6 МПа УХЛ1, корпус ст. 12Х18Н12М3ТЛ - 1 шт.";"6…8 (54); 8…16 (55)";Вода, воздух, пар, природный газ, жидкие углеводороды и нефтепродукты, масляные фракции, нефтехимические и другие, среды, в которых скорость коррозии материала корпуса не привышает 0,2 мм в год;От -60 до +600;От -60 до +45;УХЛ1;А;ОТК;10;830;180;12 месяцев со дня ввода в эксплуатацию, но не более 18 месяцев со дня отгрузки потребителю;100/150;16/6;Коррозионностойкая сталь;405;По запросу;1838250;25-30 рабочих дней
"Блок предохранительных клапанов БПУ РС 150-16нж УХЛ1 50нж14нж3 в составе: клапан предохранительный пружинный сильфонный фланцевый СППК5РС 150-16нж1 28нж20нж1 DN 150/200 PN 1,6/0,6 МПа УХЛ1, пружина № ?, Рн=? кгс/см², корпус ст. 12Х18Н12М3ТЛ - 2 шт.; переключающее устройство ПУ 150-16-05нж1 23нж16нж3 DN 150 PN 1,6 МПа УХЛ1, корпус ст. 12Х18Н12М3ТЛ - 1 шт.; переключающее устройство ПУ 200-6-02нж1 23нж18нж1 DN 200 PN 0,6 МПа УХЛ1, корпус ст. 12Х18Н12М3ТЛ - 1 шт.";Блок предохранительных клапанов с переключающими устройствами;50нж14нж3;Блок предохранительных клапанов БПУ РС 150-16нж УХЛ1 50нж14нж3;"клапан предохранительный пружинный сильфонный фланцевый СППК5РС 150-16нж1 28нж20нж1 DN 150 (исп. В) / 200 (исп. В) PN 1,6 (вход) / 0,6 (выход) МПа УХЛ1, корпус ст. 12Х18Н12М3ТЛ - 2 шт.; переключающее устройство ПУ 150-16-05нж1 23нж16нж3 DN 150 PN 1,6 МПа УХЛ1, корпус ст. 12Х18Н12М3ТЛ - 1 шт.; переключающее устройство ПУ 200-6-02нж1 23нж18нж1 DN 200 PN 0,6 МПа УХЛ1, корпус ст. 12Х18Н12М3ТЛ - 1 шт.";"0,5…1,5 (70); 1,5…3 (71); 3…5 (72); 5…8 (73); 8…12 (74); 12…16 (75)";Вода, воздух, пар, природный газ, жидкие углеводороды и нефтепродукты, масляные фракции, нефтехимические и другие, среды, в которых скорость коррозии материала корпуса не привышает 0,2 мм в год;От -60 до +600;От -60 до +45;УХЛ1;А;ОТК;10;830;180;12 месяцев со дня ввода в эксплуатацию, но не более 18 месяцев со дня отгрузки потребителю;150/200;16/6;Коррозионностойкая сталь;638;По запросу;2734700;25-30 рабочих дней
"Блок предохранительных клапанов БПУ РС 200-16нж УХЛ1 50нж16нж3 в составе: клапан предохранительный пружинный сильфонный фланцевый СППК5РС 200-16нж1 28нж20нж1 DN 200/300 PN 1,6/0,6 МПа УХЛ1, пружина № ?, Рн=? кгс/см², корпус ст. 12Х18Н12М3ТЛ - 2 шт.; переключающее устройство ПУ 200-16-02нж1 23нж16нж1 DN 200 PN 1,6 МПа УХЛ1, корпус ст. 12Х18Н12М3ТЛ - 1 шт.; переключающее устройство ПУ 300-6-02нж1 23нж18нж1 DN 300 PN 0,6 МПа УХЛ1, корпус ст. 12Х18Н12М3ТЛ - 1 шт.";Блок предохранительных клапанов с переключающими устройствами;50нж16нж3;Блок предохранительных клапанов БПУ РС 200-16нж УХЛ1 50нж16нж3;"клапан предохранительный пружинный сильфонный фланцевый СППК5РС 200-16нж1 28нж20нж1 DN 200 (исп. В) / 300 (исп. В) PN 1,6 (вход) / 0,6 (выход) МПа УХЛ1, корпус ст. 12Х18Н12М3ТЛ - 2 шт.; переключающее устройство ПУ 200-16-02нж1 23нж16нж1 DN 200 PN 1,6 МПа УХЛ1, корпус ст. 12Х18Н12М3ТЛ - 1 шт.; переключающее устройство ПУ 300-6-02нж1 23нж18нж1 DN 300 PN 0,6 МПа УХЛ1, корпус ст. 12Х18Н12М3ТЛ - 1 шт.";"0,5…1 (72); 1…2 (73); 2…3 (74); 3…5 (75); 5…7 (76); 7…9 (77); 9…12 (78); 12…16 (79)";Вода, воздух, пар, природный газ, жидкие углеводороды и нефтепродукты, масляные фракции, нефтехимические и другие, среды, в которых скорость коррозии материала корпуса не привышает 0,2 мм в год;От -60 до +600;От -60 до +45;УХЛ1;А;ОТК;10;830;180;12 месяцев со дня ввода в эксплуатацию, но не более 18 месяцев со дня отгрузки потребителю;200/300;16/6;Коррозионностойкая сталь;1102;По запросу;5540450;25-30 рабочих дней
"Блок предохранительных клапанов БПУ РС 25-40нж1 УХЛ1 50нж01нж3 в составе: клапан предохранительный пружинный сильфонный фланцевый СППК5РС 25-40нж1 28нж21нж1 DN 25/40 PN 4,0/1,6 МПа УХЛ1, пружина № ?, Рн=? кгс/см², корпус ст. 12Х18Н12М3ТЛ - 2 шт.; переключающее устройство ПУ 25-40-02нж1 23нж17нж1 DN 25 PN 4,0 МПа УХЛ1, корпус ст. 12Х18Н12М3ТЛ - 1 шт.; переключающее устройство ПУ 50-16-04нж1 23нж16нж2 DN 50 PN 1,6 МПа УХЛ1, корпус ст. 12Х18Н12М3ТЛ - 1 шт.";Блок предохранительных клапанов с переключающими устройствами;50нж01нж3;Блок предохранительных клапанов БПУ РС 25-40нж УХЛ1 50нж01нж3;"клапан предохранительный пружинный сильфонный фланцевый СППК5РС 25-40нж1 28нж21нж1 DN 25 (исп. F) / 40 (исп. В) PN 4,0 (вход) / 1,6 (выход) МПа УХЛ1, корпус ст. 12Х18Н12М3ТЛ - 2 шт.; переключающее устройство ПУ 25-40-02нж1 23нж17нж1 DN 25 PN 4,0 МПа УХЛ1, корпус ст. 12Х18Н12М3ТЛ - 1 шт.; переключающее устройство ПУ 50-16-04нж1 23нж16нж2 DN 50 PN 1,6 МПа УХЛ1, корпус ст. 12Х18Н12М3ТЛ - 1 шт.";"6…8 (8); 8…16 (1); 16…25 (2); 25…40 (3) ";Вода, воздух, пар, природный газ, жидкие углеводороды и нефтепродукты, масляные фракции, нефтехимические и другие, среды, в которых скорость коррозии материала корпуса не привышает 0,2 мм в год;От -60 до +600;От -60 до +45;УХЛ1;А;ОТК;10;830;180;12 месяцев со дня ввода в эксплуатацию, но не более 18 месяцев со дня отгрузки потребителю;25/40;40/16;Коррозионностойкая сталь;131;По запросу;671940;25-30 рабочих дней
"Блок предохранительных клапанов БПУ РС 50-40нж УХЛ1 50нж03нж3 в составе: клапан предохранительный пружинный сильфонный фланцевый СППК5РС 50-40нж1 28нж21нж1 DN 50/80 PN 4,0/1,6 МПа УХЛ1, пружина № ?, Рн=? кгс/см², корпус ст. 12Х18Н12М3ТЛ - 2 шт.; переключающее устройство ПУ 50-40-05нж1 23нж17нж3 DN 50 PN 4,0 МПа УХЛ1, корпус ст. 12Х18Н12М3ТЛ - 1 шт.; переключающее устройство ПУ 80-16-04нж1 23нж16нж2 DN 80 PN 1,6 МПа УХЛ1, корпус ст. 12Х18Н12М3ТЛ - 1 шт.";Блок предохранительных клапанов с переключающими устройствами;50нж03нж3;Блок предохранительных клапанов БПУ РС 50-40нж УХЛ1 50нж03нж3;"клапан предохранительный пружинный сильфонный фланцевый СППК5РС 50-40нж1 28нж21нж1 DN 50 (исп. F) / 80 (исп. В) PN 4,0 (вход) / 1,6 (выход) МПа УХЛ1, корпус ст. 12Х18Н12М3ТЛ - 2 шт.; переключающее устройство ПУ 50-40-05нж1 23нж17нж3 DN 50 PN 4,0 МПа УХЛ1, корпус ст. 12Х18Н12М3ТЛ - 1 шт.; переключающее устройство ПУ 80-16-04нж1 23нж16нж2 DN 80 PN 1,6 МПа УХЛ1, корпус ст. 12Х18Н12М3ТЛ - 1 шт.";"6…8 (13); 8…20 (14); 20…30 (15); 30…40 (16)";Вода, воздух, пар, природный газ, жидкие углеводороды и нефтепродукты, масляные фракции, нефтехимические и другие, среды, в которых скорость коррозии материала корпуса не привышает 0,2 мм в год;От -60 до +600;От -60 до +45;УХЛ1;А;ОТК;10;830;180;12 месяцев со дня ввода в эксплуатацию, но не более 18 месяцев со дня отгрузки потребителю;50/80;40/16;Коррозионностойкая сталь;167;По запросу;1000350;25-30 рабочих дней
"Блок предохранительных клапанов БПУ РС 80-40нж УХЛ1 50нж07нж3 в составе: клапан предохранительный пружинный сильфонный фланцевый СППК5РС 80-40нж1 28нж21нж1 DN 80/100 PN 4,0/1,6 МПа УХЛ1, пружина № ?, Рн=? кгс/см², корпус ст. 12Х18Н12М3ТЛ - 2 шт.; переключающее устройство ПУ 80-40-05нж1 23нж17нж3 DN 80 PN 4,0 МПа УХЛ1, корпус ст. 12Х18Н12М3ТЛ - 1 шт.; переключающее устройство ПУ 100-16-04нж1 23нж16нж2 DN 100 PN 1,6 МПа УХЛ1, корпус ст. 12Х18Н12М3ТЛ - 1 шт.";Блок предохранительных клапанов с переключающими устройствами;50нж07нж3;Блок предохранительных клапанов БПУ РС 80-40нж УХЛ1 50нж07нж3;"клапан предохранительный пружинный сильфонный фланцевый СППК5РС 80-40нж1 28нж21нж1 DN 80 (исп. F) / 100 (исп. В) PN 4,0 (вход) / 1,6 (выход) МПа УХЛ1, корпус ст. 12Х18Н12М3ТЛ - 2 шт.; переключающее устройство ПУ 80-40-05нж1 23нж17нж3 DN 80 PN 4,0 МПа УХЛ1, корпус ст. 12Х18Н12М3ТЛ - 1 шт.; переключающее устройство ПУ 100-16-04нж1 23нж16нж2 DN 100 PN 1,6 МПа УХЛ1, корпус ст. 12Х18Н12М3ТЛ - 1 шт.";"6…8 (33); 8…20 (35); 20…30 (36); 30…40 (37)";Вода, воздух, пар, природный газ, жидкие углеводороды и нефтепродукты, масляные фракции, нефтехимические и другие, среды, в которых скорость коррозии материала корпуса не привышает 0,2 мм в год;От -60 до +600;От -60 до +45;УХЛ1;А;ОТК;10;830;180;12 месяцев со дня ввода в эксплуатацию, но не более 18 месяцев со дня отгрузки потребителю;80/100;40/16;Коррозионностойкая сталь;265;По запросу;1422250;25-30 рабочих дней
"Блок предохранительных клапанов БПУ РС 100-40нж УХЛ1 50нж11нж3 в составе: клапан предохранительный пружинный сильфонный фланцевый СППК5РС 100-40нж1 28нж21нж1 DN 100/150 PN 4,0/1,6 МПа УХЛ1, пружина № ?, Рн=? кгс/см², корпус ст. 12Х18Н12М3ТЛ - 2 шт.; переключающее устройство ПУ 100-40-05нж1 23нж17нж3 DN 100 PN 4,0 МПа УХЛ1, корпус ст. 12Х18Н12М3ТЛ - 1 шт.; переключающее устройство ПУ 150-16-04нж1 23нж16нж2 DN 150 PN 1,6 МПа УХЛ1, корпус ст. 12Х18Н12М3ТЛ - 1 шт.";Блок предохранительных клапанов с переключающими устройствами;50нж11нж3;Блок предохранительных клапанов БПУ РС 100-40нж УХЛ1 50нж11нж3;"клапан предохранительный пружинный сильфонный фланцевый СППК5РС 100-40нж1 28нж21нж1 DN 100 (исп. F) / 150 (исп. В) PN 4,0 (вход) / 1,6 (выход) МПа УХЛ1, корпус ст. 12Х18Н12М3ТЛ - 2 шт.; переключающее устройство ПУ 100-40-05нж1 23нж17нж3 DN 100 PN 4,0 МПа УХЛ1, корпус ст. 12Х18Н12М3ТЛ - 1 шт.; переключающее устройство ПУ 150-16-04нж1 23нж16нж2 DN 150 PN 1,6 МПа УХЛ1, корпус ст. 12Х18Н12М3ТЛ - 1 шт.";"8…16 (55); 16…26 (56); 26…40 (57)";Вода, воздух, пар, природный газ, жидкие углеводороды и нефтепродукты, масляные фракции, нефтехимические и другие, среды, в которых скорость коррозии материала корпуса не привышает 0,2 мм в год;От -60 до +600;От -60 до +45;УХЛ1;А;ОТК;10;830;180;12 месяцев со дня ввода в эксплуатацию, но не более 18 месяцев со дня отгрузки потребителю;100/150;40/16;Коррозионностойкая сталь;454;По запросу;2055170;25-30 рабочих дней
"Блок предохранительных клапанов БПУ РС 150-40нж УХЛ1 50нж15нж3 в составе: клапан предохранительный пружинный сильфонный фланцевый СППК5РС 150-40нж1 28нж21нж1 DN 150/200 PN 4,0/1,6 МПа УХЛ1, пружина № ?, Рн=? кгс/см², корпус ст. 12Х18Н12М3ТЛ - 2 шт.; переключающее устройство ПУ 150-40-05нж1 23нж17нж3 DN 150 PN 4,0 МПа УХЛ1, корпус ст. 12Х18Н12М3ТЛ - 1 шт.; переключающее устройство ПУ 200-16-02нж1 23нж16нж1 DN 200 PN 1,6 МПа УХЛ1, корпус ст. 12Х18Н12М3ТЛ - 1 шт.";Блок предохранительных клапанов с переключающими устройствами;50нж15нж3;Блок предохранительных клапанов БПУ РС 150-40нж УХЛ1 50нж15нж3;"клапан предохранительный пружинный сильфонный фланцевый СППК5РС 150-40нж1 28нж21нж1 DN 150 (исп. F) / 200 (исп. В) PN 4,0 (вход) / 1,6 (выход) МПа УХЛ1, корпус ст. 12Х18Н12М3ТЛ - 2 шт.; переключающее устройство ПУ 150-40-05нж1 23нж17нж3 DN 150 PN 4,0 МПа УХЛ1, корпус ст. 12Х18Н12М3ТЛ - 1 шт.; переключающее устройство ПУ 200-16-02нж1 23нж16нж1 DN 200 PN 1,6 МПа УХЛ1, корпус ст. 12Х18Н12М3ТЛ - 1 шт.";"8…12 (74); 12…18 (75); 18…25 (76); 25…35 (77); 35…40 (78)";Вода, воздух, пар, природный газ, жидкие углеводороды и нефтепродукты, масляные фракции, нефтехимические и другие, среды, в которых скорость коррозии материала корпуса не привышает 0,2 мм в год;От -60 до +600;От -60 до +45;УХЛ1;А;ОТК;10;830;180;12 месяцев со дня ввода в эксплуатацию, но не более 18 месяцев со дня отгрузки потребителю;150/200;40/16;Коррозионностойкая сталь;688;По запросу;3182290;25-30 рабочих дней
"Блок предохранительных клапанов БПУ РС 50-63нж УХЛ1 50нж04нж3 в составе: клапан предохранительный пружинный сильфонный фланцевый СППК5РС 50-63нж1 28нж22нж1 DN 50/80 PN 6,3/4,0 МПа УХЛ1, пружина № ?, Рн=? кгс/см², корпус ст. 12Х18Н12М3ТЛ - 2 шт.; переключающее устройство ПУ 50-63-02нж1 23нж20нж1 DN 50 PN 6,3 МПа УХЛ1, корпус ст. 12Х18Н12М3ТЛ - 1 шт.; переключающее устройство ПУ 80-40-04нж1 23нж17нж2 DN 80 PN 4,0 МПа УХЛ1, корпус ст. 12Х18Н12М3ТЛ - 1 шт.";Блок предохранительных клапанов с переключающими устройствами;50нж04нж3;Блок предохранительных клапанов БПУ РС 50-63нж УХЛ1 50нж04нж3;"клапан предохранительный пружинный сильфонный фланцевый СППК5РС 50-63нж1 28нж22нж1 DN 50 (исп. ?) / 80 (исп. F) PN 6,3 (вход) / 4,0 (выход) МПа УХЛ1, корпус ст. 12Х18Н12М3ТЛ - 2 шт.; переключающее устройство ПУ 50-63-02нж1 23нж20нж1 DN 50 PN 6,3 МПа УХЛ1, корпус ст. 12Х18Н12М3ТЛ - 1 шт.; переключающее устройство ПУ 80-40-04нж1 23нж17нж2 DN 80 PN 4,0 МПа УХЛ1, корпус ст. 12Х18Н12М3ТЛ - 1 шт.";"20…34 (55); 30…54 (56); 50…63 (57)";Вода, воздух, пар, природный газ, жидкие углеводороды и нефтепродукты, масляные фракции, нефтехимические и другие, среды, в которых скорость коррозии материала корпуса не привышает 0,2 мм в год;От -60 до +600;От -60 до +45;УХЛ1;А;ОТК;10;830;180;12 месяцев со дня ввода в эксплуатацию, но не более 18 месяцев со дня отгрузки потребителю;50/80;63/40;Коррозионностойкая сталь;260;По запросу;1793610;25-30 рабочих дней
"Блок предохранительных клапанов БПУ РС 80-63нж УХЛ1 50нж08нж3 в составе: клапан предохранительный пружинный сильфонный фланцевый СППК5РС 80-63нж1 28нж22нж1 DN 80/100 PN 6,3/4,0 МПа УХЛ1, пружина № ?, Рн=? кгс/см², корпус ст. 12Х18Н12М3ТЛ - 2 шт.; переключающее устройство ПУ 80-63-02нж1 23нж20нж1 DN 80 PN 6,3 МПа УХЛ1, корпус ст. 12Х18Н12М3ТЛ - 1 шт.; переключающее устройство ПУ 100-40-04нж1 23нж17нж2 DN 100 PN 4,0 МПа УХЛ1, корпус ст. 12Х18Н12М3ТЛ - 1 шт.";Блок предохранительных клапанов с переключающими устройствами;50нж08нж3;Блок предохранительных клапанов БПУ РС 80-63нж УХЛ1 50нж08нж3;"клапан предохранительный пружинный сильфонный фланцевый СППК5РС 80-63нж1 28нж22нж1 DN 80 (исп. ?) / 100 (исп. F) PN 6,3 (вход) / 4,0 (выход) МПа УХЛ1, корпус ст. 12Х18Н12М3ТЛ - 2 шт.; переключающее устройство ПУ 80-63-02нж1 23нж20нж1 DN 80 PN 6,3 МПа УХЛ1, корпус ст. 12Х18Н12М3ТЛ - 1 шт.; переключающее устройство ПУ 100-40-04нж1 23нж17нж2 DN 100 PN 4,0 МПа УХЛ1, корпус ст. 12Х18Н12М3ТЛ - 1 шт.";"25…35 (38); 35…44 (37); 44…50 (39); 50…63 (40)";Вода, воздух, пар, природный газ, жидкие углеводороды и нефтепродукты, масляные фракции, нефтехимические и другие, среды, в которых скорость коррозии материала корпуса не привышает 0,2 мм в год;От -60 до +600;От -60 до +45;УХЛ1;А;ОТК;10;830;180;12 месяцев со дня ввода в эксплуатацию, но не более 18 месяцев со дня отгрузки потребителю;80/100;63/40;Коррозионностойкая сталь;388;По запросу;2167630;25-30 рабочих дней
"Блок предохранительных клапанов БПУ РС 100-63нж УХЛ1 50нж12нж5 в составе: клапан предохранительный пружинный сильфонный фланцевый СППК5РС 100-63нж1 28нж22нж1 DN 100/150 PN 6,3/4,0 МПа УХЛ1, пружина № ?, Рн=? кгс/см², корпус ст. 12Х18Н12М3ТЛ - 2 шт.; переключающее устройство ПУ 100-63-02нж1 23нж20нж1 DN 100 PN 6,3 МПа УХЛ1, корпус ст. 12Х18Н12М3ТЛ - 1 шт.; Переключающее устройство ПУ 150-40-04нж1 23нж17нж2 DN 150 PN 4,0 МПа УХЛ1, корпус ст. 12Х18Н12М3ТЛ - 1 шт.";Блок предохранительных клапанов с переключающими устройствами;50нж12нж5;Блок предохранительных клапанов БПУ РС 100-63нж УХЛ1 50нж12нж5;"клапан предохранительный пружинный сильфонный фланцевый СППК5РС 100-63нж1 28нж22нж1 DN 100 (исп. ?) / 150 (исп. F) PN 6,3 (вход) / 4,0 (выход) МПа УХЛ1, корпус ст. 12Х18Н12М3ТЛ - 2 шт.; переключающее устройство ПУ 100-63-02нж1 23нж20нж1 DN 100 PN 6,3 МПа УХЛ1, корпус ст. 12Х18Н12М3ТЛ - 1 шт.; Переключающее устройство ПУ 150-40-04нж1 23нж17нж2 DN 150 PN 4,0 МПа УХЛ1, корпус ст. 12Х18Н12М3ТЛ - 1 шт.";"25…40 (77); 40…55 (80); 55…63 (81)";Вода, воздух, пар, природный газ, жидкие углеводороды и нефтепродукты, масляные фракции, нефтехимические и другие, среды, в которых скорость коррозии материала корпуса не привышает 0,2 мм в год;От -60 до +600;От -60 до +45;УХЛ1;А;ОТК;10;830;180;12 месяцев со дня ввода в эксплуатацию, но не более 18 месяцев со дня отгрузки потребителю;100/150;63/40;Коррозионностойкая сталь;748;По запросу;3698130;25-30 рабочих дней
"Блок предохранительных клапанов БПУ РС 50-160нж1 УХЛ1 50нж05нж3 в составе: клапан предохранительный пружинный сильфонный фланцевый СППК5РС 50-160нж1 28нж23нж1 DN 50/80 PN 16,0/4,0 МПа УХЛ1, пружина № ?, Рн=? кгс/см², корпус ст. 12Х18Н12М3ТЛ - 2 шт.; переключающее устройство ПУ 50-160-02нж1 23нж19нж1 DN 50 PN 16,0 МПа УХЛ1, корпус ст. 12Х18Н12М3ТЛ - 1 шт.; переключающее устройство ПУ 80-40-04нж1 23нж17нж2 DN 80 PN 4,0 МПа УХЛ1, корпус ст. 12Х18Н12М3ТЛ - 1 шт.";Блок предохранительных клапанов с переключающими устройствами;50нж05нж3;Блок предохранительных клапанов БПУ РС 50-160нж1 УХЛ1 50нж05нж3;"клапан предохранительный пружинный сильфонный фланцевый СППК5РС 50-160нж1 28нж23нж1 DN 50 (исп. J) / 80 (исп. F) PN 16,0 (вход) / 4,0 (выход) МПа УХЛ1, корпус ст. 12Х18Н12М3ТЛ - 2 шт.; переключающее устройство ПУ 50-160-02нж1 23нж19нж1 DN 50 PN 16,0 МПа УХЛ1, корпус ст. 12Х18Н12М3ТЛ - 1 шт.; переключающее устройство ПУ 80-40-04нж1 23нж17нж2 DN 80 PN 4,0 МПа УХЛ1, корпус ст. 12Х18Н12М3ТЛ - 1 шт.";"53…90 (58); 85…124 (59); 124…141 (60); 140…160 (61)";Вода, воздух, пар, природный газ, жидкие углеводороды и нефтепродукты, масляные фракции, нефтехимические и другие, среды, в которых скорость коррозии материала корпуса не привышает 0,2 мм в год;От -60 до +600;От -60 до +45;УХЛ1;А;ОТК;10;830;180;12 месяцев со дня ввода в эксплуатацию, но не более 18 месяцев со дня отгрузки потребителю;50/80;160/40;Коррозионностойкая сталь;305;По запросу;1891600;25-30 рабочих дней
"Блок предохранительных клапанов БПУ РС 80-160нж УХЛ1 50нж09нж3 в составе: клапан предохранительный пружинный сильфонный фланцевый СППК5РС 80-160нж1 28нж23нж1 DN 80/100 PN 16,0/4,0 МПа УХЛ1, пружина № ?, Рн=? кгс/см², корпус ст. 12Х18Н12М3ТЛ - 2 шт.; переключающее устройство ПУ 80-160-02нж1 23нж19нж1 DN 80 PN 16,0 МПа УХЛ1, корпус ст. 12Х18Н12М3ТЛ - 1 шт.; переключающее устройство ПУ 100-40-04нж1 23нж17нж2 DN 100 PN 4,0 МПа УХЛ1, корпус ст. 12Х18Н12М3ТЛ - 1 шт.";Блок предохранительных клапанов с переключающими устройствами;50нж09нж3;Блок предохранительных клапанов БПУ РС 80-160нж УХЛ1 50нж09нж3;"клапан предохранительный пружинный сильфонный фланцевый СППК5РС 80-160нж1 28нж23нж1 DN 80 (исп. J) / 100 (исп. F) PN 16,0 (вход) / 4,0 (выход) МПа УХЛ1, корпус ст. 12Х18Н12М3ТЛ - 2 шт.; переключающее устройство ПУ 80-160-02нж1 23нж19нж1 DN 80 PN 16,0 МПа УХЛ1, корпус ст. 12Х18Н12М3ТЛ - 1 шт.; переключающее устройство ПУ 100-40-04нж1 23нж17нж2 DN 100 PN 4,0 МПа УХЛ1, корпус ст. 12Х18Н12М3ТЛ - 1 шт.";"50…63 (40); 63…100 (41); 100…135 (42); 135…160 (43)";Вода, воздух, пар, природный газ, жидкие углеводороды и нефтепродукты, масляные фракции, нефтехимические и другие, среды, в которых скорость коррозии материала корпуса не привышает 0,2 мм в год;От -60 до +600;От -60 до +45;УХЛ1;А;ОТК;10;830;180;12 месяцев со дня ввода в эксплуатацию, но не более 18 месяцев со дня отгрузки потребителю;80/100;160/40;Коррозионностойкая сталь;415;По запросу;2683870;25-30 рабочих дней
"Блок предохранительных клапанов БПУ РС 100-160нж УХЛ1 50нж13нж9 в составе: клапан предохранительный пружинный сильфонный фланцевый СППК5РС 100-160нж1 28нж23нж1 DN 100/150  PN 16,0/4,0 МПа УХЛ1, пружина № ?, Рн=? кгс/см², корпус ст. 12Х18Н12М3ТЛ - 2 шт.; переключающее устройство ПУ 100-160-02нж1 23нж19нж1 DN 100 PN 16,0 МПа УХЛ1, корпус ст. 12Х18Н12М3ТЛ - 1 шт.; Переключающее устройство ПУ 150-40-04нж1 23нж17нж2 DN 150 PN 4,0 МПа УХЛ1, корпус ст. 12Х18Н12М3ТЛ - 1 шт.";Блок предохранительных клапанов с переключающими устройствами;50нж13нж9;Блок предохранительных клапанов БПУ РС 100-160нж УХЛ1 50нж13нж9;"клапан предохранительный пружинный сильфонный фланцевый СППК5РС 100-160нж1 28нж23нж1 DN 100 (исп. J) / 150 (исп. F) PN 16,0 (вход) / 4,0 (выход) МПа УХЛ1, корпус ст. 12Х18Н12М3ТЛ - 2 шт.; переключающее устройство ПУ 100-160-02нж1 23нж19нж1 DN 100 PN 16,0 МПа УХЛ1, корпус ст. 12Х18Н12М3ТЛ - 1 шт.; Переключающее устройство ПУ 150-40-04нж1 23нж17нж2 DN 150 PN 4,0 МПа УХЛ1, корпус ст. 12Х18Н12М3ТЛ - 1 шт.";"63…100 (80); 100…125 (81); 110…145 (82); 135…160 (83)";Вода, воздух, пар, природный газ, жидкие углеводороды и нефтепродукты, масляные фракции, нефтехимические и другие, среды, в которых скорость коррозии материала корпуса не привышает 0,2 мм в год;От -60 до +600;От -60 до +45;УХЛ1;А;ОТК;10;830;180;12 месяцев со дня ввода в эксплуатацию, но не более 18 месяцев со дня отгрузки потребителю;100/150;160/40;Коррозионностойкая сталь;790;По запросу;4103740;25-30 рабочих дней
"Блок предохранительных клапанов БПУ С 50-16нж УХЛ1 50нж02нж2 в составе: клапан предохранительный сильфонный фланцевый СППК5С 50-16нж1 28нж20нж DN 50/80 PN 1,6/0,6 МПа УХЛ1, пружина № ?, Рн=? кгс/см², корпус ст. 12Х18Н12М3ТЛ, класс герметичности «А» по ГОСТ 9544-2015 - 2 шт.; переключающее устройство ПУ 50-16-05нж1 23нж16нж3 DN 50 PN 1,6 МПа, корпус ст. 12Х18Н12М3ТЛ - 1 шт.; переключающее устройство ПУ 80-6-02нж1 23нж18нж1 DN 80 PN 0,6 МПа, корпус ст. 12Х18Н12М3ТЛ - 1 шт";Блок предохранительных клапанов с переключающими устройствами;50нж02нж2;Блок предохранительных клапанов БПУ С 50-16нж УХЛ1 50нж02нж2;"клапан предохранительный пружинный сильфонный фланцевый СППК5С 50-16нж1 28нж20нж DN 50 (исп. В) / 80 (исп. В) PN 1,6 (вход) / 0,6 (выход) МПа УХЛ1, корпус ст. 12Х18Н12М3Т - 2 шт.; переключающее устройство ПУ 50-16-05нж1 23нж16нж3 DN 50 PN 1,6 МПа УХЛ1, корпус ст. 12Х18Н12М3ТЛ - 1 шт.; переключающее устройство ПУ 80-6-02нж1 23нж18нж1 DN 80 PN 0,6 МПа УХЛ1, корпус ст. 12Х18Н12М3ТЛ - 1 шт.";"6…8 (13); 8…16 (14)";Вода, воздух, пар, природный газ, жидкие углеводороды и нефтепродукты, масляные фракции, нефтехимические и другие, среды, в которых скорость коррозии материала корпуса не привышает 0,2 мм в год;От -60 до +600;От -60 до +45;УХЛ1;А;ОТК;10;830;180;12 месяцев со дня ввода в эксплуатацию, но не более 18 месяцев со дня отгрузки потребителю;50/80;16/6;Коррозионностойкая сталь;155;По запросу;857840;25-30 рабочих дней
"Блок предохранительных клапанов БПУ С 80-16нж УХЛ1 50нж06нж2 в составе: клапан предохранительный сильфонный фланцевый СППК5С 80-16нж1 28нж20нж DN 80/100 PN 1,6/0,6 МПа УХЛ1, пружина №?, Рн=? кгс/см², корпус ст. 12Х18Н12М3ТЛ, класс герметичности «А» по ГОСТ 9544-2015 - 2 шт; переключающее устройство ПУ 80-16-05нж1 23нж16нж3 DN 80 PN 1,6 МПа, корпус ст. 12Х18Н12М3ТЛ - 1 шт; переключающее устройство ПУ 100-6-02нж1 23нж18нж1 DN 100 PN 0,6 МПа, корпус ст. 12Х18Н12М3ТЛ - 1 шт";Блок предохранительных клапанов с переключающими устройствами;50нж06нж2;Блок предохранительных клапанов БПУ С 80-16нж УХЛ1 50нж06нж2;"клапан предохранительный пружинный сильфонный фланцевый СППК5С 80-16нж1 28нж20нж DN 80 (исп. В) / 100 (исп. В) PN 1,6 (вход) / 0,6 (выход) МПа УХЛ1, корпус ст. 12Х18Н12М3ТЛ - 2 шт.; переключающее устройство ПУ 80-16-05нж1 23нж16нж3 DN 80 PN 1,6 МПа УХЛ1, корпус ст. 12Х18Н12М3ТЛ - 1 шт.; переключающее устройство ПУ 100-6-02нж1 23нж18нж1 DN 100 PN 0,6 МПа УХЛ1, корпус ст. 12Х18Н12М3ТЛ - 1 шт.";"6…8 (33); 8…16 (34)";Вода, воздух, пар, природный газ, жидкие углеводороды и нефтепродукты, масляные фракции, нефтехимические и другие, среды, в которых скорость коррозии материала корпуса не привышает 0,2 мм в год;От -60 до +600;От -60 до +45;УХЛ1;А;ОТК;10;830;180;12 месяцев со дня ввода в эксплуатацию, но не более 18 месяцев со дня отгрузки потребителю;80/100;16/6;Коррозионностойкая сталь;212;По запросу;1289430;25-30 рабочих дней
"Блок предохранительных клапанов БПУ С 100-16нж УХЛ1 50нж10нж2 в составе: клапан предохранительный пружинный сильфонный фланцевый СППК5С 100-16нж1 28нж20нж DN 100/150 PN 1,6/1,6 МПа УХЛ1, пружина № ?, Рн=? кгс/см², корпус ст. 12Х18Н12М3ТЛ - 2 шт.; переключающее устройство ПУ 100-16-05нж1 23нж16нж3 DN 100 PN 1,6 МПа УХЛ1, корпус ст. 12Х18Н12М3ТЛ - 1 шт.; переключающее устройство ПУ 150-16-04нж1 23нж16нж2 DN 150 PN 1,6 МПа УХЛ1, корпус ст. 12Х18Н12М3ТЛ - 1 шт.";Блок предохранительных клапанов с переключающими устройствами;50нж10нж2;Блок предохранительных клапанов БПУ С 100-16нж УХЛ1 50нж10нж2;"клапан предохранительный пружинный сильфонный фланцевый СППК5С 100-16нж1 28нж20нж DN 100 (исп. В) / 150 (исп. В) PN 1,6 (вход) / 1,6 (выход) МПа УХЛ1, корпус ст. 12Х18Н12М3ТЛ - 2 шт.; переключающее устройство ПУ 100-16-05нж1 23нж16нж3 DN 100 PN 1,6 МПа УХЛ1, корпус ст. 12Х18Н12М3ТЛ - 1 шт.; переключающее устройство ПУ 150-16-04нж1 23нж16нж2 DN 150 PN 1,6 МПа УХЛ1, корпус ст. 12Х18Н12М3ТЛ - 1 шт.";"6…8 (54); 8…16 (55)";Вода, воздух, пар, природный газ, жидкие углеводороды и нефтепродукты, масляные фракции, нефтехимические и другие, среды, в которых скорость коррозии материала корпуса не привышает 0,2 мм в год;От -60 до +600;От -60 до +45;УХЛ1;А;ОТК;10;830;180;12 месяцев со дня ввода в эксплуатацию, но не более 18 месяцев со дня отгрузки потребителю;100/150;16/6;Коррозионностойкая сталь;405;По запросу;1811010;25-30 рабочих дней
"Блок предохранительных клапанов БПУ С 150-16нж УХЛ1 50нж14нж2 в составе: клапан предохранительный пружинный сильфонный фланцевый СППК5С 150-16нж1 28нж20нж DN 150/200 PN 1,6/0,6 МПа УХЛ1, пружина № ?, Рн=? кгс/см², корпус ст. 12Х18Н12М3ТЛ - 2 шт.; переключающее устройство ПУ 150-16-05нж1 23нж16нж3 DN 150 PN 1,6 МПа УХЛ1, корпус ст. 12Х18Н12М3ТЛ - 1 шт.; Переключающее устройство ПУ 200-6-02нж1 23нж18нж1 DN 200 PN 0,6 МПа УХЛ1, корпус ст. 12Х18Н12М3ТЛ - 1 шт.";Блок предохранительных клапанов с переключающими устройствами;50нж14нж2;Блок предохранительных клапанов БПУ С 150-16нж УХЛ1 50нж14нж2;"клапан предохранительный пружинный сильфонный фланцевый СППК5С 150-16нж1 28нж20нж DN 150 (исп. В) / 200 (исп. В) PN 1,6 (вход) / 0,6 (выход) МПа УХЛ1, корпус ст. 12Х18Н12М3ТЛ - 2 шт.; переключающее устройство ПУ 150-16-05нж1 23нж16нж3 DN 150 PN 1,6 МПа УХЛ1, корпус ст. 12Х18Н12М3ТЛ - 1 шт.; Переключающее устройство ПУ 200-6-02нж1 23нж18нж1 DN 200 PN 0,6 МПа УХЛ1, корпус ст. 12Х18Н12М3ТЛ - 1 шт.";"0,5…1,5 (70); 1,5…3 (71); 3…5 (72); 5…8 (73); 8…12 (74); 12…16 (75)";Вода, воздух, пар, природный газ, жидкие углеводороды и нефтепродукты, масляные фракции, нефтехимические и другие, среды, в которых скорость коррозии материала корпуса не привышает 0,2 мм в год;От -60 до +600;От -60 до +45;УХЛ1;А;ОТК;10;830;180;12 месяцев со дня ввода в эксплуатацию, но не более 18 месяцев со дня отгрузки потребителю;150/200;16/6;Коррозионностойкая сталь;635;По запросу;2706910;25-30 рабочих дней
"Блок предохранительных клапанов БПУ С 200-16нж УХЛ1 50нж16нж2 в составе: клапан предохранительный пружинный сильфонный фланцевый СППК5С 200-16нж1 28нж20нж DN 200/300 PN 1,6/0,6 МПа УХЛ1, пружина № ?, Рн=? кгс/см², корпус ст. 12Х18Н12М3ТЛ - 2 шт.; переключающее устройство ПУ 200-16-02нж1 23нж16нж1 DN 200 PN 1,6 МПа УХЛ1, корпус ст. 12Х18Н12М3ТЛ - 1 шт.; переключающее устройство ПУ 300-6-02нж1 23нж18нж1 DN 300 PN 0,6 МПа УХЛ1, корпус ст. 12Х18Н12М3ТЛ - 1 шт.";Блок предохранительных клапанов с переключающими устройствами;50нж16нж2;Блок предохранительных клапанов БПУ С 200-16нж УХЛ1 50нж16нж2;"клапан предохранительный пружинный сильфонный фланцевый СППК5С 200-16нж1 28нж20нж DN 200 (исп. В) / 300 (исп. В) PN 1,6 (вход) / 0,6 (выход) МПа УХЛ1, корпус ст. 12Х18Н12М3ТЛ - 2 шт.; переключающее устройство ПУ 200-16-02нж1 23нж16нж1 DN 200 PN 1,6 МПа УХЛ1, корпус ст. 12Х18Н12М3ТЛ - 1 шт.; переключающее устройство ПУ 300-6-02нж1 23нж18нж1 DN 300 PN 0,6 МПа УХЛ1, корпус ст. 12Х18Н12М3ТЛ - 1 шт.";"0,5…1 (72); 1…2 (73); 2…3 (74); 3…5 (75); 5…7 (76); 7…9 (77); 9…12 (78); 12…16 (79)";Вода, воздух, пар, природный газ, жидкие углеводороды и нефтепродукты, масляные фракции, нефтехимические и другие, среды, в которых скорость коррозии материала корпуса не привышает 0,2 мм в год;От -60 до +600;От -60 до +45;УХЛ1;А;ОТК;10;830;180;12 месяцев со дня ввода в эксплуатацию, но не более 18 месяцев со дня отгрузки потребителю;200/300;16/6;Коррозионностойкая сталь;1100;По запросу;5512230;25-30 рабочих дней
"Блок предохранительных клапанов БПУ С 25-40нж УХЛ1 50нж01нж2 в составе: клапан предохранительный пружинный сильфонный фланцевый СППК5С 25-40нж1 28нж21нж DN 25/40 PN 4,0/1,6 МПа УХЛ1, пружина № ?, Рн=? кгс/см², корпус ст. 12Х18Н12М3ТЛ - 2 шт.; переключающее устройство ПУ 25-40-02нж1 23нж17нж1 DN 25 PN 4,0 МПа УХЛ1, корпус ст. 12Х18Н12М3ТЛ - 1 шт.; переключающее устройство ПУ 50-16-04нж1 23нж16нж2 DN 50 PN 1,6 МПа УХЛ1, корпус ст. 12Х18Н12М3ТЛ - 1 шт.";Блок предохранительных клапанов с переключающими устройствами;50нж01нж2;Блок предохранительных клапанов БПУ С 25-40нж УХЛ1 50нж01нж2;"клапан предохранительный пружинный сильфонный фланцевый СППК5С 25-40нж1 28нж21нж DN 25 (исп. F) / 40 (исп. В) PN 4,0 (вход) / 1,6 (выход) МПа УХЛ1, корпус ст. 12Х18Н12М3ТЛ - 2 шт.; переключающее устройство ПУ 25-40-02нж1 23нж17нж1 DN 25 PN 4,0 МПа УХЛ1, корпус ст. 12Х18Н12М3ТЛ - 1 шт.; переключающее устройство ПУ 50-16-04нж1 23нж16нж2 DN 50 PN 1,6 МПа УХЛ1, корпус ст. 12Х18Н12М3ТЛ - 1 шт.";"6…8 (8); 8…16 (1); 16…25 (2); 25…40 (3) ";Вода, воздух, пар, природный газ, жидкие углеводороды и нефтепродукты, масляные фракции, нефтехимические и другие, среды, в которых скорость коррозии материала корпуса не привышает 0,2 мм в год;От -60 до +600;От -60 до +45;УХЛ1;А;ОТК;10;830;180;12 месяцев со дня ввода в эксплуатацию, но не более 18 месяцев со дня отгрузки потребителю;25/40;40/16;Коррозионностойкая сталь;121;По запросу;645410;25-30 рабочих дней
"Блок предохранительных клапанов БПУ С 50-40нж УХЛ1 50нж03нж2 в составе: клапан предохранительный пружинный сильфонный фланцевый СППК5С 50-40нж1 28нж21нж DN 50/80 PN 4,0/1,6 МПа УХЛ1, пружина № ?, Рн=? кгс/см², корпус ст. 12Х18Н12М3ТЛ - 2 шт.; переключающее устройство ПУ 50-40-05нж1 23нж17нж3 DN 50 PN 4,0 МПа УХЛ1, корпус ст. 12Х18Н12М3ТЛ - 1 шт.; переключающее устройство ПУ 80-16-04нж1 23нж16нж2 DN 80 PN 1,6 МПа УХЛ1, корпус ст. 12Х18Н12М3ТЛ - 1 шт.";Блок предохранительных клапанов с переключающими устройствами;50нж03нж2;Блок предохранительных клапанов БПУ С 50-40нж УХЛ1 50нж03нж2;"клапан предохранительный пружинный сильфонный фланцевый СППК5С 50-40нж1 28нж21нж DN 50 (исп. F) / 80 (исп. В) PN 4,0 (вход) / 1,6 (выход) МПа УХЛ1, корпус ст. 12Х18Н12М3ТЛ - 2 шт.; переключающее устройство ПУ 50-40-05нж1 23нж17нж3 DN 50 PN 4,0 МПа УХЛ1, корпус ст. 12Х18Н12М3ТЛ - 1 шт.; переключающее устройство ПУ 80-16-04нж1 23нж16нж2 DN 80 PN 1,6 МПа УХЛ1, корпус ст. 12Х18Н12М3ТЛ - 1 шт.";"6…8 (13); 8…20 (14); 20…30 (15); 30…40 (16)";Вода, воздух, пар, природный газ, жидкие углеводороды и нефтепродукты, масляные фракции, нефтехимические и другие, среды, в которых скорость коррозии материала корпуса не привышает 0,2 мм в год;От -60 до +600;От -60 до +45;УХЛ1;А;ОТК;10;830;180;12 месяцев со дня ввода в эксплуатацию, но не более 18 месяцев со дня отгрузки потребителю;50/80;40/16;Коррозионностойкая сталь;160;По запросу;975490;25-30 рабочих дней
"Блок предохранительных клапанов БПУ С 80-40нж УХЛ1 50нж07нж2 в составе: клапан предохранительный пружинный сильфонный фланцевый СППК5С 80-40нж1 28нж21нж DN 80/100 PN 4,0/1,6 МПа УХЛ1, пружина № ?, Рн=? кгс/см², корпус ст. 12Х18Н12М3ТЛ - 2 шт.; переключающее устройство ПУ 80-40-05нж1 23нж17нж3 DN 80 PN 4,0 МПа УХЛ1, корпус ст. 12Х18Н12М3ТЛ - 1 шт.; переключающее устройство ПУ 100-16-04нж1 23нж16нж2 DN 100 PN 4,0 МПа УХЛ1, корпус ст. 12Х18Н12М3ТЛ - 1 шт.";Блок предохранительных клапанов с переключающими устройствами;50нж07нж2;Блок предохранительных клапанов БПУ С 80-40нж УХЛ1 50нж07нж2;"клапан предохранительный пружинный сильфонный фланцевый СППК5С 80-40нж1 28нж21нж DN 80 (исп. F) / 100 (исп. В) PN 4,0 (вход) / 1,6 (выход) МПа УХЛ1, корпус ст. 12Х18Н12М3ТЛ - 2 шт.; переключающее устройство ПУ 80-40-05нж1 23нж17нж3 DN 80 PN 4,0 МПа УХЛ1, корпус ст. 12Х18Н12М3ТЛ - 1 шт.; переключающее устройство ПУ 100-16-04нж1 23нж16нж2 DN 100 PN 4,0 МПа УХЛ1, корпус ст. 12Х18Н12М3ТЛ - 1 шт.";"6…8 (33); 8…20 (35); 20…30 (36); 30…40 (37)";Вода, воздух, пар, природный газ, жидкие углеводороды и нефтепродукты, масляные фракции, нефтехимические и другие, среды, в которых скорость коррозии материала корпуса не привышает 0,2 мм в год;От -60 до +600;От -60 до +45;УХЛ1;А;ОТК;10;830;180;12 месяцев со дня ввода в эксплуатацию, но не более 18 месяцев со дня отгрузки потребителю;80/100;40/16;Коррозионностойкая сталь;256;По запросу;1396830;25-30 рабочих дней
"Блок предохранительных клапанов БПУ С 100-40нж УХЛ1 50нж11нж2 в составе: клапан предохранительный пружинный сильфонный фланцевый СППК5С 100-40нж1 28нж21нж DN 100/150 PN 4,0/1,6 МПа УХЛ1, пружина № ?, Рн=? кгс/см², корпус ст. 12Х18Н12М3ТЛ - 2 шт.; переключающее устройство ПУ 100-40-05нж1 23нж17нж3 DN 100 PN 4,0 МПа УХЛ1, корпус ст. 12Х18Н12М3ТЛ - 1 шт.; переключающее устройство ПУ 150-16-04нж1 23нж16нж2 DN 150 PN 1,6 МПа УХЛ1, корпус ст. 12Х18Н12М3ТЛ - 1 шт.";Блок предохранительных клапанов с переключающими устройствами;50нж11нж2;Блок предохранительных клапанов БПУ С 100-40нж УХЛ1 50нж11нж2;"клапан предохранительный пружинный сильфонный фланцевый СППК5С 100-40нж1 28нж21нж DN 100 (исп. F) / 150 (исп. В) PN 4,0 (вход) / 1,6 (выход) МПа УХЛ1, корпус ст. 12Х18Н12М3ТЛ - 2 шт.; переключающее устройство ПУ 100-40-05нж1 23нж17нж3 DN 100 PN 4,0 МПа УХЛ1, корпус ст. 12Х18Н12М3ТЛ - 1 шт.; переключающее устройство ПУ 150-16-04нж1 23нж16нж2 DN 150 PN 1,6 МПа УХЛ1, корпус ст. 12Х18Н12М3ТЛ - 1 шт.";"8…16 (55); 16…26 (56); 26…40 (57)";Вода, воздух, пар, природный газ, жидкие углеводороды и нефтепродукты, масляные фракции, нефтехимические и другие, среды, в которых скорость коррозии материала корпуса не привышает 0,2 мм в год;От -60 до +600;От -60 до +45;УХЛ1;А;ОТК;10;830;180;12 месяцев со дня ввода в эксплуатацию, но не более 18 месяцев со дня отгрузки потребителю;100/150;40/16;Коррозионностойкая сталь;444;По запросу;2028200;25-30 рабочих дней
"Блок предохранительных клапанов БПУ С 150-40нж УХЛ1 50нж15нж2 в составе: клапан предохранительный пружинный сильфонный фланцевый СППК5С 150-40нж1 28нж21нж DN 150/200 PN 4,0/1,6 МПа УХЛ1, пружина № ?, Рн=? кгс/см², корпус ст. 12Х18Н12М3ТЛ - 2 шт.; переключающее устройство ПУ 150-40-05нж1 23нж17нж3 DN 150 PN 4,0 МПа УХЛ1, корпус ст. 12Х18Н12М3ТЛ - 1 шт.; переключающее устройство ПУ 200-16-02нж1 23нж16нж1 DN 200 PN 1,6 МПа УХЛ1, корпус ст. 12Х18Н12М3ТЛ - 1 шт.";Блок предохранительных клапанов с переключающими устройствами;50нж15нж2;Блок предохранительных клапанов БПУ С 150-40нж УХЛ1 50нж15нж2;"клапан предохранительный пружинный сильфонный фланцевый СППК5С 150-40нж1 28нж21нж DN 150 (исп. F) / 200 (исп. В) PN 4,0 (вход) / 1,6 (выход) МПа УХЛ1, корпус ст. 12Х18Н12М3ТЛ - 2 шт.; переключающее устройство ПУ 150-40-05нж1 23нж17нж3 DN 150 PN 4,0 МПа УХЛ1, корпус ст. 12Х18Н12М3ТЛ - 1 шт.; переключающее устройство ПУ 200-16-02нж1 23нж16нж1 DN 200 PN 1,6 МПа УХЛ1, корпус ст. 12Х18Н12М3ТЛ - 1 шт.";"8…12 (74); 12…18 (75); 18…25 (76); 25…35 (77); 35…40 (78)";Вода, воздух, пар, природный газ, жидкие углеводороды и нефтепродукты, масляные фракции, нефтехимические и другие, среды, в которых скорость коррозии материала корпуса не привышает 0,2 мм в год;От -60 до +600;От -60 до +45;УХЛ1;А;ОТК;10;830;180;12 месяцев со дня ввода в эксплуатацию, но не более 18 месяцев со дня отгрузки потребителю;150/200;40/16;Коррозионностойкая сталь;680;По запросу;3155340;25-30 рабочих дней
"Блок предохранительных клапанов БПУ С 50-63нж УХЛ1 50нж04нж2 в составе: клапан предохранительный пружинный сильфонный фланцевый СППК5С 50-63нж1 28нж22нж DN 50/80 PN 6,3/4,0 МПа УХЛ1, пружина № ?, Рн=? кгс/см², корпус ст. 12Х18Н12М3ТЛ - 2 шт.; переключающее устройство ПУ 50-63-02нж1 23нж20нж1 DN 50 PN 6,3 МПа УХЛ1, корпус ст. 12Х18Н12М3ТЛ - 1 шт.; переключающее устройство ПУ 80-40-04нж1 23нж17нж2 DN 80 PN 4,0 МПа УХЛ1, корпус ст. 12Х18Н12М3ТЛ - 1 шт.";Блок предохранительных клапанов с переключающими устройствами;50нж04нж2;Блок предохранительных клапанов БПУ С 50-63нж УХЛ1 50нж04нж2;"клапан предохранительный пружинный сильфонный фланцевый СППК5С 50-63нж1 28нж22нж DN 50 (исп. ?) / 80 (исп. F) PN 6,3 (вход) / 4,0 (выход) МПа УХЛ1, корпус ст. 12Х18Н12М3ТЛ - 2 шт.; переключающее устройство ПУ 50-63-02нж1 23нж20нж1 DN 50 PN 6,3 МПа УХЛ1, корпус ст. 12Х18Н12М3ТЛ - 1 шт.; переключающее устройство ПУ 80-40-04нж1 23нж17нж2 DN 80 PN 4,0 МПа УХЛ1, корпус ст. 12Х18Н12М3ТЛ - 1 шт.";"20…34 (55); 30…54 (56); 50…63 (57)";Вода, воздух, пар, природный газ, жидкие углеводороды и нефтепродукты, масляные фракции, нефтехимические и другие, среды, в которых скорость коррозии материала корпуса не привышает 0,2 мм в год;От -60 до +600;От -60 до +45;УХЛ1;А;ОТК;10;830;180;12 месяцев со дня ввода в эксплуатацию, но не более 18 месяцев со дня отгрузки потребителю;50/80;63/40;Коррозионностойкая сталь;252;По запросу;1766360;25-30 рабочих дней
"Блок предохранительных клапанов БПУ С 80-63нж УХЛ1 50нж08нж2 в составе: клапан предохранительный пружинный сильфонный фланцевый СППК5С 80-63нж1 28нж22нж DN 80/100 PN 6,3/4,0 МПа УХЛ1, пружина № ?, Рн=? кгс/см², корпус ст. 12Х18Н12М3ТЛ - 2 шт.; переключающее устройство ПУ 80-63-02нж1 23нж20нж1 DN 80 PN 6,3 МПа УХЛ1, корпус ст. 12Х18Н12М3ТЛ - 1 шт.; переключающее устройство ПУ 100-40-04нж1 23нж17нж2 DN 100 PN 4,0 МПа УХЛ1, корпус ст. 12Х18Н12М3ТЛ - 1 шт.";Блок предохранительных клапанов с переключающими устройствами;50нж08нж2;Блок предохранительных клапанов БПУ С 80-63нж УХЛ1 50нж08нж2;"клапан предохранительный пружинный сильфонный фланцевый СППК5С 80-63нж1 28нж22нж DN 80 (исп. ?) / 100 (исп. F) PN 6,3 (вход) / 4,0 (выход) МПа УХЛ1, корпус ст. 12Х18Н12М3ТЛ - 2 шт.; переключающее устройство ПУ 80-63-02нж1 23нж20нж1 DN 80 PN 6,3 МПа УХЛ1, корпус ст. 12Х18Н12М3ТЛ - 1 шт.; переключающее устройство ПУ 100-40-04нж1 23нж17нж2 DN 100 PN 4,0 МПа УХЛ1, корпус ст. 12Х18Н12М3ТЛ - 1 шт.";"25…35 (38); 35…44 (37); 44…50 (39); 50…63 (40)";Вода, воздух, пар, природный газ, жидкие углеводороды и нефтепродукты, масляные фракции, нефтехимические и другие, среды, в которых скорость коррозии материала корпуса не привышает 0,2 мм в год;От -60 до +600;От -60 до +45;УХЛ1;А;ОТК;10;830;180;12 месяцев со дня ввода в эксплуатацию, но не более 18 месяцев со дня отгрузки потребителю;80/100;63/40;Коррозионностойкая сталь;382;По запросу;2139550;25-30 рабочих дней
"Блок предохранительных клапанов БПУ С 100-63нж УХЛ1 50нж12нж4 в составе: клапан предохранительный пружинный сильфонный фланцевый СППК5С 100-63нж1 28нж22нж DN 100/150 PN 6,3/4,0 МПа УХЛ1, пружина № ?, Рн=? кгс/см², корпус ст. 12Х18Н12М3ТЛ - 2 шт.; переключающее устройство ПУ 100-63-02нж1 23нж20нж1 DN 100 PN 6,3 МПа УХЛ1, корпус ст. 12Х18Н12М3ТЛ - 1 шт.; переключающее устройство ПУ 150-40-04нж1 23нж17нж2 DN 150 PN 4,0МПа УХЛ1, корпус ст. 12Х18Н12М3ТЛ - 1 шт.";Блок предохранительных клапанов с переключающими устройствами;50нж12нж4;Блок предохранительных клапанов БПУ С 100-63нж УХЛ1 50нж12нж4;"клапан предохранительный пружинный сильфонный фланцевый СППК5С 100-63нж1 28нж22нж DN 100 (исп. ?) / 150 (исп. F) PN 6,3 (вход) / 4,0 (выход) МПа УХЛ1, корпус ст. 12Х18Н12М3ТЛ - 2 шт.; переключающее устройство ПУ 100-63-02нж1 23нж20нж1 DN 100 PN 6,3 МПа УХЛ1, корпус ст. 12Х18Н12М3ТЛ - 1 шт.; переключающее устройство ПУ 150-40-04нж1 23нж17нж2 DN 150 PN 4,0МПа УХЛ1, корпус ст. 12Х18Н12М3ТЛ - 1 шт.";"25…40 (77); 40…55 (80); 55…63 (81)";Вода, воздух, пар, природный газ, жидкие углеводороды и нефтепродукты, масляные фракции, нефтехимические и другие, среды, в которых скорость коррозии материала корпуса не привышает 0,2 мм в год;От -60 до +600;От -60 до +45;УХЛ1;А;ОТК;10;830;180;12 месяцев со дня ввода в эксплуатацию, но не более 18 месяцев со дня отгрузки потребителю;100/150;63/40;Коррозионностойкая сталь;735;По запросу;3670320;25-30 рабочих дней
"Блок предохранительных клапанов БПУ С 50-160нж1 УХЛ1 50нж05нж2 в составе: клапан предохранительный сильфонный фланцевый СППК5С 50-160нж1 28нж23нж DN 50/80 PN 16,0/4,0 МПа УХЛ1, пружина №?, Рн=? кгс/см², корпус ст.12Х18Н12М3ТЛ, класс герметичности «А» по ГОСТ 9544-2015 - 2 шт; переключающее устройство ПУ 50-160-02нж1 23нж19нж1 DN 50 PN 16,0 МПа, корпус ст.12Х18Н12М3ТЛ -1 шт; переключающее устройство ПУ 80-40-04нж1 23нж17нж2 DN 80 PN 4,0 МПа, корпус ст.12Х18Н12М3ТЛ - 1 шт";Блок предохранительных клапанов с переключающими устройствами;50нж05нж2;Блок предохранительных клапанов БПУ С 50-160нж УХЛ1 50нж05нж2;"клапан предохранительный пружинный сильфонный фланцевый СППК5С 50-160нж1 28нж23нж DN 50 (исп. J) / 80 (исп. F) PN 16,0 (вход) / 4,0 (выход) МПа УХЛ1, корпус ст. 12Х18Н12М3ТЛ, класс герметичности «А» по ГОСТ 9544-2015 - 2 шт.; переключающее устройство ПУ 50-160-02нж1 23нж19нж1 DN 50 PN 16,0 МПа УХЛ1, корпус ст. 12Х18Н12М3ТЛ - 1 шт.; переключающее устройство ПУ 80-40-04нж1 23нж17нж2 DN 80 PN 4,0 МПа УХЛ1, корпус ст. 12Х18Н12М3ТЛ - 1 шт.";"53…90 (58); 85…124 (59); 124…141 (60); 140…160 (61)";Вода, воздух, пар, природный газ, жидкие углеводороды и нефтепродукты, масляные фракции, нефтехимические и другие, среды, в которых скорость коррозии материала корпуса не привышает 0,2 мм в год;От -60 до +600;От -60 до +45;УХЛ1;А;ОТК;10;830;180;12 месяцев со дня ввода в эксплуатацию, но не более 18 месяцев со дня отгрузки потребителю;50/80;160/40;Коррозионностойкая сталь;274;По запросу;1863520;25-30 рабочих дней
"Блок предохранительных клапанов БПУ С 80-160нж УХЛ1 50нж09нж2 в составе: клапан предохранительный пружинный сильфонный фланцевый СППК5С 80-160нж1 28нж23нж DN 80/100 PN 16,0/4,0 МПа УХЛ1, пружина № ?, Рн=? кгс/см², корпус ст. 12Х18Н12М3ТЛ - 2 шт.; переключающее устройство ПУ 80-160-02нж1 23нж19нж1 DN 80 PN 16,0 МПа УХЛ1, корпус ст. 12Х18Н12М3ТЛ - 1 шт.; переключающее устройство ПУ 100-40-04нж1 23нж17нж2 DN 100 PN 4,0 МПа УХЛ1, корпус ст. 12Х18Н12М3ТЛ - 1 шт.";Блок предохранительных клапанов с переключающими устройствами;50нж09нж2;Блок предохранительных клапанов БПУ С 80-160нж УХЛ1 50нж09нж2;"клапан предохранительный пружинный сильфонный фланцевый СППК5С 80-160нж1 28нж23нж DN 80 (исп. J) / 100 (исп. F) PN 16,0 (вход) / 4,0 (выход) МПа УХЛ1, корпус ст. 12Х18Н12М3ТЛ - 2 шт.; переключающее устройство ПУ 80-160-02нж1 23нж19нж1 DN 80 PN 16,0 МПа УХЛ1, корпус ст. 12Х18Н12М3ТЛ - 1 шт.; переключающее устройство ПУ 100-40-04нж1 23нж17нж2 DN 100 PN 4,0 МПа УХЛ1, корпус ст. 12Х18Н12М3ТЛ - 1 шт.";"50…63 (40); 63…100 (41); 100…135 (42); 135…160 (43)";Вода, воздух, пар, природный газ, жидкие углеводороды и нефтепродукты, масляные фракции, нефтехимические и другие, среды, в которых скорость коррозии материала корпуса не привышает 0,2 мм в год;От -60 до +600;От -60 до +45;УХЛ1;А;ОТК;10;830;180;12 месяцев со дня ввода в эксплуатацию, но не более 18 месяцев со дня отгрузки потребителю;80/100;160/40;Коррозионностойкая сталь;410;По запросу;2656360;25-30 рабочих дней
"Блок предохранительных клапанов БПУ С 100-160нж УХЛ1 50нж13нж4 в составе: клапан предохранительный пружинный сильфонный фланцевый СППК5С 100-160нж1 28нж23нж DN 100/150 PN 16,0/4,0 МПа УХЛ1, пружина № ?, Рн=? кгс/см², корпус ст. 12Х18Н12М3ТЛ - 2 шт.; переключающее устройство ПУ 100-160-02нж1 23нж19нж1 DN 100 PN 16,0 МПа УХЛ1, корпус ст. 12Х18Н12М3ТЛ - 1 шт.; переключающее устройство ПУ 150-40-04нж1 23нж17нж2 DN 150 PN 4,0 МПа УХЛ1, корпус ст. 12Х18Н12М3ТЛ - 1 шт.";Блок предохранительных клапанов с переключающими устройствами;50нж13нж4;Блок предохранительных клапанов БПУ С 100-160нж УХЛ1 50нж13нж4;"клапан предохранительный пружинный сильфонный фланцевый СППК5С 100-160нж1 28нж23нж DN 100 (исп. J) / 150 (исп. F) PN 16,0 (вход) / 4,0 (выход) МПа УХЛ1, корпус ст. 12Х18Н12М3ТЛ - 2 шт.; переключающее устройство ПУ 100-160-02нж1 23нж19нж1 DN 100 PN 16,0 МПа УХЛ1, корпус ст. 12Х18Н12М3ТЛ - 1 шт.; переключающее устройство ПУ 150-40-04нж1 23нж17нж2 DN 150 PN 4,0 МПа УХЛ1, корпус ст. 12Х18Н12М3ТЛ - 1 шт.";"63…100 (80); 100…125 (81); 110…145 (82); 135…160 (83)";Вода, воздух, пар, природный газ, жидкие углеводороды и нефтепродукты, масляные фракции, нефтехимические и другие, среды, в которых скорость коррозии материала корпуса не привышает 0,2 мм в год;От -60 до +600;От -60 до +45;УХЛ1;А;ОТК;10;830;180;12 месяцев со дня ввода в эксплуатацию, но не более 18 месяцев со дня отгрузки потребителю;100/150;160/40;Коррозионностойкая сталь;780;По запросу;4076220;25-30 рабочих дней
"Блок предохранительных клапанов БПУ Р 50-16 ХЛ1 50лс02нж1 в составе: клапан предохранительный пружинный сальниковый фланцевый СППК4Р 50-16 17лс17нж DN 50/80 PN 1,6/0,6 МПа ХЛ1, пружина № ?, Рн=? кгс/см², корпус ст. 20ГЛ, класс герметичности «А» по ГОСТ 9544-2015 - 2 шт.; переключающее устройство ПУ 50-16-07хл1 23лс16нж1 DN 50 PN 1,6 МПа ХЛ1, корпус ст. 20ГЛ - 1 шт.; переключающее устройство ПУ 80-6-03хл1 23лс18нж DN 80 PN 0,6 МПа ХЛ1, корпус ст. 20ГЛ - 1 шт.";Блок предохранительных клапанов с переключающими устройствами;50лс02нж1;Блок предохранительных клапанов БПУ Р 50-16 ХЛ1 50лс02нж1;"клапан предохранительный пружинный сальниковый фланцевый СППК4Р 50-16 17лс17нж DN 50 (исп. В) / 80 (исп. В) PN 1,6 (вход) / 0,6 (выход) МПа ХЛ1, корпус ст. 20ГЛ - 2 шт.; переключающее устройство ПУ 50-16-07хл1 23лс16нж1 DN 50 PN 1,6 МПа ХЛ1, корпус ст. 20ГЛ - 1 шт.; переключающее устройство ПУ 80-6-03хл1 23лс18нж DN 80 PN 0,6 МПа ХЛ1, корпус ст. 20ГЛ - 1 шт.";"0,5…1,2 (10); 1,2…2,5 (11); 2,5…4 (12); 4…8 (13); 8…16 (14)";Вода, воздух, пар, нефть, жидкие углеводороды и нефтепродукты, масляные фракции и другие, среды, в которых скорость коррозии материала корпуса не привышает 0,2 мм в год;От -60 до +450;От -60 до +45;ХЛ1;А;ОТК;10;830;180;12 месяцев со дня ввода в эксплуатацию, но не более 18 месяцев со дня отгрузки потребителю;50/80;16/6;Хладостойкая сталь;160;По запросу;568190;25-30 рабочих дней
"Блок предохранительных клапанов БПУ Р 80-16 ХЛ1 50лс06нж1 в составе: клапан предохранительный пружинный сальниковый фланцевый СППК4Р 80-16лс 17лс17нж DN 80/100 PN 1,6/0,6 МПа ХЛ1, пружина № ?, Рн=? кгс/см², корпус ст. 20ГЛ, класс герметичности «А» по ГОСТ 9544-2015 - 2 шт.; переключающее устройство ПУ 80-16-07хл1 23лс16нж1 DN 80 PN 1,6 МПа ХЛ1, корпус ст. 20ГЛ - 1 шт.; переключающее устройство ПУ 100-6-03хл1 23лс18нж DN 100 PN 0,6 МПа ХЛ1, корпус ст. 20ГЛ - 1 шт.";Блок предохранительных клапанов с переключающими устройствами;50лс06нж1;Блок предохранительных клапанов БПУ Р 80-16 ХЛ1 50лс06нж1;"клапан предохранительный пружинный сальниковый фланцевый СППК4Р 80-16лс 17лс17нж DN 80 (исп. В) / 100 (исп. В) PN 1,6 (вход) / 0,6 (выход) МПа ХЛ1, корпус ст. 20ГЛ - 2 шт.; переключающее устройство ПУ 80-16-07хл1 23лс16нж1 DN 80 PN 1,6 МПа ХЛ1, корпус ст. 20ГЛ - 1 шт.; переключающее устройство ПУ 100-6-03хл1 23лс18нж DN 100 PN 0,6 МПа ХЛ1, корпус ст. 20ГЛ - 1 шт.";"0,5…1,2 (30); 1,2…3 (31); 3…5 (32); 5…8 (33); 8…16 (34)";Вода, воздух, пар, нефть, жидкие углеводороды и нефтепродукты, масляные фракции и другие, среды, в которых скорость коррозии материала корпуса не привышает 0,2 мм в год;От -60 до +450;От -60 до +45;ХЛ1;А;ОТК;10;830;180;12 месяцев со дня ввода в эксплуатацию, но не более 18 месяцев со дня отгрузки потребителю;80/100;16/6;Хладостойкая сталь;216;По запросу;843100;25-30 рабочих дней
"Блок предохранительных клапанов БПУ Р 100-16 ХЛ1 50лс10нж1 в составе: клапан предохранительный пружинный сальниковый фланцевый СППК5Р 100-16лс 17лс6нж DN 100/150 PN 1,6/1,6 МПа ХЛ1, пружина № ?, Рн=? кгс/см², корпус ст. 20ГЛ, класс герметичности «А» по ГОСТ 9544-2015 - 2 шт.; переключающее устройство ПУ 100-16-07хл1 23лс16нж1 DN 100 PN 1,6 МПа ХЛ1, корпус ст. 20ГЛ - 1 шт.; переключающее устройство ПУ 150-16-06хл1 23лс16нж DN 150 PN 1,6 МПа ХЛ1, корпус ст. 20ГЛ - 1 шт.";Блок предохранительных клапанов с переключающими устройствами;50лс10нж1;Блок предохранительных клапанов БПУ Р 100-16 ХЛ1 50лс10нж1;"клапан предохранительный пружинный сальниковый фланцевый СППК5Р 100-16лс 17лс6нж DN 100 (исп. В) / 150 (исп. В) PN 1,6 (вход) / 1,6 (выход) МПа ХЛ1, корпус ст. 20ГЛ - 2 шт.; переключающее устройство ПУ 100-16-07хл1 23лс16нж1 DN 100 PN 1,6 МПа ХЛ1, корпус ст. 20ГЛ - 1 шт.; переключающее устройство ПУ 150-16-06хл1 23лс16нж DN 150 PN 1,6 МПа ХЛ1, корпус ст. 20ГЛ - 1 шт.";"0,5…1 (50); 0,8…1,6 (51); 1,5…3 (52); 2,5…4,5 (53); 4,5…8,5 (54); 8…16 (55)";Вода, воздух, пар, нефть, жидкие углеводороды и нефтепродукты, масляные фракции и другие, среды, в которых скорость коррозии материала корпуса не привышает 0,2 мм в год;От -60 до +450;От -60 до +45;ХЛ1;А;ОТК;10;830;180;12 месяцев со дня ввода в эксплуатацию, но не более 18 месяцев со дня отгрузки потребителю;100/150;16/6;Хладостойкая сталь;400;По запросу;1176820;25-30 рабочих дней
"Блок предохранительных клапанов БПУ Р 150-16 ХЛ1 50лс14нж2 в составе: клапан предохранительный пружинный сальниковый фланцевый СППК4Р 150-16лс 17лс6нж DN 150/200 PN 1,6/0,6 МПа ХЛ1, пружина № ?, Рн=? кгс/см², корпус ст. 20ГЛ, класс герметичности «А» по ГОСТ 9544-2015 - 2 шт.; переключающее устройство ПУ 150-16-07хл1 23лс16нж1 DN 150 PN 1,6 МПа ХЛ1, корпус ст. 20ГЛ - 1 шт.; переключающее устройство ПУ 200-6-03хл1 23лс18нж DN 200 PN 0,6 МПа ХЛ1, корпус ст. 20ГЛ - 1 шт.";Блок предохранительных клапанов с переключающими устройствами;50лс14нж2;Блок предохранительных клапанов БПУ Р 150-16 ХЛ1 50лс14нж2;"клапан предохранительный пружинный сальниковый фланцевый СППК4Р 150-16лс DN 150 (исп. В) / 200 (исп. В) PN 1,6 (вход) / 0,6 (выход) МПа ХЛ1, корпус ст. 20ГЛ - 2 шт.; переключающее устройство ПУ 150-16-07хл1 23лс16нж1 DN 150 PN 1,6 МПа ХЛ1, корпус ст. 20ГЛ - 1 шт.; переключающее устройство ПУ 200-6-03хл1 23лс18нж DN 200 PN 0,6 МПа ХЛ1, корпус ст. 20ГЛ - 1 шт.";"0,5…1,5 (70); 1,5…3 (71); 3…5 (72); 5…8 (73); 8…12 (74); 12…16 (75)";Вода, воздух, пар, нефть, жидкие углеводороды и нефтепродукты, масляные фракции и другие, среды, в которых скорость коррозии материала корпуса не привышает 0,2 мм в год;От -60 до +450;От -60 до +45;ХЛ1;А;ОТК;10;830;180;12 месяцев со дня ввода в эксплуатацию, но не более 18 месяцев со дня отгрузки потребителю;150/200;16/6;Хладостойкая сталь;635;По запросу;1745730;25-30 рабочих дней
"Блок предохранительных клапанов БПУ Р 200-16 ХЛ1 50лс16нж2 в составе: клапан предохранительный пружинный сальниковый фланцевый СППК4Р 200-16лс 17лс17нж DN 200/300 PN 1,6/0,6 МПа ХЛ1, пружина № ?, Рн=? кгс/см², корпус ст. 20ГЛ, класс герметичности «А» по ГОСТ 9544-2015 - 2 шт.; переключающее устройство ПУ 200-16-03хл1 23лс16нж DN 200 PN 1,6 МПа ХЛ1, корпус ст. 20ГЛ - 1 шт.; переключающее устройство ПУ 300-6-03хл1 23лс18нж DN 300 PN 0,6 МПа ХЛ1, корпус ст. 20ГЛ - 1 шт.";Блок предохранительных клапанов с переключающими устройствами;50лс16нж2;Блок предохранительных клапанов БПУ Р 200-16 ХЛ1 50лс16нж2;"клапан предохранительный пружинный сальниковый фланцевый СППК4Р 200-16лс 17лс17нж DN 200 (исп. В) / 300 (исп. В) PN 1,6 (вход) / 0,6 (выход) МПа ХЛ1, корпус ст. 20ГЛ - 2 шт.; переключающее устройство ПУ 200-16-03хл1 23лс16нж DN 200 PN 1,6 МПа ХЛ1, корпус ст. 20ГЛ - 1 шт.; переключающее устройство ПУ 300-6-03хл1 23лс18нж DN 300 PN 0,6 МПа ХЛ1, корпус ст. 20ГЛ - 1 шт.";"0,5…1 (72); 1…2 (73); 2…3 (74); 3…5 (75); 5…7 (76); 7…9 (77); 9…12 (78); 12…16 (79)";Вода, воздух, пар, нефть, жидкие углеводороды и нефтепродукты, масляные фракции и другие, среды, в которых скорость коррозии материала корпуса не привышает 0,2 мм в год;От -60 до +450;От -60 до +45;ХЛ1;А;ОТК;10;830;180;12 месяцев со дня ввода в эксплуатацию, но не более 18 месяцев со дня отгрузки потребителю;200/300;16/6;Хладостойкая сталь;1093;По запросу;3532030;25-30 рабочих дней
"Блок предохранительных клапанов БПУ Р 25-40 ХЛ1 50лс01нж1 в составе: клапан предохранительный пружинный сальниковый фланцевый СППК4Р 25-40лс 17лс25нж DN 25/40 PN 4,0/1,6 МПа ХЛ1, пружина № ?, Рн=? кгс/см², корпус ст. 20ГЛ, класс герметичности «А» по ГОСТ 9544-2015 - 2 шт.; переключающее устройство ПУ 25-40-03хл1 23лс17нж DN 25 PN 4,0 МПа ХЛ1, корпус ст. 20ГЛ - 1 шт.; переключающее устройство ПУ 50-16-06хл1 23лс16нж DN 50 PN 1,6 МПа ХЛ1, корпус ст. 20ГЛ - 1 шт.";Блок предохранительных клапанов с переключающими устройствами;50лс01нж1;Блок предохранительных клапанов БПУ Р 25-40 ХЛ1 50лс01нж1;"клапан предохранительный пружинный сальниковый фланцевый СППК4Р 25-40лс 17лс25нж DN 25 (исп. F) / 40 (исп. В) PN 4,0 (вход) / 1,6 (выход) МПа ХЛ1, корпус ст. 20ГЛ - 2 шт.; переключающее устройство ПУ 25-40-03хл1 23лс17нж DN 25 PN 4,0 МПа ХЛ1, корпус ст. 20ГЛ - 1 шт.; переключающее устройство ПУ 50-16-06хл1 23лс16нж DN 50 PN 1,6 МПа ХЛ1, корпус ст. 20ГЛ - 1 шт.";"4…8 (8); 8…16 (1); 16…25 (2); 25…40 (3)";Вода, воздух, пар, нефть, жидкие углеводороды и нефтепродукты, масляные фракции и другие, среды, в которых скорость коррозии материала корпуса не привышает 0,2 мм в год;От -60 до +450;От -60 до +45;ХЛ1;А;ОТК;10;830;180;12 месяцев со дня ввода в эксплуатацию, но не более 18 месяцев со дня отгрузки потребителю;25/40;40/16;Хладостойкая сталь;131;По запросу;433400;25-30 рабочих дней
"Блок предохранительных клапанов БПУ Р 50-40 ХЛ1 50лс03нж1 в составе: клапан предохранительный пружинный сальниковый фланцевый СППК4Р 50-40лс 17лс25нж DN 50/80 PN 4,0/1,6 МПа ХЛ1, пружина № ?, Рн=? кгс/см², корпус ст. 20ГЛ, класс герметичности «А» по ГОСТ 9544-2015 - 2 шт.; переключающее устройство ПУ 50-40-07хл1 23лс17нж1 DN 50 PN 4,0 МПа ХЛ1, корпус ст. 20ГЛ - 1 шт.; переключающее устройство ПУ 80-16-06хл1 23лс16нж DN 80 PN 1,6 МПа ХЛ1, корпус ст. 20ГЛ - 1 шт.";Блок предохранительных клапанов с переключающими устройствами;50лс03нж1;Блок предохранительных клапанов БПУ Р 50-40 ХЛ1 50лс03нж1;"клапан предохранительный пружинный сальниковый фланцевый СППК4Р 50-40лс 17лс25нж DN 50 (исп. F) / 80 (исп. В) PN 4,0 (вход) / 1,6 (выход) МПа ХЛ1, корпус ст. 20ГЛ - 2 шт.; переключающее устройство ПУ 50-40-07хл1 23лс17нж1 DN 50 PN 4,0 МПа ХЛ1, корпус ст. 20ГЛ - 1 шт.; переключающее устройство ПУ 80-16-06хл1 23лс16нж DN 80 PN 1,6 МПа ХЛ1, корпус ст. 20ГЛ - 1 шт.";"0,5…1,2 (10); 1,2…2,5 (11); 2,5…4 (12); 4…8 (13); 8…20 (14); 20…30 (15); 30…40 (16)";Вода, воздух, пар, нефть, жидкие углеводороды и нефтепродукты, масляные фракции и другие, среды, в которых скорость коррозии материала корпуса не привышает 0,2 мм в год;От -60 до +450;От -60 до +45;ХЛ1;А;ОТК;10;830;180;12 месяцев со дня ввода в эксплуатацию, но не более 18 месяцев со дня отгрузки потребителю;50/80;40/16;Хладостойкая сталь;165;По запросу;643590;25-30 рабочих дней
"Блок предохранительных клапанов БПУ Р 80-40 ХЛ1 50лс07нж1 в составе: клапан предохранительный пружинный сальниковый фланцевый СППК4Р 80-40лс 17лс25нж DN 80/100 PN 4,0/1,6 МПа ХЛ1, пружина № ?, Рн=? кгс/см², корпус ст. 20ГЛ, класс герметичности «А» по ГОСТ 9544-2015 - 2 шт; переключающее устройство ПУ 80-40-07хл1 23лс17нж1 DN 80 PN 4,0 МПа ХЛ1, корпус ст. 20ГЛ - 1 шт.; переключающее устройство ПУ 100-16-06хл1 23лс16нж DN 100 PN 1,6 МПа ХЛ1, корпус ст. 20ГЛ - 1 шт.";Блок предохранительных клапанов с переключающими устройствами;50лс07нж1;Блок предохранительных клапанов БПУ Р 80-40 ХЛ1 50лс07нж1;"клапан предохранительный пружинный сальниковый фланцевый СППК4Р 80-40лс 17лс25нж DN 80 (исп. F) / 100 (исп. В) PN 4,0 (вход) / 1,6 (выход) МПа ХЛ1, корпус ст. 20ГЛ - 2 шт; переключающее устройство ПУ 80-40-07хл1 23лс17нж1 DN 80 PN 4,0 МПа ХЛ1, корпус ст. 20ГЛ - 1 шт.; переключающее устройство ПУ 100-16-06хл1 23лс16нж DN 100 PN 1,6 МПа ХЛ1, корпус ст. 20ГЛ - 1 шт.";"0,5…1,2 (30); 1,2…3 (31); 3…5 (32); 5…8 (33); 8…20 (35); 20…30 (36); 30…40 (37)";Вода, воздух, пар, нефть, жидкие углеводороды и нефтепродукты, масляные фракции и другие, среды, в которых скорость коррозии материала корпуса не привышает 0,2 мм в год;От -60 до +450;От -60 до +45;ХЛ1;А;ОТК;10;830;180;12 месяцев со дня ввода в эксплуатацию, но не более 18 месяцев со дня отгрузки потребителю;80/100;40/16;Хладостойкая сталь;260;По запросу;911610;25-30 рабочих дней
"Блок предохранительных клапанов БПУ Р 100-40 ХЛ1 50лс11нж1 в составе: клапан предохранительный пружинный сальниковый фланцевый СППК5Р 100-40лс 17лс25нж DN 100/150 PN 4,0/1,6 МПа ХЛ1, пружина № ?, Рн=? кгс/см², корпус ст. 20ГЛ, класс герметичности «А» по ГОСТ 9544-2015 - 2 шт.; переключающее устройство ПУ 100-40-07хл1 23лс17нж1 DN 100 PN 4,0 МПа ХЛ1, корпус ст. 20ГЛ - 1 шт.; переключающее устройство ПУ 150-16-06хл1 23лс16нж DN 150 PN 1,6 МПа ХЛ1, корпус ст. 20ГЛ - 1 шт.";Блок предохранительных клапанов с переключающими устройствами;50лс11нж1;Блок предохранительных клапанов БПУ Р 100-40 ХЛ1 50лс11нж1;"клапан предохранительный пружинный сальниковый фланцевый СППК5Р 100-40лс 17лс25нж DN 100 (исп. F) / 150 (исп. В) PN 4,0 (вход) / 1,6 (выход) МПа ХЛ1, корпус ст. 20ГЛ - 2 шт.; переключающее устройство ПУ 100-40-07хл1 23лс17нж1 DN 100 PN 4,0 МПа ХЛ1, корпус ст. 20ГЛ - 1 шт.; переключающее устройство ПУ 150-16-06хл1 23лс16нж DN 150 PN 1,6 МПа ХЛ1, корпус ст. 20ГЛ - 1 шт.";"8…16 (55); 16…26 (56); 26…40 (57)";Вода, воздух, пар, нефть, жидкие углеводороды и нефтепродукты, масляные фракции и другие, среды, в которых скорость коррозии материала корпуса не привышает 0,2 мм в год;От -60 до +450;От -60 до +45;ХЛ1;А;ОТК;10;830;180;12 месяцев со дня ввода в эксплуатацию, но не более 18 месяцев со дня отгрузки потребителю;100/150;40/16;Хладостойкая сталь;450;По запросу;1313710;25-30 рабочих дней
"Блок предохранительных клапанов БПУ Р 150-40 ХЛ1 50лс15нж1 в составе: клапан предохранительный пружинный сальниковый фланцевый СППК4Р 150-40лс 17лс21нж DN 150/200 PN 4,0/1,6 МПа ХЛ1, пружина № ?, Рн=? кгс/см², корпус ст. 20ГЛ, класс герметичности «А» по ГОСТ 9544-2015 - 2 шт.; переключающее устройство ПУ 150-40-07хл1 23лс17нж1 DN 150 PN 4,0 МПа ХЛ1, корпус ст. 20ГЛ - 1 шт.; переключающее устройство ПУ 200-16-03хл1 23лс16нж DN 200 PN 1,6 МПа ХЛ1, корпус ст. 20ГЛ - 1 шт.";Блок предохранительных клапанов с переключающими устройствами;50лс15нж1;Блок предохранительных клапанов БПУ Р 150-40 ХЛ1 50лс15нж1;"клапан предохранительный пружинный сальниковый фланцевый СППК4Р 150-40лс 17лс21нж DN 150 (исп. F) / 200 (исп. В) PN 4,0 (вход) / 1,6 (выход) МПа ХЛ1, корпус ст. 20ГЛ - 2 шт.; переключающее устройство ПУ 150-40-07хл1 23лс17нж1 DN 150 PN 4,0 МПа ХЛ1, корпус ст. 20ГЛ - 1 шт.; переключающее устройство ПУ 200-16-03хл1 23лс16нж DN 200 PN 1,6 МПа ХЛ1, корпус ст. 20ГЛ - 1 шт.";"8…12 (74); 12…18 (75); 18…25 (76); 25…35 (77); 35…40 (78)";Вода, воздух, пар, нефть, жидкие углеводороды и нефтепродукты, масляные фракции и другие, среды, в которых скорость коррозии материала корпуса не привышает 0,2 мм в год;От -60 до +450;От -60 до +45;ХЛ1;А;ОТК;10;830;180;12 месяцев со дня ввода в эксплуатацию, но не более 18 месяцев со дня отгрузки потребителю;150/200;40/16;Хладостойкая сталь;685;По запросу;2031010;25-30 рабочих дней
"Блок предохранительных клапанов БПУ Р 50-63 ХЛ1 50лс04нж1 в составе: клапан предохранительный пружинный сальниковый фланцевый СППК5Р 50-63лс 17лс89нж DN 50/80 PN 6,3/4,0 МПа ХЛ1, пружина № ?, Рн=? кгс/см², корпус ст. 20ГЛ, класс герметичности «А» по ГОСТ 9544-2015 - 2 шт.; переключающее устройство ПУ 50-63-03хл1 23лс20нж DN 50 PN 6,3 МПа ХЛ1, корпус ст. 20ГЛ - 1 шт.; переключающее устройство ПУ 80-40-06хл1 23лс17нж DN 80 PN 4,0 МПа ХЛ1, корпус ст. 20ГЛ - 1 шт.";Блок предохранительных клапанов с переключающими устройствами;50лс04нж1;Блок предохранительных клапанов БПУ Р 50-63 ХЛ1 50лс04нж1;"клапан предохранительный пружинный сальниковый фланцевый СППК5Р 50-63лс 17лс89нж DN 50 (исп. ?) / 80 (исп. F) PN 6,3 (вход) / 4,0 (выход) МПа ХЛ1, корпус ст. 20ГЛ - 2 шт.; переключающее устройство ПУ 50-63-03хл1 23лс20нж DN 50 PN 6,3 МПа ХЛ1, корпус ст. 20ГЛ - 1 шт.; переключающее устройство ПУ 80-40-06хл1 23лс17нж DN 80 PN 4,0 МПа ХЛ1, корпус ст. 20ГЛ - 1 шт.";"20…34 (55); 30…54 (56); 50…63 (57)";Вода, воздух, пар, нефть, жидкие углеводороды и нефтепродукты, масляные фракции и другие, среды, в которых скорость коррозии материала корпуса не привышает 0,2 мм в год;От -60 до +450;От -60 до +45;ХЛ1;А;ОТК;10;830;180;12 месяцев со дня ввода в эксплуатацию, но не более 18 месяцев со дня отгрузки потребителю;50/80;63/40;Хладостойкая сталь;275;По запросу;1147620;25-30 рабочих дней
"Блок предохранительных клапанов БПУ Р 80-63 ХЛ1 50лс08нж1 в составе: клапан предохранительный пружинный сальниковый фланцевый СППК4Р 80-63лс 17лс89нж DN 80/100 PN 6,3/4,0 МПа ХЛ1, пружина № ?, Рн=? кгс/см², корпус ст. 20ГЛ, класс герметичности «А» по ГОСТ 9544-2015 - 2 шт.; переключающее устройство ПУ 80-63-03хл1 23лс20нж DN 80 PN 6,3 МПа ХЛ1, корпус ст. 20ГЛ - 1 шт.; переключающее устройство ПУ 100-40-06хл1 23лс17нж DN 100 PN 4,0 МПа ХЛ1, корпус ст. 20ГЛ - 1 шт.";Блок предохранительных клапанов с переключающими устройствами;50лс08нж1;Блок предохранительных клапанов БПУ Р 80-63 ХЛ1 50лс08нж1;"клапан предохранительный пружинный сальниковый фланцевый СППК4Р 80-63лс 17лс89нж DN 80 (исп. ?) / 100 (исп. F) PN 6,3 (вход) / 4,0 (выход) МПа ХЛ1, корпус ст. 20ГЛ - 2 шт.; переключающее устройство ПУ 80-63-03хл1 23лс20нж DN 80 PN 6,3 МПа ХЛ1, корпус ст. 20ГЛ - 1 шт.; переключающее устройство ПУ 100-40-06хл1 23лс17нж DN 100 PN 4,0 МПа ХЛ1, корпус ст. 20ГЛ - 1 шт.";"25…35 (38); 35…44 (37); 44…50 (39); 50…63 (40)";Вода, воздух, пар, нефть, жидкие углеводороды и нефтепродукты, масляные фракции и другие, среды, в которых скорость коррозии материала корпуса не привышает 0,2 мм в год;От -60 до +450;От -60 до +45;ХЛ1;А;ОТК;10;830;180;12 месяцев со дня ввода в эксплуатацию, но не более 18 месяцев со дня отгрузки потребителю;80/100;63/40;Хладостойкая сталь;380;По запросу;1385600;25-30 рабочих дней
"Блок предохранительных клапанов БПУ Р 100-63 ХЛ1 50лс12нж2 в составе: клапан предохранительный пружинный сальниковый фланцевый СППК5Р 100-63лс 17лс16нж DN 100/150 PN 6,3/4,0 МПа ХЛ1, пружина № ?, Рн=? кгс/см², корпус ст. 20ГЛ, класс герметичности «А» по ГОСТ 9544-2015 - 2 шт.; переключающее устройство ПУ 100-63-03хл1 23лс20нж DN 100 PN 6,3 МПа ХЛ1, корпус ст. 20ГЛ - 1 шт.; переключающее устройство ПУ 150-40-06хл1 23лс17нж DN 150 PN 4,0 МПа ХЛ1, корпус ст. 20ГЛ - 1 шт.";Блок предохранительных клапанов с переключающими устройствами;50лс12нж2;Блок предохранительных клапанов БПУ Р 100-63 ХЛ1 50лс12нж2;"клапан предохранительный пружинный сальниковый фланцевый СППК5Р 100-63лс 17лс16нж DN 100 (исп. ?) / 150 (исп. F) PN 6,3 (вход) / 4,0 (выход) МПа ХЛ1, корпус ст. 20ГЛ - 2 шт.; переключающее устройство ПУ 100-63-03хл1 23лс20нж DN 100 PN 6,3 МПа ХЛ1, корпус ст. 20ГЛ - 1 шт.; переключающее устройство ПУ 150-40-06хл1 23лс17нж DN 150 PN 4,0 МПа ХЛ1, корпус ст. 20ГЛ - 1 шт.";"25…40 (77); 40…55 (80); 55…63 (81)";Вода, воздух, пар, нефть, жидкие углеводороды и нефтепродукты, масляные фракции и другие, среды, в которых скорость коррозии материала корпуса не привышает 0,2 мм в год;От -60 до +450;От -60 до +45;ХЛ1;А;ОТК;10;830;180;12 месяцев со дня ввода в эксплуатацию, но не более 18 месяцев со дня отгрузки потребителю;100/150;63/40;Хладостойкая сталь;745;По запросу;2358990;25-30 рабочих дней
"Блок предохранительных клапанов БПУ Р 50-160 ХЛ1 50лс05нж1 в составе: клапан предохранительный пружинный сальниковый фланцевый СППК5Р 50-160лс 17лс90нж DN 50/80 PN 16,0/4,0 МПа ХЛ1, пружина № ?, Рн=? кгс/см², корпус ст. 20ГЛ, класс герметичности «А» по ГОСТ 9544-2015 - 2 шт.; переключающее устройство ПУ 50-160-03хл1 23лс19нж DN 50 PN 16,0 МПа ХЛ1, корпус ст. 20ГЛ - 1 шт.; переключающее устройство ПУ 80-40-06хл1 23лс17нж DN 80 PN 4,0 МПа ХЛ1, корпус ст. 20ГЛ - 1 шт.";Блок предохранительных клапанов с переключающими устройствами;50лс05нж1;Блок предохранительных клапанов БПУ Р 50-160 ХЛ1 50лс05нж1;"клапан предохранительный пружинный сальниковый фланцевый СППК5Р 50-160лс 17лс90нж DN 50 (исп. J) / 80 (исп. F) PN 16,0 (вход) / 4,0 (выход) МПа ХЛ1, корпус ст. 20ГЛ - 2 шт.; переключающее устройство ПУ 50-160-03хл1 23лс19нж DN 50 PN 16,0 МПа ХЛ1, корпус ст. 20ГЛ - 1 шт.; переключающее устройство ПУ 80-40-06хл1 23лс17нж DN 80 PN 4,0 МПа ХЛ1, корпус ст. 20ГЛ - 1 шт.";"53…90 (58); 85…124 (59); 124…141 (60); 140…160 (61)";Вода, воздух, пар, нефть, жидкие углеводороды и нефтепродукты, масляные фракции и другие, среды, в которых скорость коррозии материала корпуса не привышает 0,2 мм в год;От -60 до +450;От -60 до +45;ХЛ1;А;ОТК;10;830;180;12 месяцев со дня ввода в эксплуатацию, но не более 18 месяцев со дня отгрузки потребителю;50/80;160/40;Хладостойкая сталь;300;По запросу;1209400;25-30 рабочих дней
"Блок предохранительных клапанов БПУ Р 80-160 ХЛ1 50лс09нж1 в составе: клапан предохранительный пружинный сальниковый фланцевый СППК4Р 80-160лс 17лс90нж DN 80/100 PN 16,0/4,0 МПа ХЛ1, пружина № ?, Рн=? кгс/см², корпус ст. 20ГЛ, класс герметичности «А» по ГОСТ 9544-2015 - 2 шт.; переключающее устройство ПУ 80-160-03хл1 23лс19нж DN 80 PN 16,0 МПа ХЛ1, корпус ст. 20ГЛ - 1 шт.; переключающее устройство ПУ 100-40-06хл1 23лс17нж DN 100 PN 4,0 МПа ХЛ1, корпус ст. 20ГЛ - 1 шт.";Блок предохранительных клапанов с переключающими устройствами;50лс09нж1;Блок предохранительных клапанов БПУ Р 80-160 ХЛ1 50лс09нж1;"клапан предохранительный пружинный сальниковый фланцевый СППК4Р 80-160лс 17лс90нж DN 80 (исп. J) / 100 (исп. F) PN 16,0 (вход) / 4,0 (выход) МПа ХЛ1, корпус ст. 20ГЛ - 2 шт.; переключающее устройство ПУ 80-160-03хл1 23лс19нж DN 80 PN 16,0 МПа ХЛ1, корпус ст. 20ГЛ - 1 шт.; переключающее устройство ПУ 100-40-06хл1 23лс17нж DN 100 PN 4,0 МПа ХЛ1, корпус ст. 20ГЛ - 1 шт.";"50…63 (40); 63…100 (41); 100…135 (42); 135…160 (43)";Вода, воздух, пар, нефть, жидкие углеводороды и нефтепродукты, масляные фракции и другие, среды, в которых скорость коррозии материала корпуса не привышает 0,2 мм в год;От -60 до +450;От -60 до +45;ХЛ1;А;ОТК;10;830;180;12 месяцев со дня ввода в эксплуатацию, но не более 18 месяцев со дня отгрузки потребителю;80/100;160/40;Хладостойкая сталь;405;По запросу;1713430;25-30 рабочих дней
"Блок предохранительных клапанов БПУ Р 100-160 ХЛ1 50лс13нж1 в составе: клапан предохранительный пружинный сальниковый фланцевый СППК5Р 100-160лс 17лс8нж DN 100/150 PN 16,0/4,0 МПа ХЛ1, пружина № ?, Рн=? кгс/см², корпус ст. 20ГЛ, класс герметичности «А» по ГОСТ 9544-2015 - 2 шт.; переключающее устройство ПУ 100-160-03хл1 23лс19нж DN 100 PN 16,0 МПа ХЛ1, корпус ст. 20ГЛ - 1 шт; переключающее устройство ПУ 150-40-06хл1 23лс17нж DN 150 PN 4,0 МПа ХЛ1, корпус ст. 20ГЛ - 1 шт";Блок предохранительных клапанов с переключающими устройствами;50лс13нж1;Блок предохранительных клапанов БПУ Р 100-160 ХЛ1 50лс13нж1;"клапан предохранительный пружинный сальниковый фланцевый СППК5Р 100-160лс 17лс8нж DN 100 (исп. J) / 150 (исп. F) PN 16,0 (вход) / 4,0 (выход) МПа ХЛ1, корпус ст. 20ГЛ - 2 шт.; переключающее устройство ПУ 100-160-03хл1 23лс19нж DN 100 PN 16,0 МПа ХЛ1, корпус ст. 20ГЛ - 1 шт.; переключающее устройство ПУ 150-40-06хл1 23лс17нж DN 150 PN 4,0 МПа ХЛ1, корпус ст. 20ГЛ - 1 шт.";"63…100 (80); 100…125 (81); 110…145 (82); 135…160 (83)";Вода, воздух, пар, нефть, жидкие углеводороды и нефтепродукты, масляные фракции и другие, среды, в которых скорость коррозии материала корпуса не привышает 0,2 мм в год;От -60 до +450;От -60 до +45;ХЛ1;А;ОТК;10;830;180;12 месяцев со дня ввода в эксплуатацию, но не более 18 месяцев со дня отгрузки потребителю;100/150;160/40;Хладостойкая сталь;779;По запросу;2617180;25-30 рабочих дней
"Блок предохранительных клапанов БПУ 50-16 ХЛ1 50лс02нж в составе: клапан предохранительный пружинный сальниковый фланцевый СППК4 50-16лс 17лс13нж DN 50/80 PN 1,6/0,6 МПа ХЛ1, пружина № ?, Рн=? кгс/см², корпус ст. 20ГЛ, класс герметичности «А» по ГОСТ 9544-2015 - 2 шт.; переключающее устройство ПУ 50-16-07хл1 23лс16нж1 DN 50 PN 1,6 МПа ХЛ1, корпус ст. 20ГЛ - 1 шт.; переключающее устройство ПУ 80-6-03хл1 23лс18нж DN 80 PN 0,6 МПа ХЛ1, корпус ст. 20ГЛ - 1 шт.";Блок предохранительных клапанов с переключающими устройствами;50лс02нж;Блок предохранительных клапанов БПУ 50-16 ХЛ1 50лс02нж;"клапан предохранительный пружинный сальниковый фланцевый СППК4 50-16лс 17лс13нж DN 50 (исп. В) / 80 (исп. В) PN 1,6 (вход) / 0,6 (выход) МПа ХЛ1, корпус ст. 20ГЛ - 2 шт.; переключающее устройство ПУ 50-16-07хл1 23лс16нж1 DN 50 PN 1,6 МПа ХЛ1, корпус ст. 20ГЛ - 1 шт.; переключающее устройство ПУ 80-6-03хл1 23лс18нж DN 80 PN 0,6 МПа ХЛ1, корпус ст. 20ГЛ - 1 шт.";"0,5…1,2 (10); 1,2…2,5 (11); 2,5…4 (12); 4…8 (13); 8…16 (14)";Вода, воздух, пар, нефть, жидкие углеводороды и нефтепродукты, масляные фракции и другие, среды, в которых скорость коррозии материала корпуса не привышает 0,2 мм в год;От -60 до +450;От -60 до +45;ХЛ1;А;ОТК;10;830;180;12 месяцев со дня ввода в эксплуатацию, но не более 18 месяцев со дня отгрузки потребителю;50/80;16/6;Хладостойкая сталь;154;По запросу;552180;25-30 рабочих дней
"Блок предохранительных клапанов БПУ 80-16 ХЛ1 50лс06нж в составе: клапан предохранительный пружинный сальниковый фланцевый СППК4 80-16лс 17лс13нж DN 80/100 PN 1,6/0,6 МПа ХЛ1, пружина № ?, Рн=? кгс/см², корпус ст. 20ГЛ, класс герметичности «А» по ГОСТ 9544-2015 - 2 шт.; переключающее устройство ПУ 80-16-07хл1 23лс16нж1 DN 80 PN 1,6 МПа ХЛ1, корпус ст. 20ГЛ - 1 шт.; переключающее устройство ПУ 100-6-03хл1 23лс18нж DN 100 PN 0,6 МПа ХЛ1, корпус ст. 20ГЛ - 1 шт.";Блок предохранительных клапанов с переключающими устройствами;50лс06нж;Блок предохранительных клапанов БПУ 80-16 ХЛ1 50лс06нж;"клапан предохранительный пружинный сальниковый фланцевый СППК4 80-16лс 17лс13нж DN 80 (исп. В) / 100 (исп. В) PN 1,6 (вход) / 0,6 (выход) МПа ХЛ1, корпус ст. 20ГЛ - 2 шт.; переключающее устройство ПУ 80-16-07хл1 23лс16нж1 DN 80 PN 1,6 МПа ХЛ1, корпус ст. 20ГЛ - 1 шт.; переключающее устройство ПУ 100-6-03хл1 23лс18нж DN 100 PN 0,6 МПа ХЛ1, корпус ст. 20ГЛ - 1 шт.";"0,5…1,2 (30); 1,2…3 (31); 3…5 (32); 5…8 (33); 8…16 (34)";Вода, воздух, пар, нефть, жидкие углеводороды и нефтепродукты, масляные фракции и другие, среды, в которых скорость коррозии материала корпуса не привышает 0,2 мм в год;От -60 до +450;От -60 до +45;ХЛ1;А;ОТК;10;830;180;12 месяцев со дня ввода в эксплуатацию, но не более 18 месяцев со дня отгрузки потребителю;80/100;16/6;Хладостойкая сталь;210;По запросу;826670;25-30 рабочих дней
"Блок предохранительных клапанов БПУ 100-16 ХЛ1 50лс10нж в составе: клапан предохранительный пружинный сальниковый фланцевый СППК5 100-16лс 17лс7нж DN 100/150 PN 1,6/1,6 МПа ХЛ1, пружина № ?, Рн=? кгс/см², корпус ст. 20ГЛ, класс герметичности «А» по ГОСТ 9544-2015 - 2 шт.; переключающее устройство ПУ 100-16-07хл1 23лс16нж1 DN 100 PN 1,6 МПа ХЛ1, корпус ст. 20ГЛ - 1 шт.; переключающее устройство ПУ 150-16-06хл1 23лс16нж DN 150 PN 1,6 МПа ХЛ1, корпус ст. 20ГЛ - 1 шт.";Блок предохранительных клапанов с переключающими устройствами;50лс10нж;Блок предохранительных клапанов БПУ 100-16 ХЛ1 50лс10нж;"клапан предохранительный пружинный сальниковый фланцевый СППК5 100-16лс 17лс7нж DN 100 (исп. В) / 150 (исп. В) PN 1,6 (вход) / 1,6 (выход) МПа ХЛ1, корпус ст. 20ГЛ - 2 шт.; переключающее устройство ПУ 100-16-07хл1 23лс16нж1 DN 100 PN 1,6 МПа ХЛ1, корпус ст. 20ГЛ - 1 шт.; Переключающее устройство ПУ 150-16-06хл1 23лс16нж DN 150 PN 1,6 МПа ХЛ1, корпус ст. 20ГЛ - 1 шт.";"0,5…1 (50); 0,8…1,6 (51); 1,5…3 (52); 2,5…4,5 (53); 4,5…8,5 (54); 8…16 (55)";Вода, воздух, пар, нефть, жидкие углеводороды и нефтепродукты, масляные фракции и другие, среды, в которых скорость коррозии материала корпуса не привышает 0,2 мм в год;От -60 до +450;От -60 до +45;ХЛ1;А;ОТК;10;830;180;12 месяцев со дня ввода в эксплуатацию, но не более 18 месяцев со дня отгрузки потребителю;100/150;16/6;Хладостойкая сталь;380;По запросу;1158710;25-30 рабочих дней
"Блок предохранительных клапанов БПУ 150-16 ХЛ1 50лс14нж в составе: клапан предохранительный пружинный сальниковый фланцевый СППК4 150-16лс 17лс7нж DN 150/200 PN 1,6/0,6 МПа ХЛ1, пружина № ?, Рн=? кгс/см², корпус ст. 20ГЛ, класс герметичности «А» по ГОСТ 9544-2015 - 2 шт.; переключающее устройство ПУ 150-16-07хл1 23лс16нж1 DN 150 PN 1,6 МПа ХЛ1, корпус ст. 20ГЛ - 1 шт.; переключающее устройство ПУ 200-6-03хл1 23лс18нж DN 200 PN 0,6 МПа ХЛ1, корпус ст. 20ГЛ - 1 шт.";Блок предохранительных клапанов с переключающими устройствами;50лс14нж;Блок предохранительных клапанов БПУ 150-16 ХЛ1 50лс14нж;"клапан предохранительный пружинный сальниковый фланцевый СППК4 150-16лс 17лс7нж DN 150 (исп. В) / 200 (исп. В) PN 1,6 (вход) / 0,6 (выход) МПа ХЛ1, корпус ст. 20ГЛ - 2 шт.; переключающее устройство ПУ 150-16-07хл1 23лс16нж1 DN 150 PN 1,6 МПа ХЛ1, корпус ст. 20ГЛ - 1 шт.; переключающее устройство ПУ 200-6-03хл1 23лс18нж DN 200 PN 0,6 МПа ХЛ1, корпус ст. 20ГЛ - 1 шт.";"0,5…1,5 (70); 1,5…3 (71); 3…5 (72); 5…8 (73); 8…12 (74); 12…16 (75)";Вода, воздух, пар, нефть, жидкие углеводороды и нефтепродукты, масляные фракции и другие, среды, в которых скорость коррозии материала корпуса не привышает 0,2 мм в год;От -60 до +450;От -60 до +45;ХЛ1;А;ОТК;10;830;180;12 месяцев со дня ввода в эксплуатацию, но не более 18 месяцев со дня отгрузки потребителю;150/200;16/6;Хладостойкая сталь;630;По запросу;1727890;25-30 рабочих дней
"Блок предохранительных клапанов БПУ 200-16 ХЛ1 50лс16нж в составе: клапан предохранительный пружинный сальниковый фланцевый СППК4 200-16лс 17лс13нж DN 200/300 PN 1,6/0,6 МПа ХЛ1, пружина № ?, Рн=? кгс/см², корпус ст. 20ГЛ, класс герметичности «А» по ГОСТ 9544-2015 - 2 шт.; переключающее устройство ПУ 200-16-03хл1 23лс16нж DN 200 PN 1,6 МПа ХЛ1, корпус ст. 20ГЛ - 1 шт.; переключающее устройство ПУ 300-6-03хл1 23лс18нж DN 300 PN 0,6 МПа ХЛ1, корпус ст. 20ГЛ - 1 шт.";Блок предохранительных клапанов с переключающими устройствами;50лс16нж;Блок предохранительных клапанов БПУ 200-16 ХЛ1 50лс16нж;"клапан предохранительный пружинный сальниковый фланцевый СППК4 200-16лс 17лс13нж DN 200 (исп. В) / 300 (исп. В) PN 1,6 (вход) / 0,6 (выход) МПа ХЛ1, корпус ст. 20ГЛ - 2 шт.; переключающее устройство ПУ 200-16-03хл1 23лс16нж DN 200 PN 1,6 МПа ХЛ1, корпус ст. 20ГЛ - 1 шт.; переключающее устройство ПУ 300-6-03хл1 23лс18нж DN 300 PN 0,6 МПа ХЛ1, корпус ст. 20ГЛ - 1 шт.";"0,5…1 (72); 1…2 (73); 2…3 (74); 3…5 (75); 5…7 (76); 7…9 (77); 9…12 (78); 12…16 (79)";Вода, воздух, пар, нефть, жидкие углеводороды и нефтепродукты, масляные фракции и другие, среды, в которых скорость коррозии материала корпуса не привышает 0,2 мм в год;От -60 до +450;От -60 до +45;ХЛ1;А;ОТК;10;830;180;12 месяцев со дня ввода в эксплуатацию, но не более 18 месяцев со дня отгрузки потребителю;200/300;16/6;Хладостойкая сталь;1091;По запросу;3514770;25-30 рабочих дней
"Блок предохранительных клапанов БПУ С 200-16 ХЛ1 50лс16нж4 в составе: клапан предохранительный сильфонный фланцевый уравновешенного типа СППК4 200-16лс 17лс13нж DN 200/300 PN 1,6/0,6 МПа ХЛ1, пружина № ?, Рн=? кгс/см², корпус ст. 20ГЛ, класс герметичности «А» по ГОСТ 9544-2015 - 2 шт.; переключающее устройство ПУ 200-16-03хл1 23лс16нж DN 200 PN 1,6 МПа, корпус ст. 20ГЛ - 1 шт.; переключающее устройство ПУ 300-6-03хл1 23лс18нж DN 300 PN 0,6 МПа, корпус ст. 20ГЛ - 1 шт.";Блок предохранительных клапанов с переключающими устройствами;50лс16нж4;Блок предохранительных клапанов БПУ С 200-16 ХЛ1 50лс16нж4;"клапан предохранительный пружинный сильфонный фланцевый уравновешенного типа СППК4 200-16лс 17лс13нж DN 200 (исп. В) / 300 (исп. В) PN 1,6 (вход) / 0,6 (выход) МПа ХЛ1, корпус ст. 20ГЛ - 2 шт.; переключающее устройство ПУ 200-16-03хл1 23лс16нж DN 200 PN 1,6 МПа ХЛ1, корпус ст. 20ГЛ - 1 шт.; переключающее устройство ПУ 300-6-03хл1 23лс18нж DN 300 PN 0,6 МПа ХЛ1, корпус ст. 20ГЛ - 1 шт.";"0,5…1 (72); 1…2 (73); 2…3 (74); 3…5 (75); 5…7 (76); 7…9 (77); 9…12 (78); 12…16 (79)";Вода, воздух, пар, нефть, жидкие углеводороды и нефтепродукты, масляные фракции и другие, среды, в которых скорость коррозии материала корпуса не привышает 0,2 мм в год;От -60 до +450;От -60 до +45;ХЛ1;А;ОТК;10;830;180;12 месяцев со дня ввода в эксплуатацию, но не более 18 месяцев со дня отгрузки потребителю;200/300;16/6;Хладостойкая сталь;1100;По запросу;3514770;25-30 рабочих дней
"Блок предохранительных клапанов БПУ 25-40 ХЛ1 50лс01нж в составе: клапан предохранительный пружинный сальниковый фланцевый СППК4 25-40лс 17лс14нж DN 25/40 PN 4,0/1,6 МПа ХЛ1, пружина № ?, Рн=? кгс/см², корпус ст. 20ГЛ, класс герметичности «А» по ГОСТ 9544-2015 - 2 шт.; переключающее устройство ПУ 25-40-03хл1 23лс17нж DN 25 PN 4,0 МПа ХЛ1, корпус ст. 20ГЛ - 1 шт.; переключающее устройство ПУ 50-16-06хл1 23лс16нж DN 50 PN 1,6 МПа ХЛ1, корпус ст. 20ГЛ - 1 шт.";Блок предохранительных клапанов с переключающими устройствами;50лс01нж;Блок предохранительных клапанов БПУ 25-40 ХЛ1 50лс01нж;"клапан предохранительный пружинный сальниковый фланцевый СППК4 25-40лс 17лс14нж DN 25 (исп. F) / 40 (исп. В) PN 4,0 (вход) / 1,6 (выход) МПа ХЛ1, корпус ст. 20ГЛ - 2 шт.; переключающее устройство ПУ 25-40-03хл1 23лс17нж DN 25 PN 4,0 МПа ХЛ1, корпус ст. 20ГЛ - 1 шт.; переключающее устройство ПУ 50-16-06хл1 23лс16нж DN 50 PN 1,6 МПа ХЛ1, корпус ст. 20ГЛ - 1 шт.";"4…8 (8); 8…16 (1); 16…25 (2); 25…40 (3)";Вода, воздух, пар, нефть, жидкие углеводороды и нефтепродукты, масляные фракции и другие, среды, в которых скорость коррозии материала корпуса не привышает 0,2 мм в год;От -60 до +450;От -60 до +45;ХЛ1;А;ОТК;10;830;180;12 месяцев со дня ввода в эксплуатацию, но не более 18 месяцев со дня отгрузки потребителю;25/40;40/16;Хладостойкая сталь;120;По запросу;417820;25-30 рабочих дней
"Блок предохранительных клапанов БПУ 50-40 ХЛ1 50лс03нж в составе: клапан предохранительный пружинный сальниковый фланцевый СППК4 50-40лс 17лс14нж DN 50/80 PN 4,0/1,6 МПа ХЛ1, пружина № ?, Рн=? кгс/см², корпус ст. 20ГЛ, класс герметичности «А» по ГОСТ 9544-2015 - 2 шт.; переключающее устройство ПУ 50-40-07хл1 23лс17нж1 DN 50 PN 4,0 МПа ХЛ1, корпус ст. 20ГЛ - 1 шт.; переключающее устройство ПУ 80-16-06хл1 23лс16нж DN 80 PN 1,6 МПа ХЛ1, корпус ст. 20ГЛ - 1 шт.";Блок предохранительных клапанов с переключающими устройствами;50лс03нж;Блок предохранительных клапанов БПУ 50-40 ХЛ1 50лс03нж;"клапан предохранительный пружинный сальниковый фланцевый СППК4 50-40лс 17лс14нж DN 50 (исп. F) / 80 (исп. В) PN 4,0 (вход) / 1,6 (выход) МПа ХЛ1, корпус ст. 20ГЛ - 2 шт.; переключающее устройство ПУ 50-40-07хл1 23лс17нж1 DN 50 PN 4,0 МПа ХЛ1, корпус ст. 20ГЛ - 1 шт.; переключающее устройство ПУ 80-16-06хл1 23лс16нж DN 80 PN 1,6 МПа ХЛ1, корпус ст. 20ГЛ - 1 шт.";"0,5…1,2 (10); 1,2…2,5 (11); 2,5…4 (12); 4…8 (13); 8…20 (14); 20…30 (15); 30…40 (16)";Вода, воздух, пар, нефть, жидкие углеводороды и нефтепродукты, масляные фракции и другие, среды, в которых скорость коррозии материала корпуса не привышает 0,2 мм в год;От -60 до +450;От -60 до +45;ХЛ1;А;ОТК;10;830;180;12 месяцев со дня ввода в эксплуатацию, но не более 18 месяцев со дня отгрузки потребителю;50/80;40/16;Хладостойкая сталь;165;По запросу;626740;25-30 рабочих дней
"Блок предохранительных клапанов БПУ 80-40 ХЛ1 50лс07нж в составе: клапан предохранительный пружинный сальниковый фланцевый СППК4 80-40лс 17лс14нж DN 80/100 PN 4,0/1,6 МПа ХЛ1, пружина № ?, Рн=? кгс/см², корпус ст. 20ГЛ, класс герметичности «А» по ГОСТ 9544-2015 - 2 шт.; переключающее устройство ПУ 80-40-07хл1 23лс17нж1 DN 80 PN 4,0 МПа ХЛ1, корпус ст. 20ГЛ - 1 шт.; переключающее устройство ПУ 100-16-06хл1 23лс16нж DN 100 PN 1,6 МПа ХЛ1, корпус ст. 20ГЛ - 1 шт.";Блок предохранительных клапанов с переключающими устройствами;50лс07нж;Блок предохранительных клапанов БПУ 80-40 ХЛ1 50лс07нж;"клапан предохранительный пружинный сальниковый фланцевый СППК4 80-40лс 17лс14нж DN 80 (исп. F) / 100 (исп. В) PN 4,0 (вход) / 1,6 (выход) МПа ХЛ1, корпус ст. 20ГЛ - 2 шт.; переключающее устройство ПУ 80-40-07хл1 23лс17нж1 DN 80 PN 4,0 МПа ХЛ1, корпус ст. 20ГЛ - 1 шт.; переключающее устройство ПУ 100-16-06хл1 23лс16нж DN 100 PN 1,6 МПа ХЛ1, корпус ст. 20ГЛ - 1 шт.";"0,5…1,2 (30); 1,2…3 (31); 3…5 (32); 5…8 (33); 8…20 (35); 20…30 (36); 30…40 (37)";Вода, воздух, пар, нефть, жидкие углеводороды и нефтепродукты, масляные фракции и другие, среды, в которых скорость коррозии материала корпуса не привышает 0,2 мм в год;От -60 до +450;От -60 до +45;ХЛ1;А;ОТК;10;830;180;12 месяцев со дня ввода в эксплуатацию, но не более 18 месяцев со дня отгрузки потребителю;80/100;40/16;Хладостойкая сталь;250;По запросу;895750;25-30 рабочих дней
"Блок предохранительных клапанов БПУ 100-40 ХЛ1 50лс11нж в составе: клапан предохранительный пружинный сальниковый фланцевый СППК5 100-40лс 17лс23нж DN 100/150 PN 4,0/1,6 МПа ХЛ1, пружина № ?, Рн=? кгс/см², корпус ст. 20ГЛ, класс герметичности «А» по ГОСТ 9544-2015 - 2 шт.; переключающее устройство ПУ 100-40-07хл1 23лс17нж1 DN 100 PN 4,0 МПа ХЛ1, корпус ст. 20ГЛ - 1 шт.; переключающее устройство ПУ 150-16-06хл1 23лс16нж DN 150 PN 1,6 МПа ХЛ1, корпус ст. 20ГЛ - 1 шт.";Блок предохранительных клапанов с переключающими устройствами;50лс11нж;Блок предохранительных клапанов БПУ 100-40 ХЛ1 50лс11нж;"клапан предохранительный пружинный сальниковый фланцевый СППК5 100-40лс 17лс23нж DN 100 (исп. F) / 150 (исп. В) PN 4,0 (вход) / 1,6 (выход) МПа ХЛ1, корпус ст. 20ГЛ - 2 шт.; переключающее устройство ПУ 100-40-07хл1 23лс17нж1 DN 100 PN 4,0 МПа ХЛ1, корпус ст. 20ГЛ - 1 шт.; переключающее устройство ПУ 150-16-06хл1 23лс16нж DN 150 PN 1,6 МПа ХЛ1, корпус ст. 20ГЛ - 1 шт.";"8…16 (55); 16…26 (56); 26…40 (57)";Вода, воздух, пар, нефть, жидкие углеводороды и нефтепродукты, масляные фракции и другие, среды, в которых скорость коррозии материала корпуса не привышает 0,2 мм в год;От -60 до +450;От -60 до +45;ХЛ1;А;ОТК;10;830;180;12 месяцев со дня ввода в эксплуатацию, но не более 18 месяцев со дня отгрузки потребителю;100/150;40/16;Хладостойкая сталь;440;По запросу;1297010;25-30 рабочих дней
"Блок предохранительных клапанов БПУ 150-40 ХЛ1 50лс15нж в составе: клапан предохранительный пружинный сальниковый фланцевый СППК4 150-40лс 17лс23нж DN 150/200 PN 4,0/1,6 МПа ХЛ1, пружина № ?, Рн=? кгс/см², корпус ст. 20ГЛ, класс герметичности «А» по ГОСТ 9544-2015 - 2 шт.; переключающее устройство ПУ 150-40-07хл1 23лс17нж1 DN 150 PN 4,0 МПа ХЛ1, корпус ст. 20ГЛ - 1 шт.; переключающее устройство ПУ 200-16-03хл1 23лс16нж DN 200 PN 1,6 МПа ХЛ1, корпус ст. 20ГЛ - 1 шт.";Блок предохранительных клапанов с переключающими устройствами;50лс15нж;Блок предохранительных клапанов БПУ 150-40 ХЛ1 50лс15нж;"клапан предохранительный пружинный сальниковый фланцевый СППК4 150-40лс 17лс23нж DN 150 (исп. F) / 200 (исп. В) PN 4,0 (вход) / 1,6 (выход) МПа ХЛ1, корпус ст. 20ГЛ - 2 шт.; переключающее устройство ПУ 150-40-07хл1 23лс17нж1 DN 150 PN 4,0 МПа ХЛ1, корпус ст. 20ГЛ - 1 шт.; переключающее устройство ПУ 200-16-03хл1 23лс16нж DN 200 PN 1,6 МПа ХЛ1, корпус ст. 20ГЛ - 1 шт.";"8…12 (74); 12…18 (75); 18…25 (76); 25…35 (77); 35…40 (78)";Вода, воздух, пар, нефть, жидкие углеводороды и нефтепродукты, масляные фракции и другие, среды, в которых скорость коррозии материала корпуса не привышает 0,2 мм в год;От -60 до +450;От -60 до +45;ХЛ1;А;ОТК;10;830;180;12 месяцев со дня ввода в эксплуатацию, но не более 18 месяцев со дня отгрузки потребителю;150/200;40/16;Хладостойкая сталь;680;По запросу;2014450;25-30 рабочих дней
"Блок предохранительных клапанов БПУ 50-63 ХЛ1 50лс04нж в составе: клапан предохранительный пружинный сальниковый фланцевый СППК5 50-63лс 17лс85нж DN 50/80 PN 6,3/4,0 МПа ХЛ1, пружина № ?, Рн=? кгс/см², корпус ст. 20ГЛ, класс герметичности «А» по ГОСТ 9544-2015 - 2 шт.; переключающее устройство ПУ 50-63-03хл1 23лс20нж DN 50 PN 6,3 МПа ХЛ1, корпус ст. 20ГЛ - 1 шт.; переключающее устройство ПУ 80-40-06хл1 23лс17нж DN 80 PN 4,0 МПа ХЛ1, корпус ст. 20ГЛ - 1 шт.";Блок предохранительных клапанов с переключающими устройствами;50лс04нж;Блок предохранительных клапанов БПУ 50-63 ХЛ1 50лс04нж;"клапан предохранительный пружинный сальниковый фланцевый СППК5 50-63лс 17лс85нж DN 50 (исп. ?) / 80 (исп. F) PN 6,3 (вход) / 4,0 (выход) МПа ХЛ1, корпус ст. 20ГЛ - 2 шт.; переключающее устройство ПУ 50-63-03хл1 23лс20нж DN 50 PN 6,3 МПа ХЛ1, корпус ст. 20ГЛ - 1 шт.; переключающее устройство ПУ 80-40-06хл1 23лс17нж DN 80 PN 4,0 МПа ХЛ1, корпус ст. 20ГЛ - 1 шт.";"20…34 (55); 30…54 (56); 50…63 (57)";Вода, воздух, пар, нефть, жидкие углеводороды и нефтепродукты, масляные фракции и другие, среды, в которых скорость коррозии материала корпуса не привышает 0,2 мм в год;От -60 до +450;От -60 до +45;ХЛ1;А;ОТК;10;830;180;12 месяцев со дня ввода в эксплуатацию, но не более 18 месяцев со дня отгрузки потребителю;50/80;63/40;Хладостойкая сталь;270;По запросу;1130630;25-30 рабочих дней
"Блок предохранительных клапанов БПУ 80-63 ХЛ1 50лс08нж в составе: клапан предохранительный пружинный сальниковый фланцевый СППК4 80-63лс 17лс85нж DN 80/100 PN 6,3/4,0 МПа ХЛ1, пружина № ?, Рн=? кгс/см², корпус ст. 20ГЛ, класс герметичности «А» по ГОСТ 9544-2015 - 2 шт.; переключающее устройство ПУ 80-63-03хл1 23лс20нж DN 80 PN 6,3 МПа ХЛ1, корпус ст. 20ГЛ - 1 шт.; переключающее устройство ПУ 100-40-06хл1 23лс17нж DN 100 PN 4,0 МПа ХЛ1, корпус ст. 20ГЛ - 1 шт.";Блок предохранительных клапанов с переключающими устройствами;50лс08нж;Блок предохранительных клапанов БПУ 80-63 ХЛ1 50лс08нж;"клапан предохранительный пружинный сальниковый фланцевый СППК4 80-63лс 17лс85нж DN 80 (исп. ?) / 100 (исп. F) PN 6,3 (вход) / 4,0 (выход) МПа ХЛ1, корпус ст. 20ГЛ - 2 шт.; переключающее устройство ПУ 80-63-03хл1 23лс20нж DN 80 PN 6,3 МПа ХЛ1, корпус ст. 20ГЛ - 1 шт.; переключающее устройство ПУ 100-40-06хл1 23лс17нж DN 100 PN 4,0 МПа ХЛ1, корпус ст. 20ГЛ - 1 шт.";"25…35 (38); 35…44 (37); 44…50 (39); 50…63 (40)";Вода, воздух, пар, нефть, жидкие углеводороды и нефтепродукты, масляные фракции и другие, среды, в которых скорость коррозии материала корпуса не привышает 0,2 мм в год;От -60 до +450;От -60 до +45;ХЛ1;А;ОТК;10;830;180;12 месяцев со дня ввода в эксплуатацию, но не более 18 месяцев со дня отгрузки потребителю;80/100;63/40;Хладостойкая сталь;375;По запросу;1368320;25-30 рабочих дней
"Блок предохранительных клапанов БПУ 100-63 ХЛ1 50лс12нж в составе: клапан предохранительный пружинный сальниковый фланцевый СППК5 100-63лс 17лс16нж2 DN 100/150 PN 6,3/4,0 МПа ХЛ1, пружина № ?, Рн=? кгс/см², корпус ст. 20ГЛ, класс герметичности «А» по ГОСТ 9544-2015 - 2 шт.; переключающее устройство ПУ 100-63-03хл1 23лс20нж DN 100 PN 6,3 МПа ХЛ1, корпус ст. 20ГЛ - 1 шт.; переключающее устройство ПУ 150-40-06хл1 23лс17нж DN 150 PN 4,0 МПа ХЛ1, корпус ст. 20ГЛ - 1 шт.";Блок предохранительных клапанов с переключающими устройствами;50лс12нж;Блок предохранительных клапанов БПУ 100-63 ХЛ1 50лс12нж;"клапан предохранительный пружинный сальниковый фланцевый СППК5 100-63лс 17лс16нж2 DN 100 (исп. ?) / 150 (исп. F) PN 6,3 (вход) / 4,0 (выход) МПа ХЛ1, корпус ст. 20ГЛ - 2 шт.; переключающее устройство ПУ 100-63-03хл1 23лс20нж DN 100 PN 6,3 МПа ХЛ1, корпус ст. 20ГЛ - 1 шт.; переключающее устройство ПУ 150-40-06хл1 23лс17нж DN 150 PN 4,0 МПа ХЛ1, корпус ст. 20ГЛ - 1 шт.";"25…40 (77); 40…55 (80); 55…63 (81)";Вода, воздух, пар, нефть, жидкие углеводороды и нефтепродукты, масляные фракции и другие, среды, в которых скорость коррозии материала корпуса не привышает 0,2 мм в год;От -60 до +450;От -60 до +45;ХЛ1;А;ОТК;10;830;180;12 месяцев со дня ввода в эксплуатацию, но не более 18 месяцев со дня отгрузки потребителю;100/150;63/40;Хладостойкая сталь;734;По запросу;2274190;25-30 рабочих дней
"Блок предохранительных клапанов БПУ 50-160 ХЛ1 50лс05нж в составе: клапан предохранительный пружинный сальниковый фланцевый СППК5 50-160лс 17лс80нж DN 50/80 PN 16,0/4,0 МПа ХЛ1, пружина № ?, Рн=? кгс/см², корпус ст. 20ГЛ, класс герметичности «А» по ГОСТ 9544-2015 - 2 шт.; переключающее устройство ПУ 50-160-03хл1 23лс19нж DN 50 PN 16,0 МПа ХЛ1, корпус ст. 20ГЛ - 1 шт.; переключающее устройство ПУ 80-40-06хл1 23лс17нж DN 80 PN 4,0 МПа ХЛ1, корпус ст. 20ГЛ - 1 шт.";Блок предохранительных клапанов с переключающими устройствами;50лс05нж;Блок предохранительных клапанов БПУ 50-160 ХЛ1 50лс05нж;"клапан предохранительный пружинный сальниковый фланцевый СППК5 50-160лс 17лс80нж DN 50 (исп. J) / 80 (исп. F) PN 16,0 (вход) / 4,0 (выход) МПа ХЛ1, корпус ст. 20ГЛ - 2 шт.; переключающее устройство ПУ 50-160-03хл1 23лс19нж DN 50 PN 16,0 МПа ХЛ1, корпус ст. 20ГЛ - 1 шт.; переключающее устройство ПУ 80-40-06хл1 23лс17нж DN 80 PN 4,0 МПа ХЛ1, корпус ст. 20ГЛ - 1 шт.";"53…90 (58); 85…124 (59); 124…141 (60); 140…160 (61)";Вода, воздух, пар, нефть, жидкие углеводороды и нефтепродукты, масляные фракции и другие, среды, в которых скорость коррозии материала корпуса не привышает 0,2 мм в год;От -60 до +450;От -60 до +45;ХЛ1;А;ОТК;10;830;180;12 месяцев со дня ввода в эксплуатацию, но не более 18 месяцев со дня отгрузки потребителю;50/80;160/40;Хладостойкая сталь;290;По запросу;1191850;25-30 рабочих дней
"Блок предохранительных клапанов БПУ 80-160 ХЛ1 50лс09нж в составе: клапан предохранительный пружинный сальниковый фланцевый СППК4 80-160лс 17лс80нж DN 80/100 PN 16,0/4,0 МПа ХЛ1, пружина № ?, Рн=? кгс/см², корпус ст. 20ГЛ, класс герметичности «А» по ГОСТ 9544-2015 - 2 шт.; переключающее устройство ПУ 80-160-03хл1 23лс19нж DN 80 PN 16,0 МПа ХЛ1, корпус ст. 20ГЛ - 1 шт.; переключающее устройство ПУ 100-40-06хл1 23лс17нж DN 100 PN 4,0 МПа ХЛ1, корпус ст. 20ГЛ - 1 шт.";Блок предохранительных клапанов с переключающими устройствами;50лс09нж;Блок предохранительных клапанов БПУ 80-160 ХЛ1 50лс09нж;"клапан предохранительный пружинный сальниковый фланцевый СППК4 80-160лс 17лс80нж DN 80 (исп. J) / 100 (исп. F) PN 16,0 (вход) / 4,0 (выход) МПа ХЛ1, корпус ст. 20ГЛ - 2 шт.; переключающее устройство ПУ 80-160-03хл1 23лс19нж DN 80 PN 16,0 МПа ХЛ1, корпус ст. 20ГЛ - 1 шт.; переключающее устройство ПУ 100-40-06хл1 23лс17нж DN 100 PN 4,0 МПа ХЛ1, корпус ст. 20ГЛ - 1 шт.";"50…63 (40); 63…100 (41); 100…135 (42); 135…160 (43)";Вода, воздух, пар, нефть, жидкие углеводороды и нефтепродукты, масляные фракции и другие, среды, в которых скорость коррозии материала корпуса не привышает 0,2 мм в год;От -60 до +450;От -60 до +45;ХЛ1;А;ОТК;10;830;180;12 месяцев со дня ввода в эксплуатацию, но не более 18 месяцев со дня отгрузки потребителю;80/100;160/40;Хладостойкая сталь;400;По запросу;1696590;25-30 рабочих дней
"Блок предохранительных клапанов БПУ 100-160 ХЛ1 50лс13нж1 в составе: клапан предохранительный пружинный сальниковый фланцевый СППК5 100-160лс 17лс8нж2 DN 100/150 PN 16,0/4,0 МПа ХЛ1, пружина № ?, Рн=? кгс/см², корпус ст. 20ГЛ, класс герметичности «А» по ГОСТ 9544-2015 - 2 шт.; переключающее устройство ПУ 100-160-03хл1 23лс19нж DN 100 PN 16,0 МПа ХЛ1, корпус ст. 20ГЛ - 1 шт.; переключающее устройство ПУ 150-40-06хл1 23лс17нж DN 150 PN 4,0 МПа ХЛ1, корпус ст. 20ГЛ - 1 шт.";Блок предохранительных клапанов с переключающими устройствами;50лс13нж1;Блок предохранительных клапанов БПУ 100-160 ХЛ1 50лс13нж1;"клапан предохранительный пружинный сальниковый фланцевый СППК5 100-160лс 17лс8нж2 DN 100 (исп. J) / 150 (исп. F) PN 16,0 (вход) / 4,0 (выход) МПа ХЛ1, корпус ст. 20ГЛ - 2 шт.; переключающее устройство ПУ 100-160-03хл1 23лс19нж DN 100 PN 16,0 МПа ХЛ1, корпус ст. 20ГЛ - 1 шт.; переключающее устройство ПУ 150-40-06хл1 23лс17нж DN 150 PN 4,0 МПа ХЛ1, корпус ст. 20ГЛ - 1 шт.";"63…100 (80); 100…125 (81); 110…145 (82); 135…160 (83)";Вода, воздух, пар, нефть, жидкие углеводороды и нефтепродукты, масляные фракции и другие, среды, в которых скорость коррозии материала корпуса не привышает 0,2 мм в год;От -60 до +450;От -60 до +45;ХЛ1;А;ОТК;10;830;180;12 месяцев со дня ввода в эксплуатацию, но не более 18 месяцев со дня отгрузки потребителю;100/150;160/40;Хладостойкая сталь;769;По запросу;2599920;25-30 рабочих дней
"Блок предохранительных клапанов БПУ С 150-16 ХЛ1 50лс14нж4 в составе: клапан предохранительный сильфонный фланцевый уравновешенного типа СППК4С 150-16лс 17лс7нж DN 150/200 PN 1,6/0,6 МПа ХЛ1, пружина № ?, Рн=? кгс/см², корпус ст. 20ГЛ, класс герметичности «А» по ГОСТ 9544-2015 - 2 шт.; переключающее устройство ПУ 150-16-07хл1 23лс16нж1 DN 150 PN 1,6 МПа, корпус ст. 20ГЛ - 1 шт.; переключающее устройство ПУ 200-6-03хл1 23лс18нж DN 200 PN 0,6 МПа, корпус ст. 20ГЛ - 1 шт.";Блок предохранительных клапанов с переключающими устройствами;50лс14нж4;Блок предохранительных клапанов БПУ С 150-16 ХЛ1 50лс14нж4;"клапан предохранительный пружинный сильфонный фланцевый уравновешенного типа СППК4С 150-16лс 17лс7нж DN 150 (исп. В) / 200 (исп. В) PN 1,6 (вход) / 0,6 (выход) МПа ХЛ1, корпус ст. 20ГЛ - 2 шт.; переключающее устройство ПУ 150-16-07хл1 23лс16нж1 DN 150 PN 1,6 МПа ХЛ1, корпус ст. 20ГЛ - 1 шт.; переключающее устройство ПУ 200-6-03хл1 23лс18нж DN 200 PN 0,6 МПа ХЛ1, корпус ст. 20ГЛ - 1 шт.";"3…5 (72); 5…8 (73); 8…12 (74); 12…16 (75)";Вода, воздух, пар, нефть, жидкие углеводороды и нефтепродукты, масляные фракции и другие, среды, в которых скорость коррозии материала корпуса не привышает 0,2 мм в год;От -60 до +450;От -60 до +45;ХЛ1;А;ОТК;10;830;180;12 месяцев со дня ввода в эксплуатацию, но не более 18 месяцев со дня отгрузки потребителю;150/200;16/6;Хладостойкая сталь;635;По запросу;1900580;25-30 рабочих дней
"Блок предохранительных клапанов БПУ С 25-40 ХЛ1 50лс01нж2 в составе: клапан предохранительный сильфонный фланцевый уравновешенного типа СППК4С 25-40лс 17лс14нж1 DN 25/40 PN 4,0/1,6 МПа ХЛ1, пружина № ?, Рн=? кгс/см², корпус ст. 20ГЛ, класс герметичности «А» по ГОСТ 9544-2015 - 2 шт.; переключающее устройство ПУ 25-40-03хл1 23лс17нж DN 25 PN 4,0 МПа ХЛ1, корпус ст. 20ГЛ - 1 шт.; переключающее устройство ПУ 50-16-06хл1 23лс16нж DN 50 PN 1,6 МПа ХЛ1, корпус ст. 20ГЛ - 1 шт";Блок предохранительных клапанов с переключающими устройствами;50лс01нж2;Блок предохранительных клапанов БПУ С 25-40 ХЛ1 50лс01нж2;"клапан предохранительный пружинный сильфонный фланцевый уравновешенного типа СППК4С 25-40лс 17лс14нж1 DN 25 (исп. F) / 40 (исп. В) PN 4,0 (вход) / 1,6 (выход) МПа ХЛ1, корпус ст. 20ГЛ - 2 шт.; переключающее устройство ПУ 25-40-03хл1 23лс17нж DN 25 PN 4,0 МПа ХЛ1, корпус ст. 20ГЛ - 1 шт.; переключающее устройство ПУ 50-16-06хл1 23лс16нж DN 50 PN 1,6 МПа ХЛ1, корпус ст. 20ГЛ - 1 шт.";"6…8 (8); 8…16 (1); 16…25 (2); 25…40 (3) ";Вода, воздух, пар, нефть, жидкие углеводороды и нефтепродукты, масляные фракции и другие, среды, в которых скорость коррозии материала корпуса не привышает 0,2 мм в год;От -60 до +450;От -60 до +45;ХЛ1;А;ОТК;10;830;180;12 месяцев со дня ввода в эксплуатацию, но не более 18 месяцев со дня отгрузки потребителю;25/40;40/16;Хладостойкая сталь;121;По запросу;459520;25-30 рабочих дней
"Блок предохранительных клапанов БПУ С 50-40 ХЛ1 50лс03нж2 в составе: клапан предохранительный сильфонный фланцевый уравновешенного типа СППК4С 50-40лс 17лс14нж1 DN 50/80 PN 4,0/1,6 МПа ХЛ1, пружина № ?, Рн=? кгс/см², корпус ст. 20ГЛ, класс герметичности «А» по ГОСТ 9544-2015 - 2 шт.; переключающее устройство ПУ 50-40-07хл1 23лс17нж1 DN 50 PN 4,0 МПа ХЛ1, корпус ст. 20ГЛ - 1 шт; переключающее устройство ПУ 80-16-06хл1 23лс16нж DN 80 PN 1,6 МПа ХЛ1, корпус ст. 20ГЛ - 1 шт";Блок предохранительных клапанов с переключающими устройствами;50лс03нж2;Блок предохранительных клапанов БПУ С 50-40 ХЛ1 50лс03нж2;"клапан предохранительный пружинный сильфонный фланцевый уравновешенного типа СППК4С 50-40лс 17лс14нж1 DN 50 (исп. F) / 80 (исп. В) PN 4,0 (вход) / 1,6 (выход) МПа ХЛ1, корпус ст. 20ГЛ - 2 шт.; переключающее устройство ПУ 50-40-07хл1 23лс17нж1 DN 50 PN 4,0 МПа ХЛ1, корпус ст. 20ГЛ - 1 шт.; переключающее устройство ПУ 80-16-06хл1 23лс16нж DN 80 PN 1,6 МПа ХЛ1, корпус ст. 20ГЛ - 1 шт.";"6…8 (13); 8…20 (14); 20…30 (15); 30…40 (16)";Вода, воздух, пар, нефть, жидкие углеводороды и нефтепродукты, масляные фракции и другие, среды, в которых скорость коррозии материала корпуса не привышает 0,2 мм в год;От -60 до +450;От -60 до +45;ХЛ1;А;ОТК;10;830;180;12 месяцев со дня ввода в эксплуатацию, но не более 18 месяцев со дня отгрузки потребителю;50/80;40/16;Хладостойкая сталь;160;По запросу;682340;25-30 рабочих дней
"Блок предохранительных клапанов БПУ С 80-40 ХЛ1 50лс07нж2 в составе: клапан предохранительный сильфонный фланцевый уравновешенного типа СППК4С 80-40лс 17лс14нж DN 80/100 PN 4,0/1,6 МПа ХЛ1, пружина № ?, Рн=? кгс/см², корпус ст. 20ГЛ, класс герметичности «А» по ГОСТ 9544-2015 - 2 шт.; переключающее устройство ПУ 80-40-07хл1 23лс17нж1 DN 80 PN 4,0 МПа, корпус ст. 20ГЛ - 1 шт.; переключающее устройство ПУ 100-16-06хл1 23лс16нж DN 100 PN 1,6 МПа, корпус ст. 20ГЛ - 1 шт.";Блок предохранительных клапанов с переключающими устройствами;50лс07нж2;Блок предохранительных клапанов БПУ С 80-40 ХЛ1 50лс07нж2;"клапан предохранительный пружинный сильфонный фланцевый уравновешенного типа СППК4С 80-40лс 17лс14нж DN 80 (исп. F) / 100 (исп. В) PN 4,0 (вход) / 1,6 (выход) МПа ХЛ1, корпус ст. 20ГЛ - 2 шт.; переключающее устройство ПУ 80-40-07хл1 23лс17нж1 DN 80 PN 4,0 МПа ХЛ1, корпус ст. 20ГЛ - 1 шт.; переключающее устройство ПУ 100-16-06хл1 23лс16нж DN 100 PN 1,6 МПа ХЛ1, корпус ст. 20ГЛ - 1 шт.";"6…8 (33); 8…20 (35); 20…30 (36); 30…40 (37)";Вода, воздух, пар, нефть, жидкие углеводороды и нефтепродукты, масляные фракции и другие, среды, в которых скорость коррозии материала корпуса не привышает 0,2 мм в год;От -60 до +450;От -60 до +45;ХЛ1;А;ОТК;10;830;180;12 месяцев со дня ввода в эксплуатацию, но не более 18 месяцев со дня отгрузки потребителю;80/100;40/16;Хладостойкая сталь;256;По запросу;985320;25-30 рабочих дней
"Блок предохранительных клапанов БПУ С 100-40 ХЛ1 50лс11нж2 в составе: клапан предохранительный пружинный сильфонный фланцевый уравновешенного типа СППК5С 100-40лс 17лс23нж DN 100/150 PN 4,0/1,6 МПа ХЛ1, пружина № ?, Рн=? кгс/см², корпус ст. 20ГЛ - 2 шт.; переключающее устройство ПУ 100-40-07хл1 23лс17нж1 DN 100 PN 4,0 МПа ХЛ1, корпус ст. 20ГЛ - 1 шт.; переключающее устройство ПУ 150-16-06хл1 23лс16нж DN 150 PN 1,6 МПа ХЛ1, корпус ст. 20ГЛ - 1 шт.";Блок предохранительных клапанов с переключающими устройствами;50лс11нж2;Блок предохранительных клапанов БПУ С 100-40 ХЛ1 50лс11нж2;"клапан предохранительный пружинный сильфонный фланцевый уравновешенного типа СППК5С 100-40лс 17лс23нж DN 100 (исп. F) / 150 (исп. В) PN 4,0 (вход) / 1,6 (выход) МПа ХЛ1, корпус ст. 20ГЛ - 2 шт.; переключающее устройство ПУ 100-40-07хл1 23лс17нж1 DN 100 PN 4,0 МПа ХЛ1, корпус ст. 20ГЛ - 1 шт.; переключающее устройство ПУ 150-16-06хл1 23лс16нж DN 150 PN 1,6 МПа ХЛ1, корпус ст. 20ГЛ - 1 шт.";"8…16 (55); 16…26 (56); 26…40 (57)";Вода, воздух, пар, нефть, жидкие углеводороды и нефтепродукты, масляные фракции и другие, среды, в которых скорость коррозии материала корпуса не привышает 0,2 мм в год;От -60 до +450;От -60 до +45;ХЛ1;А;ОТК;10;830;180;12 месяцев со дня ввода в эксплуатацию, но не более 18 месяцев со дня отгрузки потребителю;100/150;40/16;Хладостойкая сталь;444;По запросу;1426730;25-30 рабочих дней
"Блок предохранительных клапанов БПУ С 150-40 ХЛ1 50лс15нж2 в составе: клапан предохранительный пружинный сильфонный фланцевый уравновешенного типа СППК4С 150-40лс 17лс23нж DN 150/200 PN 4,0/1,6 МПа ХЛ1, пружина № ?, Рн=? кгс/см², корпус ст. 20ГЛ - 2 шт.; переключающее устройство ПУ 150-40-07хл1 23лс17нж1 DN 150 PN 4,0 МПа ХЛ1, корпус ст. 20ГЛ - 1 шт.; переключающее устройство ПУ 200-16-03хл1 23лс16нж DN 200 PN 1,6 МПа ХЛ1, корпус ст. 20ГЛ - 1 шт.";Блок предохранительных клапанов с переключающими устройствами;50лс15нж2;Блок предохранительных клапанов БПУ С 150-40 ХЛ1 50лс15нж2;"клапан предохранительный пружинный сильфонный фланцевый уравновешенного типа СППК4С 150-40лс 17лс23нж DN 150 (исп. F) / 200 (исп. В) PN 4,0 (вход) / 1,6 (выход) МПа ХЛ1, корпус ст. 20ГЛ - 2 шт.; переключающее устройство ПУ 150-40-07хл1 23лс17нж1 DN 150 PN 4,0 МПа ХЛ1, корпус ст. 20ГЛ - 1 шт.; переключающее устройство ПУ 200-16-03хл1 23лс16нж DN 200 PN 1,6 МПа ХЛ1, корпус ст. 20ГЛ - 1 шт.";"8…12 (74); 12…18 (75); 18…25 (76); 25…35 (77); 35…40 (78)";Вода, воздух, пар, нефть, жидкие углеводороды и нефтепродукты, масляные фракции и другие, среды, в которых скорость коррозии материала корпуса не привышает 0,2 мм в год;От -60 до +450;От -60 до +45;ХЛ1;А;ОТК;10;830;180;12 месяцев со дня ввода в эксплуатацию, но не более 18 месяцев со дня отгрузки потребителю;150/200;40/16;Хладостойкая сталь;680;По запросу;2215780;25-30 рабочих дней
"Блок предохранительных клапанов БПУ С 50-63 ХЛ1 50лс04нж2 в составе: клапан предохранительный сильфонный фланцевый уравновешенного типа СППК5С 50-63лс 17лс16нж DN 50/80 PN 6,3/4,0 МПа ХЛ1, пружина № ?, Рн=? кгс/см², корпус ст. 20ГЛ, класс герметичности «А» по ГОСТ 9544-2015 - 2 шт.; переключающее устройство ПУ 50-63-03хл1 23лс20нж DN 50 PN 6,3 МПа ХЛ1, корпус ст. 20ГЛ - 1 шт.; переключающее устройство ПУ 80-40-06хл1 23лс17нж DN 80 PN 4,0 МПа ХЛ1, корпус ст. 20ГЛ - 1 шт.";Блок предохранительных клапанов с переключающими устройствами;50лс04нж2;Блок предохранительных клапанов БПУ С 50-63 ХЛ1 50лс04нж2;"клапан предохранительный пружинный сильфонный фланцевый уравновешенного типа СППК5С 50-63лс 17лс16нж DN 50 (исп. ?) / 80 (исп. F) PN 6,3 (вход) / 4,0 (выход) МПа ХЛ1, корпус ст. 20ГЛ - 2 шт.; переключающее устройство ПУ 50-63-03хл1 23лс20нж DN 50 PN 6,3 МПа ХЛ1, корпус ст. 20ГЛ - 1 шт.; переключающее устройство ПУ 80-40-06хл1 23лс17нж DN 80 PN 4,0 МПа ХЛ1, корпус ст. 20ГЛ - 1 шт.";"20…34 (55); 30…54 (56); 50…63 (57)";Вода, воздух, пар, нефть, жидкие углеводороды и нефтепродукты, масляные фракции и другие, среды, в которых скорость коррозии материала корпуса не привышает 0,2 мм в год;От -60 до +450;От -60 до +45;ХЛ1;А;ОТК;10;830;180;12 месяцев со дня ввода в эксплуатацию, но не более 18 месяцев со дня отгрузки потребителю;50/80;63/40;Хладостойкая сталь;252;По запросу;1243650;25-30 рабочих дней
"Блок предохранительных клапанов БПУ С 100-63 ХЛ1 50лс12нж4 в составе: клапан предохранительный пружинный сильфонный фланцевый уравновешенного типа СППК5С 100-63лс 17лс16нж3 DN 100/150 PN 6,3/4,0 МПа ХЛ1, пружина № ?, Рн=? кгс/см², корпус ст. 20ГЛ - 2 шт.; переключающее устройство ПУ 100-63-03хл1 23лс20нж DN 100 PN 6,3 МПа ХЛ1, корпус ст. 20ГЛ - 1 шт.; переключающее устройство ПУ 150-40-06хл1 23лс17нж DN 150 PN 4,0 МПа ХЛ1, корпус ст. 20ГЛ - 1 шт. ";Блок предохранительных клапанов с переключающими устройствами;50лс12нж4;Блок предохранительных клапанов БПУ С 100-63 ХЛ1 50лс12нж4;"клапан предохранительный пружинный сильфонный фланцевый уравновешенного типа СППК5С 100-63лс 17лс16нж3 DN 100 (исп. ?) / 150 (исп. F) PN 6,3 (вход) / 4,0 (выход) МПа ХЛ1, корпус ст. 20ГЛ - 2 шт.; переключающее устройство ПУ 100-63-03хл1 23лс20нж DN 100 PN 6,3 МПа ХЛ1, корпус ст. 20ГЛ - 1 шт.; переключающее устройство ПУ 150-40-06хл1 23лс17нж DN 150 PN 4,0 МПа ХЛ1, корпус ст. 20ГЛ - 1 шт.";"25…40 (77); 40…55 (80); 55…63 (81)";Вода, воздух, пар, нефть, жидкие углеводороды и нефтепродукты, масляные фракции и другие, среды, в которых скорость коррозии материала корпуса не привышает 0,2 мм в год;От -60 до +450;От -60 до +45;ХЛ1;А;ОТК;10;830;180;12 месяцев со дня ввода в эксплуатацию, но не более 18 месяцев со дня отгрузки потребителю;100/150;63/40;Хладостойкая сталь;735;По запросу;2501780;25-30 рабочих дней
"Блок предохранительных клапанов БПУ С 50-160 ХЛ1 50лс05нж2 в составе: клапан предохранительный сильфонный фланцевый уравновешенного типа СППК5С 50-160лс 17лс8нж DN 50/80 PN 16,0/4,0 МПа ХЛ1, пружина № ?, Рн=? кгс/см², корпус ст. 20ГЛ, класс герметичности «А» по ГОСТ 9544-2015 - 2 шт.; переключающее устройство ПУ 50-160-03хл1 23лс19нж DN 50 PN 16,0 МПа ХЛ1, корпус ст. 20ГЛ - 1 шт.; переключающее устройство ПУ 80-40-06хл1 23лс17нж DN 80 PN 4,0 МПа, корпус ст. 20ГЛ - 1 шт.";Блок предохранительных клапанов с переключающими устройствами;50лс05нж2;Блок предохранительных клапанов БПУ С 50-160 ХЛ1 50лс05нж2;"клапан предохранительный пружинный сильфонный фланцевый уравновешенного типа СППК5С 50-160лс 17лс8нж DN 50 (исп. J) / 80 (исп. F) PN 16,0 (вход) / 4,0 (выход) МПа ХЛ1, корпус ст. 20ГЛ - 2 шт.; переключающее устройство ПУ 50-160-03хл1 23лс19нж DN 50 PN 16,0 МПа ХЛ1, корпус ст. 20ГЛ - 1 шт.; переключающее устройство ПУ 80-40-06хл1 23лс17нж DN 80 PN 4,0 МПа ХЛ1, корпус ст. 20ГЛ - 1 шт.";"53…90 (58); 85…124 (59); 124…141 (60); 140…160 (61)";Вода, воздух, пар, нефть, жидкие углеводороды и нефтепродукты, масляные фракции и другие, среды, в которых скорость коррозии материала корпуса не привышает 0,2 мм в год;От -60 до +450;От -60 до +45;ХЛ1;А;ОТК;10;830;180;12 месяцев со дня ввода в эксплуатацию, но не более 18 месяцев со дня отгрузки потребителю;50/80;160/40;Хладостойкая сталь;274;По запросу;1310900;25-30 рабочих дней
"Блок предохранительных клапанов БПУ С 100-160 ХЛ1 50лс13нж4 в составе: клапан предохранительный пружинный сильфонный фланцевый уравновешенного типа СППК5С 100-160лс 17лс8нж3 DN 100/150 PN 16,0/4,0 МПа ХЛ1, пружина № ?, Рн=? кгс/см², корпус ст. 20ГЛ - 2 шт.; переключающее устройство ПУ 100-160-03хл1 23лс19нж DN 100 PN 16,0 МПа ХЛ1, корпус ст. 20ГЛ - 1 шт.; переключающее устройство ПУ 150-40-06хл1 23лс17нж DN 150 PN 4,0 МПа ХЛ1, корпус ст. 20ГЛ - 1 шт.";Блок предохранительных клапанов с переключающими устройствами;50лс13нж4;Блок предохранительных клапанов БПУ С 100-160 ХЛ1 50лс13нж4;"клапан предохранительный пружинный сильфонный фланцевый уравновешенного типа СППК5С 100-160лс 17лс8нж3 DN 100 (исп. J) / 150 (исп. F) PN 16,0 (вход) / 4,0 (выход) МПа ХЛ1, корпус ст. 20ГЛ - 2 шт.; переключающее устройство ПУ 100-160-03хл1 23лс19нж DN 100 PN 16,0 МПа ХЛ1, корпус ст. 20ГЛ - 1 шт.; переключающее устройство ПУ 150-40-06хл1 23лс17нж DN 150 PN 4,0 МПа ХЛ1, корпус ст. 20ГЛ - 1 шт.";"63…100 (80); 100…125 (81); 110…145 (82); 135…160 (83)";Вода, воздух, пар, нефть, жидкие углеводороды и нефтепродукты, масляные фракции и другие, среды, в которых скорость коррозии материала корпуса не привышает 0,2 мм в год;От -60 до +450;От -60 до +45;ХЛ1;А;ОТК;10;830;180;12 месяцев со дня ввода в эксплуатацию, но не более 18 месяцев со дня отгрузки потребителю;100/150;160/40;Хладостойкая сталь;780;По запросу;2859800;25-30 рабочих дней
