Наименование;Раздел;Таблица фигур;Рабочая среда;Температура окружающего воздуха, °С;Климатическое исполнение;Класс герметичности;Приемка;Назначенный срок службы, с обязательным проведением профилактического осмотра и ремонта раз в два года, лет;Назначенный ресурс циклов за 4 года, циклов;Гарантия;Тип присоединения;Тип привода;Диаметр DN, мм;Давление PN, кгс/см²;Tmax среды, ºC;Материал корпуса;Масса, кг, не более;Цена закупки;Цена без НДС;Срок изготовления
Клапан (вентиль) дренажный под приварку ручной 1213-6-0 DN 6 PN 10,0 МПа Т450 °С, корпус ст. 30Х13;Энергетическая арматура;1213-6-0;Вода - пар;От -60 до +40;УХЛ;В;ОТК;30;1000;12 месяцев со дня ввода в эксплуатацию, но не более 18 месяцев со дня отгрузки потребителю;Под приварку;Ручной;6;100;450;Жаропрочная высоколегированная сталь;0,4;По запросу;4290;Под заказ
Клапан (вентиль) дренажный под приварку ручной 805-6-0 DN 6 PN 10,0 МПа Т450 °С, корпус ст. 30Х13;Энергетическая арматура;805-6-0;Вода - пар;От -60 до +40;УХЛ;В;ОТК;30;1000;12 месяцев со дня ввода в эксплуатацию, но не более 18 месяцев со дня отгрузки потребителю;Под приварку;Ручной;6;100;450;Жаропрочная высоколегированная сталь;0,4;По запросу;4290;Под заказ
Клапан (вентиль) запорный под приварку ручной 1456-10-0 DN 10 PN 10,0 МПа Т250 °С, корпус ст. 20;Энергетическая арматура;1456-10-0;Вода - пар;От -60 до +40;ХЛ1;В;ОТК;30;1000;12 месяцев со дня ввода в эксплуатацию, но не более 18 месяцев со дня отгрузки потребителю;Под приварку;Ручной;10;100;280;Углеродистая сталь;3,1;По запросу;15180;Под заказ
Клапан (вентиль) трехходовой под приварку ручной 1093-10-0 DN 10 PN 13,7 МПа Т560 °С, корпус ст. 12Х1МФ;Энергетическая арматура;1093-10-0;Пар;От -60 до +40;УХЛ;В;ОТК;30;1000;12 месяцев со дня ввода в эксплуатацию, но не более 18 месяцев со дня отгрузки потребителю;Под приварку;Ручной;10;137;560;Жаропрочная низколегированная сталь;1,1;По запросу;6930;Под заказ
Клапан (вентиль) запорный под приварку ручной 1с-11-1М DN 10 PN 10,0 МПа Т450 °С, корпус ст. 20;Энергетическая арматура; 1с-11-1М;Вода - пар;от -45 до +40;У1;В;ОТК;30;1000;12 месяцев со дня ввода в эксплуатацию, но не более 18 месяцев со дня отгрузки потребителю;Под приварку;Ручной;10;100;450;Углеродистая сталь;3,1;По запросу;12870;Под заказ
Клапан (вентиль) запорный под приварку ручной 1с-12-1 DN 10 PN 25,0 МПа Т350 °С, корпус ст. 20;Энергетическая арматура;1с-12-1;Вода - пар;от -45 до +40;У1;В;ОТК;30;1000;12 месяцев со дня ввода в эксплуатацию, но не более 18 месяцев со дня отгрузки потребителю;Под приварку;Ручной;10;250;350;Углеродистая сталь;3,1;По запросу;12870;Под заказ
Клапан (вентиль) запорный под приварку с электроприводом (ПЭМ-А12М У2) 1с-12-1ЭЧ DN 10 PN 25,0 МПа Т350 °С, корпус ст. 20;Энергетическая арматура;1с-12-1ЭЧ;Вода - пар;от -45 до +40;У1;В;ОТК;30;1000;12 месяцев со дня ввода в эксплуатацию, но не более 18 месяцев со дня отгрузки потребителю;Под приварку;С электроприводом;10;250;350;Углеродистая сталь;27;По запросу;118530;Под заказ
Клапан (вентиль) запорный под приварку с электроприводом (ЭП-З-100-24-А2-05-В-У1) 1с-12-1ЭН DN 10 PN 25,0 МПа Т350 °С, корпус ст. 20;Энергетическая арматура;1с-12-1ЭН;Вода - пар;от -45 до +40;У1;В;ОТК;30;1000;12 месяцев со дня ввода в эксплуатацию, но не более 18 месяцев со дня отгрузки потребителю;Под приварку;С электроприводом;10;250;350;Углеродистая сталь;18;По запросу;197340;Под заказ
Клапан (вентиль) запорный под приварку ручной 1с-13-1 DN 10 PN 16,5 МПа Т560 °С, корпус ст. 12Х1МФ;Энергетическая арматура;1с-13-1;Пар;От -60 до +40;УХЛ;В;ОТК;30;1000;12 месяцев со дня ввода в эксплуатацию, но не более 18 месяцев со дня отгрузки потребителю;Под приварку;Ручной;10;165;560;Жаропрочная низколегированная сталь;3,1;По запросу;13720;Под заказ
Клапан (вентиль) запорный под приварку с электроприводом (ПЭМ-А12М У2) 1с-14-1ЭЧ DN 10 PN 37,3 МПа Т280 °С, корпус ст. 20;Энергетическая арматура;1с-14-1ЭЧ;Вода;от -45 до +40;У1;В;ОТК;30;1000;12 месяцев со дня ввода в эксплуатацию, но не более 18 месяцев со дня отгрузки потребителю;Под приварку;С электроприводом;10;373;280;Углеродистая сталь;27;По запросу;118530;Под заказ
Клапан (вентиль) запорный под приварку с электроприводом (ЭП-З-100-24-А2-05-В-У1) 1с-14-1ЭН DN 10 PN 37,3 МПа Т280 °С, корпус ст. 20;Энергетическая арматура;1с-14-1ЭН;Вода;от -45 до +40;У1;В;ОТК;30;1000;12 месяцев со дня ввода в эксплуатацию, но не более 18 месяцев со дня отгрузки потребителю;Под приварку;С электроприводом;10;373;280;Углеродистая сталь;18;По запросу;197340;Под заказ
Клапан (вентиль) запорный под приварку под электропривод 1с-14-1Э DN 10 PN 37,3 МПа Т280 °С, корпус ст. 20;Энергетическая арматура;1с-14-1Э;Вода;от -45 до +40;У1;В;ОТК;30;1000;12 месяцев со дня ввода в эксплуатацию, но не более 18 месяцев со дня отгрузки потребителю;Под приварку;Под электропривод;10;373;280;Углеродистая сталь;3,1;По запросу;15440;Под заказ
Клапан (вентиль) запорный под приварку с электроприводом 1с-15-1Э DN 10 PN 25,0 МПа Т545 °С, корпус ст. 12Х1МФ;Энергетическая арматура;1с-15-1Э;Пар;от -45 до +40;У1;В;ОТК;30;1000;12 месяцев со дня ввода в эксплуатацию, но не более 18 месяцев со дня отгрузки потребителю;Под приварку;С электроприводом;10;250;545;Углеродистая сталь;27;По запросу;74840;Под заказ
Клапан (вентиль) запорный под приварку с электроприводом (ПЭМ-А12М У2) 1с-15-1ЭЧ DN 10 PN 25,0 МПа Т545 °С, корпус ст. 12Х1МФ;Энергетическая арматура;1с-15-1ЭЧ;Пар;От -60 до +40;УХЛ;В;ОТК;30;1000;12 месяцев со дня ввода в эксплуатацию, но не более 18 месяцев со дня отгрузки потребителю;Под приварку;С электроприводом;10;250;545;Жаропрочная низколегированная сталь;27;По запросу;120510;Под заказ
Клапан (вентиль) запорный под приварку с электроприводом (ЭП-З-100-24-А2-05-В-У1) 1с-15-1ЭН DN 10 PN 25,0 МПа Т545 °С, корпус ст. 12Х1МФ;Энергетическая арматура;1с-15-1ЭН;Пар;От -60 до +40;УХЛ;В;ОТК;30;1000;12 месяцев со дня ввода в эксплуатацию, но не более 18 месяцев со дня отгрузки потребителю;Под приварку;С электроприводом;10;250;545;Жаропрочная низколегированная сталь;18;По запросу;200640;Под заказ
Клапан (вентиль) угловой под приварку ручной Т-202БМ DN 10 PN 13,7 МПа Т560 °С, корпус ст. 12Х1МФ;Энергетическая арматура;Т-202БМ;Пар;От -60 до +40;УХЛ;В;ОТК;30;1000;12 месяцев со дня ввода в эксплуатацию, но не более 18 месяцев со дня отгрузки потребителю;Под приварку;Ручной;10;137;560;Жаропрочная низколегированная сталь;2,2;По запросу;12010;Под заказ
Клапан (вентиль) запорный под приварку ручной 588-10-0 DN 10 PN 37,3 МПа Т280 °С, корпус ст. 20;Энергетическая арматура;588-10-0;Вода;от -45 до +40;У1;В;ОТК;30;1000;12 месяцев со дня ввода в эксплуатацию, но не более 18 месяцев со дня отгрузки потребителю;Под приварку;Ручной;10;373;280;Углеродистая сталь;3,1;По запросу;12870;Под заказ
Клапан (вентиль) запорный под приварку ручной 589-10-0 DN 10 PN 25,0 МПа Т545 °С, корпус ст. 12Х1МФ;Энергетическая арматура;589-10-0;Пар;От -60 до +40;УХЛ;В;ОТК;30;1000;12 месяцев со дня ввода в эксплуатацию, но не более 18 месяцев со дня отгрузки потребителю;Под приварку;Ручной;10;250;545;Жаропрочная низколегированная сталь;3,1;По запросу;14040;Под заказ
Клапан (вентиль) запорный под приварку ручной 1с-17-2 DN 10 PN 13,7 МПа Т560 °С, корпус ст. 12Х1МФ;Энергетическая арматура;1с-17-2;Пар;От -60 до +40;УХЛ;В;ОТК;30;1000;12 месяцев со дня ввода в эксплуатацию, но не более 18 месяцев со дня отгрузки потребителю;Под приварку;Ручной;10;137;560;Жаропрочная низколегированная сталь;0,7;По запросу;15150;Под заказ
Клапан (вентиль) запорный под приварку ручной 1с-11-2 DN 15 PN 10,0 МПа Т450 °С, корпус ст. 20;Энергетическая арматура;1с-11-2;Вода - пар;от -45 до +40;У1;В;ОТК;30;1000;12 месяцев со дня ввода в эксплуатацию, но не более 18 месяцев со дня отгрузки потребителю;Под приварку;Ручной;15;100;450;Углеродистая сталь;5,4;По запросу;12290;Под заказ
Клапан (вентиль) запорный под приварку ручной 1с-12-2 DN 15 PN 25,0 МПа Т350 °С, корпус ст. 20;Энергетическая арматура;1с-12-2;Вода - пар;от -45 до +40;У1;В;ОТК;30;1000;12 месяцев со дня ввода в эксплуатацию, но не более 18 месяцев со дня отгрузки потребителю;Под приварку;Ручной;15;250;350;Углеродистая сталь;5,4;По запросу;14530;Под заказ
Клапан (вентиль) запорный под приварку ручной 1с-15-2 DN 15 PN 25,0 МПа Т545 °С, корпус ст. 12Х1МФ;Энергетическая арматура;1с-15-2;Пар;От -60 до +40;УХЛ;В;ОТК;30;1000;12 месяцев со дня ввода в эксплуатацию, но не более 18 месяцев со дня отгрузки потребителю;Под приварку;Ручной;15;250;545;Жаропрочная низколегированная сталь;5,4;По запросу;14700;Под заказ
Клапан (вентиль) запорный под приварку ручной 1456-20-0 DN 20 PN 25,0 МПа  Т250 °С, корпус ст. 20;Энергетическая арматура;1456-20-0;Вода - пар;От -60 до +40;ХЛ1;В;ОТК;30;1000;12 месяцев со дня ввода в эксплуатацию, но не более 18 месяцев со дня отгрузки потребителю;Под приварку;Ручной;20;250;280;Углеродистая сталь;5,4;По запросу;24160;Под заказ
Клапан (вентиль) запорный под приварку ручной 1с-11-3 DN 20 PN 10,0 МПа Т425 °С, корпус ст. 20;Энергетическая арматура;1с-11-3;Вода - пар;от -45 до +40;У1;В;ОТК;30;1000;12 месяцев со дня ввода в эксплуатацию, но не более 18 месяцев со дня отгрузки потребителю;Под приварку;Ручной;20;100;425;Углеродистая сталь;5,4;По запросу;16390;Под заказ
Клапан (вентиль) запорный под приварку ручной 1с-11-4 DN 32 PN 10,0 МПа Т425 °С, корпус ст. 20;Энергетическая арматура;1с-11-4;Вода - пар;от -45 до +40;У1;В;ОТК;30;1000;12 месяцев со дня ввода в эксплуатацию, но не более 18 месяцев со дня отгрузки потребителю;Под приварку;Ручной;32;100;425;Углеродистая сталь;6,8;По запросу;33800;Под заказ
Клапан (вентиль) запорный под приварку ручной 1с-11-3М DN 20 PN 10,0 МПа Т425 °С, корпус ст. 20;Энергетическая арматура;1с-11-3М;Вода - пар;от -45 до +40;У1;В;ОТК;30;1000;12 месяцев со дня ввода в эксплуатацию, но не более 18 месяцев со дня отгрузки потребителю;Под приварку;Ручной;20;100;425;Углеродистая сталь;5,4;По запросу;16390;Под заказ
Клапан (вентиль) запорный под приварку с электроприводом (ГЗ-А.100/24 У1) 1с-11-3ЭГ DN 20 PN 10,0 МПа Т425 °С, корпус ст. 20;Энергетическая арматура;1с-11-3ЭГ;Вода - пар;от -45 до +40;У1;В;ОТК;30;1000;12 месяцев со дня ввода в эксплуатацию, но не более 18 месяцев со дня отгрузки потребителю;Под приварку;С электроприводом;20;100;425;Углеродистая сталь;48,1;По запросу;168160;Под заказ
Клапан (вентиль) запорный под приварку с электроприводом (Н-А2-08К У2) 1с-11-3ЭМ DN 20 PN 10,0 МПа Т425 °С, корпус ст. 20;Энергетическая арматура;1с-11-3ЭМ;Вода - пар;от -45 до +40;У1;В;ОТК;30;1000;12 месяцев со дня ввода в эксплуатацию, но не более 18 месяцев со дня отгрузки потребителю;Под приварку;С электроприводом;20;100;425;Углеродистая сталь;30,1;По запросу;123080;Под заказ
Клапан (вентиль) запорный под приварку с электроприводом (ПЭМ-А9М) 1с-11-3ЭЧ DN 20 PN 10,0 МПа Т450 °С, корпус ст. 20;Энергетическая арматура;1с-11-3ЭЧ;Вода - пар;от -45 до +40;У1;В;ОТК;30;1000;12 месяцев со дня ввода в эксплуатацию, но не более 18 месяцев со дня отгрузки потребителю;Под приварку;С электроприводом;20;100;425;Углеродистая сталь;33,1;По запросу;159270;Под заказ
Клапан (вентиль) запорный под приварку с электроприводом (ЭП-З-100-24-А2-05-В) 1с-11-3ЭН DN 20 PN 10,0 МПа Т450 °С, корпус ст. 20;Энергетическая арматура;1с-11-3ЭН;Вода - пар;от -45 до +40;У1;В;ОТК;30;1000;12 месяцев со дня ввода в эксплуатацию, но не более 18 месяцев со дня отгрузки потребителю;Под приварку;С электроприводом;20;100;425;Углеродистая сталь;24,1;По запросу;258640;Под заказ
Клапан (вентиль) запорный под приварку с электроприводом (AUMA SA10.2-F10-380/50/3-22) 1с-11-3ЭД DN 20 PN 10,0 МПа Т450 °С, корпус ст. 20;Энергетическая арматура;1с-11-3ЭД;Вода - пар;от -45 до +40;У1;В;ОТК;30;1000;12 месяцев со дня ввода в эксплуатацию, но не более 18 месяцев со дня отгрузки потребителю;Под приварку;С электроприводом;20;100;425;Углеродистая сталь;34,1;По запросу;0;Под заказ
Клапан (вентиль) запорный под приварку с электроприводом (MODACT MON 52030.22E2N) 1с-11-3ЭК DN 20 PN 10,0 МПа Т450 °С, корпус ст. 20;Энергетическая арматура;1с-11-3ЭК;Вода - пар;от -45 до +40;У1;В;ОТК;30;1000;12 месяцев со дня ввода в эксплуатацию, но не более 18 месяцев со дня отгрузки потребителю;Под приварку;С электроприводом;20;100;425;Углеродистая сталь;37,1;По запросу;0;Под заказ
Клапан запорный под приварку ручной 1с-12-3 DN 20 PN 25,0 МПа Т350 °С, корпус ст. 20;Энергетическая арматура;1с-12-3;Вода - пар;от -45 до +40;У1;В;ОТК;30;1000;12 месяцев со дня ввода в эксплуатацию, но не более 18 месяцев со дня отгрузки потребителю;Под приварку;Ручной;20;250;350;Углеродистая сталь;5,4;По запросу;16390;Под заказ
Клапан (вентиль) запорный под приварку с электроприводом (ГЗ-А.100/24 У1) 1с-12-3ЭГ DN 20 PN 25,0 МПа Т350 °С, корпус ст. 20;Энергетическая арматура;1с-12-3ЭГ;Вода - пар;от -45 до +40;У1;В;ОТК;30;1000;12 месяцев со дня ввода в эксплуатацию, но не более 18 месяцев со дня отгрузки потребителю;Под приварку;С электроприводом;20;250;350;Углеродистая сталь;48,1;По запросу;168160;Под заказ
Клапан (вентиль) запорный под приварку с электроприводом (Н-А2-08К У2) 1с-12-3ЭМ DN 20 PN 25,0 МПа Т350 °С, корпус ст. 20;Энергетическая арматура;1с-12-3ЭМ;Вода - пар;от -45 до +40;У1;В;ОТК;30;1000;12 месяцев со дня ввода в эксплуатацию, но не более 18 месяцев со дня отгрузки потребителю;Под приварку;С электроприводом;20;250;350;Углеродистая сталь;30,1;По запросу;125890;Под заказ
Клапан (вентиль) запорный под приварку с электроприводом (ПЭМ-А9М У2) 1с-12-3ЭЧ DN 20 PN 25,0 МПа Т350 °С, корпус ст. 20;Энергетическая арматура;1с-12-3ЭЧ;Вода - пар;от -45 до +40;У1;В;ОТК;30;1000;12 месяцев со дня ввода в эксплуатацию, но не более 18 месяцев со дня отгрузки потребителю;Под приварку;С электроприводом;20;250;350;Углеродистая сталь;33,1;По запросу;159270;Под заказ
Клапан (вентиль) запорный под приварку с электроприводом (ЭП-З-100-24-А2-05-В-У1) 1с-12-3ЭН DN 20 PN 25,0 МПа Т350 °С, корпус ст. 20;Энергетическая арматура;1с-12-3ЭН;Вода - пар;от -45 до +40;У1;В;ОТК;30;1000;12 месяцев со дня ввода в эксплуатацию, но не более 18 месяцев со дня отгрузки потребителю;Под приварку;С электроприводом;20;250;350;Углеродистая сталь;24,1;По запросу;0;Под заказ
Клапан (вентиль) запорный под приварку с электроприводом (AUMA SA10.2-F10-380/50/3-22) 1с-12-3ЭД DN 20 PN 25,0 МПа Т350 °С, корпус ст. 20;Энергетическая арматура;1с-12-3ЭД;Вода - пар;от -45 до +40;У1;В;ОТК;30;1000;12 месяцев со дня ввода в эксплуатацию, но не более 18 месяцев со дня отгрузки потребителю;Под приварку;С электроприводом;20;250;350;Углеродистая сталь;34,1;По запросу;0;Под заказ
Клапан (вентиль) запорный под приварку с электроприводом (MODACT MON 52030.22E2N) 1с-12-3ЭК DN 20 PN 25,0 МПа Т350 °С, корпус ст. 20;Энергетическая арматура;1с-12-3ЭК;Вода - пар;от -45 до +40;У1;В;ОТК;30;1000;12 месяцев со дня ввода в эксплуатацию, но не более 18 месяцев со дня отгрузки потребителю;Под приварку;С электроприводом;20;250;350;Углеродистая сталь;37,1;По запросу;0;Под заказ
Клапан (вентиль) запорный под приварку ручной 1с-13-3 DN 20 PN 16,5 МПа Т560 °С, корпус ст. 12Х1МФ;Энергетическая арматура;1с-13-3;Пар;От -60 до +40;УХЛ;В;ОТК;30;1000;12 месяцев со дня ввода в эксплуатацию, но не более 18 месяцев со дня отгрузки потребителю;Под приварку;Ручной;20;165;560;Жаропрочная низколегированная сталь;5,4;По запросу;17060;Под заказ
Клапан (вентиль) запорный под приварку с электроприводом (ГЗ-А.100/24 У1) 1с-13-3ЭГ DN 20 PN 16,5 МПа Т560 °С, корпус ст. 12Х1МФ;Энергетическая арматура;1с-13-3ЭГ;Пар;От -60 до +40;УХЛ;В;ОТК;30;1000;12 месяцев со дня ввода в эксплуатацию, но не более 18 месяцев со дня отгрузки потребителю;Под приварку;С электроприводом;20;165;560;Жаропрочная низколегированная сталь;48,1;По запросу;171280;Под заказ
Клапан (вентиль) запорный под приварку с электроприводом (Н-А2-08К У2) 1с-13-3ЭМ DN 20 PN 16,5 МПа Т560 °С, корпус ст. 12Х1МФ;Энергетическая арматура;1с-13-3ЭМ;Пар;От -60 до +40;УХЛ;В;ОТК;30;1000;12 месяцев со дня ввода в эксплуатацию, но не более 18 месяцев со дня отгрузки потребителю;Под приварку;С электроприводом;20;165;560;Жаропрочная низколегированная сталь;30,1;По запросу;135400;Под заказ
Клапан (вентиль) запорный под приварку с электроприводом (ПЭМ-А9М У2) 1с-13-3ЭЧ DN 20 PN 16,5 МПа Т560 °С, корпус ст. 12Х1МФ;Энергетическая арматура;1с-13-3ЭЧ;Пар;От -60 до +40;УХЛ;В;ОТК;30;1000;12 месяцев со дня ввода в эксплуатацию, но не более 18 месяцев со дня отгрузки потребителю;Под приварку;С электроприводом;20;165;560;Жаропрочная низколегированная сталь;33,1;По запросу;161460;Под заказ
Клапан (вентиль) запорный под приварку с электроприводом (ЭП-З-100-24-А2-05-В-У1) 1с-13-3ЭН DN 20 PN 16,5 МПа Т560 °С, корпус ст. 12Х1МФ;Энергетическая арматура;1с-13-3ЭН;Пар;От -60 до +40;УХЛ;В;ОТК;30;1000;12 месяцев со дня ввода в эксплуатацию, но не более 18 месяцев со дня отгрузки потребителю;Под приварку;С электроприводом;20;165;560;Жаропрочная низколегированная сталь;24,1;По запросу;0;Под заказ
Клапан (вентиль) запорный под приварку ручной 998-20-0 DN 20 PN 37,3 МПа Т280 °С, корпус ст. 20;Энергетическая арматура;998-20-0;Вода;от -45 до +40;У1;В;ОТК;30;1000;12 месяцев со дня ввода в эксплуатацию, но не более 18 месяцев со дня отгрузки потребителю;Под приварку;Ручной;20;373;280;Углеродистая сталь;5,4;По запросу;16390;Под заказ
Клапан (вентиль) запорный под приварку с маховиком и шарнирной муфтой 998-20-Г DN 20 PN 37,3 МПа Т280 °С, корпус ст. 20;Энергетическая арматура; 998-20-Г;Вода;от -45 до +40;У1;В;ОТК;30;1000;12 месяцев со дня ввода в эксплуатацию, но не более 18 месяцев со дня отгрузки потребителю;Под приварку;Ручной;20;373;280;Углеродистая сталь;6,9;По запросу;22810;Под заказ
Клапан (вентиль) запорный под приварку  с электроприводом (821-Э-0а) 998-20-Э DN 20 PN 37,3 МПа Т280 °С, корпус ст. 20;Энергетическая арматура;998-20-Э;Вода;от -45 до +40;У1;В;ОТК;30;1000;12 месяцев со дня ввода в эксплуатацию, но не более 18 месяцев со дня отгрузки потребителю;Под приварку;С электроприводом;20;373;280;Углеродистая сталь;24;По запросу;142580;Под заказ
Клапан (вентиль) запорный под приварку  с электроприводом (ГЗ-А.100/24 У1) 998-20-ЭГ DN 20 PN 37,3 МПа Т280 °С, корпус ст. 20;Энергетическая арматура; 998-20-ЭГ;Вода;от -45 до +40;У1;В;ОТК;30;1000;12 месяцев со дня ввода в эксплуатацию, но не более 18 месяцев со дня отгрузки потребителю;Под приварку;С электроприводом;20;373;280;Углеродистая сталь;45,1;По запросу;168160;Под заказ
Клапан (вентиль) запорный под приварку  с электроприводом (Н-А2-08К У2) 998-20-ЭМ DN 20 PN 37,3 МПа Т280 °С, корпус ст. 20;Энергетическая арматура;998-20-ЭМ;Вода;от -45 до +40;У1;В;ОТК;30;1000;12 месяцев со дня ввода в эксплуатацию, но не более 18 месяцев со дня отгрузки потребителю;Под приварку;С электроприводом;20;373;280;Углеродистая сталь;27,1;По запросу;126820;Под заказ
Клапан (вентиль) запорный под приварку  с электроприводом (ЭП-З-100-24-А2-05-В-У1) 998-20-ЭН DN 20 PN 37,3 МПа Т280 °С, корпус ст. 20;Энергетическая арматура;998-20-ЭН;Вода;от -45 до +40;У1;В;ОТК;30;1000;12 месяцев со дня ввода в эксплуатацию, но не более 18 месяцев со дня отгрузки потребителю;Под приварку;С электроприводом;20;373;280;Углеродистая сталь;24,1;По запросу;258640;Под заказ
Клапан (вентиль) запорный под приварку с электроприводом (ПЭМ-А9М) 998-20-ЭЧ DN 20 PN 37,3 МПа Т280 °С, корпус ст. 20;Энергетическая арматура;998-20-ЭЧ;Вода;от -45 до +40;У1;В;ОТК;30;1000;12 месяцев со дня ввода в эксплуатацию, но не более 18 месяцев со дня отгрузки потребителю;Под приварку;С электроприводом;20;373;280;Углеродистая сталь;33,1;По запросу;159270;Под заказ
Клапан (вентиль) запорный под приварку с электроприводом (AUMA SA10.2-F10-380/50/3-22) 998-20-ЭД DN 20 PN 37,3 МПа Т280 °С, корпус ст. 20;Энергетическая арматура;998-20-ЭД;Вода;от -45 до +40;У1;В;ОТК;30;1000;12 месяцев со дня ввода в эксплуатацию, но не более 18 месяцев со дня отгрузки потребителю;Под приварку;С электроприводом;20;373;280;Углеродистая сталь;34,1;По запросу;0;Под заказ
Клапан (вентиль) запорный под приварку с электроприводом (MODACT MON 52030.22E2N) 998-20-ЭК DN 20 PN 37,3 МПа Т280 °С, корпус ст. 20;Энергетическая арматура;998-20-ЭК;Вода;от -45 до +40;У1;В;ОТК;30;1000;12 месяцев со дня ввода в эксплуатацию, но не более 18 месяцев со дня отгрузки потребителю;Под приварку;С электроприводом;20;373;280;Углеродистая сталь;37,1;По запросу;0;Под заказ
Клапан (вентиль) запорный под приварку ручной 999-20-0 DN 20 PN 25,0 МПа Т545 °С, корпус ст. 12Х1МФ;Энергетическая арматура;999-20-0;Пар;От -60 до +40;УХЛ;В;ОТК;30;1000;12 месяцев со дня ввода в эксплуатацию, но не более 18 месяцев со дня отгрузки потребителю;Под приварку;Ручной;20;250;545;Жаропрочная низколегированная сталь;5,4;По запросу;17060;Под заказ
Клапан (вентиль) запорный под приварку с маховиком и шарнирной муфтой 999-20-Г DN 20 PN 25,0 МПа Т545 °С, корпус ст. 12Х1МФ;Энергетическая арматура; 999-20-Г;Пар;От -60 до +40;УХЛ;В;ОТК;30;1000;12 месяцев со дня ввода в эксплуатацию, но не более 18 месяцев со дня отгрузки потребителю;Под приварку;Ручной;20;250;545;Жаропрочная низколегированная сталь;6,9;По запросу;25680;Под заказ
Клапан (вентиль) запорный под приварку с электроприводом (821-Э-0а) 999-20-Э DN 20 PN 25,0 МПа Т545 °С , корпус ст. 12Х1МФ;Энергетическая арматура;999-20-Э;Пар;От -60 до +40;УХЛ;В;ОТК;30;1000;12 месяцев со дня ввода в эксплуатацию, но не более 18 месяцев со дня отгрузки потребителю;Под приварку;С электроприводом;20;250;545;Жаропрочная низколегированная сталь;24;По запросу;146950;Под заказ
Клапан (вентиль) запорный под приварку с электроприводом (ГЗ-А.100/24 У1) 999-20-ЭГ DN 20 PN 25,0 МПа Т545 °С , корпус ст. 12Х1МФ;Энергетическая арматура;999-20-ЭГ ;Пар;От -60 до +40;УХЛ;В;ОТК;30;1000;12 месяцев со дня ввода в эксплуатацию, но не более 18 месяцев со дня отгрузки потребителю;Под приварку;С электроприводом;20;250;545;Жаропрочная низколегированная сталь;45,1;По запросу;168160;Под заказ
Клапан (вентиль) запорный под приварку с электроприводом (Н-А2-08К У2) 999-20-ЭМ DN 20 PN 25,0 МПа Т545 °С , корпус ст. 12Х1МФ;Энергетическая арматура;999-20-ЭМ ;Пар;От -60 до +40;УХЛ;В;ОТК;30;1000;12 месяцев со дня ввода в эксплуатацию, но не более 18 месяцев со дня отгрузки потребителю;Под приварку;С электроприводом;20;250;545;Жаропрочная низколегированная сталь;27,1;По запросу;130410;Под заказ
Клапан (вентиль) запорный под приварку с электроприводом (ПЭМ-А9М У2) 999-20-ЭЧ DN 20 PN 25,0 МПа Т545 °С , корпус ст. 12Х1МФ;Энергетическая арматура;999-20-ЭЧ;Пар;От -60 до +40;УХЛ;В;ОТК;30;1000;12 месяцев со дня ввода в эксплуатацию, но не более 18 месяцев со дня отгрузки потребителю;Под приварку;С электроприводом;20;250;545;Жаропрочная низколегированная сталь;33,1;По запросу;162700;Под заказ
Клапан (вентиль) запорный под приварку с электроприводом (ЭП-З-100-24-А2-05-В-У1) 999-20-ЭН DN 20 PN 25,0 МПа Т545 °С , корпус ст. 12Х1МФ;Энергетическая арматура;999-20-ЭН;Пар;От -60 до +40;УХЛ;В;ОТК;30;1000;12 месяцев со дня ввода в эксплуатацию, но не более 18 месяцев со дня отгрузки потребителю;Под приварку;С электроприводом;20;250;545;Жаропрочная низколегированная сталь;24,1;По запросу;259740;Под заказ
Клапан (вентиль) запорный под приварку с электроприводом (AUMA SA10.2-F10-380/50/3-22) 999-20-ЭД DN 20 PN 25,0 МПа Т545 °С, корпус ст. 12Х1МФ ;Энергетическая арматура;999-20-ЭД;Пар;От -60 до +40;УХЛ;В;ОТК;30;1000;12 месяцев со дня ввода в эксплуатацию, но не более 18 месяцев со дня отгрузки потребителю;Под приварку;С электроприводом;20;250;545;Жаропрочная низколегированная сталь;34,1;По запросу;0;Под заказ
Клапан (вентиль) запорный под приварку с электроприводом (MODACT MON 52030.22E2N) 999-20-ЭК DN 20 PN 25,0 МПа Т545 °С, корпус ст. 12Х1МФ ;Энергетическая арматура;999-20-ЭК;Пар;От -60 до +40;УХЛ;В;ОТК;30;1000;12 месяцев со дня ввода в эксплуатацию, но не более 18 месяцев со дня отгрузки потребителю;Под приварку;С электроприводом;20;250;545;Жаропрочная низколегированная сталь;37,1;По запросу;0;Под заказ
Клапан (вентиль) запорный под приварку ручной 1с-13-31 DN 25 PN 25,0 МПа Т545 °С, корпус ст. 12Х1МФ;Энергетическая арматура;1с-13-31;Пар;От -60 до +40;УХЛ;В;ОТК;30;1000;12 месяцев со дня ввода в эксплуатацию, но не более 18 месяцев со дня отгрузки потребителю;Под приварку;Ручной;25;250;545;Жаропрочная низколегированная сталь;5,4;По запросу;33460;Под заказ
Клапан (вентиль) запорный под приварку ручной 1456-25-М DN 25 PN 10,0 МПа  Т250 °С, корпус ст. 20;Энергетическая арматура;1456-25-М;Вода - пар;От -60 до +40;ХЛ1;В;ОТК;30;1000;12 месяцев со дня ввода в эксплуатацию, но не более 18 месяцев со дня отгрузки потребителю;Под приварку;Ручной;25;100;280;Углеродистая сталь;5,2;По запросу;31940;Под заказ
Клапан (вентиль) запорный под приварку ручной 1с-11-31 DN 25 PN 10,0 МПа Т450 °С, корпус ст. 20;Энергетическая арматура; 1с-11-31;Вода - пар;от -45 до +40;У1;В;ОТК;30;1000;12 месяцев со дня ввода в эксплуатацию, но не более 18 месяцев со дня отгрузки потребителю;Под приварку;Ручной;25;100;450;Углеродистая сталь;5,4;По запросу;18920;Под заказ
Клапан (вентиль) запорный под приварку  с электроприводом (ГЗ-А.100/24 У1) 1с-11-31ЭГ DN 25 PN 10,0 МПа Т450 °С, корпус ст. 20;Энергетическая арматура;1с-11-31ЭГ;Вода - пар;от -45 до +40;У1;В;ОТК;30;1000;12 месяцев со дня ввода в эксплуатацию, но не более 18 месяцев со дня отгрузки потребителю;Под приварку;С электроприводом;25;100;450;Углеродистая сталь;48,1;По запросу;168160;Под заказ
Клапан (вентиль) запорный под приварку  с электроприводом (Н-А2-08К У2) 1с-11-31ЭМ DN 25 PN 10,0 МПа Т450 °С, корпус ст. 20;Энергетическая арматура;1с-11-31ЭМ;Вода - пар;от -45 до +40;У1;В;ОТК;30;1000;12 месяцев со дня ввода в эксплуатацию, но не более 18 месяцев со дня отгрузки потребителю;Под приварку;С электроприводом;25;100;450;Углеродистая сталь;30,1;По запросу;135400;Под заказ
Клапан (вентиль) запорный под приварку  с электроприводом (ПЭМ-А9М У2) 1с-11-31ЭЧ DN 25 PN 10,0 МПа Т450 °С, корпус ст. 20;Энергетическая арматура;1с-11-31ЭЧ;Вода - пар;от -45 до +40;У1;В;ОТК;30;1000;12 месяцев со дня ввода в эксплуатацию, но не более 18 месяцев со дня отгрузки потребителю;Под приварку;С электроприводом;25;100;450;Углеродистая сталь;33,1;По запросу;162550;Под заказ
Клапан (вентиль) запорный под приварку с электроприводом (ЭП-З-100-24-А2-05-В-У1) 1с-11-31ЭН DN 20 PN 10,0 МПа Т450 °С, корпус ст. 20;Энергетическая арматура;1с-11-31ЭН;Вода - пар;от -45 до +40;У1;В;ОТК;30;1000;12 месяцев со дня ввода в эксплуатацию, но не более 18 месяцев со дня отгрузки потребителю;Под приварку;С электроприводом;20;100;450;Углеродистая сталь;24,1;По запросу;260670;Под заказ
Клапан (вентиль) запорный под приварку с электроприводом (AUMA SA10.2-F10-380/50/3-22) 1с-11-31ЭД DN 25 PN 10,0 МПа Т450 °С, корпус ст. 20;Энергетическая арматура;1с-11-31ЭД;Вода - пар;от -45 до +40;У1;В;ОТК;30;1000;12 месяцев со дня ввода в эксплуатацию, но не более 18 месяцев со дня отгрузки потребителю;Под приварку;С электроприводом;20;100;450;Углеродистая сталь;34,1;По запросу;0;Под заказ
Клапан (вентиль) запорный под приварку с электроприводом (MODACT MON 52030.22E2N) 1с-11-31ЭК DN 25 PN 10,0 МПа Т450 °С, корпус ст. 20;Энергетическая арматура;1с-11-31ЭК;Вода - пар;от -45 до +40;У1;В;ОТК;30;1000;12 месяцев со дня ввода в эксплуатацию, но не более 18 месяцев со дня отгрузки потребителю;Под приварку;С электроприводом;20;100;450;Углеродистая сталь;37,1;По запросу;0;Под заказ
Клапан (вентиль) запорный под приварку ручной 1456-32-0 DN 32 PN 10,0 МПа  Т250 °С, корпус ст. 20;Энергетическая арматура;1456-32-0;Вода - пар;От -60 до +40;ХЛ1;В;ОТК;30;1000;12 месяцев со дня ввода в эксплуатацию, но не более 18 месяцев со дня отгрузки потребителю;Под приварку;Ручной;32;100;280;Углеродистая сталь;4,8;По запросу;74190;Под заказ
Клапан (вентиль) запорный под приварку ручной 1055-32-0 DN 32 PN 25,0 МПа Т545 °С, корпус ст. 12Х1МФ;Энергетическая арматура;1055-32-0;Пар;От -60 до +40;УХЛ;В;ОТК;30;1000;12 месяцев со дня ввода в эксплуатацию, но не более 18 месяцев со дня отгрузки потребителю;Под приварку;Ручной;32;250;545;Жаропрочная низколегированная сталь;39;По запросу;74190;Под заказ
Клапан (вентиль) запорный под приварку ручной 1с-13-32 DN 32 PN 25,0 МПа Т450 °С, корпус ст. 12Х1МФ;Энергетическая арматура;1с-13-32;Пар;От -60 до +40;УХЛ;В;ОТК;30;1000;12 месяцев со дня ввода в эксплуатацию, но не более 18 месяцев со дня отгрузки потребителю;Под приварку;Ручной;32;250;545;Жаропрочная низколегированная сталь;35,7;По запросу;74190;Под заказ
Клапан (вентиль) запорный под приварку с цилиндрическим редуктором 1055-32-ЦЗ DN 32 PN 25,0 МПа Т545 °С, корпус ст. 12Х1МФ;Энергетическая арматура;1055-32-ЦЗ;Пар;От -60 до +40;УХЛ;В;ОТК;30;1000;12 месяцев со дня ввода в эксплуатацию, но не более 18 месяцев со дня отгрузки потребителю;Под приварку;Ручной;32;250;545;Жаропрочная низколегированная сталь;60;По запросу;108320;Под заказ
Клапан (вентиль) запорный под приварку с электроприводом (792-Э-0а-01) 1055-32-Э DN 32 PN 25,0 МПа Т545 °С , корпус ст. 12Х1МФ;Энергетическая арматура;1055-32-Э;Пар;От -60 до +40;УХЛ;В;ОТК;30;1000;12 месяцев со дня ввода в эксплуатацию, но не более 18 месяцев со дня отгрузки потребителю;Под приварку;С электроприводом;32;250;545;Жаропрочная низколегированная сталь;106;По запросу;270810;Под заказ
Клапан (вентиль) запорный под приварку с электроприводом (ГЗ-Б.300/24 У1) 1055-32-ЭГ DN 32 PN 25,0 МПа Т545 °С , корпус ст. 12Х1МФ;Энергетическая арматура;1055-32-ЭГ;Пар;От -60 до +40;УХЛ;В;ОТК;30;1000;12 месяцев со дня ввода в эксплуатацию, но не более 18 месяцев со дня отгрузки потребителю;Под приварку;С электроприводом;32;250;545;Жаропрочная низколегированная сталь;87;По запросу;270810;Под заказ
Клапан (вентиль) запорный под приварку с электроприводом (Н-Б1-07 У2) 1055-32-ЭМ DN 32 PN 25,0 МПа Т545 °С , корпус ст. 12Х1МФ;Энергетическая арматура;1055-32-ЭМ;Пар;От -60 до +40;УХЛ;В;ОТК;30;1000;12 месяцев со дня ввода в эксплуатацию, но не более 18 месяцев со дня отгрузки потребителю;Под приварку;С электроприводом;32;250;545;Жаропрочная низколегированная сталь;89;По запросу;247100;Под заказ
Клапан (вентиль) запорный под приварку с электроприводом (ПЭМ-Б0М У2) 1055-32-ЭЧ DN 32 PN 25,0 МПа Т545 °С , корпус ст. 12Х1МФ;Энергетическая арматура;1055-32-ЭЧ;Пар;От -60 до +40;УХЛ;В;ОТК;30;1000;12 месяцев со дня ввода в эксплуатацию, но не более 18 месяцев со дня отгрузки потребителю;Под приварку;С электроприводом;32;250;545;Жаропрочная низколегированная сталь;70;По запросу;299980;Под заказ
Клапан (вентиль) запорный под приварку с электроприводом (ЭП-З-300-25-Б1-0-А-У1) 1055-32-ЭН DN 32 PN 25,0 МПа Т545 °С , корпус ст. 12Х1МФ;Энергетическая арматура;1055-32-ЭН;Пар;От -60 до +40;УХЛ;В;ОТК;30;1000;12 месяцев со дня ввода в эксплуатацию, но не более 18 месяцев со дня отгрузки потребителю;Под приварку;С электроприводом;32;250;545;Жаропрочная низколегированная сталь;72;По запросу;0;Под заказ
Клапан (вентиль) запорный под приварку с электроприводом (AUMA SA14.6-F14-380/50/3-22) 1055-32-ЭД DN 32 PN 25,0 МПа Т545 °С, корпус ст. 12Х1МФ;Энергетическая арматура;1055-32-ЭД;Пар;От -60 до +40;УХЛ;В;ОТК;30;1000;12 месяцев со дня ввода в эксплуатацию, но не более 18 месяцев со дня отгрузки потребителю;Под приварку;С электроприводом;32;250;545;Жаропрочная низколегированная сталь;80;По запросу;0;Под заказ
Клапан (вентиль) запорный под приварку с электроприводом (MODACT MON 52032.12J2N) 1055-32-ЭК DN 32 PN 25,0 МПа Т545 °С, корпус ст. 12Х1МФ;Энергетическая арматура;1055-32-ЭК;Пар;От -60 до +40;УХЛ;В;ОТК;30;1000;12 месяцев со дня ввода в эксплуатацию, но не более 18 месяцев со дня отгрузки потребителю;Под приварку;С электроприводом;32;250;545;Жаропрочная низколегированная сталь;91;По запросу;0;Под заказ
Клапан (вентиль) запорный под приварку ручной 1с-12-4 DN 32 PN 10,0 МПа Т450 °С, корпус ст. 20;Энергетическая арматура;1с-12-4;Вода - пар;от -45 до +40;У1;В;ОТК;30;1000;12 месяцев со дня ввода в эксплуатацию, но не более 18 месяцев со дня отгрузки потребителю;Под приварку;Ручной;32;100;450;Углеродистая сталь;6,1;По запросу;33630;Под заказ
Клапан (вентиль) запорный под приварку с электроприводом (ГЗ-А.100/24 У1) 1с-12-4ЭГ DN 32 PN 10,0 МПа Т450 °С , корпус ст. 20;Энергетическая арматура;1с-12-4ЭГ;Вода - пар;от -45 до +40;У1;В;ОТК;30;1000;12 месяцев со дня ввода в эксплуатацию, но не более 18 месяцев со дня отгрузки потребителю;Под приварку;С электроприводом;32;100;450;Углеродистая сталь;48,8;По запросу;142740;Под заказ
Клапан (вентиль) запорный под приварку с электроприводом (Н-А2-08К У2) 1с-12-4ЭМ DN 32 PN 10,0 МПа Т450 °С , корпус ст. 20;Энергетическая арматура;1с-12-4ЭМ;Вода - пар;от -45 до +40;У1;В;ОТК;30;1000;12 месяцев со дня ввода в эксплуатацию, но не более 18 месяцев со дня отгрузки потребителю;Под приварку;С электроприводом;32;100;450;Углеродистая сталь;30,8;По запросу;139770;Под заказ
Клапан (вентиль) запорный под приварку с электроприводом (ПЭМ-А9М У2) 1с-12-4ЭЧ DN 32 PN 10,0 МПа Т450 °С , корпус ст. 20;Энергетическая арматура;1с-12-4ЭЧ;Вода - пар;от -45 до +40;У1;В;ОТК;30;1000;12 месяцев со дня ввода в эксплуатацию, но не более 18 месяцев со дня отгрузки потребителю;Под приварку;С электроприводом;32;100;450;Углеродистая сталь;33,8;По запросу;159900;Под заказ
Клапан (вентиль) запорный под приварку с электроприводом (ЭП-З-100-24-А2-05-В-У1) 1с-12-4ЭН DN 32 PN 10,0 МПа Т450 °С , корпус ст. 20;Энергетическая арматура;1с-12-4ЭН;Вода - пар;от -45 до +40;У1;В;ОТК;30;1000;12 месяцев со дня ввода в эксплуатацию, но не более 18 месяцев со дня отгрузки потребителю;Под приварку;С электроприводом;32;100;450;Углеродистая сталь;24,8;По запросу;0;Под заказ
Клапан (вентиль) запорный под приварку с электроприводом (MODACT MON 52030.22E2N) 1с-12-4ЭК DN 32 PN 10,0 МПа Т450 °С, корпус ст. 20;Энергетическая арматура;1с-12-4ЭК;Вода - пар;от -45 до +40;У1;В;ОТК;30;1000;12 месяцев со дня ввода в эксплуатацию, но не более 18 месяцев со дня отгрузки потребителю;Под приварку;С электроприводом;32;100;450;Углеродистая сталь;37,8;По запросу;0;Под заказ
Клапан (вентиль) запорный под приварку с электроприводом (AUMA SA10.2-F10-380/50/3-22) 1с-12-4ЭД DN 32 PN 10,0 МПа Т450 °С, корпус ст. 20;Энергетическая арматура;1с-12-4ЭД;Вода - пар;от -45 до +40;У1;В;ОТК;30;1000;12 месяцев со дня ввода в эксплуатацию, но не более 18 месяцев со дня отгрузки потребителю;Под приварку;С электроприводом;32;100;450;Углеродистая сталь;34,8;По запросу;0;Под заказ
Клапан (вентиль) запорный под приварку ручной 1055-40-0 DN 40 PN 25,0 МПа Т545 °С, корпус ст. 12Х1МФ;Энергетическая арматура;1055-40-0;Пар;От -60 до +40;УХЛ;В;ОТК;30;1000;12 месяцев со дня ввода в эксплуатацию, но не более 18 месяцев со дня отгрузки потребителю;Под приварку;Ручной;40;250;545;Жаропрочная низколегированная сталь;39;По запросу;76050;Под заказ
Клапан (вентиль) запорный под приварку ручной 1054-40-0 DN 40 PN 37,3 МПа Т280 °С, корпус ст. 20;Энергетическая арматура;1054-40-0;Вода;от -45 до +40;У1;В;ОТК;30;1000;12 месяцев со дня ввода в эксплуатацию, но не более 18 месяцев со дня отгрузки потребителю;Под приварку;Ручной;40;373;280;Углеродистая сталь;39;По запросу;70130;Под заказ
Клапан (вентиль) запорный под приварку с цилиндрическим редуктором 1054-40-ЦЗ DN 40 PN 37,3 МПа Т280 °С, корпус ст. 20;Энергетическая арматура;1054-40-ЦЗ;Вода;от -45 до +40;У1;В;ОТК;30;1000;12 месяцев со дня ввода в эксплуатацию, но не более 18 месяцев со дня отгрузки потребителю;Под приварку;Ручной;40;373;280;Углеродистая сталь;59;По запросу;117280;Под заказ
Клапан (вентиль) запорный под приварку с электроприводом (792-Э-0а-01) 1054-40-Э DN 40 PN 37,3 МПа Т280 °С , корпус ст. 20;Энергетическая арматура;1054-40-Э;Вода;от -45 до +40;У1;В;ОТК;30;1000;12 месяцев со дня ввода в эксплуатацию, но не более 18 месяцев со дня отгрузки потребителю;Под приварку;С электроприводом;40;373;280;Углеродистая сталь;108;По запросу;261300;Под заказ
Клапан (вентиль) запорный под приварку с электроприводом (ГЗ-Б.300/24 У1) 1054-40-ЭГ DN 40 PN 37,3 МПа Т280 °С , корпус ст. 20;Энергетическая арматура;1054-40-ЭГ;Вода;от -45 до +40;У1;В;ОТК;30;1000;12 месяцев со дня ввода в эксплуатацию, но не более 18 месяцев со дня отгрузки потребителю;Под приварку;С электроприводом;40;373;280;Углеродистая сталь;87;По запросу;286720;Под заказ
Клапан (вентиль) запорный под приварку с электроприводом (Н-Б1-07 У2) 1054-40-ЭМ DN 40 PN 37,3 МПа Т280 °С , корпус ст. 20;Энергетическая арматура;1054-40-ЭМ;Вода;от -45 до +40;У1;В;ОТК;30;1000;12 месяцев со дня ввода в эксплуатацию, но не более 18 месяцев со дня отгрузки потребителю;Под приварку;С электроприводом;40;373;280;Углеродистая сталь;89;По запросу;231660;Под заказ
Клапан (вентиль) запорный под приварку с электроприводом (ПЭМ-Б0М У2) 1054-40-ЭЧ DN 40 PN 37,3 МПа Т280 °С , корпус ст. 20;Энергетическая арматура; 1054-40-ЭЧ;Вода;от -45 до +40;У1;В;ОТК;30;1000;12 месяцев со дня ввода в эксплуатацию, но не более 18 месяцев со дня отгрузки потребителю;Под приварку;С электроприводом;40;373;280;Углеродистая сталь;70;По запросу;268940;Под заказ
Клапан (вентиль) запорный под приварку с электроприводом (ЭП-З-300-25-Б1-0-А-У1) 1054-40-ЭН DN 40 PN 37,3 МПа Т280 °С , корпус ст. 20;Энергетическая арматура;1054-40-ЭН;Вода;от -45 до +40;У1;В;ОТК;30;1000;12 месяцев со дня ввода в эксплуатацию, но не более 18 месяцев со дня отгрузки потребителю;Под приварку;С электроприводом;40;373;280;Углеродистая сталь;72;По запросу;0;Под заказ
Клапан (вентиль) запорный под приварку с электроприводом (MODACT MON 52032.12J2N) 1054-40-ЭК DN 40 PN 37,3 МПа Т280 °С, корпус ст. 20;Энергетическая арматура;1054-40-ЭК;Вода;от -45 до +40;У1;В;ОТК;30;1000;12 месяцев со дня ввода в эксплуатацию, но не более 18 месяцев со дня отгрузки потребителю;Под приварку;С электроприводом;40;373;280;Углеродистая сталь;82;По запросу;0;Под заказ
Клапан (вентиль) запорный под приварку с электроприводом (AUMA SA14.6-F14-380/50/3-22) 1054-40-ЭД DN 40 PN 37,3 МПа Т280 °С, корпус ст. 20;Энергетическая арматура;1054-40-ЭД;Вода;от -45 до +40;У1;В;ОТК;30;1000;12 месяцев со дня ввода в эксплуатацию, но не более 18 месяцев со дня отгрузки потребителю;Под приварку;С электроприводом;40;373;280;Углеродистая сталь;80;По запросу;0;Под заказ
Клапан (вентиль) запорный под приварку ручной 1054-50-0 DN 50 PN 37,3 МПа Т280 °С, корпус ст. 20;Энергетическая арматура;1054-50-0;Вода;от -45 до +40;У1;В;ОТК;30;1000;12 месяцев со дня ввода в эксплуатацию, но не более 18 месяцев со дня отгрузки потребителю;Под приварку;Ручной;50;373;280;Углеродистая сталь;42;По запросу;63540;Под заказ
Клапан (вентиль) запорный под приварку ручной 1053-50-0 DN 50 PN 13,7 МПа Т560 °С, корпус ст. 12Х1МФ;Энергетическая арматура;1053-50-0;Пар;От -60 до +40;УХЛ;В;ОТК;30;1000;12 месяцев со дня ввода в эксплуатацию, но не более 18 месяцев со дня отгрузки потребителю;Под приварку;Ручной;50;137;560;Жаропрочная низколегированная сталь;42;По запросу;77230;Под заказ
Клапан (вентиль) запорный под приварку ручной 1с-15-5 DN 50 PN 13,7 МПа Т560 °С, корпус ст. 12Х1МФ;Энергетическая арматура;1с-15-5;Пар;От -60 до +40;УХЛ;В;ОТК;30;1000;12 месяцев со дня ввода в эксплуатацию, но не более 18 месяцев со дня отгрузки потребителю;Под приварку;Ручной;50;137;560;Жаропрочная низколегированная сталь;42;По запросу;77230;Под заказ
Клапан (вентиль) запорный под приварку ручной 1с-13-5 DN 50 PN 13,7 МПа Т560 °С, корпус ст. 12Х1МФ;Энергетическая арматура;1с-13-5;Пар;От -60 до +40;УХЛ;В;ОТК;30;1000;12 месяцев со дня ввода в эксплуатацию, но не более 18 месяцев со дня отгрузки потребителю;Под приварку;Ручной;50;137;560;Жаропрочная низколегированная сталь;42;По запросу;77230;Под заказ
Клапан (вентиль) запорный под приварку с цилиндрическим редуктором 1053-50-ЦЗ DN 50 PN 13,7 МПа Т560 °С, корпус ст. 12Х1МФ;Энергетическая арматура;1053-50-ЦЗ;Пар;От -60 до +40;УХЛ;В;ОТК;30;1000;12 месяцев со дня ввода в эксплуатацию, но не более 18 месяцев со дня отгрузки потребителю;Под приварку;Ручной;50;137;560;Жаропрочная низколегированная сталь;62;По запросу;123370;Под заказ
Клапан (вентиль) запорный под приварку с цилиндрическим редуктором 1053-50-ЦЗ DN 50 PN 13,7 МПа Т560 °С, корпус ст. 12Х1МФ;Энергетическая арматура;1053-50-ЦЗ;Пар;От -60 до +40;УХЛ;В;ОТК;30;1000;12 месяцев со дня ввода в эксплуатацию, но не более 18 месяцев со дня отгрузки потребителю;Под приварку;Ручной;50;137;560;Жаропрочная низколегированная сталь;62;По запросу;123370;Под заказ
Клапан (вентиль) запорный под приварку с электроприводом (792-Э-0а-01) 1053-50-Э DN 50 PN 13,7 МПа Т560 °С , корпус ст. 12Х1МФ;Энергетическая арматура;1053-50-Э;Пар;От -60 до +40;УХЛ;В;ОТК;30;1000;12 месяцев со дня ввода в эксплуатацию, но не более 18 месяцев со дня отгрузки потребителю;Под приварку;С электроприводом;50;137;560;Жаропрочная низколегированная сталь;109;По запросу;279080;Под заказ
Клапан (вентиль) запорный под приварку с электроприводом (ГЗ-Б.300/24 У1) 1053-50-ЭГ DN 50 PN 13,7 МПа Т560 °С , корпус ст. 12Х1МФ;Энергетическая арматура;1053-50-ЭГ;Пар;От -60 до +40;УХЛ;В;ОТК;30;1000;12 месяцев со дня ввода в эксплуатацию, но не более 18 месяцев со дня отгрузки потребителю;Под приварку;С электроприводом;50;137;560;Жаропрочная низколегированная сталь;95;По запросу;280170;Под заказ
Клапан (вентиль) запорный под приварку с электроприводом (Н-Б1-07 У2) 1053-50-ЭМ DN 50 PN 13,7 МПа Т560 °С , корпус ст. 12Х1МФ;Энергетическая арматура;1053-50-ЭМ;Пар;От -60 до +40;УХЛ;В;ОТК;30;1000;12 месяцев со дня ввода в эксплуатацию, но не более 18 месяцев со дня отгрузки потребителю;Под приварку;С электроприводом;50;137;560;Жаропрочная низколегированная сталь;92;По запросу;248820;Под заказ
Клапан (вентиль) запорный под приварку с электроприводом (ПЭМ-Б0М У2) 1053-50-ЭЧ DN 50 PN 13,7 МПа Т560 °С , корпус ст. 12Х1МФ;Энергетическая арматура;1053-50-ЭЧ;Пар;От -60 до +40;УХЛ;В;ОТК;30;1000;12 месяцев со дня ввода в эксплуатацию, но не более 18 месяцев со дня отгрузки потребителю;Под приварку;С электроприводом;50;137;560;Жаропрочная низколегированная сталь;78;По запросу;277990;Под заказ
Клапан (вентиль) запорный под приварку с электроприводом (ЭП-З-300-25-Б1-0-А-У1) 1053-50-ЭН DN 50 PN 13,7 МПа Т560 °С , корпус ст. 12Х1МФ;Энергетическая арматура;1053-50-ЭН;Пар;От -60 до +40;УХЛ;В;ОТК;30;1000;12 месяцев со дня ввода в эксплуатацию, но не более 18 месяцев со дня отгрузки потребителю;Под приварку;С электроприводом;50;137;560;Жаропрочная низколегированная сталь;74;По запросу;0;Под заказ
Клапан (вентиль) запорный под приварку с электроприводом (AUMA SA14.6-F14-380/50/3-22) 1053-50-ЭД DN 50 PN 13,7 МПа Т560 °С, корпус ст. 12Х1МФ;Энергетическая арматура;1053-50-ЭД;Пар;От -60 до +40;УХЛ;В;ОТК;30;1000;12 месяцев со дня ввода в эксплуатацию, но не более 18 месяцев со дня отгрузки потребителю;Под приварку;С электроприводом;50;137;560;Жаропрочная низколегированная сталь;88;По запросу;0;Под заказ
Клапан (вентиль) запорный под приварку с электроприводом (MODACT MON 52032.12J2N) 1053-50-ЭК DN 50 PN 13,7 МПа Т560 °С, корпус ст. 12Х1МФ;Энергетическая арматура;1053-50-ЭК;Пар;От -60 до +40;УХЛ;В;ОТК;30;1000;12 месяцев со дня ввода в эксплуатацию, но не более 18 месяцев со дня отгрузки потребителю;Под приварку;С электроприводом;50;137;560;Жаропрочная низколегированная сталь;90;По запросу;0;Под заказ
Клапан (вентиль) запорный под приварку с цилиндрическим редуктором 1456-50-ЦЗ DN 50 PN 10,0 МПа  Т250 °С, корпус ст. 20;Энергетическая арматура;1456-50-ЦЗ;Вода - пар;От -60 до +40;ХЛ1;В;ОТК;30;1000;12 месяцев со дня ввода в эксплуатацию, но не более 18 месяцев со дня отгрузки потребителю;Под приварку;Ручной;50;100;250;Углеродистая сталь;62;По запросу;82810;Под заказ
Клапан (вентиль) запорный под приварку ручной 1456-50-0 DN 50 PN 10,0 МПа  Т250 °С, корпус ст. 20;Энергетическая арматура;1456-50-0;Вода - пар;От -60 до +40;ХЛ1;В;ОТК;30;1000;12 месяцев со дня ввода в эксплуатацию, но не более 18 месяцев со дня отгрузки потребителю;Под приварку;Ручной;50;100;250;Углеродистая сталь;42;По запросу;63540;Под заказ
Клапан (вентиль) запорный под приварку с электроприводом (ПЭМ-А9М) 1456-50-ЭЧ DN 50 PN 10,0 МПа  Т250 °С, корпус ст. 20;Энергетическая арматура;1456-50-ЭЧ;Вода - пар;От -60 до +40;ХЛ1;В;ОТК;30;1000;12 месяцев со дня ввода в эксплуатацию, но не более 18 месяцев со дня отгрузки потребителю;Под приварку;С электроприводом;50;100;250;Углеродистая сталь;78;По запросу;143670;Под заказ
Клапан (вентиль) запорный под приварку с электроприводом (Н-А2-08К) 1456-50-ЭМ DN 50 PN 10,0 МПа  Т250 °С, корпус ст. 20;Энергетическая арматура;1456-50-ЭМ;Вода - пар;От -60 до +40;ХЛ1;В;ОТК;30;1000;12 месяцев со дня ввода в эксплуатацию, но не более 18 месяцев со дня отгрузки потребителю;Под приварку;С электроприводом;50;100;250;Углеродистая сталь;92;По запросу;145700;Под заказ
Клапан (вентиль) запорный под приварку с электроприводом (ГЗ-А.100/24) 1456-50-ЭГ DN 50 PN 10,0 МПа  Т250 °С, корпус ст. 20;Энергетическая арматура;1456-50-ЭГ;Вода - пар;От -60 до +40;ХЛ1;В;ОТК;30;1000;12 месяцев со дня ввода в эксплуатацию, но не более 18 месяцев со дня отгрузки потребителю;Под приварку;С электроприводом;50;100;250;Углеродистая сталь;95;По запросу;202170;Под заказ
Клапан (вентиль) запорный под приварку с электроприводом (ЭП-З-100-24-А2-05-В) 1456-50-ЭН DN 50 PN 10,0 МПа  Т250 °С, корпус ст. 20;Энергетическая арматура;1456-50-ЭН;Вода - пар;От -60 до +40;ХЛ1;В;ОТК;30;1000;12 месяцев со дня ввода в эксплуатацию, но не более 18 месяцев со дня отгрузки потребителю;Под приварку;С электроприводом;50;100;250;Углеродистая сталь;74;По запросу;0;Под заказ
Клапан (вентиль) запорный под приварку с электроприводом (AUMA SA10.2-F10-380/50/3-22) 1456-50-ЭД DN 50 PN 10,0 МПа  Т250 °С, корпус ст. 20;Энергетическая арматура;1456-50-ЭД;Вода - пар;От -60 до +40;ХЛ1;В;ОТК;30;1000;12 месяцев со дня ввода в эксплуатацию, но не более 18 месяцев со дня отгрузки потребителю;Под приварку;С электроприводом;50;100;250;Углеродистая сталь;88;По запросу;0;Под заказ
Клапан (вентиль) запорный под приварку с электроприводом (MODACT MON 52030.22E2N) 1456-50-ЭК DN 50 PN 10,0 МПа  Т250 °С, корпус ст. 20;Энергетическая арматура;1456-50-ЭК;Вода - пар;От -60 до +40;ХЛ1;В;ОТК;30;1000;12 месяцев со дня ввода в эксплуатацию, но не более 18 месяцев со дня отгрузки потребителю;Под приварку;С электроприводом;50;100;250;Углеродистая сталь;90;По запросу;0;Под заказ
Клапан (вентиль) запорный под приварку ручной 1456-50-М DN 50 PN 10,0 МПа  Т250 °С, корпус ст. 20;Энергетическая арматура;1456-50-М;Вода - пар;от -45 до +40;У1;В;ОТК;30;1000;12 месяцев со дня ввода в эксплуатацию, но не более 18 месяцев со дня отгрузки потребителю;Под приварку;Ручной;50;63;250;Углеродистая сталь;42;По запросу;63540;Под заказ
Клапан (вентиль) запорный под приварку ручной 1522-50-М DN 50 PN 6,3 МПа Т425 °С, корпус ст. 20;Энергетическая арматура;1522-50-М;Вода - пар;от -45 до +40;У1;В;ОТК;30;1000;12 месяцев со дня ввода в эксплуатацию, но не более 18 месяцев со дня отгрузки потребителю;Под приварку;Ручной;50;63;425;Углеродистая сталь;42;По запросу;63540;Под заказ
Клапан (вентиль) запорный под приварку ручной 1с-11-5 DN 50 PN 6,3 МПа Т425 °С, корпус ст. 20;Энергетическая арматура;1с-11-5;Вода - пар;от -45 до +40;У1;В;ОТК;30;1000;12 месяцев со дня ввода в эксплуатацию, но не более 18 месяцев со дня отгрузки потребителю;Под приварку;Ручной;50;63;425;Углеродистая сталь;9,6;По запросу;63540;Под заказ
Клапан (вентиль) запорный под приварку ручной 1с-11-5М DN 50 PN 10,0 МПа 450 °С, корпус ст. 20;Энергетическая арматура;1с-11-5М;Вода - пар;от -45 до +40;У1;В;ОТК;30;1000;12 месяцев со дня ввода в эксплуатацию, но не более 18 месяцев со дня отгрузки потребителю;Под приварку;Ручной;50;100;450;Углеродистая сталь;9,6;По запросу;63540;Под заказ
Клапан (вентиль) запорный под приварку с электроприводом (ГЗ-А.100/24 У1) 1с-11-5ЭГ DN 50 PN 6,3 МПа Т425 °С , корпус ст. 20;Энергетическая арматура;1с-11-5ЭГ;Вода - пар;от -45 до +40;У1;В;ОТК;30;1000;12 месяцев со дня ввода в эксплуатацию, но не более 18 месяцев со дня отгрузки потребителю;Под приварку;С электроприводом;50;63;425;Углеродистая сталь;50,5;По запросу;214500;Под заказ
Клапан (вентиль) запорный под приварку с электроприводом (Н-А2-08К У2) 1с-11-5ЭМ DN 50 PN 6,3 МПа Т425 °С , корпус ст. 20;Энергетическая арматура;1с-11-5ЭМ;Вода - пар;от -45 до +40;У1;В;ОТК;30;1000;12 месяцев со дня ввода в эксплуатацию, но не более 18 месяцев со дня отгрузки потребителю;Под приварку;С электроприводом;50;63;425;Углеродистая сталь;32,5;По запросу;153660;Под заказ
Клапан (вентиль) запорный под приварку с электроприводом (ПЭМ-А9М У2) 1с-11-5ЭЧ DN 50 PN 6,3 МПа Т425 °С , корпус ст. 20;Энергетическая арматура;1с-11-5ЭЧ;Вода - пар;от -45 до +40;У1;В;ОТК;30;1000;12 месяцев со дня ввода в эксплуатацию, но не более 18 месяцев со дня отгрузки потребителю;Под приварку;С электроприводом;50;63;425;Углеродистая сталь;35,5;По запросу;156930;Под заказ
Клапан (вентиль) запорный под приварку с электроприводом (ЭП-З-100-24-А2-05-В-У1) 1с-11-5ЭН DN 50 PN 6,3 МПа Т425 °С , корпус ст. 20;Энергетическая арматура;1с-11-5ЭН;Вода - пар;от -45 до +40;У1;В;ОТК;30;1000;12 месяцев со дня ввода в эксплуатацию, но не более 18 месяцев со дня отгрузки потребителю;Под приварку;С электроприводом;50;63;425;Углеродистая сталь;26,5;По запросу;0;Под заказ
Клапан (вентиль) запорный под приварку с электроприводом (AUMA SA10.2-F10-380/50/3-22) 1с-11-5ЭД DN 50 PN 6,3 МПа Т425 °С, корпус ст. 20;Энергетическая арматура;1с-11-5ЭД;Вода - пар;от -45 до +40;У1;В;ОТК;30;1000;12 месяцев со дня ввода в эксплуатацию, но не более 18 месяцев со дня отгрузки потребителю;Под приварку;С электроприводом;50;63;425;Углеродистая сталь;36,5;По запросу;0;Под заказ
Клапан (вентиль) запорный под приварку с электроприводом (MODACT MON 52030.22E2N) 1с-11-5ЭК DN 50 PN 6,3 МПа Т425 °С, корпус ст. 20;Энергетическая арматура;1с-11-5ЭК;Вода - пар;от -45 до +40;У1;В;ОТК;30;1000;12 месяцев со дня ввода в эксплуатацию, но не более 18 месяцев со дня отгрузки потребителю;Под приварку;С электроприводом;50;63;425;Углеродистая сталь;39,5;По запросу;0;Под заказ
Клапан (вентиль) запорный под приварку ручной 1с-12-5 DN 50 PN 25,0 МПа Т350 °С, корпус ст. 20;Энергетическая арматура;1с-12-5;Вода - пар;от -45 до +40;У1;В;ОТК;30;1000;12 месяцев со дня ввода в эксплуатацию, но не более 18 месяцев со дня отгрузки потребителю;Под приварку;Ручной;50;250;350;Углеродистая сталь;34;По запросу;70300;Под заказ
Клапан (вентиль) запорный под приварку с цилиндрическим редуктором 1с-12-5ЦЗ DN 50 PN 25,0 МПа Т350 °С, корпус ст. 20;Энергетическая арматура;1с-12-5ЦЗ;Вода - пар;от -45 до +40;У1;В;ОТК;30;1000;12 месяцев со дня ввода в эксплуатацию, но не более 18 месяцев со дня отгрузки потребителю;Под приварку;Ручной;50;250;350;Углеродистая сталь;60;По запросу;107140;Под заказ
Клапан (вентиль) запорный под приварку с электроприводом (ГЗ-Б.300/24 У1) 1с-12-5ЭГ DN 50 PN 25,0 МПа Т350 °С , корпус ст. 20;Энергетическая арматура;1с-12-5ЭГ;Вода - пар;от -45 до +40;У1;В;ОТК;30;1000;12 месяцев со дня ввода в эксплуатацию, но не более 18 месяцев со дня отгрузки потребителю;Под приварку;С электроприводом;50;250;350;Углеродистая сталь;95;По запросу;305130;Под заказ
Клапан (вентиль) запорный под приварку с электроприводом (Н-Б1-07 У2) 1с-12-5ЭМ DN 50 PN 25,0 МПа Т350 °С , корпус ст. 20;Энергетическая арматура;1с-12-5ЭМ;Вода - пар;от -45 до +40;У1;В;ОТК;30;1000;12 месяцев со дня ввода в эксплуатацию, но не более 18 месяцев со дня отгрузки потребителю;Под приварку;С электроприводом;50;250;350;Углеродистая сталь;104;По запросу;234620;Под заказ
Клапан (вентиль) запорный под приварку с электроприводом (ПЭМ-Б0М У2) 1с-12-5ЭЧ DN 50 PN 25,0 МПа Т350 °С , корпус ст. 20;Энергетическая арматура;1с-12-5ЭЧ;Вода - пар;от -45 до +40;У1;В;ОТК;30;1000;12 месяцев со дня ввода в эксплуатацию, но не более 18 месяцев со дня отгрузки потребителю;Под приварку;С электроприводом;50;250;350;Углеродистая сталь;70;По запросу;240700;Под заказ
Клапан (вентиль) запорный под приварку с электроприводом (ЭП-З-300-25-Б1-0-А-У1) 1с-12-5ЭН DN 50 PN 25,0 МПа Т350 °С , корпус ст. 20;Энергетическая арматура;1с-12-5ЭН;Вода - пар;от -45 до +40;У1;В;ОТК;30;1000;12 месяцев со дня ввода в эксплуатацию, но не более 18 месяцев со дня отгрузки потребителю;Под приварку;С электроприводом;50;250;350;Углеродистая сталь;80;По запросу;0;Под заказ
Клапан (вентиль) запорный под приварку с электроприводом (AUMA SA14.6-F14-380/50/3-22) 1с-12-5ЭД DN 50 PN 25,0 МПа Т350 °С, корпус ст. 20;Энергетическая арматура;1с-12-5ЭД;Вода - пар;от -45 до +40;У1;В;ОТК;30;1000;12 месяцев со дня ввода в эксплуатацию, но не более 18 месяцев со дня отгрузки потребителю;Под приварку;С электроприводом;50;250;350;Углеродистая сталь;80;По запросу;0;Под заказ
Клапан (вентиль) запорный под приварку с электроприводом (MODACT MON 52032.12J2N) 1с-12-5ЭК DN 50 PN 25,0 МПа Т350 °С , корпус ст. 20;Энергетическая арматура;1с-12-5ЭК;Вода - пар;от -45 до +40;У1;В;ОТК;30;1000;12 месяцев со дня ввода в эксплуатацию, но не более 18 месяцев со дня отгрузки потребителю;Под приварку;С электроприводом;50;250;350;Углеродистая сталь;82;По запросу;0;Под заказ
Клапан (вентиль) запорный под приварку ручной 1052-65-0 DN 65 PN 23,5 МПа Т250 °С, корпус ст. 20;Энергетическая арматура;1052-65-0;Вода;от -45 до +40;У1;В;ОТК;30;1000;12 месяцев со дня ввода в эксплуатацию, но не более 18 месяцев со дня отгрузки потребителю;Под приварку;Ручной;65;235;250;Углеродистая сталь;42;По запросу;84330;Под заказ
Клапан (вентиль) запорный под приварку с цилиндрическим редуктором 1052-65-ЦЗ DN 65 PN 23,5 МПа Т250 °С, корпус ст. 20;Энергетическая арматура;1052-65-ЦЗ;Вода;от -45 до +40;У1;В;ОТК;30;1000;12 месяцев со дня ввода в эксплуатацию, но не более 18 месяцев со дня отгрузки потребителю;Под приварку;Ручной;65;235;250;Углеродистая сталь;62;По запросу;120830;Под заказ
Клапан (вентиль) запорный под приварку с электроприводом (792-Э-0а-01) 1052-65-Э DN 65 PN 23,5 МПа Т250 °С , корпус ст. 20;Энергетическая арматура;1052-65-Э;Вода;от -45 до +40;У1;В;ОТК;30;1000;12 месяцев со дня ввода в эксплуатацию, но не более 18 месяцев со дня отгрузки потребителю;Под приварку;С электроприводом;65;235;250;Углеродистая сталь;115;По запросу;252720;Под заказ
Клапан (вентиль) запорный под приварку с электроприводом (ГЗ-Б.300/24 У1) 1052-65-ЭГ DN 65 PN 23,5 МПа Т250 °С , корпус ст. 20;Энергетическая арматура;1052-65-ЭГ;Вода;от -45 до +40;У1;В;ОТК;30;1000;12 месяцев со дня ввода в эксплуатацию, но не более 18 месяцев со дня отгрузки потребителю;Под приварку;С электроприводом;65;235;250;Углеродистая сталь;92;По запросу;286720;Под заказ
Клапан (вентиль) запорный под приварку с электроприводом (Н-Б1-07 У2) 1052-65-ЭМ DN 65 PN 23,5 МПа Т250 °С , корпус ст. 20;Энергетическая арматура;1052-65-ЭМ;Вода;от -45 до +40;У1;В;ОТК;30;1000;12 месяцев со дня ввода в эксплуатацию, но не более 18 месяцев со дня отгрузки потребителю;Под приварку;С электроприводом;65;235;250;Углеродистая сталь;92;По запросу;261760;Под заказ
Клапан (вентиль) запорный под приварку с электроприводом (ПЭМ-Б0М У2) 1052-65-ЭЧ DN 65 PN 23,5 МПа Т250 °С , корпус ст. 20;Энергетическая арматура;1052-65-ЭЧ;Вода;от -45 до +40;У1;В;ОТК;30;1000;12 месяцев со дня ввода в эксплуатацию, но не более 18 месяцев со дня отгрузки потребителю;Под приварку;С электроприводом;65;235;250;Углеродистая сталь;78;По запросу;268940;Под заказ
Клапан (вентиль) запорный под приварку с электроприводом (ЭП-З-300-25-Б1-0-А-У1) 1052-65-ЭН DN 65 PN 23,5 МПа Т250 °С , корпус ст. 20;Энергетическая арматура;1052-65-ЭН;Вода;от -45 до +40;У1;В;ОТК;30;1000;12 месяцев со дня ввода в эксплуатацию, но не более 18 месяцев со дня отгрузки потребителю;Под приварку;С электроприводом;65;235;250;Углеродистая сталь;74;По запросу;0;Под заказ
Клапан (вентиль) запорный под приварку с электроприводом (AUMA SA14.6-F14-380/50/3-22) 1052-65-ЭД DN 65 PN 23,5 МПа Т250 °С, корпус ст. 20;Энергетическая арматура;1052-65-ЭД;Вода;от -45 до +40;У1;В;ОТК;30;1000;12 месяцев со дня ввода в эксплуатацию, но не более 18 месяцев со дня отгрузки потребителю;Под приварку;С электроприводом;65;235;250;Углеродистая сталь;88;По запросу;0;Под заказ
Клапан (вентиль) запорный под приварку с электроприводом (MODACT MON 52032.12J2N) 1052-65-ЭК DN 65 PN 23,5 МПа Т250 °С, корпус ст. 20;Энергетическая арматура;1052-65-ЭК;Вода;от -45 до +40;У1;В;ОТК;30;1000;12 месяцев со дня ввода в эксплуатацию, но не более 18 месяцев со дня отгрузки потребителю;Под приварку;С электроприводом;65;235;250;Углеродистая сталь;90;По запросу;0;Под заказ
Клапан (вентиль) запорный под приварку ручной 1057-65-0 DN 65 PN 9,8 МПа Т540 °С, корпус ст. 12Х1МФ;Энергетическая арматура;1057-65-0;Пар;От -60 до +40;УХЛ;В;ОТК;30;1000;12 месяцев со дня ввода в эксплуатацию, но не более 18 месяцев со дня отгрузки потребителю;Под приварку;Ручной;65;98;540;Жаропрочная низколегированная сталь;42;По запросу;91590;Под заказ
Клапан (вентиль) запорный под приварку ручной 1с-15-6 DN 65 PN 9,8 МПа Т540 °С, корпус ст. 12Х1МФ;Энергетическая арматура;1с-15-6;Пар;От -60 до +40;УХЛ;В;ОТК;30;1000;12 месяцев со дня ввода в эксплуатацию, но не более 18 месяцев со дня отгрузки потребителю;Под приварку;Ручной;65;98;540;Жаропрочная низколегированная сталь;42;По запросу;91590;Под заказ
Клапан (вентиль) запорный под приварку с цилиндрическим редуктором 1057-65-ЦЗ DN 65 PN 9,8 МПа Т540 °С, корпус ст. 12Х1МФ;Энергетическая арматура;1057-65-ЦЗ;Пар;От -60 до +40;УХЛ;В;ОТК;30;1000;12 месяцев со дня ввода в эксплуатацию, но не более 18 месяцев со дня отгрузки потребителю;Под приварку;Ручной;65;98;540;Жаропрочная низколегированная сталь;62;По запросу;137730;Под заказ
Клапан (вентиль) запорный под приварку с электроприводом (Н-Б1-07 У2) 1с-13-65ЭМ DN 65 PN 9,8 МПа Т540 °С, корпус ст. 12Х1МФ;Энергетическая арматура;1с-13-65ЭМ;Пар;От -60 до +40;УХЛ;В;ОТК;30;1000;12 месяцев со дня ввода в эксплуатацию, но не более 18 месяцев со дня отгрузки потребителю;Под приварку;С электроприводом;65;98;540;Жаропрочная низколегированная сталь;95,3;По запросу;214030;Под заказ
Клапан (вентиль) запорный под приварку с электроприводом (792-Э-0а-01) 1057-65-Э DN 65 PN 9,8 МПа Т540 °С, корпус ст. 12Х1МФ;Энергетическая арматура;1057-65-Э;Пар;От -60 до +40;УХЛ;В;ОТК;30;1000;12 месяцев со дня ввода в эксплуатацию, но не более 18 месяцев со дня отгрузки потребителю;Под приварку;С электроприводом;65;98;540;Жаропрочная низколегированная сталь;109;По запросу;264260;Под заказ
Клапан (вентиль) запорный под приварку с электроприводом (ГЗ-Б.300/24 У1) 1057-65-ЭГ DN 65 PN 9,8 МПа Т540 °С, корпус ст. 12Х1МФ;Энергетическая арматура;1057-65-ЭГ;Пар;От -60 до +40;УХЛ;В;ОТК;30;1000;12 месяцев со дня ввода в эксплуатацию, но не более 18 месяцев со дня отгрузки потребителю;Под приварку;С электроприводом;65;98;540;Жаропрочная низколегированная сталь;95;По запросу;308250;Под заказ
Клапан (вентиль) запорный под приварку с электроприводом (Н-Б1-07 У2) 1057-65-ЭМ DN 65 PN 9,8 МПа Т540 °С, корпус ст. 12Х1МФ;Энергетическая арматура;1057-65-ЭМ;Пар;От -60 до +40;УХЛ;В;ОТК;30;1000;12 месяцев со дня ввода в эксплуатацию, но не более 18 месяцев со дня отгрузки потребителю;Под приварку;С электроприводом;65;98;540;Жаропрочная низколегированная сталь;92;По запросу;214030;Под заказ
Клапан (вентиль) запорный под приварку с электроприводом (ПЭМ-Б0М У2) 1057-65-ЭЧ DN 65 PN 9,8 МПа Т540 °С, корпус ст. 12Х1МФ;Энергетическая арматура;1057-65-ЭЧ;Пар;От -60 до +40;УХЛ;В;ОТК;30;1000;12 месяцев со дня ввода в эксплуатацию, но не более 18 месяцев со дня отгрузки потребителю;Под приварку;С электроприводом;65;98;540;Жаропрочная низколегированная сталь;78;По запросу;235240;Под заказ
Клапан (вентиль) запорный под приварку с электроприводом (ЭП-З-300-25-Б1-0-А-У1) 1057-65-ЭН DN 65 PN 9,8 МПа Т540 °С, корпус ст. 12Х1МФ;Энергетическая арматура;1057-65-ЭН;Пар;От -60 до +40;УХЛ;В;ОТК;30;1000;12 месяцев со дня ввода в эксплуатацию, но не более 18 месяцев со дня отгрузки потребителю;Под приварку;С электроприводом;65;98;540;Жаропрочная низколегированная сталь;74;По запросу;0;Под заказ
Клапан (вентиль) запорный под приварку с электроприводом (AUMA SA14.6-F14-380/50/3-22) 1057-65-ЭД DN 65 PN 9,8 МПа Т540 °С, корпус ст. 12Х1МФ ;Энергетическая арматура;1057-65-ЭД;Пар;От -60 до +40;УХЛ;В;ОТК;30;1000;12 месяцев со дня ввода в эксплуатацию, но не более 18 месяцев со дня отгрузки потребителю;Под приварку;С электроприводом;65;98;540;Жаропрочная низколегированная сталь;88;По запросу;0;Под заказ
Клапан (вентиль) запорный под приварку с электроприводом (MODACT MON 52032.12J2N) 1057-65-ЭК DN 65 PN 9,8 МПа Т540 °С, корпус ст. 12Х1МФ ;Энергетическая арматура;1057-65-ЭК;Пар;От -60 до +40;УХЛ;В;ОТК;30;1000;12 месяцев со дня ввода в эксплуатацию, но не более 18 месяцев со дня отгрузки потребителю;Под приварку;С электроприводом;65;98;540;Жаропрочная низколегированная сталь;90;По запросу;0;Под заказ
Клапан (вентиль) запорный под приварку ручной 1с-7-1 DN 80 PN 6,3 МПа Т425 °С, корпус ст. 25Л;Энергетическая арматура;1с-7-1;Вода - пар;от -45 до +40;У1;В;ОТК;30;1000;12 месяцев со дня ввода в эксплуатацию, но не более 18 месяцев со дня отгрузки потребителю;Под приварку;Ручной;80;63;425;Углеродистая сталь;52;По запросу;177450;Под заказ
Клапан (вентиль) запорный под приварку ручной 1с-8-2 DN 80 PN 10,0 МПа Т450 °С, корпус ст. 25Л;Энергетическая арматура;1с-8-2;Вода - пар;от -45 до +40;У1;В;ОТК;30;1000;12 месяцев со дня ввода в эксплуатацию, но не более 18 месяцев со дня отгрузки потребителю;Под приварку;Ручной;80;100;450;Углеродистая сталь;77;По запросу;232540;Под заказ
Клапан (вентиль) запорный под приварку с электроприводом (ГЗ-Б.300/24 У1) 1с-8-2ЭГ DN 80 PN 10,0 МПа Т450 °С, корпус ст. 25Л;Энергетическая арматура;1с-8-2ЭГ;Вода - пар;от -45 до +40;У1;В;ОТК;30;1000;12 месяцев со дня ввода в эксплуатацию, но не более 18 месяцев со дня отгрузки потребителю;Под приварку;С электроприводом;80;100;450;Углеродистая сталь;111;По запросу;365660;Под заказ
Клапан (вентиль) запорный под приварку с электроприводом (Н-Б1-08 У2) 1с-8-2ЭМ DN 80 PN 10,0 МПа Т450 °С, корпус ст. 25Л;Энергетическая арматура;1с-8-2ЭМ;Вода - пар;от -45 до +40;У1;В;ОТК;30;1000;12 месяцев со дня ввода в эксплуатацию, но не более 18 месяцев со дня отгрузки потребителю;Под приварку;С электроприводом;80;100;450;Углеродистая сталь;111;По запросу;326350;Под заказ
Клапан (вентиль) запорный под приварку с электроприводом (ПЭМ-Б2М У2) 1с-8-2ЭЧ DN 80 PN 10,0 МПа Т450 °С, корпус ст. 25Л;Энергетическая арматура;1с-8-2ЭЧ;Вода - пар;от -45 до +40;У1;В;ОТК;30;1000;12 месяцев со дня ввода в эксплуатацию, но не более 18 месяцев со дня отгрузки потребителю;Под приварку;С электроприводом;80;100;450;Углеродистая сталь;98;По запросу;301230;Под заказ
Клапан (вентиль) запорный под приварку с электроприводом (ЭП-З-300-25-Б1-0-А-У1) 1с-8-2ЭН DN 80 PN 10,0 МПа Т450 °С, корпус ст. 25Л;Энергетическая арматура;1с-8-2ЭН;Вода - пар;от -45 до +40;У1;В;ОТК;30;1000;12 месяцев со дня ввода в эксплуатацию, но не более 18 месяцев со дня отгрузки потребителю;Под приварку;С электроприводом;80;100;450;Углеродистая сталь;96;По запросу;0;Под заказ
Клапан (вентиль) запорный под приварку с электроприводом (MODACT MON 52032.12J2N) 1с-8-2ЭК DN 80 PN 10,0 МПа Т450 °С, корпус ст. 25Л;Энергетическая арматура;1с-8-2ЭК;Вода - пар;от -45 до +40;У1;В;ОТК;30;1000;12 месяцев со дня ввода в эксплуатацию, но не более 18 месяцев со дня отгрузки потребителю;Под приварку;С электроприводом;80;100;450;Углеродистая сталь;106;По запросу;0;Под заказ
Клапан (вентиль) запорный под приварку с электроприводом (AUMA SA14.6-F14-380/50/3-22) 1с-8-2ЭД DN 80 PN 10,0 МПа Т450 °С, корпус ст. 25Л;Энергетическая арматура;1с-8-2ЭД;Вода - пар;от -45 до +40;У1;В;ОТК;30;1000;12 месяцев со дня ввода в эксплуатацию, но не более 18 месяцев со дня отгрузки потребителю;Под приварку;С электроприводом;80;100;450;Углеродистая сталь;104;По запросу;0;Под заказ
Клапан (вентиль) запорный под приварку с коническим редуктором 1с-9-2 DN 80 PN 10,0 МПа Т450 °С, корпус ст. 25Л;Энергетическая арматура;1с-9-2;Вода - пар;от -45 до +40;У1;В;ОТК;30;1000;12 месяцев со дня ввода в эксплуатацию, но не более 18 месяцев со дня отгрузки потребителю;Под приварку;Ручной;80;100;450;Углеродистая сталь;80;По запросу;181610;Под заказ
Клапан (вентиль) запорный под приварку ручной Т-107б DN 50 PN 10,0 МПа Т450 °С, корпус ст. 25Л;Энергетическая арматура;Т-107б;Вода - пар;от -45 до +40;У1;В;ОТК;30;1000;12 месяцев со дня ввода в эксплуатацию, но не более 18 месяцев со дня отгрузки потребителю;Под приварку;Ручной;50;100;450;Углеродистая сталь;28,9;По запросу;116530;Под заказ
Клапан (вентиль) запорный под приварку с коническим редуктором Т-108б DN 50 PN 10,0 МПа Т450 °С, корпус ст. 25Л;Энергетическая арматура;Т-108б;Вода - пар;от -45 до +40;У1;В;ОТК;30;1000;12 месяцев со дня ввода в эксплуатацию, но не более 18 месяцев со дня отгрузки потребителю;Под приварку;Ручной;50;100;450;Углеродистая сталь;39,2;По запросу;126200;Под заказ
Клапан (вентиль) запорный под приварку ручной Т-109б DN 100 PN 10,0 МПа Т450 °С, корпус ст. 25Л;Энергетическая арматура;Т-109б;Вода - пар;от -45 до +40;У1;В;ОТК;30;1000;12 месяцев со дня ввода в эксплуатацию, но не более 18 месяцев со дня отгрузки потребителю;Под приварку;Ручной;100;100;450;Углеродистая сталь;121;По запросу;155680;Под заказ
Клапан (вентиль) запорный под приварку с цилиндрическим редуктором Т-110б DN 100 PN 10,0 МПа Т450 °С, корпус ст. 25Л;Энергетическая арматура;Т-110б ;Вода - пар;от -45 до +40;У1;В;ОТК;30;1000;12 месяцев со дня ввода в эксплуатацию, но не более 18 месяцев со дня отгрузки потребителю;Под приварку;Ручной;100;100;450;Углеродистая сталь;156;По запросу;200300;Под заказ
Клапан (вентиль) запорный под приварку с коническим редуктором Т-111б DN 100 PN 10,0 МПа Т450 °С, корпус ст. 25Л;Энергетическая арматура;Т-111б ;Вода - пар;от -45 до +40;У1;В;ОТК;30;1000;12 месяцев со дня ввода в эксплуатацию, но не более 18 месяцев со дня отгрузки потребителю;Под приварку;Ручной;100;100;450;Углеродистая сталь;229;По запросу;200300;Под заказ
Клапан (вентиль) запорный под приварку ручной Т-112б DN 150 PN 10,0 МПа Т450 °С, корпус ст. 25Л;Энергетическая арматура;Т-112б ;Вода - пар;от -45 до +40;У1;В;ОТК;30;1000;12 месяцев со дня ввода в эксплуатацию, но не более 18 месяцев со дня отгрузки потребителю;Под приварку;Ручной;150;100;450;Углеродистая сталь;225;По запросу;336330;Под заказ
Клапан (вентиль) запорный под приварку с цилиндрическим зацеплением Т-113б DN 150 PN 10,0 МПа Т450 °С, корпус ст. 25Л;Энергетическая арматура;Т-113б ;Вода - пар;от -45 до +40;У1;В;ОТК;30;1000;12 месяцев со дня ввода в эксплуатацию, но не более 18 месяцев со дня отгрузки потребителю;Под приварку;Ручной;150;100;450;Углеродистая сталь;245;По запросу;346470;Под заказ
Клапан (вентиль) запорный под приварку с цилиндрическим редуктором Т-114б DN 150 PN 10,0 МПа Т450 °С, корпус ст. 25Л;Энергетическая арматура;Т-114б ;Вода - пар;от -45 до +40;У1;В;ОТК;30;1000;12 месяцев со дня ввода в эксплуатацию, но не более 18 месяцев со дня отгрузки потребителю;Под приварку;Ручной;150;100;450;Углеродистая сталь;229;По запросу;336330;Под заказ
Клапан (вентиль) трехходовой под приварку ручной Т-203 DN 10 PN 14,0 МПа Т560 °С, корпус ст. 20Х13;Энергетическая арматура;Т-203;Пар;От -60 до +40;УХЛ;В;ОТК;30;1000;12 месяцев со дня ввода в эксплуатацию, но не более 18 месяцев со дня отгрузки потребителю;Под приварку;Ручной;10;140;560;Жаропрочная высоколегированная сталь;1,6;По запросу;35100;Под заказ
Клапан (вентиль) трехходовой под приварку ручной Т-203нж DN 10 PN 10,0 МПа Т560 °С, корпус ст. 12Х18Н10Т;Энергетическая арматура;Т-203нж;Пар;От -60 до +40;УХЛ;В;ОТК;30;1000;12 месяцев со дня ввода в эксплуатацию, но не более 18 месяцев со дня отгрузки потребителю;Под приварку;Ручной;10;140;560;Коррозионностойкая сталь;1,6;По запросу;45500;Под заказ
Клапан запорно-дроссельный под приварку с электроприводом (794-Э-0а) 950-100/150-Э DN 100 PN 25,0 МПа Т545 °С, корпус ст. 15Х1М1ФЛ;Энергетическая арматура;950-100/150-Э;Пар;От -60 до +40;УХЛ;В;ОТК;30;500;12 месяцев со дня ввода в эксплуатацию, но не более 18 месяцев со дня отгрузки потребителю;Под приварку;С электроприводом;100;250;545;Жаропрочная перлитная сталь;700;По запросу;0;Под заказ
Клапан запорно-дроссельный под приварку с электроприводом (794-Э-0а) 950-100/150-Э-01 DN 100 PN 25,0 МПа Т545 °С, корпус ст. 15Х1М1ФЛ;Энергетическая арматура;950-100/150-Э-01;Пар;От -60 до +40;УХЛ;В;ОТК;30;500;12 месяцев со дня ввода в эксплуатацию, но не более 18 месяцев со дня отгрузки потребителю;Под приварку;С электроприводом;100;250;545;Жаропрочная перлитная сталь;701;По запросу;0;Под заказ
Клапан запорно-дроссельный под приварку с электроприводом (876-Э-0-02) 950-150/250-Э DN 150 PN 25,0 МПа Т545 °С, корпус ст. 15Х1М1ФЛ;Энергетическая арматура;950-150/250-Э;Пар;От -60 до +40;УХЛ;В;ОТК;30;500;12 месяцев со дня ввода в эксплуатацию, но не более 18 месяцев со дня отгрузки потребителю;Под приварку;С электроприводом;150;250;545;Жаропрочная перлитная сталь;1412;По запросу;0;Под заказ
Клапан запорно-дроссельный под приварку с электроприводом (876-Э-0) 950-150/250-Э-01 DN 150 PN 25,0 МПа Т545 °С, корпус ст. 15Х1М1ФЛ;Энергетическая арматура;950-150/250-Э-01;Пар;От -60 до +40;УХЛ;В;ОТК;30;500;12 месяцев со дня ввода в эксплуатацию, но не более 18 месяцев со дня отгрузки потребителю;Под приварку;С электроприводом;150;250;545;Жаропрочная перлитная сталь;1457;По запросу;0;Под заказ
Клапан запорно-дроссельный под приварку с электроприводом (876-Э-0-02) 950-150/250-Э-02 DN 150 PN 25,0 МПа Т545 °С, корпус ст. 15Х1М1ФЛ;Энергетическая арматура;950-150/250-Э-02;Пар;От -60 до +40;УХЛ;В;ОТК;30;500;12 месяцев со дня ввода в эксплуатацию, но не более 18 месяцев со дня отгрузки потребителю;Под приварку;С электроприводом;150;250;545;Жаропрочная перлитная сталь;1457;По запросу;0;Под заказ
Клапан запорно-дроссельный под приварку с электроприводом (797-ЭР-0) 950-200/250-Э DN 200 PN 25,0 МПа Т545 °С, корпус ст. 15Х1М1ФЛ;Энергетическая арматура;950-200/250-Э;Пар;От -60 до +40;УХЛ;В;ОТК;30;500;12 месяцев со дня ввода в эксплуатацию, но не более 18 месяцев со дня отгрузки потребителю;Под приварку;С электроприводом;200;250;545;Жаропрочная перлитная сталь;2361;По запросу;0;Под заказ
Клапан регулирующий под приварку ручной 10с-1 DN 10 PN 10,0 МПа Т450 °С, корпус ст. 20;Энергетическая арматура;10с-1;Вода - пар;от -45 до +40;У1;В;ОТК;30;1500;12 месяцев со дня ввода в эксплуатацию, но не более 18 месяцев со дня отгрузки потребителю;Под приварку;Ручной;10;100;450;Углеродистая сталь;1;По запросу;15440;Под заказ
Клапан регулирующий под приварку ручной 10с-1М DN 10 PN 10,0 МПа Т450 °С, корпус ст. 20;Энергетическая арматура;10с-1М;Вода - пар;от -45 до +40;У1;В;ОТК;30;1500;12 месяцев со дня ввода в эксплуатацию, но не более 18 месяцев со дня отгрузки потребителю;Под приварку;Ручной;10;100;450;Углеродистая сталь;1;По запросу;15440;Под заказ
Клапан регулирующий под приварку ручной 10с-5-1 DN 10 PN 25,0 МПа Т350 °С, корпус ст. 20;Энергетическая арматура;10с-5-1;Вода - пар;от -45 до +40;У1;В;ОТК;30;1500;12 месяцев со дня ввода в эксплуатацию, но не более 18 месяцев со дня отгрузки потребителю;Под приварку;Ручной;10;250;350;Углеродистая сталь;3;По запросу;15440;Под заказ
Клапан регулирующий под приварку с электроприводом (ПЭМ-А32У) 10с-5-1Э DN 10 PN 25,0 МПа Т350 °С, корпус ст. 20;Энергетическая арматура;10с-5-1Э;Вода - пар;от -45 до +40;У1;В;ОТК;30;1500;12 месяцев со дня ввода в эксплуатацию, но не более 18 месяцев со дня отгрузки потребителю;Под приварку;С электроприводом;10;250;350;Углеродистая сталь;25,6;По запросу;139680;Под заказ
Клапан регулирующий под приварку ручной 10с-5-1-2 DN 10 PN 25,0 МПа Т350 °С, корпус ст. 20;Энергетическая арматура;10с-5-1-2;Вода - пар;от -45 до +40;У1;В;ОТК;30;1500;12 месяцев со дня ввода в эксплуатацию, но не более 18 месяцев со дня отгрузки потребителю;Под приварку;Ручной;10;250;350;Углеродистая сталь;3,1;По запросу;15440;Под заказ
Клапан регулирующий под приварку ручной 597-10-0а DN 10 PN 25,0 МПа Т545 °С, корпус ст. 12Х1МФ;Энергетическая арматура;597-10-0а;Пар;От -60 до +40;УХЛ;В;ОТК;30;1500;12 месяцев со дня ввода в эксплуатацию, но не более 18 месяцев со дня отгрузки потребителю;Под приварку;Ручной;10;250;545;Жаропрочная низколегированная сталь;3,1;По запросу;15440;Под заказ
Клапан регулирующий под приварку ручной 584-10-0 DN 10 PN 37,3 МПа Т280 °С, корпус ст. 20;Энергетическая арматура;584-10-0;Вода;от -45 до +40;У1;В;ОТК;30;1500;12 месяцев со дня ввода в эксплуатацию, но не более 18 месяцев со дня отгрузки потребителю;Под приварку;Ручной;10;373;280;Углеродистая сталь;3,1;По запросу;15440;Под заказ
Клапан регулирующий под приварку ручной 10с-4-1 DN 20 PN 6,3 МПа Т425 °С, корпус ст. 20;Энергетическая арматура;10с-4-1;Вода - пар;от -45 до +40;У1;В;ОТК;30;1500;12 месяцев со дня ввода в эксплуатацию, но не более 18 месяцев со дня отгрузки потребителю;Под приварку;Ручной;20;63;425;Углеродистая сталь;6;По запросу;20900;Под заказ
Клапан регулирующий под приварку ручной 9с-5-1 DN 10 PN 10,0 МПа Т350 °С, корпус ст. 20;Энергетическая арматура;9с-5-1;Вода - пар;от -45 до +40;У1;В;ОТК;30;1500;12 месяцев со дня ввода в эксплуатацию, но не более 18 месяцев со дня отгрузки потребителю;Под приварку;Ручной;10;100;350;Углеродистая сталь;4;По запросу;19180;Под заказ
Клапан регулирующий под приварку ручной 9с-5-1-2 DN 10 PN 10,0 МПа Т350 °С, корпус ст. 20;Энергетическая арматура;9с-5-1-2;Вода - пар;от -45 до +40;У1;В;ОТК;30;1500;12 месяцев со дня ввода в эксплуатацию, но не более 18 месяцев со дня отгрузки потребителю;Под приварку;Ручной;10;100;350;Углеродистая сталь;4;По запросу;19180;Под заказ
Клапан регулирующий под приварку ручной 9с-5-2 DN 20 PN 10,0 МПа Т350 °С, корпус ст. 20;Энергетическая арматура;9с-5-2;Вода - пар;от -45 до +40;У1;В;ОТК;30;1500;12 месяцев со дня ввода в эксплуатацию, но не более 18 месяцев со дня отгрузки потребителю;Под приварку;Ручной;20;100;350;Углеродистая сталь;6;По запросу;23080;Под заказ
Клапан регулирующий под приварку ручной 9с-5-2-2 DN 20 PN 10,0 МПа Т350 °С, корпус ст. 20;Энергетическая арматура;9с-5-2-2;Вода - пар;от -45 до +40;У1;В;ОТК;30;1500;12 месяцев со дня ввода в эксплуатацию, но не более 18 месяцев со дня отгрузки потребителю;Под приварку;Ручной;20;100;350;Углеродистая сталь;6;По запросу;23080;Под заказ
Клапан регулирующий под приварку ручной 9с-5-2-2М DN 20 PN 25,0 МПа Т350 °С, корпус ст. 20;Энергетическая арматура;9с-5-2-2М;Вода - пар;от -45 до +40;У1;В;ОТК;30;1500;12 месяцев со дня ввода в эксплуатацию, но не более 18 месяцев со дня отгрузки потребителю;Под приварку;Ручной;20;250;350;Углеродистая сталь;7;По запросу;39310;Под заказ
Клапан регулирующий под приварку ручной 10с-6-1 DN 10 PN 16,5 МПа Т560 °С, корпус ст. 12Х1МФ;Энергетическая арматура;10с-6-1;Пар;От -60 до +40;УХЛ;В;ОТК;30;1500;12 месяцев со дня ввода в эксплуатацию, но не более 18 месяцев со дня отгрузки потребителю;Под приварку;Ручной;10;165;560;Жаропрочная низколегированная сталь;5,6;По запросу;16530;Под заказ
Клапан регулирующий под приварку ручной 10с-6-2 DN 20 PN 16,5 МПа Т560 °С, корпус ст. 12Х1МФ;Энергетическая арматура;10с-6-2;Пар;От -60 до +40;УХЛ;В;ОТК;30;1500;12 месяцев со дня ввода в эксплуатацию, но не более 18 месяцев со дня отгрузки потребителю;Под приварку;Ручной;20;165;560;Жаропрочная низколегированная сталь;5,8;По запросу;23080;Под заказ
Клапан регулирующий под приварку ручной 10с-5-2 DN 20 PN 25,0 МПа Т350 °С, корпус ст. 20;Энергетическая арматура;10с-5-2;Вода - пар;от -45 до +40;У1;В;ОТК;30;1500;12 месяцев со дня ввода в эксплуатацию, но не более 18 месяцев со дня отгрузки потребителю;Под приварку;Ручной;20;250;350;Углеродистая сталь;6,2;По запросу;20900;Под заказ
Клапан регулирующий под приварку с электроприводом (ПЭМ-А29У) 10с-5-2-1Э DN 25 PN 10,0 МПа Т450 °С, корпус ст. 20;Энергетическая арматура;10с-5-2-1Э;Вода - пар;от -45 до +40;У1;В;ОТК;30;1500;12 месяцев со дня ввода в эксплуатацию, но не более 18 месяцев со дня отгрузки потребителю;Под приварку;С электроприводом;25;100;450;Углеродистая сталь;32;По запросу;184750;Под заказ
Клапан регулирующий под приварку ручной 10с-5-2-2 DN 20 PN 25,0 МПа Т350 °С, корпус ст. 20;Энергетическая арматура;10с-5-2-2;Вода - пар;от -45 до +40;У1;В;ОТК;30;1500;12 месяцев со дня ввода в эксплуатацию, но не более 18 месяцев со дня отгрузки потребителю;Под приварку;Ручной;20;250;350;Углеродистая сталь;6,2;По запросу;23080;Под заказ
Клапан регулирующий под приварку с электроприводом (ПЭМ-А29У) 10с-5-2Э DN 20 PN 25,0 МПа Т350 °С, корпус ст. 20;Энергетическая арматура;10с-5-2Э;Вода - пар;от -45 до +40;У1;В;ОТК;30;1500;12 месяцев со дня ввода в эксплуатацию, но не более 18 месяцев со дня отгрузки потребителю;Под приварку;С электроприводом;20;250;350;Углеродистая сталь;27,6;По запросу;123260;Под заказ
Клапан регулирующий под приварку с электроприводом (ПЭМ-А29У) 10с-5-2-2Э DN 20 PN 25,0 МПа Т350 °С, корпус ст. 20;Энергетическая арматура;10с-5-2-2Э;Вода - пар;от -45 до +40;У1;В;ОТК;30;1500;12 месяцев со дня ввода в эксплуатацию, но не более 18 месяцев со дня отгрузки потребителю;Под приварку;С электроприводом;20;250;350;Углеродистая сталь;27,6;По запросу;123260;Под заказ
Клапан регулирующий под приварку ручной 1031-20-0 DN 20 PN 25,0 МПа Т545 °С, корпус ст. 12Х1МФ;Энергетическая арматура;1031-20-0;Пар;От -60 до +40;УХЛ;В;ОТК;30;1500;12 месяцев со дня ввода в эксплуатацию, но не более 18 месяцев со дня отгрузки потребителю;Под приварку;Ручной;20;250;545;Жаропрочная низколегированная сталь;5,3;По запросу;23080;Под заказ
Клапан регулирующий под приварку ручной 1032-20-0 DN 20 PN 37,3 МПа Т280 °С, корпус ст. 20;Энергетическая арматура;1032-20-0;Вода;от -45 до +40;У1;В;ОТК;30;1500;12 месяцев со дня ввода в эксплуатацию, но не более 18 месяцев со дня отгрузки потребителю;Под приварку;Ручной;20;373;280;Углеродистая сталь;5,4;По запросу;19180;Под заказ
Клапан регулирующий под приварку с электроприводом (821-ЭР-0б) 870-20-Э DN 20 PN 37,3 МПа Т280 °С, корпус ст. 20;Энергетическая арматура; 870-20-Э;Вода;от -45 до +40;У1;В;ОТК;30;1500;12 месяцев со дня ввода в эксплуатацию, но не более 18 месяцев со дня отгрузки потребителю;Под приварку;С электроприводом;20;373;280;Углеродистая сталь;36;По запросу;17710;Под заказ
Клапан регулирующий под приварку ручной 10с-5-2-1 DN 25 PN 10,0 МПа Т450 °С, корпус ст. 20;Энергетическая арматура;10с-5-2-1;Вода - пар;от -45 до +40;У1;В;ОТК;30;1500;12 месяцев со дня ввода в эксплуатацию, но не более 18 месяцев со дня отгрузки потребителю;Под приварку;Ручной;25;100;450;Углеродистая сталь;5,8;По запросу;20280;Под заказ
Клапан регулирующий под приварку ручной 9с-4-2 DN 32 PN 10,0 МПа Т425 °С, корпус ст. 20;Энергетическая арматура;9с-4-2;Вода - пар;от -45 до +40;У1;В;ОТК;30;1500;12 месяцев со дня ввода в эксплуатацию, но не более 18 месяцев со дня отгрузки потребителю;Под приварку;Ручной;32;100;425;Углеродистая сталь;4,6;По запросу;66610;Под заказ
Клапан регулирующий под приварку ручной 10с-5-3 DN 32 PN 10,0 МПа Т450 °С, корпус ст. 20;Энергетическая арматура;10с-5-3;Вода - пар;от -45 до +40;У1;В;ОТК;30;1500;12 месяцев со дня ввода в эксплуатацию, но не более 18 месяцев со дня отгрузки потребителю;Под приварку;Ручной;32;100;450;Углеродистая сталь;6,8;По запросу;66610;Под заказ
Клапан регулирующий под приварку ручной 10с-4-2 DN 32 PN 10,0 МПа Т450 °С, корпус ст. 20;Энергетическая арматура;10с-4-2;Вода - пар;от -45 до +40;У1;В;ОТК;30;1500;12 месяцев со дня ввода в эксплуатацию, но не более 18 месяцев со дня отгрузки потребителю;Под приварку;Ручной;32;100;450;Углеродистая сталь;6,8;По запросу;66610;Под заказ
Клапан регулирующий под приварку с электроприводом (ПЭМ-А29У) 10с-5-3Э DN 32 PN 10,0 МПа Т450 °С, корпус ст. 20;Энергетическая арматура;10с-5-3Э;Вода - пар;от -45 до +40;У1;В;ОТК;30;1500;12 месяцев со дня ввода в эксплуатацию, но не более 18 месяцев со дня отгрузки потребителю;Под приварку;С электроприводом;32;100;450;Углеродистая сталь;28,1;По запросу;174240;Под заказ
Клапан регулирующий под приварку ручной 10с-8-4 DN 32 PN 25,0 МПа Т545 °С, корпус ст. 12Х1МФ ;Энергетическая арматура;10с-8-4;Пар;От -60 до +40;УХЛ;В;ОТК;30;1500;12 месяцев со дня ввода в эксплуатацию, но не более 18 месяцев со дня отгрузки потребителю;Под приварку;Ручной;32;250;545;Жаропрочная низколегированная сталь;12;По запросу;58810;Под заказ
Клапан регулирующий под приварку ручной 9с-3-3 DN 50 PN 6,3 МПа Т425 °С, корпус ст. 20;Энергетическая арматура;9с-3-3;Вода - пар;от -45 до +40;У1;В;ОТК;30;1500;12 месяцев со дня ввода в эксплуатацию, но не более 18 месяцев со дня отгрузки потребителю;Под приварку;Ручной;50;63;425;Углеродистая сталь;7,7;По запросу;62240;Под заказ
Клапан регулирующий под приварку ручной 9с-3-3-2 DN 50 PN 6,3 МПа Т425 °С, корпус ст. 20;Энергетическая арматура;9с-3-3-2;Вода - пар;от -45 до +40;У1;В;ОТК;30;1500;12 месяцев со дня ввода в эксплуатацию, но не более 18 месяцев со дня отгрузки потребителю;Под приварку;Ручной;50;63;425;Углеродистая сталь;7,7;По запросу;62240;Под заказ
Клапан регулирующий под приварку ручной 9с-3-3-4 DN 50 PN 6,3 МПа Т425 °С, корпус ст. 20;Энергетическая арматура;9с-3-3-4;Вода - пар;от -45 до +40;У1;В;ОТК;30;1500;12 месяцев со дня ввода в эксплуатацию, но не более 18 месяцев со дня отгрузки потребителю;Под приварку;Ручной;50;63;425;Углеродистая сталь;7,7;По запросу;62240;Под заказ
Клапан регулирующий под приварку ручной 6с-12-1-1 DN 50 PN 6,3 МПа Т425 °С, корпус ст. 25Л;Энергетическая арматура;6с-12-1-1;Вода - пар;от -45 до +40;У1;В;ОТК;30;1500;12 месяцев со дня ввода в эксплуатацию, но не более 18 месяцев со дня отгрузки потребителю;Под приварку;Ручной;50;63;425;Углеродистая сталь;59,8;По запросу;214240;Под заказ
Клапан регулирующий под приварку ручной 6с-12-1-2 DN 50 PN 6,3 МПа Т425 °С, корпус ст. 25Л;Энергетическая арматура;6с-12-1-2;Вода - пар;от -45 до +40;У1;В;ОТК;30;1500;12 месяцев со дня ввода в эксплуатацию, но не более 18 месяцев со дня отгрузки потребителю;Под приварку;Ручной;50;63;425;Углеродистая сталь;59,8;По запросу;214240;Под заказ
Клапан регулирующий под приварку ручной 10с-3-3 DN 50 PN 6,3 МПа Т425 °С, корпус ст. 20;Энергетическая арматура;10с-3-3;Вода - пар;от -45 до +40;У1;В;ОТК;30;1500;12 месяцев со дня ввода в эксплуатацию, но не более 18 месяцев со дня отгрузки потребителю;Под приварку;Ручной;50;63;425;Углеродистая сталь;10,4;По запросу;62240;Под заказ
Клапан регулирующий под приварку ручной 10с-3-3-4 DN 50 PN 6,3 МПа Т425 °С, корпус ст. 20 ;Энергетическая арматура;10с-3-3-4;Вода - пар;от -45 до +40;У1;В;ОТК;30;1500;12 месяцев со дня ввода в эксплуатацию, но не более 18 месяцев со дня отгрузки потребителю;Под приварку;Ручной;50;63;425;Углеродистая сталь;8;По запросу;62240;Под заказ
Клапан регулирующий под приварку с электроприводом (ПЭМ-А29У) 10с-3-3Э DN 50 PN 6,3 МПа Т425 °С, корпус ст. 20 ;Энергетическая арматура;10с-3-3Э;Вода - пар;от -45 до +40;У1;В;ОТК;30;1500;12 месяцев со дня ввода в эксплуатацию, но не более 18 месяцев со дня отгрузки потребителю;Под приварку;С электроприводом;50;63;425;Углеродистая сталь;31;По запросу;176120;Под заказ
Клапан регулирующий под приварку с электроприводом (ПЭМ-А29У) 10с-3-3-4Э DN 50 PN 6,3 МПа Т425 °С, корпус ст. 20 ;Энергетическая арматура;10с-3-3-4Э;Вода - пар;от -45 до +40;У1;В;ОТК;30;1500;12 месяцев со дня ввода в эксплуатацию, но не более 18 месяцев со дня отгрузки потребителю;Под приварку;С электроприводом;50;63;425;Углеродистая сталь;31;По запросу;176120;Под заказ
Клапан регулирующий под приварку с электроприводом (МЭОФ-250/25-0,25У-99К) 6с-12-1-1Э DN 50 PN 6,3 МПа Т425 °С, корпус ст. 25Л;Энергетическая арматура;6с-12-1-1Э;Вода - пар;от -45 до +40;У1;В;ОТК;30;1500;12 месяцев со дня ввода в эксплуатацию, но не более 18 месяцев со дня отгрузки потребителю;Под приварку;С электроприводом;50;63;425;Углеродистая сталь;93;По запросу;264120;Под заказ
Клапан регулирующий под приварку с электроприводом (МЭОФ-250/25-0,25У-99К) 6с-12-1-2Э DN 50 PN 6,3 МПа Т425 °С, корпус ст. 25Л;Энергетическая арматура;6с-12-1-2Э;Вода - пар;от -45 до +40;У1;В;ОТК;30;1500;12 месяцев со дня ввода в эксплуатацию, но не более 18 месяцев со дня отгрузки потребителю;Под приварку;С электроприводом;50;63;425;Углеродистая сталь;93;По запросу;264120;Под заказ
Клапан регулирующий под приварку с электроприводом (МЭОФ-250/25-0,25У-99К) 6с-12-4Э DN 300 PN 6,3 МПа Т425 °С, корпус ст. 25Л;Энергетическая арматура;6с-12-4Э;Вода - пар;от -45 до +40;У1;В;ОТК;30;1500;12 месяцев со дня ввода в эксплуатацию, но не более 18 месяцев со дня отгрузки потребителю;Под приварку;С электроприводом;300;63;425;Углеродистая сталь;288;По запросу;0;Под заказ
Клапан регулирующий под приварку с электроприводом (МЭОФ-250/25-0,25У-99К) 6с-12-4-1Э DN 300 PN 6,3 МПа Т425 °С, корпус ст. 25Л;Энергетическая арматура;6с-12-4-1Э;Вода - пар;от -45 до +40;У1;В;ОТК;30;1500;12 месяцев со дня ввода в эксплуатацию, но не более 18 месяцев со дня отгрузки потребителю;Под приварку;С электроприводом;300;63;425;Углеродистая сталь;281;По запросу;0;Под заказ
Клапан регулирующий под приварку с электроприводом (ПЭМ-А29У) 10с-6-2Э DN 20 PN 16,5 МПа Т560 °С, корпус ст. 12Х1МФ;Энергетическая арматура;10с-6-2Э;Пар;От -60 до +40;УХЛ;В;ОТК;30;1500;12 месяцев со дня ввода в эксплуатацию, но не более 18 месяцев со дня отгрузки потребителю;Под приварку;С электроприводом;20;165;560;Жаропрочная низколегированная сталь;27,6;По запросу;148350;Под заказ
Клапан регулирующий под приварку с электроприводом (ПЭМ-А29У) 10с-7-3Э DN 20 PN 37,3 МПа Т280 °С, корпус ст. 20;Энергетическая арматура;10с-7-3Э;Вода;от -45 до +40;У1;В;ОТК;30;1500;12 месяцев со дня ввода в эксплуатацию, но не более 18 месяцев со дня отгрузки потребителю;Под приварку;С электроприводом;20;373;280;Углеродистая сталь;27,6;По запросу;140550;Под заказ
Клапан регулирующий под приварку с электроприводом (ПЭМ-А29У) 10с-8-3Э DN 20 PN 25,0 МПа Т545 °С, корпус ст. 12Х1МФ;Энергетическая арматура;10с-8-3Э;Пар;От -60 до +40;УХЛ;В;ОТК;30;1500;12 месяцев со дня ввода в эксплуатацию, но не более 18 месяцев со дня отгрузки потребителю;Под приварку;С электроприводом;20;250;545;Жаропрочная низколегированная сталь;27,6;По запросу;148350;Под заказ
Клапан регулирующий под приварку с электроприводом (AUMA SAR 14.6) 10с-6-5ЭД DN 50 PN 13,7 МПа Т560 °С, корпус ст. 12Х1МФ;Энергетическая арматура;10с-6-5ЭД;Пар;От -60 до +40;УХЛ;В;ОТК;30;1500;12 месяцев со дня ввода в эксплуатацию, но не более 18 месяцев со дня отгрузки потребителю;Под приварку;С электроприводом;50;137;560;Жаропрочная низколегированная сталь;96,4;По запросу;0;Под заказ
Клапан регулирующий под приварку ручной 10с-5-4-1 DN 50 PN 25,0 МПа Т350 °С, корпус ст. 25;Энергетическая арматура;10с-5-4-1;Вода - пар;от -45 до +40;У1;В;ОТК;30;1500;12 месяцев со дня ввода в эксплуатацию, но не более 18 месяцев со дня отгрузки потребителю;Под приварку;Ручной;50;250;350;Углеродистая сталь;22,2;По запросу;68950;Под заказ
Клапан регулирующий под приварку ручной 10с-5-4-2 DN 50 PN 25,0 МПа Т350 °С, корпус ст. 20 ;Энергетическая арматура;10с-5-4-2;Вода - пар;от -45 до +40;У1;В;ОТК;30;1500;12 месяцев со дня ввода в эксплуатацию, но не более 18 месяцев со дня отгрузки потребителю;Под приварку;Ручной;50;250;350;Углеродистая сталь;22,2;По запросу;68950;Под заказ
Клапан регулирующий под приварку с электроприводом (МЭП-25000/100-50-У-99) 10с-5-4Э DN 50 PN 17,0 МПа Т350 °С, корпус ст. 20 ;Энергетическая арматура;10с-5-4Э;Вода - пар;от -45 до +40;У1;В;ОТК;30;1500;12 месяцев со дня ввода в эксплуатацию, но не более 18 месяцев со дня отгрузки потребителю;Под приварку;С электроприводом;50;170;350;Углеродистая сталь;63;По запросу;277680;Под заказ
Клапан регулирующий под приварку с электроприводом (ПЭМ-Б1У-У2) 10с-5-5Э DN 50 PN 25,0 МПа Т350 °С, корпус ст. 20;Энергетическая арматура;10с-5-5Э;Вода - пар;от -45 до +40;У1;В;ОТК;30;1500;12 месяцев со дня ввода в эксплуатацию, но не более 18 месяцев со дня отгрузки потребителю;Под приварку;С электроприводом;50;250;350;Углеродистая сталь;80;По запросу;282200;Под заказ
Клапан регулирующий под приварку с электроприводом (МЭП-25000/100-50-У-99) 10с-5-4-1Э DN 50 PN 25,0 МПа Т350 °С, корпус ст. 20;Энергетическая арматура;10с-5-4-1Э;Вода - пар;от -45 до +40;У1;В;ОТК;30;1500;12 месяцев со дня ввода в эксплуатацию, но не более 18 месяцев со дня отгрузки потребителю;Под приварку;С электроприводом;50;250;350;Углеродистая сталь;63;По запросу;360980;Под заказ
Клапан регулирующий под приварку с электроприводом (МЭП-25000/100-50-У-99) 10с-5-4-2Э DN 50 PN 25,0 МПа Т350 °С, корпус ст. 20 ;Энергетическая арматура;10с-5-4-2Э;Вода - пар;от -45 до +40;У1;В;ОТК;30;1500;12 месяцев со дня ввода в эксплуатацию, но не более 18 месяцев со дня отгрузки потребителю;Под приварку;С электроприводом;50;250;350;Углеродистая сталь;63;По запросу;360980;Под заказ
Клапан регулирующий под приварку с электроприводом (МЭО-630/25-0,25У-92К) 879-65-Р DN 65 PN 23,5 МПа Т250 °С, корпус ст. 20;Энергетическая арматура;879-65-Р;Вода;от -45 до +40;У1;В;ОТК;30;1500;12 месяцев со дня ввода в эксплуатацию, но не более 18 месяцев со дня отгрузки потребителю;Под приварку;С электроприводом;65;235;250;Углеродистая сталь;114;По запросу;401850;Под заказ
Клапан регулирующий под приварку с электроприводом (МЭО-630/25-0,25У-92К) 879-65-Р-01А DN 65 PN 23,5 МПа Т250 °С, корпус ст. 20;Энергетическая арматура;879-65-Р-01А;Вода;от -45 до +40;У1;В;ОТК;30;1500;12 месяцев со дня ввода в эксплуатацию, но не более 18 месяцев со дня отгрузки потребителю;Под приварку;С электроприводом;65;235;250;Углеродистая сталь;114;По запросу;401850;Под заказ
Клапан регулирующий под приварку с электроприводом (МЭО-630/25-0,25У-92К) 879-65-Р-02А DN 65 PN 23,5 МПа Т250 °С, корпус ст. 20;Энергетическая арматура;879-65-Р-02А;Вода;от -45 до +40;У1;В;ОТК;30;1500;12 месяцев со дня ввода в эксплуатацию, но не более 18 месяцев со дня отгрузки потребителю;Под приварку;С электроприводом;65;235;250;Углеродистая сталь;114;По запросу;401850;Под заказ
Клапан регулирующий под приварку с электроприводом (МЭО-630/25-0,25У-92К) 879-65-Р-03А DN 65 PN 23,5 МПа Т250 °С, корпус ст. 20;Энергетическая арматура;879-65-Р-03А;Вода;от -45 до +40;У1;В;ОТК;30;1500;12 месяцев со дня ввода в эксплуатацию, но не более 18 месяцев со дня отгрузки потребителю;Под приварку;С электроприводом;65;235;250;Углеродистая сталь;114;По запросу;401850;Под заказ
Клапан регулирующий под приварку с электроприводом (МЭО-630/25-0,25У-92К) 879-65-Р-04А DN 65 PN 23,5 МПа Т250 °С, корпус ст. 20;Энергетическая арматура;879-65-Р-04А;Вода;от -45 до +40;У1;В;ОТК;30;1500;12 месяцев со дня ввода в эксплуатацию, но не более 18 месяцев со дня отгрузки потребителю;Под приварку;С электроприводом;65;235;250;Углеродистая сталь;114;По запросу;401850;Под заказ
Клапан регулирующий под приварку с электроприводом (МЭО-1600/25-0,25У-87К) 1198-65-Р DN 65 PN 23,5 МПа Т250 °С, корпус ст. 20;Энергетическая арматура;1198-65-Р;Вода;от -45 до +40;У1;В;ОТК;30;1500;12 месяцев со дня ввода в эксплуатацию, но не более 18 месяцев со дня отгрузки потребителю;Под приварку;С электроприводом;65;235;250;Углеродистая сталь;95,4;По запросу;401850;Под заказ
Клапан регулирующий под приварку с электроприводом (МЭО-630/25-0,25У-92К) 808-65-РВ DN 65 PN 9,8 МПа Т540 °С, корпус ст. 12Х1МФ;Энергетическая арматура;808-65-РВ;Пар;От -60 до +40;УХЛ;В;ОТК;30;1500;12 месяцев со дня ввода в эксплуатацию, но не более 18 месяцев со дня отгрузки потребителю;Под приварку;С электроприводом;65;98;540;Жаропрочная низколегированная сталь;95,4;По запросу;325100;Под заказ
Клапан регулирующий под приварку с электроприводом (МЭО-630/25-0,25У-92К) 808-65-РВ-01 DN 65 PN 9,8 МПа Т540 °С, корпус ст. 12Х1МФ;Энергетическая арматура;808-65-РВ-01;Пар;От -60 до +40;УХЛ;В;ОТК;30;1500;12 месяцев со дня ввода в эксплуатацию, но не более 18 месяцев со дня отгрузки потребителю;Под приварку;С электроприводом;65;98;540;Жаропрочная низколегированная сталь;95,4;По запросу;325100;Под заказ
Клапан регулирующий под приварку с электроприводом (МЭП-25000/100-50-У-99) 1438-20-Э DN 20 PN 37,3 МПа Т280 °С, корпус ст. 20 ;Энергетическая арматура;1438-20-Э;Вода;от -45 до +40;У1;В;ОТК;30;1500;12 месяцев со дня ввода в эксплуатацию, но не более 18 месяцев со дня отгрузки потребителю;Под приварку;С электроприводом;20;373;280;Углеродистая сталь;55;По запросу;458120;Под заказ
Клапан регулирующий под приварку с электроприводом (МЭП-25000/100-50-У-99) 1438-20-Э-01 DN 20 PN 37,3 МПа Т280 °С, корпус ст. 20 ;Энергетическая арматура;1438-20-Э-01;Вода;от -45 до +40;У1;В;ОТК;30;1500;12 месяцев со дня ввода в эксплуатацию, но не более 18 месяцев со дня отгрузки потребителю;Под приварку;С электроприводом;20;373;280;Углеродистая сталь;55;По запросу;458120;Под заказ
Клапан регулирующий под приварку с электроприводом (МЭП-25000/100-50-У-99) 1438-20-Э-02 DN 20 PN 37,3 МПа Т280 °С, корпус ст. 20 ;Энергетическая арматура;1438-20-Э-02;Вода;от -45 до +40;У1;В;ОТК;30;1500;12 месяцев со дня ввода в эксплуатацию, но не более 18 месяцев со дня отгрузки потребителю;Под приварку;С электроприводом;20;373;280;Углеродистая сталь;55;По запросу;458120;Под заказ
Клапан регулирующий под приварку с электроприводом (МЭП-25000/100-50-У-99) 1438-20-Э-03 DN 20 PN 37,3 МПа Т280 °С, корпус ст. 20 ;Энергетическая арматура;1438-20-Э-03;Вода;от -45 до +40;У1;В;ОТК;30;1500;12 месяцев со дня ввода в эксплуатацию, но не более 18 месяцев со дня отгрузки потребителю;Под приварку;С электроприводом;20;373;280;Углеродистая сталь;55;По запросу;458120;Под заказ
Клапан регулирующий под приварку с электроприводом (МЭП-25000/100-50-У-99) 1438-20-Э-04 DN 20 PN 37,3 МПа Т280 °С, корпус ст. 20 ;Энергетическая арматура;1438-20-Э-04;Вода;от -45 до +40;У1;В;ОТК;30;1500;12 месяцев со дня ввода в эксплуатацию, но не более 18 месяцев со дня отгрузки потребителю;Под приварку;С электроприводом;20;373;280;Углеродистая сталь;55;По запросу;458120;Под заказ
Клапан регулирующий под приварку с электроприводом (МЭП-25000/100-50-У-99) 1438-20-Э-05 DN 20 PN 37,3 МПа Т280 °С, корпус ст. 20 ;Энергетическая арматура;1438-20-Э-05;Вода;от -45 до +40;У1;В;ОТК;30;1500;12 месяцев со дня ввода в эксплуатацию, но не более 18 месяцев со дня отгрузки потребителю;Под приварку;С электроприводом;20;373;280;Углеродистая сталь;55;По запросу;458120;Под заказ
Клапан регулирующий под приварку с электроприводом (МЭП-25000/100-50-У-99) 1438-20-Э-06 DN 20 PN 37,3 МПа Т280 °С, корпус ст. 20 ;Энергетическая арматура;1438-20-Э-06;Вода;от -45 до +40;У1;В;ОТК;30;1500;12 месяцев со дня ввода в эксплуатацию, но не более 18 месяцев со дня отгрузки потребителю;Под приварку;С электроприводом;20;373;280;Углеродистая сталь;55;По запросу;458120;Под заказ
Клапан регулирующий под приварку с электроприводом (МЭП-25000/100-50-У-99) 1438-20-Э-07 DN 20 PN 37,3 МПа Т280 °С, корпус ст. 20 ;Энергетическая арматура;1438-20-Э-07;Вода;от -45 до +40;У1;В;ОТК;30;1500;12 месяцев со дня ввода в эксплуатацию, но не более 18 месяцев со дня отгрузки потребителю;Под приварку;С электроприводом;20;373;280;Углеродистая сталь;55;По запросу;458120;Под заказ
Клапан регулирующий под приварку с электроприводом (МЭП-25000/100-50-У-99) 1438-20-Э-08 DN 20 PN 37,3 МПа Т280 °С, корпус ст. 20 ;Энергетическая арматура;1438-20-Э-08;Вода;от -45 до +40;У1;В;ОТК;30;1500;12 месяцев со дня ввода в эксплуатацию, но не более 18 месяцев со дня отгрузки потребителю;Под приварку;С электроприводом;20;373;280;Углеродистая сталь;55;По запросу;458120;Под заказ
Клапан регулирующий под приварку с электроприводом (МЭП-25000/100-50-У-99) 1438-20-Э-09 DN 20 PN 37,3 МПа Т280 °С, корпус ст. 20 ;Энергетическая арматура;1438-20-Э-09;Вода;от -45 до +40;У1;В;ОТК;30;1500;12 месяцев со дня ввода в эксплуатацию, но не более 18 месяцев со дня отгрузки потребителю;Под приварку;С электроприводом;20;373;280;Углеродистая сталь;55;По запросу;458120;Под заказ
Клапан регулирующий под приварку с электроприводом (МЭП-25000/100-50-У-99) 1438-20-Э-10 DN 20 PN 37,3 МПа Т280 °С, корпус ст. 20 ;Энергетическая арматура;1438-20-Э-10;Вода;от -45 до +40;У1;В;ОТК;30;1500;12 месяцев со дня ввода в эксплуатацию, но не более 18 месяцев со дня отгрузки потребителю;Под приварку;С электроприводом;20;373;280;Углеродистая сталь;55;По запросу;458120;Под заказ
Клапан регулирующий под приварку с электроприводом (МЭП-25000/100-50-У-99) 1438-20-Э-11 DN 20 PN 37,3 МПа Т280 °С, корпус ст. 20 ;Энергетическая арматура;1438-20-Э-11;Вода;от -45 до +40;У1;В;ОТК;30;1500;12 месяцев со дня ввода в эксплуатацию, но не более 18 месяцев со дня отгрузки потребителю;Под приварку;С электроприводом;20;373;280;Углеродистая сталь;55;По запросу;458120;Под заказ
Клапан регулирующий под приварку с электроприводом (МЭП-25000/100-50-У-99) 1438-20-Э-12 DN 20 PN 37,3 МПа Т280 °С, корпус ст. 20 ;Энергетическая арматура;1438-20-Э-12;Вода;от -45 до +40;У1;В;ОТК;30;1500;12 месяцев со дня ввода в эксплуатацию, но не более 18 месяцев со дня отгрузки потребителю;Под приварку;С электроприводом;20;373;280;Углеродистая сталь;55;По запросу;458120;Под заказ
Клапан регулирующий под приварку с электроприводом (МЭП-25000/100-50-У-99) 1438-20-Э-13 DN 20 PN 37,3 МПа Т280 °С, корпус ст. 20 ;Энергетическая арматура;1438-20-Э-13;Вода;от -45 до +40;У1;В;ОТК;30;1500;12 месяцев со дня ввода в эксплуатацию, но не более 18 месяцев со дня отгрузки потребителю;Под приварку;С электроприводом;20;373;280;Углеродистая сталь;55;По запросу;458120;Под заказ
Клапан регулирующий под приварку с электроприводом (MЭО-630/25-0,25У-92К) 1438-20-Р DN 20 PN 37,3 МПа Т280 °С, корпус ст. 20;Энергетическая арматура;1438-20-Р;Вода;от -45 до +40;У1;В;ОТК;30;1500;12 месяцев со дня ввода в эксплуатацию, но не более 18 месяцев со дня отгрузки потребителю;Под приварку;С электроприводом;20;373;280;Углеродистая сталь;90;По запросу;407940;Под заказ
Клапан регулирующий под приварку с электроприводом (MЭО-630/25-0,25У-92К) 1438-20-Р-01 DN 20 PN 37,3 МПа Т280 °С, корпус ст. 20;Энергетическая арматура;1438-20-Р-01;Вода;от -45 до +40;У1;В;ОТК;30;1500;12 месяцев со дня ввода в эксплуатацию, но не более 18 месяцев со дня отгрузки потребителю;Под приварку;С электроприводом;20;373;280;Углеродистая сталь;90;По запросу;407940;Под заказ
Клапан регулирующий под приварку с электроприводом (MЭО-630/25-0,25У-92К) 1438-20-Р-02 DN 20 PN 37,3 МПа Т280 °С, корпус ст. 20;Энергетическая арматура;1438-20-Р-02;Вода;от -45 до +40;У1;В;ОТК;30;1500;12 месяцев со дня ввода в эксплуатацию, но не более 18 месяцев со дня отгрузки потребителю;Под приварку;С электроприводом;20;373;280;Углеродистая сталь;90;По запросу;407940;Под заказ
Клапан регулирующий под приварку с электроприводом (MЭО-630/25-0,25У-92К) 1438-20-Р-03 DN 20 PN 37,3 МПа Т280 °С, корпус ст. 20;Энергетическая арматура;1438-20-Р-03;Вода;от -45 до +40;У1;В;ОТК;30;1500;12 месяцев со дня ввода в эксплуатацию, но не более 18 месяцев со дня отгрузки потребителю;Под приварку;С электроприводом;20;373;280;Углеродистая сталь;90;По запросу;407940;Под заказ
Клапан регулирующий под приварку с электроприводом (MЭО-630/25-0,25У-92К) 1438-20-Р-04 DN 20 PN 37,3 МПа Т280 °С, корпус ст. 20;Энергетическая арматура;1438-20-Р-04;Вода;от -45 до +40;У1;В;ОТК;30;1500;12 месяцев со дня ввода в эксплуатацию, но не более 18 месяцев со дня отгрузки потребителю;Под приварку;С электроприводом;20;373;280;Углеродистая сталь;90;По запросу;407940;Под заказ
Клапан регулирующий под приварку с электроприводом (MЭО-630/25-0,25У-92К) 1438-20-Р-05 DN 20 PN 37,3 МПа Т280 °С, корпус ст. 20;Энергетическая арматура;1438-20-Р-05;Вода;от -45 до +40;У1;В;ОТК;30;1500;12 месяцев со дня ввода в эксплуатацию, но не более 18 месяцев со дня отгрузки потребителю;Под приварку;С электроприводом;20;373;280;Углеродистая сталь;90;По запросу;407940;Под заказ
Клапан регулирующий под приварку с электроприводом (MЭО-630/25-0,25У-92К) 1438-20-Р-06 DN 20 PN 37,3 МПа Т280 °С, корпус ст. 20;Энергетическая арматура;1438-20-Р-06;Вода;от -45 до +40;У1;В;ОТК;30;1500;12 месяцев со дня ввода в эксплуатацию, но не более 18 месяцев со дня отгрузки потребителю;Под приварку;С электроприводом;20;373;280;Углеродистая сталь;90;По запросу;407940;Под заказ
Клапан регулирующий под приварку с электроприводом (MЭО-630/25-0,25У-92К) 1438-20-Р-07 DN 20 PN 37,3 МПа Т280 °С, корпус ст. 20;Энергетическая арматура;1438-20-Р-07;Вода;от -45 до +40;У1;В;ОТК;30;1500;12 месяцев со дня ввода в эксплуатацию, но не более 18 месяцев со дня отгрузки потребителю;Под приварку;С электроприводом;20;373;280;Углеродистая сталь;90;По запросу;407940;Под заказ
Клапан регулирующий под приварку с электроприводом (MЭО-630/25-0,25У-92К) 1438-20-Р-08 DN 20 PN 37,3 МПа Т280 °С, корпус ст. 20;Энергетическая арматура;1438-20-Р-08;Вода;от -45 до +40;У1;В;ОТК;30;1500;12 месяцев со дня ввода в эксплуатацию, но не более 18 месяцев со дня отгрузки потребителю;Под приварку;С электроприводом;20;373;280;Углеродистая сталь;90;По запросу;407940;Под заказ
Клапан регулирующий под приварку с электроприводом (MЭО-630/25-0,25У-92К) 1438-20-Р-09 DN 20 PN 37,3 МПа Т280 °С, корпус ст. 20;Энергетическая арматура;1438-20-Р-09;Вода;от -45 до +40;У1;В;ОТК;30;1500;12 месяцев со дня ввода в эксплуатацию, но не более 18 месяцев со дня отгрузки потребителю;Под приварку;С электроприводом;20;373;280;Углеродистая сталь;90;По запросу;407940;Под заказ
Клапан регулирующий под приварку с электроприводом (MЭО-630/25-0,25У-92К) 1438-20-Р-10 DN 20 PN 37,3 МПа Т280 °С, корпус ст. 20;Энергетическая арматура;1438-20-Р-10;Вода;от -45 до +40;У1;В;ОТК;30;1500;12 месяцев со дня ввода в эксплуатацию, но не более 18 месяцев со дня отгрузки потребителю;Под приварку;С электроприводом;20;373;280;Углеродистая сталь;90;По запросу;407940;Под заказ
Клапан регулирующий под приварку с электроприводом (MЭО-630/25-0,25У-92К) 1438-20-Р-11 DN 20 PN 37,3 МПа Т280 °С, корпус ст. 20;Энергетическая арматура;1438-20-Р-11;Вода;от -45 до +40;У1;В;ОТК;30;1500;12 месяцев со дня ввода в эксплуатацию, но не более 18 месяцев со дня отгрузки потребителю;Под приварку;С электроприводом;20;373;280;Углеродистая сталь;90;По запросу;407940;Под заказ
Клапан регулирующий под приварку с электроприводом (MЭО-630/25-0,25У-92К) 1438-20-Р-12 DN 20 PN 37,3 МПа Т280 °С, корпус ст. 20;Энергетическая арматура;1438-20-Р-12;Вода;от -45 до +40;У1;В;ОТК;30;1500;12 месяцев со дня ввода в эксплуатацию, но не более 18 месяцев со дня отгрузки потребителю;Под приварку;С электроприводом;20;373;280;Углеродистая сталь;90;По запросу;407940;Под заказ
Клапан регулирующий под приварку с электроприводом (MЭО-630/25-0,25У-92К) 1438-20-Р-13 DN 20 PN 37,3 МПа Т280 °С, корпус ст. 20;Энергетическая арматура;1438-20-Р-13;Вода;от -45 до +40;У1;В;ОТК;30;1500;12 месяцев со дня ввода в эксплуатацию, но не более 18 месяцев со дня отгрузки потребителю;Под приварку;С электроприводом;20;373;280;Углеродистая сталь;90;По запросу;407940;Под заказ
Клапан регулирующий под приварку с электроприводом (МЭО-1600/25-0,25У-87К) 1193-32-Р DN 32 PN 25,0 МПа Т545 °С, корпус ст. 12Х1МФ;Энергетическая арматура;1193-32-Р;Пар;От -60 до +40;УХЛ;В;ОТК;30;1500;12 месяцев со дня ввода в эксплуатацию, но не более 18 месяцев со дня отгрузки потребителю;Под приварку;С электроприводом;32;250;545;Жаропрочная низколегированная сталь;106;По запросу;198280;Под заказ
Клапан регулирующий под приварку ручной 1033-20-Р DN 20 PN 10,0 МПа Т450 °С, корпус ст. 20;Энергетическая арматура;1033-20-Р;Вода - пар;от -45 до +40;У1;В;ОТК;30;1500;12 месяцев со дня ввода в эксплуатацию, но не более 18 месяцев со дня отгрузки потребителю;Под приварку;Ручной;20;100;450;Углеродистая сталь;5,7;По запросу;15470;Под заказ
Клапан регулирующий под приварку с электроприводом (МЭО-630/25-0,25У-92К) 815-40-РВ DN 40 PN 25,0 МПа Т545 °С, корпус ст. 12Х1МФ;Энергетическая арматура;815-40-РВ;Пар;От -60 до +40;УХЛ;В;ОТК;30;1500;12 месяцев со дня ввода в эксплуатацию, но не более 18 месяцев со дня отгрузки потребителю;Под приварку;С электроприводом;40;250;545;Жаропрочная низколегированная сталь;94;По запросу;230760;Под заказ
Клапан регулирующий под приварку с электроприводом (МЭО-630/25-0,25У-92К) 815-40-РВ-01 DN 40 PN 15,7 МПа Т545 °С, корпус ст. 12Х1МФ;Энергетическая арматура;815-40-РВ-01;Пар;От -60 до +40;УХЛ;В;ОТК;30;1500;12 месяцев со дня ввода в эксплуатацию, но не более 18 месяцев со дня отгрузки потребителю;Под приварку;С электроприводом;40;157;545;Жаропрочная низколегированная сталь;94;По запросу;227280;Под заказ
Клапан регулирующий под приварку с электроприводом (МТ 52400.0-0J7QE/04) 1464-40-Э DN 40 PN 37,3 МПа Т280 °С, корпус ст. 20;Энергетическая арматура;1464-40-Э;Вода;от -45 до +40;У1;В;ОТК;30;1500;12 месяцев со дня ввода в эксплуатацию, но не более 18 месяцев со дня отгрузки потребителю;Под приварку;С электроприводом;40;373;280;Углеродистая сталь;102;По запросу;568650;Под заказ
Клапан регулирующий под приварку с электроприводом (МТ 52400.0-0J7QE/04) 1464-40-Э-01 DN 40 PN 37,3 МПа Т280 °С, корпус ст. 20;Энергетическая арматура;1464-40-Э-01;Вода;от -45 до +40;У1;В;ОТК;30;1500;12 месяцев со дня ввода в эксплуатацию, но не более 18 месяцев со дня отгрузки потребителю;Под приварку;С электроприводом;40;373;280;Углеродистая сталь;47;По запросу;568650;Под заказ
Клапан регулирующий под приварку с электроприводом (МТ 52400.0-0J7QE/04) 1464-40-Э-02 DN 40 PN 37,3 МПа Т280 °С, корпус ст. 20;Энергетическая арматура;1464-40-Э-02;Вода;от -45 до +40;У1;В;ОТК;30;1500;12 месяцев со дня ввода в эксплуатацию, но не более 18 месяцев со дня отгрузки потребителю;Под приварку;С электроприводом;40;373;280;Углеродистая сталь;47;По запросу;568650;Под заказ
Клапан регулирующий под приварку с электроприводом (МТ 52400.0-0J7QE/04) 1464-40-Э-03 DN 40 PN 37,3 МПа Т280 °С, корпус ст. 20;Энергетическая арматура;1464-40-Э-03;Вода;от -45 до +40;У1;В;ОТК;30;1500;12 месяцев со дня ввода в эксплуатацию, но не более 18 месяцев со дня отгрузки потребителю;Под приварку;С электроприводом;40;373;280;Углеродистая сталь;47;По запросу;568650;Под заказ
Клапан регулирующий под приварку с электроприводом (МТ 52400.0-0J7QE/04) 1464-40-Э-04 DN 40 PN 37,3 МПа Т280 °С, корпус ст. 20;Энергетическая арматура;1464-40-Э-04;Вода;от -45 до +40;У1;В;ОТК;30;1500;12 месяцев со дня ввода в эксплуатацию, но не более 18 месяцев со дня отгрузки потребителю;Под приварку;С электроприводом;40;373;280;Углеродистая сталь;47;По запросу;568650;Под заказ
Клапан регулирующий под приварку с электроприводом (МТ 52400.0-0J7QE/04) 1464-40-Э-05 DN 40 PN 37,3 МПа Т280 °С, корпус ст. 20;Энергетическая арматура;1464-40-Э-05;Вода;от -45 до +40;У1;В;ОТК;30;1500;12 месяцев со дня ввода в эксплуатацию, но не более 18 месяцев со дня отгрузки потребителю;Под приварку;С электроприводом;40;373;280;Углеродистая сталь;47;По запросу;568650;Под заказ
Клапан регулирующий под приварку с электроприводом (МЭО-1600/25-0,25У-87К) 1195-50-Р DN 50 PN 13,7 МПа Т560 °С, корпус ст. 12Х1МФ ;Энергетическая арматура;1195-50-Р;Пар;От -60 до +40;УХЛ;В;ОТК;30;1500;12 месяцев со дня ввода в эксплуатацию, но не более 18 месяцев со дня отгрузки потребителю;Под приварку;С электроприводом;50;137;560;Жаропрочная низколегированная сталь;169;По запросу;203520;Под заказ
Клапан регулирующий под приварку с электроприводом (МЭО-630/25-0,25У-92К) 811-50-РВ DN 50 PN 13,7 МПа Т560 °С, корпус ст. 12Х1МФ;Энергетическая арматура;811-50-РВ;Пар;От -60 до +40;УХЛ;В;ОТК;30;1500;12 месяцев со дня ввода в эксплуатацию, но не более 18 месяцев со дня отгрузки потребителю;Под приварку;С электроприводом;50;137;560;Жаропрочная низколегированная сталь;92;По запросу;256200;Под заказ
Клапан регулирующий под приварку с электроприводом (МЭО-630/25-0,25У-92К) 814-50-РА DN 50 PN 37,3 МПа Т280 °С, корпус ст. 20;Энергетическая арматура;814-50-РА;Вода;от -45 до +40;У1;В;ОТК;30;1500;12 месяцев со дня ввода в эксплуатацию, но не более 18 месяцев со дня отгрузки потребителю;Под приварку;С электроприводом;50;373;280;Углеродистая сталь;93,7;По запросу;296880;Под заказ
Клапан регулирующий под приварку с электроприводом (МЭО-630/25-0,25У-92К) 814-50-РА-01 DN 50 PN 37,3 МПа Т280 °С, корпус ст. 20;Энергетическая арматура;814-50-РА-01;Вода;от -45 до +40;У1;В;ОТК;30;1500;12 месяцев со дня ввода в эксплуатацию, но не более 18 месяцев со дня отгрузки потребителю;Под приварку;С электроприводом;50;373;280;Углеродистая сталь;93,7;По запросу;290640;Под заказ
Клапан регулирующий под приварку с электроприводом (МЭО-630/25-0,25У-92К) 814-50-РА-02 DN 50 PN 37,3 МПа Т280 °С, корпус ст. 20;Энергетическая арматура;814-50-РА-02;Вода;от -45 до +40;У1;В;ОТК;30;1500;12 месяцев со дня ввода в эксплуатацию, но не более 18 месяцев со дня отгрузки потребителю;Под приварку;С электроприводом;50;373;280;Углеродистая сталь;93,7;По запросу;290640;Под заказ
Клапан регулирующий под приварку с электроприводом (МЭО-630/25-0,25У-92К) 814-50-РА-03 DN 50 PN 37,3 МПа Т280 °С, корпус ст. 20;Энергетическая арматура;814-50-РА-03;Вода;от -45 до +40;У1;В;ОТК;30;1500;12 месяцев со дня ввода в эксплуатацию, но не более 18 месяцев со дня отгрузки потребителю;Под приварку;С электроприводом;50;373;280;Углеродистая сталь;93,7;По запросу;290640;Под заказ
Клапан регулирующий под приварку с электроприводом (МЭО-630/25-0,25У-92К) 814-50-РА-04 DN 50 PN 37,3 МПа Т280 °С, корпус ст. 20;Энергетическая арматура;814-50-РА-04;Вода;от -45 до +40;У1;В;ОТК;30;1500;12 месяцев со дня ввода в эксплуатацию, но не более 18 месяцев со дня отгрузки потребителю;Под приварку;С электроприводом;50;373;280;Углеродистая сталь;93,7;По запросу;290640;Под заказ
Клапан регулирующий под приварку с электроприводом (МЭО-630/25-0,25У-92К) 814-50-РА-05 DN 50 PN 37,3 МПа Т280 °С, корпус ст. 20;Энергетическая арматура;814-50-РА-05;Вода;от -45 до +40;У1;В;ОТК;30;1500;12 месяцев со дня ввода в эксплуатацию, но не более 18 месяцев со дня отгрузки потребителю;Под приварку;С электроприводом;50;373;280;Углеродистая сталь;93,7;По запросу;290640;Под заказ
Клапан регулирующий под приварку с электроприводом (МЭО-630/25-0,25У-92К) 1197-65-Р DN 65 PN 9,8 МПа Т540 °С, корпус ст. 12Х1МФ;Энергетическая арматура;1197-65-Р;Пар;От -60 до +40;УХЛ;В;ОТК;30;1500;12 месяцев со дня ввода в эксплуатацию, но не более 18 месяцев со дня отгрузки потребителю;Под приварку;С электроприводом;65;98;540;Жаропрочная низколегированная сталь;114;По запросу;250080;Под заказ
Клапан регулирующий под приварку с электроприводом (МЭП-25000/100-50-У-99) 1436-65-Э DN 65 PN 23,5 МПа Т250 °С, корпус ст. 20;Энергетическая арматура;1436-65-Э;Вода;от -45 до +40;У1;В;ОТК;30;1500;12 месяцев со дня ввода в эксплуатацию, но не более 18 месяцев со дня отгрузки потребителю;Под приварку;С электроприводом;65;235;250;Углеродистая сталь;57;По запросу;516640;Под заказ
Клапан регулирующий под приварку с электроприводом (МЭП-25000/100-50-У-99) 1436-65-Э-01 DN 65 PN 23,5 МПа Т250 °С, корпус ст. 20;Энергетическая арматура;1436-65-Э-01;Вода;от -45 до +40;У1;В;ОТК;30;1500;12 месяцев со дня ввода в эксплуатацию, но не более 18 месяцев со дня отгрузки потребителю;Под приварку;С электроприводом;65;235;250;Углеродистая сталь;57;По запросу;516640;Под заказ
Клапан регулирующий под приварку с электроприводом (МЭП-25000/100-50-У-99) 1436-65-Э-02 DN 65 PN 23,5 МПа Т250 °С, корпус ст. 20;Энергетическая арматура;1436-65-Э-02;Вода;от -45 до +40;У1;В;ОТК;30;1500;12 месяцев со дня ввода в эксплуатацию, но не более 18 месяцев со дня отгрузки потребителю;Под приварку;С электроприводом;65;235;250;Углеродистая сталь;57;По запросу;516640;Под заказ
Клапан регулирующий под приварку с электроприводом (МЭП-25000/100-50-У-99) 1436-65-Э-03 DN 65 PN 23,5 МПа Т250 °С, корпус ст. 20;Энергетическая арматура;1436-65-Э-03;Вода;от -45 до +40;У1;В;ОТК;30;1500;12 месяцев со дня ввода в эксплуатацию, но не более 18 месяцев со дня отгрузки потребителю;Под приварку;С электроприводом;65;235;250;Углеродистая сталь;57;По запросу;516640;Под заказ
Клапан регулирующий под приварку с электроприводом (МЭП-25000/100-50-У-99) 1436-65-Э-04 DN 65 PN 23,5 МПа Т250 °С, корпус ст. 20;Энергетическая арматура;1436-65-Э-04;Вода;от -45 до +40;У1;В;ОТК;30;1500;12 месяцев со дня ввода в эксплуатацию, но не более 18 месяцев со дня отгрузки потребителю;Под приварку;С электроприводом;65;235;250;Углеродистая сталь;57;По запросу;516640;Под заказ
Клапан регулирующий под приварку с электроприводом (МЭП-25000/100-50-У-99) 1436-65-Э-05 DN 65 PN 23,5 МПа Т250 °С, корпус ст. 20;Энергетическая арматура;1436-65-Э-05;Вода;от -45 до +40;У1;В;ОТК;30;1500;12 месяцев со дня ввода в эксплуатацию, но не более 18 месяцев со дня отгрузки потребителю;Под приварку;С электроприводом;65;235;250;Углеродистая сталь;57;По запросу;516640;Под заказ
Клапан регулирующий под приварку ручной 976-65-М DN 65 PN 23,5 МПа Т250 °С, корпус ст. 20 ;Энергетическая арматура;976-65-М;Вода;от -45 до +40;У1;В;ОТК;30;1500;12 месяцев со дня ввода в эксплуатацию, но не более 18 месяцев со дня отгрузки потребителю;Под приварку;Ручной;65;235;250;Углеродистая сталь;44;По запросу;161590;Под заказ
Клапан регулирующий под приварку с электроприводом (792-ЭР-0А-01) 976-65-Э DN 65 PN 23,5 МПа Т250 °С, корпус ст. 20 ;Энергетическая арматура;976-65-Э;Вода;от -45 до +40;У1;В;ОТК;30;1500;12 месяцев со дня ввода в эксплуатацию, но не более 18 месяцев со дня отгрузки потребителю;Под приварку;С электроприводом;65;235;250;Углеродистая сталь;111;По запросу;429600;Под заказ
Клапан регулирующий под приварку ручной 9с-5-5-2 DN 65 PN 25,0 МПа Т350 °С, корпус ст. 20;Энергетическая арматура;9с-5-5-2;Вода - пар;от -45 до +40;У1;В;ОТК;30;1500;12 месяцев со дня ввода в эксплуатацию, но не более 18 месяцев со дня отгрузки потребителю;Под приварку;Ручной;65;250;350;Углеродистая сталь;40;По запросу;74100;Под заказ
Клапан регулирующий под приварку ручной 6с-9-1 DN 80 PN 10,0 МПа Т450 °С, корпус ст. 25Л;Энергетическая арматура;6с-9-1;Вода - пар;от -45 до +40;У1;В;ОТК;30;1500;12 месяцев со дня ввода в эксплуатацию, но не более 18 месяцев со дня отгрузки потребителю;Под приварку;Ручной;80;100;450;Углеродистая сталь;101;По запросу;144170;Под заказ
Клапан регулирующий под приварку ручной 6с-13-1 DN 80 PN 10,0 МПа Т450 °С, корпус ст. 25Л;Энергетическая арматура;6с-13-1;Вода - пар;от -45 до +40;У1;В;ОТК;30;1500;12 месяцев со дня ввода в эксплуатацию, но не более 18 месяцев со дня отгрузки потребителю;Под приварку;Ручной;80;100;450;Углеродистая сталь;101;По запросу;144170;Под заказ
Клапан регулирующий под приварку с электроприводом (МЭОФ-250/25-0,25У-99К) 6с-13-1Э DN 80 PN 10,0 МПа Т450 °С, корпус ст. 25Л;Энергетическая арматура;6с-13-1Э;Вода - пар;от -45 до +40;У1;В;ОТК;30;1500;12 месяцев со дня ввода в эксплуатацию, но не более 18 месяцев со дня отгрузки потребителю;Под приварку;С электроприводом;80;100;450;Углеродистая сталь;149;По запросу;314400;Под заказ
Клапан регулирующий под приварку с электроприводом (МЭОФ-250/25-0,25У-99К) 6с-9-1Э DN 80 PN 10,0 МПа Т450 °С, корпус ст. 25Л;Энергетическая арматура;6с-9-1Э;Вода - пар;от -45 до +40;У1;В;ОТК;30;1500;12 месяцев со дня ввода в эксплуатацию, но не более 18 месяцев со дня отгрузки потребителю;Под приварку;С электроприводом;80;100;450;Углеродистая сталь;149;По запросу;314400;Под заказ
Клапан регулирующий шиберный под приварку с электроприводом (792-ЭР-0АI) 1085-100-Э DN 100 PN 9,8 МПа Т540 °С, корпус ст. 15Х1М1Ф ;Энергетическая арматура;1085-100-Э;Пар;От -60 до +40;УХЛ;В;ОТК;30;1500;12 месяцев со дня ввода в эксплуатацию, но не более 18 месяцев со дня отгрузки потребителю;Под приварку;С электроприводом;100;98;540;Жаропрочная перлитная сталь;233;По запросу;873930;Под заказ
Клапан регулирующий шиберный под приварку с электроприводом (792-ЭР-0АI) 1085-100-Э-01 DN 100 PN 9,8 МПа Т540 °С, корпус ст. 15Х1М1Ф ;Энергетическая арматура;1085-100-Э-01;Пар;От -60 до +40;УХЛ;В;ОТК;30;1500;12 месяцев со дня ввода в эксплуатацию, но не более 18 месяцев со дня отгрузки потребителю;Под приварку;С электроприводом;100;98;540;Жаропрочная перлитная сталь;233;По запросу;873930;Под заказ
Клапан регулирующий под приварку ручной 6с-9-2 DN 100 PN 10,0 МПа Т450 °С, корпус ст. 25Л;Энергетическая арматура;6с-9-2;Вода - пар;от -45 до +40;У1;В;ОТК;30;1500;12 месяцев со дня ввода в эксплуатацию, но не более 18 месяцев со дня отгрузки потребителю;Под приварку;Ручной;100;100;450;Углеродистая сталь;104;По запросу;183170;Под заказ
Клапан регулирующий под приварку ручной 6с-13-2 DN 100 PN 10,0 МПа Т450 °С, корпус ст. 25Л;Энергетическая арматура;6с-13-2;Вода - пар;от -45 до +40;У1;В;ОТК;30;1500;12 месяцев со дня ввода в эксплуатацию, но не более 18 месяцев со дня отгрузки потребителю;Под приварку;Ручной;100;100;450;Углеродистая сталь;104;По запросу;183170;Под заказ
Клапан регулирующий под приварку с электроприводом (МЭОФ-250/25-0,25У-99К) 6с-13-2Э DN 100 PN 10,0 МПа Т450 °С, корпус ст. 25Л;Энергетическая арматура;6с-13-2Э;Вода - пар;от -45 до +40;У1;В;ОТК;30;1500;12 месяцев со дня ввода в эксплуатацию, но не более 18 месяцев со дня отгрузки потребителю;Под приварку;С электроприводом;100;100;450;Углеродистая сталь;139;По запросу;290400;Под заказ
Клапан регулирующий под приварку с электроприводом (792-ЭР-0АI) 1087-100-Э DN 100 PN 13,7 МПа Т560 °С, корпус ст. 15Х1М1Ф ;Энергетическая арматура;1087-100-Э;Пар;От -60 до +40;УХЛ;В;ОТК;30;1500;12 месяцев со дня ввода в эксплуатацию, но не более 18 месяцев со дня отгрузки потребителю;Под приварку;С электроприводом;100;137;560;Жаропрочная перлитная сталь;233;По запросу;888620;Под заказ
Клапан регулирующий под приварку с электроприводом (792-ЭР-0АI) 1087-100-Э-01 DN 100 PN 13,7 МПа Т560 °С, корпус ст. 15Х1М1Ф ;Энергетическая арматура;1087-100-Э-01;Пар;От -60 до +40;УХЛ;В;ОТК;30;1500;12 месяцев со дня ввода в эксплуатацию, но не более 18 месяцев со дня отгрузки потребителю;Под приварку;С электроприводом;100;137;560;Жаропрочная перлитная сталь;233;По запросу;888620;Под заказ
Клапан регулирующий под приварку с электроприводом (792-ЭР-0АI) 1087-100-Э-02 DN 100 PN 13,7 МПа Т560 °С, корпус ст. 15Х1М1Ф ;Энергетическая арматура;1087-100-Э-02;Пар;От -60 до +40;УХЛ;В;ОТК;30;1500;12 месяцев со дня ввода в эксплуатацию, но не более 18 месяцев со дня отгрузки потребителю;Под приварку;С электроприводом;100;137;560;Жаропрочная перлитная сталь;233;По запросу;888620;Под заказ
Клапан регулирующий под приварку с электроприводом (792-ЭР-0А) 1086-100-Э DN 100 PN 23,5 МПа Т250 °С, корпус ст. 20;Энергетическая арматура;1086-100-Э;Вода;от -45 до +40;У1;В;ОТК;30;1500;12 месяцев со дня ввода в эксплуатацию, но не более 18 месяцев со дня отгрузки потребителю;Под приварку;С электроприводом;100;235;250;Углеродистая сталь;233;По запросу;740520;Под заказ
Клапан регулирующий под приварку с электроприводом (792-ЭР-0А) 1086-100-Э-01 DN 100 PN 23,5 МПа Т250 °С, корпус ст. 20;Энергетическая арматура;1086-100-Э-01;Вода;от -45 до +40;У1;В;ОТК;30;1500;12 месяцев со дня ввода в эксплуатацию, но не более 18 месяцев со дня отгрузки потребителю;Под приварку;С электроприводом;100;235;250;Углеродистая сталь;233;По запросу;740520;Под заказ
Клапан регулирующий под приварку с электроприводом (МЭО-630/10-0,25У-92К) 1416-100-Р DN 100 PN 23,5 МПа Т250 °С, корпус ст. 15ГС;Энергетическая арматура;1416-100-Р;Вода;От -60 до +40;ХЛ1;В;ОТК;30;1500;12 месяцев со дня ввода в эксплуатацию, но не более 18 месяцев со дня отгрузки потребителю;Под приварку;С электроприводом;100;235;250;Конструкционная низколегированная сталь;259;По запросу;1055900;Под заказ
Клапан регулирующий под приварку с электроприводом (МЭО-630/10-0,25У-92К) 1416-100-Р-01 DN 100 PN 23,5 МПа Т250 °С, корпус ст. 15ГС;Энергетическая арматура;1416-100-Р-01;Вода;От -60 до +40;ХЛ1;В;ОТК;30;1500;12 месяцев со дня ввода в эксплуатацию, но не более 18 месяцев со дня отгрузки потребителю;Под приварку;С электроприводом;100;235;250;Конструкционная низколегированная сталь;259;По запросу;1055900;Под заказ
Клапан регулирующий под приварку с электроприводом (МЭО-630/10-0,25У-92К) 1416-100-Р-02 DN 100 PN 23,5 МПа Т250 °С, корпус ст. 15ГС;Энергетическая арматура;1416-100-Р-02;Вода;От -60 до +40;ХЛ1;В;ОТК;30;1500;12 месяцев со дня ввода в эксплуатацию, но не более 18 месяцев со дня отгрузки потребителю;Под приварку;С электроприводом;100;235;250;Конструкционная низколегированная сталь;259;По запросу;1055900;Под заказ
Клапан регулирующий под приварку с электроприводом (МЭОФ-1000/20-0,25У-96К) 1416-100-Э DN 100 PN 23,5 МПа Т250 °С, корпус ст. 15ГС;Энергетическая арматура;1416-100-Э;Вода;От -60 до +40;ХЛ1;В;ОТК;30;1500;12 месяцев со дня ввода в эксплуатацию, но не более 18 месяцев со дня отгрузки потребителю;Под приварку;С электроприводом;100;235;250;Конструкционная низколегированная сталь;252;По запросу;1055900;Под заказ
Клапан регулирующий под приварку с электроприводом (МЭОФ-1000/20-0,25У-96К) 1416-100-Э-01 DN 100 PN 23,5 МПа Т250 °С, корпус ст. 15ГС;Энергетическая арматура;1416-100-Э-01;Вода;От -60 до +40;ХЛ1;В;ОТК;30;1500;12 месяцев со дня ввода в эксплуатацию, но не более 18 месяцев со дня отгрузки потребителю;Под приварку;С электроприводом;100;235;250;Конструкционная низколегированная сталь;252;По запросу;1055900;Под заказ
Клапан регулирующий под приварку с электроприводом (МЭОФ-1000/20-0,25У-96К) 1416-100-Э-02 DN 100 PN 23,5 МПа Т250 °С, корпус ст. 15ГС;Энергетическая арматура;1416-100-Э-02;Вода;От -60 до +40;ХЛ1;В;ОТК;30;1500;12 месяцев со дня ввода в эксплуатацию, но не более 18 месяцев со дня отгрузки потребителю;Под приварку;С электроприводом;100;235;250;Конструкционная низколегированная сталь;252;По запросу;1055900;Под заказ
Клапан регулирующий под приварку с электроприводом (792-ЭР-0А) 1084-100-ЭА DN 100 PN 37,3 МПа Т280 °С, корпус ст. 20;Энергетическая арматура;1084-100-ЭА;Вода;от -45 до +40;У1;В;ОТК;30;1500;12 месяцев со дня ввода в эксплуатацию, но не более 18 месяцев со дня отгрузки потребителю;Под приварку;С электроприводом;100;373;280;Углеродистая сталь;285;По запросу;770300;Под заказ
Клапан регулирующий под приварку с электроприводом (792-ЭР-0А) 1084-100-ЭА-01 DN 100 PN 37,3 МПа Т280 °С, корпус ст. 20;Энергетическая арматура;1084-100-ЭА-01;Вода;от -45 до +40;У1;В;ОТК;30;1500;12 месяцев со дня ввода в эксплуатацию, но не более 18 месяцев со дня отгрузки потребителю;Под приварку;С электроприводом;100;373;280;Углеродистая сталь;285;По запросу;770300;Под заказ
Клапан регулирующий под приварку с электроприводом (792-ЭР-0А) 1084-100-ЭА-02 DN 100 PN 37,3 МПа Т280 °С, корпус ст. 20;Энергетическая арматура;1084-100-ЭА-02;Вода;от -45 до +40;У1;В;ОТК;30;1500;12 месяцев со дня ввода в эксплуатацию, но не более 18 месяцев со дня отгрузки потребителю;Под приварку;С электроприводом;100;373;280;Углеродистая сталь;285;По запросу;770300;Под заказ
Клапан регулирующий под приварку с электроприводом (792-ЭР-0А) 1084-100-ЭА-03 DN 100 PN 37,3 МПа Т280 °С, корпус ст. 20;Энергетическая арматура;1084-100-ЭА-03;Вода;от -45 до +40;У1;В;ОТК;30;1500;12 месяцев со дня ввода в эксплуатацию, но не более 18 месяцев со дня отгрузки потребителю;Под приварку;С электроприводом;100;373;280;Углеродистая сталь;285;По запросу;770300;Под заказ
Клапан регулирующий под приварку ручной 6с-9-3 DN 150 PN 10,0 МПа Т450 °С, корпус ст. 25Л;Энергетическая арматура;6с-9-3;Вода - пар;от -45 до +40;У1;В;ОТК;30;1000;12 месяцев со дня ввода в эксплуатацию, но не более 18 месяцев со дня отгрузки потребителю;Под приварку;Ручной;150;100;450;Углеродистая сталь;131;По запросу;233660;Под заказ
Клапан регулирующий под приварку ручной 6с-13-3 DN 150 PN 10,0 МПа Т450 °С, корпус ст. 25Л;Энергетическая арматура;6с-13-3;Вода - пар;от -45 до +40;У1;В;ОТК;30;1000;12 месяцев со дня ввода в эксплуатацию, но не более 18 месяцев со дня отгрузки потребителю;Под приварку;Ручной;150;100;450;Углеродистая сталь;131;По запросу;233660;Под заказ
Клапан регулирующий под приварку с электроприводом (МЭОФ-250/25-0,25У-99К) 6с-13-3Э DN 150 PN 10,0 МПа Т450 °С, корпус ст. 25Л;Энергетическая арматура;6с-13-3Э;Вода - пар;от -45 до +40;У1;В;ОТК;30;1000;12 месяцев со дня ввода в эксплуатацию, но не более 18 месяцев со дня отгрузки потребителю;Под приварку;С электроприводом;150;100;450;Углеродистая сталь;173;По запросу;337200;Под заказ
Клапан регулирующий под приварку с электроприводом (793-ЭР-0I) 995-150-ЭА DN 150 PN 9,8 МПа Т540 °С, корпус ст. 15Х1М1ФЛ;Энергетическая арматура;995-150-ЭА;Пар;От -60 до +40;УХЛ;В;ОТК;30;1000;12 месяцев со дня ввода в эксплуатацию, но не более 18 месяцев со дня отгрузки потребителю;Под приварку;С электроприводом;150;98;540;Жаропрочная перлитная сталь;571;По запросу;2132820;Под заказ
Клапан регулирующий под приварку с электроприводом (793-ЭР-0I) 995-150-ЭА-01 DN 150 PN 9,8 МПа Т540 °С, корпус ст. 15Х1М1ФЛ;Энергетическая арматура;995-150-ЭА-01;Пар;От -60 до +40;УХЛ;В;ОТК;30;1000;12 месяцев со дня ввода в эксплуатацию, но не более 18 месяцев со дня отгрузки потребителю;Под приварку;С электроприводом;150;98;540;Жаропрочная перлитная сталь;571;По запросу;2132820;Под заказ
Клапан регулирующий под приварку с электроприводом (793-ЭР-0I) 995-150-ЭА-02 DN 150 PN 9,8 МПа Т540 °С, корпус ст. 15Х1М1ФЛ;Энергетическая арматура;995-150-ЭА-02;Пар;От -60 до +40;УХЛ;В;ОТК;30;1000;12 месяцев со дня ввода в эксплуатацию, но не более 18 месяцев со дня отгрузки потребителю;Под приварку;С электроприводом;150;98;540;Жаропрочная перлитная сталь;571;По запросу;2132820;Под заказ
Клапан регулирующий под приварку с электроприводом (МЭОФ-1600/25-0,25У-96К) 1416-175-Э DN 175 PN 23,5 МПа Т250 °С, корпус ст. 15ГС;Энергетическая арматура;1416-175-Э;Вода;От -60 до +40;ХЛ1;В;ОТК;30;1000;12 месяцев со дня ввода в эксплуатацию, но не более 18 месяцев со дня отгрузки потребителю;Под приварку;С электроприводом;175;235;250;Конструкционная низколегированная сталь;725;По запросу;0;Под заказ
Клапан регулирующий под приварку с электроприводом (МЭОФ-1600/25-0,25У-96К) 1416-175-Э-01 DN 175 PN 23,5 МПа Т250 °С, корпус ст. 15ГС;Энергетическая арматура;1416-175-Э-01;Вода;От -60 до +40;ХЛ1;В;ОТК;30;1000;12 месяцев со дня ввода в эксплуатацию, но не более 18 месяцев со дня отгрузки потребителю;Под приварку;С электроприводом;175;235;250;Конструкционная низколегированная сталь;728;По запросу;0;Под заказ
Клапан регулирующий под приварку с электроприводом (МЭОФ-1600/25-0,25У-96К) 1416-175-Э-02 DN 175 PN 23,5 МПа Т250 °С, корпус ст. 15ГС;Энергетическая арматура;1416-175-Э-02;Вода;От -60 до +40;ХЛ1;В;ОТК;30;1000;12 месяцев со дня ввода в эксплуатацию, но не более 18 месяцев со дня отгрузки потребителю;Под приварку;С электроприводом;175;235;250;Конструкционная низколегированная сталь;727;По запросу;0;Под заказ
Клапан регулирующий под приварку с электроприводом (МЭО-1600/25-0,25У-96К) 1416-175-Р DN 175 PN 23,5 МПа Т250 °С, корпус ст. 15ГС;Энергетическая арматура;1416-175-Р;Вода;От -60 до +40;ХЛ1;В;ОТК;30;1000;12 месяцев со дня ввода в эксплуатацию, но не более 18 месяцев со дня отгрузки потребителю;Под приварку;С электроприводом;175;235;250;Конструкционная низколегированная сталь;749;По запросу;0;Под заказ
Клапан регулирующий под приварку с электроприводом (МЭО-1600/25-0,25У-96К) 1416-175-Р-01 DN 175 PN 23,5 МПа Т250 °С, корпус ст. 15ГС;Энергетическая арматура;1416-175-Р-01;Вода;От -60 до +40;ХЛ1;В;ОТК;30;1000;12 месяцев со дня ввода в эксплуатацию, но не более 18 месяцев со дня отгрузки потребителю;Под приварку;С электроприводом;175;235;250;Конструкционная низколегированная сталь;749;По запросу;0;Под заказ
Клапан регулирующий под приварку с электроприводом (МЭО-1600/25-0,25У-96К) 1416-175-Р-02 DN 175 PN 23,5 МПа Т250 °С, корпус ст. 15ГС;Энергетическая арматура;1416-175-Р-02;Вода;От -60 до +40;ХЛ1;В;ОТК;30;1000;12 месяцев со дня ввода в эксплуатацию, но не более 18 месяцев со дня отгрузки потребителю;Под приварку;С электроприводом;175;235;250;Конструкционная низколегированная сталь;749;По запросу;0;Под заказ
Клапан регулирующий под приварку с электроприводом (793-ЭР-0-02) 976-175-ЭШ DN 175 PN 23,5 МПа Т250 °С, корпус ст. 25Л ;Энергетическая арматура;976-175-ЭШ;Вода;от -45 до +40;У1;В;ОТК;30;1000;12 месяцев со дня ввода в эксплуатацию, но не более 18 месяцев со дня отгрузки потребителю;Под приварку;С электроприводом;175;235;250;Углеродистая сталь;558;По запросу;2848690;Под заказ
Клапан регулирующий под приварку с электроприводом (793-ЭР-0-02) 976-175-ЭШ-01 DN 175 PN 23,5 МПа Т250 °С, корпус ст. 25Л ;Энергетическая арматура;976-175-ЭШ-01;Вода;от -45 до +40;У1;В;ОТК;30;1000;12 месяцев со дня ввода в эксплуатацию, но не более 18 месяцев со дня отгрузки потребителю;Под приварку;С электроприводом;175;235;250;Углеродистая сталь;558;По запросу;2848690;Под заказ
Клапан регулирующий под приварку с электроприводом (793-ЭР-0-02) 976-175-ЭБ DN 175 PN 23,5 МПа Т250 °С, корпус ст. 25Л ;Энергетическая арматура;976-175-ЭБ;Вода;от -45 до +40;У1;В;ОТК;30;1000;12 месяцев со дня ввода в эксплуатацию, но не более 18 месяцев со дня отгрузки потребителю;Под приварку;С электроприводом;175;235;250;Углеродистая сталь;558;По запросу;2848690;Под заказ
Клапан регулирующий под приварку с электроприводом (793-ЭР-0-02) 976-175-ЭБ-01 DN 175 PN 23,5 МПа Т250 °С, корпус ст. 25Л ;Энергетическая арматура;976-175-ЭБ-01;Вода;от -45 до +40;У1;В;ОТК;30;1000;12 месяцев со дня ввода в эксплуатацию, но не более 18 месяцев со дня отгрузки потребителю;Под приварку;С электроприводом;175;235;250;Углеродистая сталь;558;По запросу;2848690;Под заказ
Клапан регулирующий под приварку с электроприводом (МЭОФ-1600/25-0,25У-96К) 1416-225-Э DN 225 PN 23,5 МПа Т250 °С, корпус ст. 15ГС;Энергетическая арматура;1416-225-Э;Вода;От -60 до +40;ХЛ1;В;ОТК;30;1000;12 месяцев со дня ввода в эксплуатацию, но не более 18 месяцев со дня отгрузки потребителю;Под приварку;С электроприводом;225;235;250;Конструкционная низколегированная сталь;1092;По запросу;0;Под заказ
Клапан регулирующий под приварку с электроприводом (МЭОФ-1600/25-0,25У-96К) 1416-225-Э-01 DN 225 PN 23,5 МПа Т250 °С, корпус ст. 15ГС;Энергетическая арматура;1416-225-Э-01;Вода;От -60 до +40;ХЛ1;В;ОТК;30;1000;12 месяцев со дня ввода в эксплуатацию, но не более 18 месяцев со дня отгрузки потребителю;Под приварку;С электроприводом;225;235;250;Конструкционная низколегированная сталь;1092;По запросу;0;Под заказ
Клапан регулирующий под приварку с электроприводом (МЭОФ-1600/25-0,25У-96К) 1416-225-Э-02 DN 225 PN 23,5 МПа Т250 °С, корпус ст. 15ГС;Энергетическая арматура;1416-225-Э-02;Вода;От -60 до +40;ХЛ1;В;ОТК;30;1000;12 месяцев со дня ввода в эксплуатацию, но не более 18 месяцев со дня отгрузки потребителю;Под приварку;С электроприводом;225;235;250;Конструкционная низколегированная сталь;1092;По запросу;0;Под заказ
Клапан регулирующий под приварку с электроприводом (МЭОФ-1600/25-0,25У-96К) 1416-225-Э-03 DN 225 PN 23,5 МПа Т250 °С, корпус ст. 15ГС;Энергетическая арматура;1416-225-Э-03;Вода;От -60 до +40;ХЛ1;В;ОТК;30;1000;12 месяцев со дня ввода в эксплуатацию, но не более 18 месяцев со дня отгрузки потребителю;Под приварку;С электроприводом;225;235;250;Конструкционная низколегированная сталь;1092;По запросу;0;Под заказ
Клапан регулирующий под приварку с электроприводом (МЭОФ-1600/25-0,25У-96К) 1416-225-Э-04 DN 225 PN 23,5 МПа Т250 °С, корпус ст. 15ГС;Энергетическая арматура;1416-225-Э-04;Вода;От -60 до +40;ХЛ1;В;ОТК;30;1000;12 месяцев со дня ввода в эксплуатацию, но не более 18 месяцев со дня отгрузки потребителю;Под приварку;С электроприводом;225;235;250;Конструкционная низколегированная сталь;1092;По запросу;0;Под заказ
Клапан регулирующий под приварку с электроприводом (МЭО-1600/25-0,25У-96К) 1416-225-Р DN 225 PN 23,5 МПа Т250 °С, корпус ст. 15ГС;Энергетическая арматура;1416-225-Р;Вода;От -60 до +40;ХЛ1;В;ОТК;30;1000;12 месяцев со дня ввода в эксплуатацию, но не более 18 месяцев со дня отгрузки потребителю;Под приварку;С электроприводом;225;235;250;Конструкционная низколегированная сталь;1088;По запросу;0;Под заказ
Клапан регулирующий под приварку с электроприводом (МЭО-1600/25-0,25У-96К) 1416-225-Р-01 DN 225 PN 23,5 МПа Т250 °С, корпус ст. 15ГС;Энергетическая арматура;1416-225-Р-01;Вода;От -60 до +40;ХЛ1;В;ОТК;30;1000;12 месяцев со дня ввода в эксплуатацию, но не более 18 месяцев со дня отгрузки потребителю;Под приварку;С электроприводом;225;235;250;Конструкционная низколегированная сталь;1088;По запросу;0;Под заказ
Клапан регулирующий под приварку с электроприводом (МЭО-1600/25-0,25У-96К) 1416-225-Р-02 DN 225 PN 23,5 МПа Т250 °С, корпус ст. 15ГС;Энергетическая арматура;1416-225-Р-02;Вода;От -60 до +40;ХЛ1;В;ОТК;30;1000;12 месяцев со дня ввода в эксплуатацию, но не более 18 месяцев со дня отгрузки потребителю;Под приварку;С электроприводом;225;235;250;Конструкционная низколегированная сталь;1088;По запросу;0;Под заказ
Клапан регулирующий под приварку с электроприводом (МЭО-1600/25-0,25У-96К) 1416-225-Р-03 DN 225 PN 23,5 МПа Т250 °С, корпус ст. 15ГС;Энергетическая арматура;1416-225-Р-03;Вода;От -60 до +40;ХЛ1;В;ОТК;30;1000;12 месяцев со дня ввода в эксплуатацию, но не более 18 месяцев со дня отгрузки потребителю;Под приварку;С электроприводом;225;235;250;Конструкционная низколегированная сталь;1088;По запросу;0;Под заказ
Клапан регулирующий под приварку с электроприводом (МЭО-1600/25-0,25У-96К) 1416-225-Р-04 DN 225 PN 23,5 МПа Т250 °С, корпус ст. 15ГС;Энергетическая арматура;1416-225-Р-04;Вода;От -60 до +40;ХЛ1;В;ОТК;30;1000;12 месяцев со дня ввода в эксплуатацию, но не более 18 месяцев со дня отгрузки потребителю;Под приварку;С электроприводом;225;235;250;Конструкционная низколегированная сталь;1088;По запросу;0;Под заказ
Клапан регулирующий под приварку ручной 6с-8-2 DN 200 PN 6,3 МПа Т425 °С, корпус ст. 25Л;Энергетическая арматура;6с-8-2;Вода - пар;от -45 до +40;У1;В;ОТК;30;1000;12 месяцев со дня ввода в эксплуатацию, но не более 18 месяцев со дня отгрузки потребителю;Под приварку;Ручной;200;63;425;Углеродистая сталь;130;По запросу;268260;Под заказ
Клапан регулирующий под приварку ручной 6с-8-3 DN 250 PN 6,3 МПа T425°С, корпус ст. 25Л;Энергетическая арматура;6с-8-3;Вода - пар;от -45 до +40;У1;В;ОТК;30;1000;12 месяцев со дня ввода в эксплуатацию, но не более 18 месяцев со дня отгрузки потребителю;Под приварку;Ручной;250;63;425;Углеродистая сталь;217;По запросу;283850;Под заказ
Клапан регулирующий под приварку ручной 6с-9-4 DN 200 PN 10,0 МПа Т450 °С, корпус ст. 25Л;Энергетическая арматура;6с-9-4;Вода - пар;от -45 до +40;У1;В;ОТК;30;1000;12 месяцев со дня ввода в эксплуатацию, но не более 18 месяцев со дня отгрузки потребителю;Под приварку;Ручной;200;100;450;Углеродистая сталь;163;По запросу;268260;Под заказ
Клапан регулирующий под приварку ручной 6с-13-4 DN 200 PN 10,0 МПа Т450 °С, корпус ст. 25Л;Энергетическая арматура;6с-13-4;Вода - пар;от -45 до +40;У1;В;ОТК;30;1000;12 месяцев со дня ввода в эксплуатацию, но не более 18 месяцев со дня отгрузки потребителю;Под приварку;Ручной;200;100;450;Углеродистая сталь;148,2;По запросу;268260;Под заказ
Клапан регулирующий под приварку с электроприводом (МЭОФ-250/25-0,25У-99К) 6с-13-4Э DN 200 PN 10,0 МПа Т450 °С, корпус ст. 25Л;Энергетическая арматура;6с-13-4Э;Вода - пар;от -45 до +40;У1;В;ОТК;30;1000;12 месяцев со дня ввода в эксплуатацию, но не более 18 месяцев со дня отгрузки потребителю;Под приварку;С электроприводом;200;100;450;Углеродистая сталь;191;По запросу;423990;Под заказ
Клапан регулирующий под приварку с электроприводом (793-ЭР-0-04) 870-200-ЭШ DN 200 PN 37,3 МПа Т280 °С, корпус ст. 25Л;Энергетическая арматура;870-200-ЭШ;Вода;от -45 до +40;У1;В;ОТК;30;1000;12 месяцев со дня ввода в эксплуатацию, но не более 18 месяцев со дня отгрузки потребителю;Под приварку;С электроприводом;200;373;280;Углеродистая сталь;455;По запросу;0;Под заказ
Клапан регулирующий под приварку с электроприводом (793-ЭР-0-04) 870-200-ЭМ DN 200 PN 37,3 МПа Т280 °С, корпус ст. 25Л;Энергетическая арматура;870-200-ЭМ;Вода;от -45 до +40;У1;В;ОТК;30;1000;12 месяцев со дня ввода в эксплуатацию, но не более 18 месяцев со дня отгрузки потребителю;Под приварку;С электроприводом;200;373;280;Углеродистая сталь;455;По запросу;0;Под заказ
Клапан регулирующий под приварку ручной  6с-9-5 DN 250 PN 10,0 МПа Т450 °С, корпус ст. 25Л;Энергетическая арматура;6с-9-5;Вода - пар;от -45 до +40;У1;В;ОТК;30;1000;12 месяцев со дня ввода в эксплуатацию, но не более 18 месяцев со дня отгрузки потребителю;Под приварку;Ручной;250;100;450;Углеродистая сталь;217;По запросу;283850;Под заказ
Клапан регулирующий под приварку ручной 6с-13-5 DN 250 PN 10,0 МПа Т450 °С, корпус ст. 25Л;Энергетическая арматура;6с-13-5;Вода - пар;от -45 до +40;У1;В;ОТК;30;1000;12 месяцев со дня ввода в эксплуатацию, но не более 18 месяцев со дня отгрузки потребителю;Под приварку;Ручной;250;100;450;Углеродистая сталь;259,5;По запросу;283850;Под заказ
Клапан регулирующий под приварку с электроприводом (МЭОФ-250/25-0,25У-99К) 6с-13-5Э DN 250 PN 10,0 МПа Т450 °С, корпус ст. 25Л;Энергетическая арматура;6с-13-5Э;Вода - пар;от -45 до +40;У1;В;ОТК;30;1000;12 месяцев со дня ввода в эксплуатацию, но не более 18 месяцев со дня отгрузки потребителю;Под приварку;С электроприводом;250;100;450;Углеродистая сталь;262;По запросу;472470;Под заказ
Клапан регулирующий под приварку с электроприводом (795-ЭР-0-V) 976-250-ЭБ DN 250 PN 23,5 МПа Т250 °С, корпус ст. 20ГСЛ;Энергетическая арматура;976-250-ЭБ;Вода;От -60 до +40;ХЛ1;В;ОТК;30;1000;12 месяцев со дня ввода в эксплуатацию, но не более 18 месяцев со дня отгрузки потребителю;Под приварку;С электроприводом;250;235;250;Легированная сталь;1308;По запросу;0;Под заказ
Клапан регулирующий под приварку с электроприводом (795-ЭР-0-V) 976-250-ЭБ-01 DN 250 PN 23,5 МПа Т250 °С, корпус ст. 20ГСЛ ;Энергетическая арматура;976-250-ЭБ-01;Вода;От -60 до +40;ХЛ1;В;ОТК;30;1000;12 месяцев со дня ввода в эксплуатацию, но не более 18 месяцев со дня отгрузки потребителю;Под приварку;С электроприводом;250;235;250;Легированная сталь;1308;По запросу;0;Под заказ
Клапан регулирующий под приварку с электроприводом (МЭОФ-1600/25-0,25У-96К) 1416-250-Э DN 250 PN 23,5 МПа Т250 °С, корпус ст. 15ГС;Энергетическая арматура;1416-250-Э;Вода;От -60 до +40;ХЛ1;В;ОТК;30;1000;12 месяцев со дня ввода в эксплуатацию, но не более 18 месяцев со дня отгрузки потребителю;Под приварку;С электроприводом;250;235;250;Конструкционная низколегированная сталь;1164;По запросу;0;Под заказ
Клапан регулирующий под приварку с электроприводом (МЭОФ-1600/25-0,25У-96К) 1416-250-Э-01 DN 250 PN 23,5 МПа Т250 °С, корпус ст. 15ГС;Энергетическая арматура;1416-250-Э-01;Вода;От -60 до +40;ХЛ1;В;ОТК;30;1000;12 месяцев со дня ввода в эксплуатацию, но не более 18 месяцев со дня отгрузки потребителю;Под приварку;С электроприводом;250;235;250;Конструкционная низколегированная сталь;1164;По запросу;0;Под заказ
Клапан регулирующий под приварку с электроприводом (МЭОФ-1600/25-0,25У-96К) 1416-250-Э-02 DN 250 PN 23,5 МПа Т250 °С, корпус ст. 15ГС;Энергетическая арматура;1416-250-Э-02;Вода;От -60 до +40;ХЛ1;В;ОТК;30;1000;12 месяцев со дня ввода в эксплуатацию, но не более 18 месяцев со дня отгрузки потребителю;Под приварку;С электроприводом;250;235;250;Конструкционная низколегированная сталь;1164;По запросу;0;Под заказ
Клапан регулирующий под приварку с электроприводом (МЭО-1600/25-0,25У-96К) 1416-250-Р DN 250 PN 23,5 МПа Т250 °С, корпус ст. 15ГС;Энергетическая арматура;1416-250-Р;Вода;От -60 до +40;ХЛ1;В;ОТК;30;1000;12 месяцев со дня ввода в эксплуатацию, но не более 18 месяцев со дня отгрузки потребителю;Под приварку;С электроприводом;250;235;250;Конструкционная низколегированная сталь;1098;По запросу;0;Под заказ
Клапан регулирующий под приварку с электроприводом (МЭО-1600/25-0,25У-96К) 1416-250-Р-01 DN 250 PN 23,5 МПа Т250 °С, корпус ст. 15ГС;Энергетическая арматура;1416-250-Р-01;Вода;От -60 до +40;ХЛ1;В;ОТК;30;1000;12 месяцев со дня ввода в эксплуатацию, но не более 18 месяцев со дня отгрузки потребителю;Под приварку;С электроприводом;250;235;250;Конструкционная низколегированная сталь;1098;По запросу;0;Под заказ
Клапан регулирующий под приварку с электроприводом (МЭО-1600/25-0,25У-96К) 1416-250-Р-02 DN 250 PN 23,5 МПа Т250 °С, корпус ст. 15ГС;Энергетическая арматура;1416-250-Р-02;Вода;От -60 до +40;ХЛ1;В;ОТК;30;1000;12 месяцев со дня ввода в эксплуатацию, но не более 18 месяцев со дня отгрузки потребителю;Под приварку;С электроприводом;250;235;250;Конструкционная низколегированная сталь;1098;По запросу;0;Под заказ
Клапан регулирующий под приварку с электроприводом (795-ЭР-0-V) 992-250-ЭБ DN 250 PN 37,3 МПа Т280 °С, корпус ст. 20ГСЛ;Энергетическая арматура;992-250-ЭБ;Вода;От -60 до +40;ХЛ1;В;ОТК;30;1000;12 месяцев со дня ввода в эксплуатацию, но не более 18 месяцев со дня отгрузки потребителю;Под приварку;С электроприводом;250;373;280;Легированная сталь;1320;По запросу;0;Под заказ
Клапан регулирующий под приварку с электроприводом (876-ЭР-0-V) 993-250-ЭБ DN 250 PN 28,4 МПа Т510 °С, корпус ст. 15Х1М1ФЛ ;Энергетическая арматура;993-250-ЭБ;Пар;От -60 до +40;УХЛ;В;ОТК;30;1000;12 месяцев со дня ввода в эксплуатацию, но не более 18 месяцев со дня отгрузки потребителю;Под приварку;С электроприводом;250;284;510;Жаропрочная перлитная сталь;1534;По запросу;0;Под заказ
Клапан регулирующий под приварку с электроприводом (876-ЭР-0-V) 993-250-ЭБ-01 DN 250 PN 28,4 МПа Т510 °С, корпус ст. 15Х1М1ФЛ ;Энергетическая арматура;993-250-ЭБ-01;Пар;От -60 до +40;УХЛ;В;ОТК;30;1000;12 месяцев со дня ввода в эксплуатацию, но не более 18 месяцев со дня отгрузки потребителю;Под приварку;С электроприводом;250;284;510;Жаропрочная перлитная сталь;1534;По запросу;0;Под заказ
Клапан регулирующий под приварку с электроприводом (ПЭМ-Б2У) 14с-73-25-1Э DN 300 PN 2,5 МПа Т425 °С, корпус ст. 20;Энергетическая арматура;14с-73-25-1Э;Вода - пар;от -45 до +40;У1;В;ОТК;30;1000;12 месяцев со дня ввода в эксплуатацию, но не более 18 месяцев со дня отгрузки потребителю;Под приварку;С электроприводом;300;25;425;Углеродистая сталь;658;По запросу;0;Под заказ
Клапан регулирующий под приварку с электроприводом (ПЭМ-Б2У) 14с-73-25-3Э DN 300 PN 2,5 МПа Т425 °С, корпус ст. 20;Энергетическая арматура;14с-73-25-3Э;Вода - пар;от -45 до +40;У1;В;ОТК;30;1000;12 месяцев со дня ввода в эксплуатацию, но не более 18 месяцев со дня отгрузки потребителю;Под приварку;С электроприводом;300;25;425;Углеродистая сталь;660;По запросу;0;Под заказ
Клапан регулирующий под приварку с электроприводом (ПЭМ-Б2У) 14с-73-25Э DN 300 PN 2,5 МПа Т425 °С, корпус ст. 20;Энергетическая арматура;14с-73-25Э;Вода - пар;от -45 до +40;У1;В;ОТК;30;1000;12 месяцев со дня ввода в эксплуатацию, но не более 18 месяцев со дня отгрузки потребителю;Под приварку;С электроприводом;300;25;425;Углеродистая сталь;667;По запросу;0;Под заказ
Клапан регулирующий под приварку с электроприводом (ПЭМ-Б2У) 14с-76-25-1Э DN 400 PN 2,5 МПа Т425 °С, корпус ст. 20;Энергетическая арматура;14с-76-25-1Э;Вода - пар;от -45 до +40;У1;В;ОТК;30;1000;12 месяцев со дня ввода в эксплуатацию, но не более 18 месяцев со дня отгрузки потребителю;Под приварку;С электроприводом;400;25;425;Углеродистая сталь;708;По запросу;0;Под заказ
Клапан регулирующий под приварку с электроприводом (ПЭМ-Б2У) 14с-76-25Э DN 400 PN 2,5 МПа Т425 °С, корпус ст. 20;Энергетическая арматура;14с-76-25Э;Вода - пар;от -45 до +40;У1;В;ОТК;30;1000;12 месяцев со дня ввода в эксплуатацию, но не более 18 месяцев со дня отгрузки потребителю;Под приварку;С электроприводом;400;25;425;Углеродистая сталь;705;По запросу;0;Под заказ
Клапан регулирующий под приварку ручной 14с-73-20-3 DN 300 PN 6,3 МПа Т425 °С, корпус ст. 20;Энергетическая арматура;14с-73-20-3;Вода - пар;от -45 до +40;У1;В;ОТК;30;1000;12 месяцев со дня ввода в эксплуатацию, но не более 18 месяцев со дня отгрузки потребителю;Под приварку;Ручной;300;63;425;Углеродистая сталь;546;По запросу;0;Под заказ
Клапан регулирующий под приварку ручной 6с-12-4 DN 300 PN 6,3 МПа Т450 °С, корпус ст. 25Л;Энергетическая арматура;6с-12-4;Вода - пар;от -45 до +40;У1;В;ОТК;30;1000;12 месяцев со дня ввода в эксплуатацию, но не более 18 месяцев со дня отгрузки потребителю;Под приварку;Ручной;300;63;425;Углеродистая сталь;246;По запросу;0;Под заказ
Клапан регулирующий под приварку ручной 6с-8-4 DN 300 PN 6,3 МПа Т425 °С, корпус ст. 25Л;Энергетическая арматура;6с-8-4;Вода - пар;от -45 до +40;У1;В;ОТК;30;1000;12 месяцев со дня ввода в эксплуатацию, но не более 18 месяцев со дня отгрузки потребителю;Под приварку;Ручной;300;63;425;Углеродистая сталь;240;По запросу;641000;Под заказ
Клапан регулирующий под приварку ручной 6с-12-4-1 DN 300 PN 6,3 МПа Т425 °С, корпус ст. 25Л;Энергетическая арматура;6с-12-4-1;Вода - пар;от -45 до +40;У1;В;ОТК;30;1000;12 месяцев со дня ввода в эксплуатацию, но не более 18 месяцев со дня отгрузки потребителю;Под приварку;Ручной;300;63;425;Углеродистая сталь;220;По запросу;0;Под заказ
Клапан регулирующий под приварку ручной 12с-1-1 DN 450 PN 2,7 МПа Т300 °С, корпус ст. 20;Энергетическая арматура;12с-1-1;Вода - пар;от -45 до +40;У1;В;ОТК;30;1000;12 месяцев со дня ввода в эксплуатацию, но не более 18 месяцев со дня отгрузки потребителю;Под приварку;Ручной;450;27;340;Углеродистая сталь;185;По запросу;0;Под заказ
Клапан регулирующий под приварку ручной Т-33б DN 50 PN 10,0 МПа Т300 °С, корпус ст. 25Л;Энергетическая арматура;Т-33б;Вода;от -45 до +40;У1;В;ОТК;30;1500;12 месяцев со дня ввода в эксплуатацию, но не более 18 месяцев со дня отгрузки потребителю;Под приварку;Ручной;50;100;300;Углеродистая сталь;25;По запросу;86890;Под заказ
Клапан регулирующий под приварку с электроприводом (МЭОФ-250/25-0,25У-99К) Т-33бэ DN 50 PN 10,0 МПа Т300 °С, корпус ст. 25Л;Энергетическая арматура;Т-33бэ;Вода;от -45 до +40;У1;В;ОТК;30;1500;12 месяцев со дня ввода в эксплуатацию, но не более 18 месяцев со дня отгрузки потребителю;Под приварку;С электроприводом;50;100;300;Углеродистая сталь;51,5;По запросу;245700;Под заказ
Клапан регулирующий под приварку ручной Т-34б DN 80 PN 10,0 МПа Т300 °С, корпус ст. 25Л;Энергетическая арматура;Т-34б;Вода;от -45 до +40;У1;В;ОТК;30;1500;12 месяцев со дня ввода в эксплуатацию, но не более 18 месяцев со дня отгрузки потребителю;Под приварку;Ручной;80;100;300;Углеродистая сталь;32;По запросу;116840;Под заказ
Клапан регулирующий под приварку с электроприводом (МЭОФ-250/25-0,25У-99К) Т-34бэ DN 80 PN 10,0 МПа Т300 °С, корпус ст. 25Л;Энергетическая арматура;Т-34бэ;Вода;от -45 до +40;У1;В;ОТК;30;1500;12 месяцев со дня ввода в эксплуатацию, но не более 18 месяцев со дня отгрузки потребителю;Под приварку;С электроприводом;80;100;300;Углеродистая сталь;64,1;По запросу;308250;Под заказ
Клапан регулирующий под приварку ручной Т-35б DN 100 PN 10,0 МПа Т300 °С, корпус ст. 25Л;Энергетическая арматура;Т-35б;Вода;от -45 до +40;У1;В;ОТК;30;1500;12 месяцев со дня ввода в эксплуатацию, но не более 18 месяцев со дня отгрузки потребителю;Под приварку;Ручной;100;100;300;Углеродистая сталь;98,6;По запросу;173780;Под заказ
Клапан регулирующий под приварку с электроприводом (МЭОФ-250/25-0,25У-99К) Т-35бэ DN 100 PN 10,0 МПа Т300 °С , корпус ст. 25Л;Энергетическая арматура;Т-35бэ;Вода;от -45 до +40;У1;В;ОТК;30;1500;12 месяцев со дня ввода в эксплуатацию, но не более 18 месяцев со дня отгрузки потребителю;Под приварку;С электроприводом;100;100;300;Углеродистая сталь;125,1;По запросу;412930;Под заказ
Клапан регулирующий под приварку ручной Т-36б DN 150 PN 6,4 МПа Т300 °С, корпус ст. 25Л;Энергетическая арматура;Т-36б;Вода;от -45 до +40;У1;В;ОТК;30;1000;12 месяцев со дня ввода в эксплуатацию, но не более 18 месяцев со дня отгрузки потребителю;Под приварку;Ручной;150;64;300;Углеродистая сталь;106,2;По запросу;212620;Под заказ
Клапан регулирующий под приварку с электроприводом (МЭОФ-250/25-0,25У-99К) Т-36бэ DN 150 PN 6,4 МПа Т300 °С, корпус ст. 25Л;Энергетическая арматура;Т-36бэ;Вода;от -45 до +40;У1;В;ОТК;30;1000;12 месяцев со дня ввода в эксплуатацию, но не более 18 месяцев со дня отгрузки потребителю;Под приварку;С электроприводом;150;64;300;Углеродистая сталь;136;По запросу;588580;Под заказ
Клапан регулирующий под приварку ручной Т-135бм DN 100 PN 10,0 МПа Т300 °С, корпус ст. 25Л;Энергетическая арматура;Т-135бм;Вода;от -45 до +40;У1;В;ОТК;30;1500;12 месяцев со дня ввода в эксплуатацию, но не более 18 месяцев со дня отгрузки потребителю;Под приварку;Ручной;100;100;300;Углеродистая сталь;115;По запросу;481720;Под заказ
Клапан регулирующий под приварку ручной Т-136бм DN 150 PN 10,0 МПа Т300 °С, корпус ст. 25Л;Энергетическая арматура;Т-136бм;Вода;от -45 до +40;У1;В;ОТК;30;1000;12 месяцев со дня ввода в эксплуатацию, но не более 18 месяцев со дня отгрузки потребителю;Под приварку;Ручной;150;100;300;Углеродистая сталь;134;По запросу;518850;Под заказ
Клапан регулирующий под приварку ручной Т-141бм DN 200 PN 10,0 МПа Т300 °С, корпус ст. 25Л;Энергетическая арматура;Т-141бм;Вода;от -45 до +40;У1;В;ОТК;30;1000;12 месяцев со дня ввода в эксплуатацию, но не более 18 месяцев со дня отгрузки потребителю;Под приварку;Ручной;200;100;300;Углеродистая сталь;203;По запросу;1413000;Под заказ
Клапан регулирующий под приварку ручной Т-137бм DN 250 PN 10,0 МПа Т300 °С, корпус ст. 25Л;Энергетическая арматура;Т-137бм;Вода;от -45 до +40;У1;В;ОТК;30;1000;12 месяцев со дня ввода в эксплуатацию, но не более 18 месяцев со дня отгрузки потребителю;Под приварку;Ручной;250;100;300;Углеродистая сталь;257;По запросу;1413000;Под заказ
Клапан регулирующий под приварку с электроприводом (МЭОФ 250/25-0,25У-99К) Т-137бмэ DN 250 PN 10,0 МПа Т300 °С, корпус ст. 25Л;Энергетическая арматура;Т-137бмэ;Вода;от -45 до +40;У1;В;ОТК;30;1000;12 месяцев со дня ввода в эксплуатацию, но не более 18 месяцев со дня отгрузки потребителю;Под приварку;С электроприводом;250;100;300;Углеродистая сталь;294;По запросу;1513720;Под заказ
Клапан регулирующий под приварку ручной Т-138бм DN 300 PN 10,0 МПа Т300 °С, корпус ст. 25Л;Энергетическая арматура;Т-138бм;Вода;от -45 до +40;У1;В;ОТК;30;1000;12 месяцев со дня ввода в эксплуатацию, но не более 18 месяцев со дня отгрузки потребителю;Под приварку;Ручной;300;100;300;Углеродистая сталь;291;По запросу;0;Под заказ
Клапан регулирующий под приварку с электроприводом (МЭО-100/25-0,25У-99К) 18с-2-2 DN 80 PN 2,5 МПа Т450 °С, корпус ст. 20;Энергетическая арматура;18с-2-2;Вода - пар;от -45 до +40;У1;В;ОТК;30;1500;12 месяцев со дня ввода в эксплуатацию, но не более 18 месяцев со дня отгрузки потребителю;Под приварку;С электроприводом;80;25;450;Углеродистая сталь;123,5;По запросу;0;Под заказ
Клапан регулирующий под приварку с электроприводом (МЭО-100/25-0,25У-99К) 18с-2-3 DN 100 PN 2,5 МПа Т450 °С, корпус ст. 20;Энергетическая арматура;18с-2-3;Вода - пар;от -45 до +40;У1;В;ОТК;30;1000;12 месяцев со дня ввода в эксплуатацию, но не более 18 месяцев со дня отгрузки потребителю;Под приварку;С электроприводом;100;25;450;Углеродистая сталь;127,5;По запросу;0;Под заказ
Клапан регулирующий под приварку с электроприводом (МЭО-250/25-0,25У-99К) 18с-2-4-1 DN 150 PN 2,5 МПа Т450 °С, корпус ст. 20;Энергетическая арматура;18с-2-4-1;Вода - пар;от -45 до +40;У1;В;ОТК;30;1000;12 месяцев со дня ввода в эксплуатацию, но не более 18 месяцев со дня отгрузки потребителю;Под приварку;С электроприводом;150;25;450;Углеродистая сталь;229,5;По запросу;0;Под заказ
Клапан регулирующий под приварку с электроприводом (МЭО-250/25-0,25У-99К) 18с-2-4-2 DN 150 PN 2,5 МПа Т450 °С, корпус ст. 20;Энергетическая арматура;18с-2-4-2;Вода - пар;от -45 до +40;У1;В;ОТК;30;1000;12 месяцев со дня ввода в эксплуатацию, но не более 18 месяцев со дня отгрузки потребителю;Под приварку;С электроприводом;150;25;450;Углеродистая сталь;229,5;По запросу;0;Под заказ
Клапан регулирующий под приварку с электроприводом (МЭО-250/25-0,25У-99К) 18с-2-4-3 DN 150 PN 2,5 МПа Т450 °С, корпус ст. 20;Энергетическая арматура;18с-2-4-3;Вода - пар;от -45 до +40;У1;В;ОТК;30;1000;12 месяцев со дня ввода в эксплуатацию, но не более 18 месяцев со дня отгрузки потребителю;Под приварку;С электроприводом;150;25;450;Углеродистая сталь;229,5;По запросу;0;Под заказ
Клапан регулирующий под приварку с электроприводом (МЭО-250/25-0,25У-99К) 18с-2-4-4 DN 150 PN 2,5 МПа Т450 °С, корпус ст. 20;Энергетическая арматура;18с-2-4-4;Вода - пар;от -45 до +40;У1;В;ОТК;30;1000;12 месяцев со дня ввода в эксплуатацию, но не более 18 месяцев со дня отгрузки потребителю;Под приварку;С электроприводом;150;25;450;Углеродистая сталь;229,5;По запросу;0;Под заказ
Клапан регулирующий под приварку с электроприводом (ПЭМ-Б2У) 18с-8-2-01Э DN 150 PN 13,7 МПа Т560 °С, корпус ст. 12Х1МФ ;Энергетическая арматура;18с-8-2-01Э;Пар;От -60 до +40;УХЛ;В;ОТК;30;1000;12 месяцев со дня ввода в эксплуатацию, но не более 18 месяцев со дня отгрузки потребителю;Под приварку;С электроприводом;150;137;560;Жаропрочная низколегированная сталь;503;По запросу;0;Под заказ
Клапан регулирующий под приварку с электроприводом (ПЭМ-Б5У) 18с-4-4-1Э DN 150 PN 13,7 МПа Т560 °С, корпус ст. 12Х1МФ ;Энергетическая арматура;18с-4-4-1Э;Пар;От -60 до +40;УХЛ;В;ОТК;30;1000;12 месяцев со дня ввода в эксплуатацию, но не более 18 месяцев со дня отгрузки потребителю;Под приварку;С электроприводом;150;137;560;Жаропрочная низколегированная сталь;478;По запросу;0;Под заказ
Клапан регулирующий под приварку с электроприводом (793-ЭР-0I) 977-175-ЭА DN 175 PN 13,7 МПа Т560 °С, корпус ст. 15Х1М1ФЛ ;Энергетическая арматура;977-175-ЭА;Пар;От -60 до +40;УХЛ;В;ОТК;30;1000;12 месяцев со дня ввода в эксплуатацию, но не более 18 месяцев со дня отгрузки потребителю;Под приварку;С электроприводом;175;137;560;Жаропрочная перлитная сталь;571;По запросу;3003610;Под заказ
Клапан регулирующий под приварку с электроприводом (793-ЭР-0I) 977-175-ЭА-01 DN 175 PN 13,7 МПа Т560 °С, корпус ст. 15Х1М1ФЛ ;Энергетическая арматура;977-175-ЭА-01;Пар;От -60 до +40;УХЛ;В;ОТК;30;1000;12 месяцев со дня ввода в эксплуатацию, но не более 18 месяцев со дня отгрузки потребителю;Под приварку;С электроприводом;175;137;560;Жаропрочная перлитная сталь;571;По запросу;3003610;Под заказ
Клапан регулирующий под приварку с электроприводом (793-ЭР-0I) 977-175-ЭА-02 DN 175 PN 13,7 МПа Т560 °С, корпус ст. 15Х1М1ФЛ ;Энергетическая арматура;977-175-ЭА-02;Пар;От -60 до +40;УХЛ;В;ОТК;30;1000;12 месяцев со дня ввода в эксплуатацию, но не более 18 месяцев со дня отгрузки потребителю;Под приварку;С электроприводом;175;137;560;Жаропрочная перлитная сталь;571;По запросу;3003610;Под заказ
Клапан регулирующий под приварку с электроприводом (ПЭМ-Б5У) 18с-2-6Э DN 250 PN 10,0 МПа Т450 °С, корпус ст. 20;Энергетическая арматура;18с-2-6Э;Вода - пар;от -45 до +40;У1;В;ОТК;30;1000;12 месяцев со дня ввода в эксплуатацию, но не более 18 месяцев со дня отгрузки потребителю;Под приварку;С электроприводом;250;100;450;Углеродистая сталь;438;По запросу;0;Под заказ
Клапан регулирующий под приварку с электроприводом (ПЭМ-В3-630-25-36У) 18с-5-4Э DN 250 PN 6,3 МПа Т425 °С, корпус ст. 25Л;Энергетическая арматура;18с-5-4Э;Вода - пар;от -45 до +40;У1;В;ОТК;30;1000;12 месяцев со дня ввода в эксплуатацию, но не более 18 месяцев со дня отгрузки потребителю;Под приварку;С электроприводом;250;63;425;Углеродистая сталь;400;По запросу;0;Под заказ
Клапан регулирующий под приварку с электроприводом (ПЭМ-В3-630-25-36У) 18с-5-4Э-01 DN 250 PN 6,3 МПа Т425 °С, корпус ст. 25Л;Энергетическая арматура;18с-5-4Э-01;Вода - пар;от -45 до +40;У1;В;ОТК;30;1000;12 месяцев со дня ввода в эксплуатацию, но не более 18 месяцев со дня отгрузки потребителю;Под приварку;С электроприводом;250;63;425;Углеродистая сталь;400;По запросу;0;Под заказ
Клапан регулирующий под приварку с электроприводом (ПЭМ-В3-630-25-36У) 18с-5-4Э-02 DN 250 PN 6,3 МПа Т425 °С, корпус ст. 25Л;Энергетическая арматура;18с-5-4Э-02;Вода - пар;от -45 до +40;У1;В;ОТК;30;1000;12 месяцев со дня ввода в эксплуатацию, но не более 18 месяцев со дня отгрузки потребителю;Под приварку;С электроприводом;250;63;425;Углеродистая сталь;400;По запросу;0;Под заказ
Клапан регулирующий под приварку с электроприводом (ПЭМ-В35-1000-25-36У) 18с-6-4Э DN 250 PN 10,0 МПа Т450 °С, корпус ст. 25Л;Энергетическая арматура;18с-6-4Э;Вода - пар;от -45 до +40;У1;В;ОТК;30;1000;12 месяцев со дня ввода в эксплуатацию, но не более 18 месяцев со дня отгрузки потребителю;Под приварку;С электроприводом;250;100;450;Углеродистая сталь;400;По запросу;0;Под заказ
Клапан регулирующий под приварку с электроприводом (ПЭМ-В35-1000-25-36У) 18с-6-4Э-01 DN 250 PN 10,0 МПа Т450 °С, корпус ст. 25Л;Энергетическая арматура;18с-6-4Э-01;Вода - пар;от -45 до +40;У1;В;ОТК;30;1000;12 месяцев со дня ввода в эксплуатацию, но не более 18 месяцев со дня отгрузки потребителю;Под приварку;С электроприводом;250;100;450;Углеродистая сталь;400;По запросу;0;Под заказ
Клапан регулирующий под приварку с электроприводом (ПЭМ-В35-1000-25-36У) 18с-6-4Э-02 DN 250 PN 10,0 МПа Т450 °С, корпус ст. 25Л;Энергетическая арматура;18с-6-4Э-02;Вода - пар;от -45 до +40;У1;В;ОТК;30;1000;12 месяцев со дня ввода в эксплуатацию, но не более 18 месяцев со дня отгрузки потребителю;Под приварку;С электроприводом;250;100;450;Углеродистая сталь;400;По запросу;0;Под заказ
Клапан регулирующий под приварку с электроприводом (ПЭМ-В3-630-25-36У) 18c-5-5Э DN 300 PN 6,3 МПа Т425 °С, корпус ст. 25Л;Энергетическая арматура;18c-5-5Э;Вода - пар;от -45 до +40;У1;В;ОТК;30;1000;12 месяцев со дня ввода в эксплуатацию, но не более 18 месяцев со дня отгрузки потребителю;Под приварку;С электроприводом;300;63;425;Углеродистая сталь;445;По запросу;0;Под заказ
Клапан регулирующий под приварку с электроприводом (ПЭМ-В3-630-25-36У) 18c-5-5Э-01 DN 300 PN 6,3 МПа Т425 °С, корпус ст. 25Л;Энергетическая арматура;18c-5-5Э-01;Вода - пар;от -45 до +40;У1;В;ОТК;30;1000;12 месяцев со дня ввода в эксплуатацию, но не более 18 месяцев со дня отгрузки потребителю;Под приварку;С электроприводом;300;63;425;Углеродистая сталь;445;По запросу;0;Под заказ
Клапан регулирующий под приварку с электроприводом (ПЭМ-В3-630-25-36У) 18c-5-5Э-02 DN 300 PN 6,3 МПа Т425 °С, корпус ст. 25Л;Энергетическая арматура;18c-5-5Э-02;Вода - пар;от -45 до +40;У1;В;ОТК;30;1000;12 месяцев со дня ввода в эксплуатацию, но не более 18 месяцев со дня отгрузки потребителю;Под приварку;С электроприводом;300;63;425;Углеродистая сталь;445;По запросу;0;Под заказ
Клапан регулирующий под приварку с электроприводом (ПЭМ-В35-1000-25-36У) 18с-6-5Э DN 300 PN 10,0 МПа Т450 °С, корпус ст. 25Л;Энергетическая арматура;18c-6-5Э;Вода - пар;от -45 до +40;У1;В;ОТК;30;1000;12 месяцев со дня ввода в эксплуатацию, но не более 18 месяцев со дня отгрузки потребителю;Под приварку;С электроприводом;300;100;450;Углеродистая сталь;445;По запросу;0;Под заказ
Клапан регулирующий под приварку с электроприводом (ПЭМ-В35-1000-25-36У) 18с-6-5Э-01 DN 300 PN 10,0 МПа Т450 °С, корпус ст. 25Л;Энергетическая арматура;18c-6-5Э-01;Вода - пар;от -45 до +40;У1;В;ОТК;30;1000;12 месяцев со дня ввода в эксплуатацию, но не более 18 месяцев со дня отгрузки потребителю;Под приварку;С электроприводом;300;100;450;Углеродистая сталь;445;По запросу;0;Под заказ
Клапан регулирующий под приварку с электроприводом (ПЭМ-В35-1000-25-36У) 18с-6-5Э-02 DN 300 PN 10,0 МПа Т450 °С, корпус ст. 25Л;Энергетическая арматура;18c-6-5Э-02;Вода - пар;от -45 до +40;У1;В;ОТК;30;1000;12 месяцев со дня ввода в эксплуатацию, но не более 18 месяцев со дня отгрузки потребителю;Под приварку;С электроприводом;300;100;450;Углеродистая сталь;445;По запросу;0;Под заказ
Клапан регулирующий под приварку с электроприводом (МЭО-630/25-0,25У-92К) 18с-2-9 DN 400 PN 1,6 МПа Т350 °С, корпус ст. 20;Энергетическая арматура;18с-2-9;Вода - пар;от -45 до +40;У1;В;ОТК;30;1000;12 месяцев со дня ввода в эксплуатацию, но не более 18 месяцев со дня отгрузки потребителю;Под приварку;С электроприводом;400;16;350;Углеродистая сталь;754;По запросу;0;Под заказ
Клапан регулирующий под приварку с электроприводом (МЭОФ-1000/25-0,25У-97К) 18с-2-9Э DN 400 PN 1,6 МПа Т350 °С, корпус ст. 20;Энергетическая арматура;18с-2-9Э;Вода - пар;от -45 до +40;У1;В;ОТК;30;1000;12 месяцев со дня ввода в эксплуатацию, но не более 18 месяцев со дня отгрузки потребителю;Под приварку;С электроприводом;400;16;350;Углеродистая сталь;750;По запросу;0;Под заказ
Клапан импульсный под приварку ручной 8с-3-1 DN 20 PN 4,0 МПа Т450 °С, корпус ст. 20;Энергетическая арматура;8с-3-1;Вода - пар;от -45 до +40;У1;В;ОТК;30;400;12 месяцев со дня ввода в эксплуатацию, но не более 18 месяцев со дня отгрузки потребителю;Под приварку;;20;40;450;Углеродистая сталь;5;По запросу;42120;Под заказ
Клапан импульсный под приварку 8с-3-1-1 DN 20 PN 4,0 МПа Т450 °С, корпус ст. 20;Энергетическая арматура;8с-3-1-1;Вода - пар;от -45 до +40;У1;В;ОТК;30;400;12 месяцев со дня ввода в эксплуатацию, но не более 18 месяцев со дня отгрузки потребителю;Под приварку;;20;40;450;Углеродистая сталь;5;По запросу;37570;Под заказ
Клапан импульсный под приварку 8с-3-2 DN 20 PN 4,0 МПа Т450 °С, корпус ст. 20;Энергетическая арматура;8с-3-2;Вода - пар;от -45 до +40;У1;В;ОТК;30;400;12 месяцев со дня ввода в эксплуатацию, но не более 18 месяцев со дня отгрузки потребителю;Под приварку;;20;40;450;Углеродистая сталь;5;По запросу;42120;Под заказ
Клапан импульсный под приварку 8с-3-3 DN 20 PN 4,0 МПа Т450 °С, корпус ст. 20;Энергетическая арматура;8с-3-3;Вода - пар;от -45 до +40;У1;В;ОТК;30;400;12 месяцев со дня ввода в эксплуатацию, но не более 18 месяцев со дня отгрузки потребителю;Под приварку;;20;40;450;Углеродистая сталь;5;По запросу;42120;Под заказ
Клапан импульсный под приварку 8с-3-4 DN 20 PN 4,0 МПа Т450 °С, корпус ст. 20;Энергетическая арматура;8с-3-4;Вода - пар;от -45 до +40;У1;В;ОТК;30;400;12 месяцев со дня ввода в эксплуатацию, но не более 18 месяцев со дня отгрузки потребителю;Под приварку;;20;40;450;Углеродистая сталь;5;По запросу;42120;Под заказ
Клапан импульсный под приварку 8с-4-1 DN 20 PN 4,5 МПа Т450 °С, корпус ст. 20;Энергетическая арматура;8с-4-1;Вода - пар;от -45 до +40;У1;В;ОТК;30;400;12 месяцев со дня ввода в эксплуатацию, но не более 18 месяцев со дня отгрузки потребителю;Под приварку;;20;45;450;Углеродистая сталь;6;По запросу;64480;Под заказ
Клапан импульсный под приварку 112-25х1-0М DN 25 PN 4,0 МПа Т545 °С, корпус ст. 12Х1МФ;Энергетическая арматура;112-25х1-0М;Пар;От -60 до +40;УХЛ;В;ОТК;30;400;12 месяцев со дня ввода в эксплуатацию, но не более 18 месяцев со дня отгрузки потребителю;Под приварку;;25;40;545;Жаропрочная низколегированная сталь;31;По запросу;137280;Под заказ
Клапан импульсный под приварку 112-25х1-0 DN 25 PN 1,2 МПа Т450 °С, корпус ст. 20;Энергетическая арматура;112-25х1-0;Вода - пар;от -45 до +40;У1;В;ОТК;30;400;12 месяцев со дня ввода в эксплуатацию, но не более 18 месяцев со дня отгрузки потребителю;Под приварку;;25;12;450;Углеродистая сталь;39;По запросу;129870;Под заказ
Клапан импульсный под приварку 112-25х1-0-01 DN 25 PN 3,0 МПа Т450 °С, корпус ст. 20;Энергетическая арматура;112-25х1-0-01;Вода - пар;от -45 до +40;У1;В;ОТК;30;400;12 месяцев со дня ввода в эксплуатацию, но не более 18 месяцев со дня отгрузки потребителю;Под приварку;;25;30;450;Углеродистая сталь;55;По запросу;129870;Под заказ
Клапан импульсный под приварку 112-25х1-0-02 DN 25 PN 4,3 МПа Т450 °С, корпус ст. 20;Энергетическая арматура;112-25х1-0-02;Вода - пар;от -45 до +40;У1;В;ОТК;30;400;12 месяцев со дня ввода в эксплуатацию, но не более 18 месяцев со дня отгрузки потребителю;Под приварку;;25;43;450;Углеродистая сталь;65;По запросу;129870;Под заказ
Клапан импульсный под приварку с электромагнитным приводом 586-20-ЭМФ-03 DN 20 PN 3,9 МПа Т285 °С, корпус ст. 20;Энергетическая арматура;586-20-ЭМФ-03;Пар;от -45 до +40;У1;В;ОТК;30;400;12 месяцев со дня ввода в эксплуатацию, но не более 18 месяцев со дня отгрузки потребителю;Под приварку;С электромагнитным приводом;20;39;285;Углеродистая сталь;198;По запросу;494260;Под заказ
Клапан импульсный под приварку с электромагнитным приводом 586-20-ЭМ-01 DN 20 PN 25,0 МПа Т545 °С , корпус ст. 12Х1МФ;Энергетическая арматура;586-20-ЭМ-01;Пар;От -60 до +40;УХЛ;В;ОТК;30;400;12 месяцев со дня ввода в эксплуатацию, но не более 18 месяцев со дня отгрузки потребителю;Под приварку;С электромагнитным приводом;20;250;545;Жаропрочная низколегированная сталь;226;По запросу;494260;Под заказ
Клапан импульсный под приварку с электромагнитным приводом 586-20-ЭМ-02 DN 20 PN 13,7 МПа Т560 °С, корпус ст. 12Х1МФ;Энергетическая арматура;586-20-ЭМ-02;Пар;От -60 до +40;УХЛ;В;ОТК;30;400;12 месяцев со дня ввода в эксплуатацию, но не более 18 месяцев со дня отгрузки потребителю;Под приварку;С электромагнитным приводом;20;137;560;Жаропрочная низколегированная сталь;206;По запросу;494260;Под заказ
Клапан импульсный под приварку с электромагнитным приводом 586-20-ЭМ-03 DN 20 PN 9,8 МПа Т540 °С, корпус ст. 12Х1МФ;Энергетическая арматура;586-20-ЭМ-03;Пар;От -60 до +40;УХЛ;В;ОТК;30;400;12 месяцев со дня ввода в эксплуатацию, но не более 18 месяцев со дня отгрузки потребителю;Под приварку;С электромагнитным приводом;20;98;540;Жаропрочная низколегированная сталь;191;По запросу;494260;Под заказ
Клапан импульсный под приварку с электромагнитным приводом 586-20-ЭМФ-04 DN 20 PN 4,0 МПа Т545 °С, корпус ст. 12Х1МФ;Энергетическая арматура;586-20-ЭМФ-04;Пар;От -60 до +40;УХЛ;В;ОТК;30;400;12 месяцев со дня ввода в эксплуатацию, но не более 18 месяцев со дня отгрузки потребителю;Под приварку;С электромагнитным приводом;20;40;545;Жаропрочная низколегированная сталь;198;По запросу;494260;Под заказ
Клапан предохранительный цапковый 15с-1-1 DN 25 PN 1,0 МПа Т200 °С, корпус ст. 20;Энергетическая арматура;15с-1-1;Вода;от -45 до +40;У1;В;ОТК;30;400;12 месяцев со дня ввода в эксплуатацию, но не более 18 месяцев со дня отгрузки потребителю;Цапковое;;25;10;200;Углеродистая сталь;3,1;По запросу;28080;Под заказ
Клапан предохранительный фланцевый 15с-2-2 DN 32 PN 1,6 МПа Т250 °С, корпус ст. 20;Энергетическая арматура;15с-2-2;Вода;от -45 до +40;У1;В;ОТК;30;400;12 месяцев со дня ввода в эксплуатацию, но не более 18 месяцев со дня отгрузки потребителю;Фланцевое;;32;16;250;Углеродистая сталь;7,4;По запросу;43480;Под заказ
Клапан предохранительный цапковый 17с-1-2 DN 32 PN 1,0 МПа Т250 °С, корпус ст. 20;Энергетическая арматура;17с-1-2;Вода;от -45 до +40;У1;В;ОТК;30;400;12 месяцев со дня ввода в эксплуатацию, но не более 18 месяцев со дня отгрузки потребителю;Цапковое;;32;10;250;Углеродистая сталь;5,1;По запросу;30420;Под заказ
Клапан предохранительный цапковый 17с-1-3 DN 40 PN 1,0 МПа Т250 °С, корпус ст. 20;Энергетическая арматура;17с-1-3;Вода;от -45 до +40;У1;В;ОТК;30;400;12 месяцев со дня ввода в эксплуатацию, но не более 18 месяцев со дня отгрузки потребителю;Цапковое;;40;10;250;Углеродистая сталь;5,1;По запросу;30420;Под заказ
Клапан предохранительный фланцевый 17с-2-3 DN 40 PN 1,0 МПа Т250 °С, корпус ст. 20;Энергетическая арматура;17с-2-3;Вода;от -45 до +40;У1;В;ОТК;30;400;12 месяцев со дня ввода в эксплуатацию, но не более 18 месяцев со дня отгрузки потребителю;Фланцевое;;40;10;250;Углеродистая сталь;8,1;По запросу;44650;Под заказ
Клапан предохранительный фланцевый 7с-6-1 DN 150 PN 4,0 МПа Т450 °С, корпус ст. 25Л;Энергетическая арматура;7с-6-1;Вода - пар;от -45 до +40;У1;В;ОТК;30;400;12 месяцев со дня ввода в эксплуатацию, но не более 18 месяцев со дня отгрузки потребителю;Фланцевое;;150;40;450;Углеродистая сталь;135;По запросу;298540;Под заказ
Клапан предохранительный фланцевый 7с-6-2 DN 200 PN 4,0 МПа Т450 °С, корпус ст. 25Л;Энергетическая арматура;7с-6-2;Вода - пар;от -45 до +40;У1;В;ОТК;30;400;12 месяцев со дня ввода в эксплуатацию, но не более 18 месяцев со дня отгрузки потребителю;Фланцевое;;200;40;450;Углеродистая сталь;225;По запросу;391750;Под заказ
Клапан предохранительный фланцевый 7с-6-3 DN 250 PN 2,5 МПа Т450 °С, корпус ст. 25Л;Энергетическая арматура;7с-6-3;Вода - пар;от -45 до +40;У1;В;ОТК;30;400;12 месяцев со дня ввода в эксплуатацию, но не более 18 месяцев со дня отгрузки потребителю;Фланцевое;;250;25;450;Углеродистая сталь;375;По запросу;484960;Под заказ
Клапан предохранительный фланцевый / под приварку 530-150/150-0В DN 150 PN 9,8 МПа Т540 °С, корпус ст. 15Х1М1ФЛ ;Энергетическая арматура;530-150/150-0В;Пар;От -60 до +40;УХЛ;В;ОТК;30;400;12 месяцев со дня ввода в эксплуатацию, но не более 18 месяцев со дня отгрузки потребителю;Фланцевое / под приварку;;150;98;540;Жаропрочная перлитная сталь;424;По запросу;0;Под заказ
Клапан предохранительный под приварку 1202-150/150-0 DN 150 PN 9,8 МПа Т540 °С, корпус ст. 15Х1М1Ф;Энергетическая арматура;1202-150/150-0;Пар;От -60 до +40;УХЛ;В;ОТК;30;400;12 месяцев со дня ввода в эксплуатацию, но не более 18 месяцев со дня отгрузки потребителю;Под приварку;;150;98;540;Жаропрочная перлитная сталь;415;По запросу;0;Под заказ
Клапан предохранительный под приварку 1203-150/200-0А DN 150 PN 13,7 МПа Т560 °С, корпус ст. 15Х1М1Ф;Энергетическая арматура;1203-150/200-0А;Пар;От -60 до +40;УХЛ;В;ОТК;30;400;12 месяцев со дня ввода в эксплуатацию, но не более 18 месяцев со дня отгрузки потребителю;Под приварку;;150;137;560;Жаропрочная перлитная сталь;345;По запросу;0;Под заказ
Клапан предохранительный фланцевый / под приварку 875-125-0 DN 125 PN 25,0 МПа Т545 °С, корпус ст. 15Х1М1ФЛ ;Энергетическая арматура;875-125-0;Вода - пар;От -60 до +40;УХЛ;В;ОТК;30;400;12 месяцев со дня ввода в эксплуатацию, но не более 18 месяцев со дня отгрузки потребителю;Фланцевое / под приварку;;125;250;450;Жаропрочная перлитная сталь;640;По запросу;0;Под заказ
Клапан предохранительный под приварку 7с-8-1 DN 150 PN 4,5 МПа Т450 °С, корпус ст. 25Л;Энергетическая арматура;7с-8-1;Вода - пар;от -45 до +40;У1;В;ОТК;30;400;12 месяцев со дня ввода в эксплуатацию, но не более 18 месяцев со дня отгрузки потребителю;Под приварку;;150;45;450;Углеродистая сталь;120;По запросу;607420;Под заказ
Клапан предохранительный под приварку 7с-8-2 DN 200 PN 4,5 МПа Т450 °С, корпус ст. 25Л;Энергетическая арматура;7с-8-2;Вода - пар;от -45 до +40;У1;В;ОТК;30;400;12 месяцев со дня ввода в эксплуатацию, но не более 18 месяцев со дня отгрузки потребителю;Под приварку;;200;45;450;Углеродистая сталь;206;По запросу;809830;Под заказ
Клапан предохранительный под приварку 7с-8-3 DN 250 PN 4,5 МПа Т450 °С, корпус ст. 25Л;Энергетическая арматура;7с-8-3;Вода - пар;от -45 до +40;У1;В;ОТК;30;400;12 месяцев со дня ввода в эксплуатацию, но не более 18 месяцев со дня отгрузки потребителю;Под приварку;;250;45;450;Углеродистая сталь;438;По запросу;1030770;Под заказ
Клапан предохранительный фланцевый 7с-4-4 DN 300 PN 1,0 МПа Т350 °С, корпус ст. 25Л;Энергетическая арматура;7с-4-4;Вода - пар;от -45 до +40;У1;В;ОТК;30;400;12 месяцев со дня ввода в эксплуатацию, но не более 18 месяцев со дня отгрузки потребителю;Фланцевое;;300;10;350;Углеродистая сталь;371;По запросу;796380;Под заказ
Клапан предохранительный фланцевый 392-175/95-0Г-01 DN 150 PN 9,8 МПа Т540 °С, корпус ст. 15Х1М1ФЛ;Энергетическая арматура;392-175/95-0Г-01;Пар;От -60 до +40;УХЛ;В;ОТК;30;400;12 месяцев со дня ввода в эксплуатацию, но не более 18 месяцев со дня отгрузки потребителю;Фланцевое;;150;98;540;Жаропрочная перлитная сталь;446;По запросу;2188220;Под заказ
Клапан предохранительный фланцевый 392-175/95-0Г DN 150 PN 13,7 МПа Т560 °С, корпус ст. 15Х1М1ФЛ;Энергетическая арматура;392-175/95-0Г;Пар;От -60 до +40;УХЛ;В;ОТК;30;400;12 месяцев со дня ввода в эксплуатацию, но не более 18 месяцев со дня отгрузки потребителю;Фланцевое;;150;137;560;Жаропрочная перлитная сталь;446;По запросу;2188220;Под заказ
Клапан предохранительный под приварку 1029-200/250-0 DN 200 PN 25,0 МПа Т545 °С, корпус ст. 15Х1М1ФЛ;Энергетическая арматура;1029-200/250-0;Пар;От -60 до +40;УХЛ;В;ОТК;30;400;12 месяцев со дня ввода в эксплуатацию, но не более 18 месяцев со дня отгрузки потребителю;Под приварку;;200;250;545;Жаропрочная перлитная сталь;1747;По запросу;0;Под заказ
Клапан предохранительный под приварку 111-250/400-0Б-01 DN 250 PN 1,3-4,3 МПа Т450 °С, корпус ст. 20ГСЛ;Энергетическая арматура;111-250/400-0Б-01;Вода - пар;От -60 до +40;ХЛ1;В;ОТК;30;400;12 месяцев со дня ввода в эксплуатацию, но не более 18 месяцев со дня отгрузки потребителю;Под приварку;;250;13-43;450;Легированная сталь;665;По запросу;0;Под заказ
Клапан предохранительный фланцевый 788-400/600-0-01 DN 400 PN 0,25 МПа Т127 °С, корпус ст. 20;Энергетическая арматура;788-400/600-0-01;Вода - пар;От -60 до +40;ХЛ1;В;ОТК;30;400;12 месяцев со дня ввода в эксплуатацию, но не более 18 месяцев со дня отгрузки потребителю;Фланцевое;;400;2,5;127;Углеродистая сталь;980;По запросу;0;Под заказ
Клапан предохранительный фланцевый 788-400/600-0-02 DN 400 PN 0,35 МПа Т139 °С, корпус ст. 20;Энергетическая арматура;788-400/600-0-02;Вода - пар;От -60 до +40;ХЛ1;В;ОТК;30;400;12 месяцев со дня ввода в эксплуатацию, но не более 18 месяцев со дня отгрузки потребителю;Фланцевое;;400;3,5;139;Углеродистая сталь;1082;По запросу;0;Под заказ
Клапан предохранительный фланцевый 788-400/600-0-03 DN 400 PN 0,45 МПа Т148 °С, корпус ст. 20;Энергетическая арматура;788-400/600-0-03;Вода - пар;От -60 до +40;ХЛ1;В;ОТК;30;400;12 месяцев со дня ввода в эксплуатацию, но не более 18 месяцев со дня отгрузки потребителю;Фланцевое;;400;4,5;148;Углеродистая сталь;1183;По запросу;0;Под заказ
Клапан предохранительный фланцевый Т-31мс-1 DN 50 PN 6,4 МПа Т425 °С, корпус ст. 20;Энергетическая арматура;Т-31мс-1;Вода - пар;от -45 до +40;У1;В;ОТК;30;400;12 месяцев со дня ввода в эксплуатацию, но не более 18 месяцев со дня отгрузки потребителю;Фланцевое;;50;64;425;Углеродистая сталь;47,9;По запросу;85280;Под заказ
Клапан предохранительный фланцевый Т-31мс-2 DN 50 PN 6,4 МПа Т425 °С, корпус ст. 20;Энергетическая арматура;Т-31мс-2 ;Вода - пар;от -45 до +40;У1;В;ОТК;30;400;12 месяцев со дня ввода в эксплуатацию, но не более 18 месяцев со дня отгрузки потребителю;Фланцевое;;50;64;425;Углеродистая сталь;46,5;По запросу;85280;Под заказ
Клапан предохранительный фланцевый Т-31мс-3 DN 50 PN 6,4 МПа Т425 °С, корпус ст. 20;Энергетическая арматура;Т-31мс-3;Вода - пар;от -45 до +40;У1;В;ОТК;30;400;12 месяцев со дня ввода в эксплуатацию, но не более 18 месяцев со дня отгрузки потребителю;Фланцевое;;50;64;425;Углеродистая сталь;44,2;По запросу;85280;Под заказ
Клапан предохранительный фланцевый Т-131мс DN 50 PN 10,0 МПа Т450 °С, корпус ст. 20;Энергетическая арматура;Т-131мс;Вода - пар;от -45 до +40;У1;В;ОТК;30;400;12 месяцев со дня ввода в эксплуатацию, но не более 18 месяцев со дня отгрузки потребителю;Фланцевое;;50;100;450;Углеродистая сталь;48;По запросу;85280;Под заказ
Клапан предохранительный фланцевый Т-32мс-1 DN 80 PN 6,4 МПа Т425 °С, корпус ст. 20;Энергетическая арматура;Т-32мс-1;Вода - пар;от -45 до +40;У1;В;ОТК;30;400;12 месяцев со дня ввода в эксплуатацию, но не более 18 месяцев со дня отгрузки потребителю;Фланцевое;;80;64;425;Углеродистая сталь;76,3;По запросу;104200;Под заказ
Клапан предохранительный фланцевый Т-32мс-2 DN 80 PN 6,4 МПа Т425 °С, корпус ст. 20;Энергетическая арматура;Т-32мс-2;Вода - пар;от -45 до +40;У1;В;ОТК;30;400;12 месяцев со дня ввода в эксплуатацию, но не более 18 месяцев со дня отгрузки потребителю;Фланцевое;;80;64;425;Углеродистая сталь;72,3;По запросу;104200;Под заказ
Клапан предохранительный фланцевый Т-32мс-3 DN 80 PN 6,4 МПа Т425 °С, корпус ст. 20;Энергетическая арматура;Т-32мс-3;Вода - пар;от -45 до +40;У1;В;ОТК;30;400;12 месяцев со дня ввода в эксплуатацию, но не более 18 месяцев со дня отгрузки потребителю;Фланцевое;;80;64;425;Углеродистая сталь;71,2;По запросу;104200;Под заказ
Клапан предохранительный фланцевый Т-132мс DN 80 PN 10,0 МПа Т450 °С, корпус ст. 20;Энергетическая арматура;Т-132мс;Вода - пар;от -45 до +40;У1;В;ОТК;30;400;12 месяцев со дня ввода в эксплуатацию, но не более 18 месяцев со дня отгрузки потребителю;Фланцевое;;80;100;450;Углеродистая сталь;76,3;По запросу;104200;Под заказ
Клапан обратный под приварку 3с-6-1-01 DN 10 PN 10,0 МПа Т350 °С, корпус ст. 20;Энергетическая арматура;3с-6-1-01;Вода - пар;от -45 до +40;У1;В;ОТК;30;1000;12 месяцев со дня ввода в эксплуатацию, но не более 18 месяцев со дня отгрузки потребителю;Под приварку;;10;100;350;Углеродистая сталь;1,7;По запросу;13840;Под заказ
Клапан обратный под приварку 3с-6-1-02 DN 15 PN 25,0 МПа Т350 °С, корпус ст. 20;Энергетическая арматура;3с-6-1-02;Вода - пар;от -45 до +40;У1;В;ОТК;30;1000;12 месяцев со дня ввода в эксплуатацию, но не более 18 месяцев со дня отгрузки потребителю;Под приварку;;15;250;350;Углеродистая сталь;1,8;По запросу;14040;Под заказ
Клапан обратный под приварку 3с-6-1 DN 20 PN 10,0 МПа Т350 °С, корпус ст. 20;Энергетическая арматура;3с-6-1;Вода - пар;от -45 до +40;У1;В;ОТК;30;1000;12 месяцев со дня ввода в эксплуатацию, но не более 18 месяцев со дня отгрузки потребителю;Под приварку;;20;100;350;Углеродистая сталь;2,9;По запросу;17740;Под заказ
Клапан обратный под приварку 3с-7-1-01 DN 10 PN 37,3 МПа Т280 °С, корпус ст. 20;Энергетическая арматура;3с-7-1-01;Вода;от -45 до +40;У1;В;ОТК;30;1000;12 месяцев со дня ввода в эксплуатацию, но не более 18 месяцев со дня отгрузки потребителю;Под приварку;;10;373;280;Углеродистая сталь;3,1;По запросу;14430;Под заказ
Клапан обратный под приварку 3с-7-4 DN 50 PN 25,0 МПа Т350 °С, корпус ст. 20;Энергетическая арматура;3с-7-4;Вода - пар;от -45 до +40;У1;В;ОТК;30;1000;12 месяцев со дня ввода в эксплуатацию, но не более 18 месяцев со дня отгрузки потребителю;Под приварку;;50;250;350;Углеродистая сталь;14,1;По запросу;56350;Под заказ
Клапан обратный под приварку 3с-8-1 DN 20 PN 25,0 МПа Т545 °С, корпус ст. 12Х1МФ;Энергетическая арматура;3с-8-1;Пар;От -60 до +40;УХЛ;В;ОТК;30;1000;12 месяцев со дня ввода в эксплуатацию, но не более 18 месяцев со дня отгрузки потребителю;Под приварку;;20;250;545;Жаропрочная низколегированная сталь;3,1;По запросу;18520;Под заказ
Клапан обратный под приварку 720-20-0А-01 DN 20 PN 25,0 МПа Т545 °С, корпус ст. 12Х1МФ;Энергетическая арматура;720-20-0А-01;Пар;От -60 до +40;УХЛ;В;ОТК;30;1000;12 месяцев со дня ввода в эксплуатацию, но не более 18 месяцев со дня отгрузки потребителю;Под приварку;;20;250;545;Жаропрочная низколегированная сталь;2,8;По запросу;18520;Под заказ
Клапан обратный под приварку 720-20-0А DN 20 PN 37,3 МПа Т280 °С, корпус ст. 25;Энергетическая арматура;720-20-0А ;Вода;от -45 до +40;У1;В;ОТК;30;1000;12 месяцев со дня ввода в эксплуатацию, но не более 18 месяцев со дня отгрузки потребителю;Под приварку;;20;373;280;Углеродистая сталь;2,8;По запросу;17160;Под заказ
Клапан обратный под приварку 3с-6-2 DN 25 PN 10,0 МПа Т450 °С, корпус ст. 20;Энергетическая арматура;3с-6-2;Вода - пар;от -45 до +40;У1;В;ОТК;30;1000;12 месяцев со дня ввода в эксплуатацию, но не более 18 месяцев со дня отгрузки потребителю;Под приварку;;25;100;450;Углеродистая сталь;3;По запросу;14430;Под заказ
Клапан обратный под приварку 3с-6-3 DN 32 PN 10,0 МПа Т350 °С, корпус ст. 20;Энергетическая арматура;3с-6-3;Вода - пар;от -45 до +40;У1;В;ОТК;30;1000;12 месяцев со дня ввода в эксплуатацию, но не более 18 месяцев со дня отгрузки потребителю;Под приварку;;32;100;350;Углеродистая сталь;3,6;По запросу;32560;Под заказ
Клапан обратный под приварку 843-40-0а-01 DN 32 PN 25,0 МПа Т545 °С, корпус ст. 12Х1МФ;Энергетическая арматура;843-40-0а-01;Пар;От -60 до +40;УХЛ;В;ОТК;30;1000;12 месяцев со дня ввода в эксплуатацию, но не более 18 месяцев со дня отгрузки потребителю;Под приварку;;32;250;545;Жаропрочная низколегированная сталь;15,4;По запросу;60840;Под заказ
Клапан обратный под приварку 843-40-0а-02 DN 40 PN 37,3 МПа Т280 °С, корпус ст. 20;Энергетическая арматура;843-40-0а-02;Вода;от -45 до +40;У1;В;ОТК;30;1000;12 месяцев со дня ввода в эксплуатацию, но не более 18 месяцев со дня отгрузки потребителю;Под приварку;;40;373;280;Углеродистая сталь;14,9;По запросу;47770;Под заказ
Клапан обратный под приварку 3с-6-4 DN 50 PN 10,0 МПа Т350 °С, корпус ст. 20;Энергетическая арматура;3с-6-4;Вода - пар;от -45 до +40;У1;В;ОТК;30;1000;12 месяцев со дня ввода в эксплуатацию, но не более 18 месяцев со дня отгрузки потребителю;Под приварку;;50;100;350;Углеродистая сталь;6,2;По запросу;61680;Под заказ
Клапан обратный под приварку 3с-6-5 DN 50 PN 10,0 МПа Т350 °С, корпус ст. 20;Энергетическая арматура;3с-6-5;Вода - пар;от -45 до +40;У1;В;ОТК;30;1000;12 месяцев со дня ввода в эксплуатацию, но не более 18 месяцев со дня отгрузки потребителю;Под приварку;;50;100;350;Углеродистая сталь;6,2;По запросу;62690;Под заказ
Клапан обратный под приварку 843-40-0а-04 DN 65 PN 9,8 МПа Т540 °С, корпус ст. 12Х1МФ;Энергетическая арматура;843-40-0а-04;Пар;От -60 до +40;УХЛ;В;ОТК;30;1000;12 месяцев со дня ввода в эксплуатацию, но не более 18 месяцев со дня отгрузки потребителю;Под приварку;;65;98;540;Жаропрочная низколегированная сталь;17,9;По запросу;67600;Под заказ
Клапан обратный под приварку 843-40-0а-03 DN 65 PN 23,5 МПа Т250 °С, корпус ст. 20;Энергетическая арматура;843-40-0а-03;Вода;от -45 до +40;У1;В;ОТК;30;1000;12 месяцев со дня ввода в эксплуатацию, но не более 18 месяцев со дня отгрузки потребителю;Под приварку;;65;235;250;Углеродистая сталь;17,8;По запросу;67600;Под заказ
Клапан обратный под приварку 1516-80-0А DN 80 PN 10,0 МПа Т450 °С, корпус ст. 15ГС;Энергетическая арматура;1516-80-0А;Вода - пар;От -60 до +40;ХЛ1;В;ОТК;30;1000;12 месяцев со дня ввода в эксплуатацию, но не более 18 месяцев со дня отгрузки потребителю;Под приварку;;80;100;450;Конструкционная низколегированная сталь;45,5;По запросу;102920;Под заказ
Клапан (затвор) обратный под приварку 4с-3-1 DN 80 PN 10,0 МПа Т450 °С, корпус ст. 25Л;Энергетическая арматура;4с-3-1;Вода - пар;от -45 до +40;У1;В;ОТК;30;1000;12 месяцев со дня ввода в эксплуатацию, но не более 18 месяцев со дня отгрузки потребителю;Под приварку;;80;100;450;Углеродистая сталь;48;По запросу;160750;Под заказ
Клапан (затвор) обратный под приварку 4с-3-2 DN 100 PN 10,0 МПа Т250 °С, корпус ст. 25Л;Энергетическая арматура;4с-3-2;Вода;от -45 до +40;У1;В;ОТК;30;1000;12 месяцев со дня ввода в эксплуатацию, но не более 18 месяцев со дня отгрузки потребителю;Под приварку;;100;100;250;Углеродистая сталь;67,2;По запросу;174090;Под заказ
Клапан (затвор) обратный под приварку 935-100-0AМ DN 100 PN 9,8 МПа Т540 °С, корпус ст. 15Х1М1Ф ;Энергетическая арматура;935-100-0АM;Пар;От -60 до +40;УХЛ;В;ОТК;30;1000;12 месяцев со дня ввода в эксплуатацию, но не более 18 месяцев со дня отгрузки потребителю;Под приварку;;100;98;540;Жаропрочная перлитная сталь;105;По запросу;693270;Под заказ
Клапан (затвор) обратный под приварку 935-100-0A DN 100 PN 23,5 МПа Т250 °С, корпус ст. 20;Энергетическая арматура;935-100-0A;Вода;от -45 до +40;У1;В;ОТК;30;1000;12 месяцев со дня ввода в эксплуатацию, но не более 18 месяцев со дня отгрузки потребителю;Под приварку;;100;235;250;Углеродистая сталь;105;По запросу;455700;Под заказ
Клапан (затвор) обратный под приварку 935-100-0A-01 DN 100 PN 23,5 МПа Т250 °С, корпус ст. 20;Энергетическая арматура;935-100-0A-01;Вода;от -45 до +40;У1;В;ОТК;30;1000;12 месяцев со дня ввода в эксплуатацию, но не более 18 месяцев со дня отгрузки потребителю;Под приварку;;100;235;250;Углеродистая сталь;105;По запросу;455700;Под заказ
Клапан (затвор) обратный под приварку 4с-3-3 DN 150 PN 10,0 МПа Т250 °С, корпус ст. 25Л;Энергетическая арматура;4с-3-3;Вода;от -45 до +40;У1;В;ОТК;30;1000;12 месяцев со дня ввода в эксплуатацию, но не более 18 месяцев со дня отгрузки потребителю;Под приварку;;150;100;250;Углеродистая сталь;227;По запросу;271900;Под заказ
Клапан (затвор) обратный под приварку 935-150-0AM DN 150 PN 9,8 МПа Т540 °С, корпус ст. 15Х1М1ФЛ;Энергетическая арматура;935-150-0AM;Пар;От -60 до +40;УХЛ;В;ОТК;30;1000;12 месяцев со дня ввода в эксплуатацию, но не более 18 месяцев со дня отгрузки потребителю;Под приварку;;150;98;540;Жаропрочная перлитная сталь;202;По запросу;1848440;Под заказ
Клапан (затвор) обратный под приварку 935-150-0 DN 150 PN 18,1 МПа Т215 °С, корпус ст. 25Л;Энергетическая арматура;935-150-0;Вода - пар;от -45 до +40;У1;В;ОТК;30;1000;12 месяцев со дня ввода в эксплуатацию, но не более 18 месяцев со дня отгрузки потребителю;Под приварку;;150;181;215;Углеродистая сталь;160;По запросу;1157000;Под заказ
Клапан (затвор) обратный под приварку 912-150-0 DN 150 PN 37,3 МПа Т280 °С, корпус ст. 20;Энергетическая арматура;912-150-0;Вода;от -45 до +40;У1;В;ОТК;30;1000;12 месяцев со дня ввода в эксплуатацию, но не более 18 месяцев со дня отгрузки потребителю;Под приварку;;150;373;280;Углеродистая сталь;202;По запросу;1424780;Под заказ
Клапан (затвор) обратный под приварку 4с-3-4 DN 200 PN 10,0 МПа Т250 °С, корпус ст. 25Л;Энергетическая арматура;4с-3-4;Вода;от -45 до +40;У1;В;ОТК;30;1000;12 месяцев со дня ввода в эксплуатацию, но не более 18 месяцев со дня отгрузки потребителю;Под приварку;;200;100;250;Углеродистая сталь;198,4;По запросу;367840;Под заказ
Клапан (затвор) обратный под приварку 912-200-0Б DN 200 PN 37,3 МПа Т280 °С, корпус ст. 25Л;Энергетическая арматура;912-200-0Б;Вода;от -45 до +40;У1;В;ОТК;30;1000;12 месяцев со дня ввода в эксплуатацию, но не более 18 месяцев со дня отгрузки потребителю;Под приварку;;200;373;280;Углеродистая сталь;1078;По запросу;2446470;Под заказ
Клапан (затвор) обратный под приварку 4с-3-5 DN 250 PN 6,3 МПа Т250 °С, корпус ст. 25Л;Энергетическая арматура;4с-3-5;Вода;от -45 до +40;У1;В;ОТК;30;1000;12 месяцев со дня ввода в эксплуатацию, но не более 18 месяцев со дня отгрузки потребителю;Под приварку;;250;63;250;Углеродистая сталь;266,7;По запросу;552550;Под заказ
Клапан (затвор) обратный под приварку 935-250-0Б DN 250 PN 23,5 МПа Т250 °С, корпус ст. 25Л;Энергетическая арматура;935-250-0Б;Вода;от -45 до +40;У1;В;ОТК;30;1000;12 месяцев со дня ввода в эксплуатацию, но не более 18 месяцев со дня отгрузки потребителю;Под приварку;;250;235;250;Углеродистая сталь;826;По запросу;2011460;Под заказ
Клапан (затвор) обратный под приварку 912-250-0БМ DN 250 PN 30,4 МПа Т510 °С, корпус ст. 15Х1М1ФЛ;Энергетическая арматура;912-250-0БМ;Пар;От -60 до +40;УХЛ;В;ОТК;30;1000;12 месяцев со дня ввода в эксплуатацию, но не более 18 месяцев со дня отгрузки потребителю;Под приварку;;250;304;510;Жаропрочная перлитная сталь;1078;По запросу;2419240;Под заказ
Клапан (затвор) обратный под приварку 912-250-0Б DN 250 PN 37,3 МПа Т280 °С, корпус ст. 25Л;Энергетическая арматура;912-250-0Б;Вода;от -45 до +40;У1;В;ОТК;30;1000;12 месяцев со дня ввода в эксплуатацию, но не более 18 месяцев со дня отгрузки потребителю;Под приварку;;250;373;280;Углеродистая сталь;1078;По запросу;2065900;Под заказ
Клапан обратный под приварку 905-400-0А DN 400 PN 11,0 МПа Т300 °С, корпус ст. 15ГС;Энергетическая арматура;905-400-0А;Вода - пар;От -60 до +40;ХЛ1;В;ОТК;30;1000;12 месяцев со дня ввода в эксплуатацию, но не более 18 месяцев со дня отгрузки потребителю;Под приварку;;400;110;300;Конструкционная низколегированная сталь;932;По запросу;0;Под заказ
Клапан (затвор) обратный под приварку 912-400-0 DN 400 PN 37,3 МПа Т280 °С, корпус ст. 20ГСЛ;Энергетическая арматура;912-400-0 ;Вода;От -60 до +40;ХЛ1;В;ОТК;30;1000;12 месяцев со дня ввода в эксплуатацию, но не более 18 месяцев со дня отгрузки потребителю;Под приварку;;400;373;280;Легированная сталь;4180;По запросу;0;Под заказ
Клапан обратный подъемный под приварку Т-18б-1 DN 50 PN 6,4 МПа Т300 °С, корпус ст. 25Л;Энергетическая арматура;Т-18б-1;Вода - пар;от -45 до +40;У1;В;ОТК;30;1000;12 месяцев со дня ввода в эксплуатацию, но не более 18 месяцев со дня отгрузки потребителю;Под приварку;;50;64;300;Углеродистая сталь;22,7;По запросу;51280;Под заказ
Клапан обратный подъемный под приварку Т-118б DN 100 PN 10,0 МПа Т300 °С, корпус ст. 25Л;Энергетическая арматура;Т-118б;Вода - пар;от -45 до +40;У1;В;ОТК;30;1000;12 месяцев со дня ввода в эксплуатацию, но не более 18 месяцев со дня отгрузки потребителю;Под приварку;;100;100;300;Углеродистая сталь;81,2;По запросу;67470;Под заказ
Клапан обратный под приварку Т-122бс DN 150 PN 10,0 МПа Т300 °С, корпус ст. 25Л;Энергетическая арматура;Т-122бс;Вода - пар;от -45 до +40;У1;В;ОТК;30;1000;12 месяцев со дня ввода в эксплуатацию, но не более 18 месяцев со дня отгрузки потребителю;Под приварку;;150;100;300;Углеродистая сталь;122;По запросу;236920;Под заказ
Клапан обратный под приварку Т-123бс DN 200 PN 10,0 МПа Т300 °С, корпус ст. 25Л;Энергетическая арматура;Т-123бс;Вода - пар;от -45 до +40;У1;В;ОТК;30;1000;12 месяцев со дня ввода в эксплуатацию, но не более 18 месяцев со дня отгрузки потребителю;Под приварку;;200;100;300;Углеродистая сталь;176;По запросу;326230;Под заказ
Задвижка запорная под приварку с коническим редуктором 1511-80-КЗ DN 80 PN 10,0 МПа Т450 °С, корпус ст. 15ГС;Энергетическая арматура;1511-80-КЗ;Вода - пар;От -60 до +40;ХЛ1;В;ОТК;30;500;12 месяцев со дня ввода в эксплуатацию, но не более 18 месяцев со дня отгрузки потребителю;Под приварку;Ручной;80;100;450;Конструкционная низколегированная сталь;68;По запросу;598000;Под заказ
Задвижка запорная под приварку ручная 1511-80-М DN 80 PN 10,0 МПа Т450 °С, корпус ст. 15ГС;Энергетическая арматура;1511-80-М;Вода - пар;От -60 до +40;ХЛ1;В;ОТК;30;500;12 месяцев со дня ввода в эксплуатацию, но не более 18 месяцев со дня отгрузки потребителю;Под приварку;Ручной;80;100;450;Конструкционная низколегированная сталь;59;По запросу;543710;Под заказ
Задвижка запорная под приварку с цилиндрическим редуктором 1511-80-ЦЗ DN 80 PN 10,0 МПа Т450 °С, корпус ст. 15ГС;Энергетическая арматура;1511-80-ЦЗ;Вода - пар;От -60 до +40;ХЛ1;В;ОТК;30;500;12 месяцев со дня ввода в эксплуатацию, но не более 18 месяцев со дня отгрузки потребителю;Под приварку;Ручной;80;100;450;Конструкционная низколегированная сталь;72;По запросу;616300;Под заказ
Задвижка запорная под приварку с электроприводом (ГЗ-А.100/24 У1) 1511-80-ЭГ DN 80 PN 10,0 МПа Т450 °С, корпус ст. 15ГС;Энергетическая арматура;1511-80-ЭГ ;Вода - пар;От -60 до +40;ХЛ1;В;ОТК;30;500;12 месяцев со дня ввода в эксплуатацию, но не более 18 месяцев со дня отгрузки потребителю;Под приварку;С электроприводом;80;100;450;Конструкционная низколегированная сталь;103;По запросу;635110;Под заказ
Задвижка запорная под приварку с электроприводом (Н-А2-11К У2) 1511-80-ЭМ DN 80 PN 10,0 МПа Т450 °С, корпус ст. 15ГС;Энергетическая арматура;1511-80-ЭМ;Вода - пар;От -60 до +40;ХЛ1;В;ОТК;30;500;12 месяцев со дня ввода в эксплуатацию, но не более 18 месяцев со дня отгрузки потребителю;Под приварку;С электроприводом;80;100;450;Конструкционная низколегированная сталь;74;По запросу;620100;Под заказ
Задвижка запорная под приварку с электроприводом (ЭП-З-100-24-А2-05-В-У1) 1511-80-ЭН DN 80 PN 10,0 МПа Т450 °С, корпус ст. 15ГС;Энергетическая арматура;1511-80-ЭН;Вода - пар;От -60 до +40;ХЛ1;В;ОТК;30;500;12 месяцев со дня ввода в эксплуатацию, но не более 18 месяцев со дня отгрузки потребителю;Под приварку;С электроприводом;80;100;450;Конструкционная низколегированная сталь;85;По запросу;0;Под заказ
Задвижка запорная под приварку с электроприводом (ПЭМ-А11М У2) 1511-80-ЭЧ DN 80 PN 10,0 МПа Т450 °С, корпус ст. 15ГС;Энергетическая арматура;1511-80-ЭЧ;Вода - пар;От -60 до +40;ХЛ1;В;ОТК;30;500;12 месяцев со дня ввода в эксплуатацию, но не более 18 месяцев со дня отгрузки потребителю;Под приварку;С электроприводом;80;100;450;Конструкционная низколегированная сталь;93,5;По запросу;611710;Под заказ
Задвижка запорная под приварку с электроприводом (AUMA SA10.2-F10-380/50/3-22) 1511-80-ЭД DN 80 PN 10,0 МПа Т450 °С, корпус ст. 15ГС;Энергетическая арматура;1511-80-ЭД;Вода - пар;От -60 до +40;ХЛ1;В;ОТК;30;500;12 месяцев со дня ввода в эксплуатацию, но не более 18 месяцев со дня отгрузки потребителю;Под приварку;С электроприводом;80;100;450;Конструкционная низколегированная сталь;102;По запросу;0;Под заказ
Задвижка запорная под приварку с электроприводом (MODACT MON 52031.2222N) 1511-80-ЭК DN 80 PN 10,0 МПа Т450 °С, корпус ст. 15ГС;Энергетическая арматура;1511-80-ЭК;Вода - пар;От -60 до +40;ХЛ1;В;ОТК;30;500;12 месяцев со дня ввода в эксплуатацию, но не более 18 месяцев со дня отгрузки потребителю;Под приварку;С электроприводом;80;100;450;Конструкционная низколегированная сталь;105;По запросу;0;Под заказ
Задвижка запорная под приварку с цилиндрическим редуктором 2с-30-1 DN 80 PN 10,0 МПа Т450 °С, корпус ст. 25Л;Энергетическая арматура;2с-30-1;Вода - пар;от -45 до +40;У1;В;ОТК;30;500;12 месяцев со дня ввода в эксплуатацию, но не более 18 месяцев со дня отгрузки потребителю;Под приварку;Ручной;80;100;450;Углеродистая сталь;83;По запросу;304360;Под заказ
Задвижка запорная под приварку с электроприводом (ГЗ-Б.300/24 У1) 2с-30-1ЭГ DN 80 PN 10,0 МПа Т450 °С, корпус ст. 25Л;Энергетическая арматура;2с-30-1ЭГ;Вода - пар;от -45 до +40;У1;В;ОТК;30;500;12 месяцев со дня ввода в эксплуатацию, но не более 18 месяцев со дня отгрузки потребителю;Под приварку;С электроприводом;80;100;450;Углеродистая сталь;117;По запросу;454740;Под заказ
Задвижка запорная под приварку с электроприводом (Н-Б1-08 У2) 2с-30-1ЭМ DN 80 PN 10,0 МПа Т450 °С, корпус ст. 25Л;Энергетическая арматура;2с-30-1ЭМ;Вода - пар;от -45 до +40;У1;В;ОТК;30;500;12 месяцев со дня ввода в эксплуатацию, но не более 18 месяцев со дня отгрузки потребителю;Под приварку;С электроприводом;80;100;450;Углеродистая сталь;117;По запросу;465070;Под заказ
Задвижка запорная под приварку с электроприводом (ЭП-З-100-24-А2-05-В-У1) 2с-30-1ЭН DN 80 PN 10,0 МПа Т450 °С, корпус ст. 25Л;Энергетическая арматура;2с-30-1ЭН;Вода - пар;от -45 до +40;У1;В;ОТК;30;500;12 месяцев со дня ввода в эксплуатацию, но не более 18 месяцев со дня отгрузки потребителю;Под приварку;С электроприводом;80;100;450;Углеродистая сталь;80;По запросу;0;Под заказ
Задвижка запорная под приварку с электроприводом (ПЭМ-Б2М У2) 2с-30-1ЭЧ DN 80 PN 10,0 МПа Т450 °С, корпус ст. 25Л;Энергетическая арматура;2с-30-1ЭЧ;Вода - пар;от -45 до +40;У1;В;ОТК;30;500;12 месяцев со дня ввода в эксплуатацию, но не более 18 месяцев со дня отгрузки потребителю;Под приварку;С электроприводом;80;100;450;Углеродистая сталь;104;По запросу;465070;Под заказ
Задвижка запорная под приварку с электроприводом (AUMA SA14.2-F14-380/50/3-22) 2с-30-1ЭД DN 80 PN 10,0 МПа Т450 °С, корпус ст. 25Л;Энергетическая арматура;2с-30-1ЭД;Вода - пар;от -45 до +40;У1;В;ОТК;30;500;12 месяцев со дня ввода в эксплуатацию, но не более 18 месяцев со дня отгрузки потребителю;Под приварку;С электроприводом;80;100;450;Углеродистая сталь;108;По запросу;0;Под заказ
Задвижка запорная под приварку с электроприводом (MODACT MON 52031.2222N) 2с-30-1ЭК DN 80 PN 10,0 МПа Т450 °С, корпус ст. 25Л;Энергетическая арматура;2с-30-1ЭК;Вода - пар;от -45 до +40;У1;В;ОТК;30;500;12 месяцев со дня ввода в эксплуатацию, но не более 18 месяцев со дня отгрузки потребителю;Под приварку;С электроприводом;80;100;450;Углеродистая сталь;64;По запросу;0;Под заказ
Задвижка запорная под приварку с коническим редуктором 2с-31-1 DN 80 PN 10,0 МПа Т450 °С, корпус ст. 25Л;Энергетическая арматура;2с-31-1;Вода - пар;от -45 до +40;У1;В;ОТК;30;500;12 месяцев со дня ввода в эксплуатацию, но не более 18 месяцев со дня отгрузки потребителю;Под приварку;Ручной;80;100;450;Углеродистая сталь;85;По запросу;299460;Под заказ
Задвижка запорная под приварку ручная 2с-32-1 DN 80 PN 10,0 МПа Т450 °С, корпус ст. 25Л;Энергетическая арматура;2с-32-1;Вода - пар;от -45 до +40;У1;В;ОТК;30;500;12 месяцев со дня ввода в эксплуатацию, но не более 18 месяцев со дня отгрузки потребителю;Под приварку;Ручной;80;100;450;Углеродистая сталь;71;По запросу;257720;Под заказ
Задвижка запорная под приварку с цилиндрическим редуктором 2с-33-1 DN 80 PN 6,3 МПа Т425 °С, корпус ст. 25Л;Энергетическая арматура;2с-33-1;Вода - пар;от -45 до +40;У1;В;ОТК;30;500;12 месяцев со дня ввода в эксплуатацию, но не более 18 месяцев со дня отгрузки потребителю;Под приварку;Ручной;80;63;425;Углеродистая сталь;83;По запросу;294560;Под заказ
Задвижка запорная под приварку с электроприводом (ГЗ-Б.300/24 У1) 2с-33-1ЭГ DN 80 PN 6,3 МПа Т425 °С, корпус ст. 25Л;Энергетическая арматура;2с-33-1ЭГ;Вода - пар;от -45 до +40;У1;В;ОТК;30;500;12 месяцев со дня ввода в эксплуатацию, но не более 18 месяцев со дня отгрузки потребителю;Под приварку;С электроприводом;80;63;425;Углеродистая сталь;117;По запросу;449080;Под заказ
Задвижка запорная под приварку с электроприводом (Н-Б1-08 У2) 2с-33-1ЭМ DN 80 PN 6,3 МПа Т425 °С, корпус ст. 25Л;Энергетическая арматура;2с-33-1ЭМ;Вода - пар;от -45 до +40;У1;В;ОТК;30;500;12 месяцев со дня ввода в эксплуатацию, но не более 18 месяцев со дня отгрузки потребителю;Под приварку;С электроприводом;80;63;425;Углеродистая сталь;117;По запросу;459420;Под заказ
Задвижка запорная под приварку с электроприводом (ЭП-З-100-24-А2-05-В-У1) 2с-33-1ЭН DN 80 PN 6,3 МПа Т425 °С, корпус ст. 25Л;Энергетическая арматура;2с-33-1ЭН;Вода - пар;от -45 до +40;У1;В;ОТК;30;500;12 месяцев со дня ввода в эксплуатацию, но не более 18 месяцев со дня отгрузки потребителю;Под приварку;С электроприводом;80;63;425;Углеродистая сталь;80;По запросу;0;Под заказ
Задвижка запорная под приварку с электроприводом (ПЭМ-Б2М У2) 2с-33-1ЭЧ DN 80 PN 6,3 МПа Т425 °С, корпус ст. 25Л;Энергетическая арматура;2с-33-1ЭЧ;Вода - пар;от -45 до +40;У1;В;ОТК;30;500;12 месяцев со дня ввода в эксплуатацию, но не более 18 месяцев со дня отгрузки потребителю;Под приварку;С электроприводом;80;63;425;Углеродистая сталь;104;По запросу;424710;Под заказ
Задвижка запорная под приварку с электроприводом (AUMA SA14.2-F14-380/50/3-22) 2с-33-1ЭД DN 80 PN 6,3 МПа Т425 °С, корпус ст. 25Л;Энергетическая арматура;2с-33-1ЭД;Вода - пар;от -45 до +40;У1;В;ОТК;30;500;12 месяцев со дня ввода в эксплуатацию, но не более 18 месяцев со дня отгрузки потребителю;Под приварку;С электроприводом;80;63;425;Углеродистая сталь;64;По запросу;0;Под заказ
Задвижка запорная под приварку с электроприводом (MODACT MON 52031.2222N) 2с-33-1ЭК DN 80 PN 6,3 МПа Т425 °С, корпус ст. 25Л;Энергетическая арматура;2с-33-1ЭК;Вода - пар;от -45 до +40;У1;В;ОТК;30;500;12 месяцев со дня ввода в эксплуатацию, но не более 18 месяцев со дня отгрузки потребителю;Под приварку;С электроприводом;80;63;425;Углеродистая сталь;105;По запросу;0;Под заказ
Задвижка запорная под приварку с коническим редуктором 2с-34-1 DN 80 PN 6,3 МПа Т425 °С, корпус ст. 25Л;Энергетическая арматура;2с-34-1;Вода - пар;от -45 до +40;У1;В;ОТК;30;500;12 месяцев со дня ввода в эксплуатацию, но не более 18 месяцев со дня отгрузки потребителю;Под приварку;Ручной;80;63;425;Углеродистая сталь;85;По запросу;289660;Под заказ
Задвижка запорная под приварку ручная 2с-35-1 DN 80 PN 6,3 МПа Т425 °С, корпус ст. 25Л;Энергетическая арматура;2с-35-1;Вода - пар;от -45 до +40;У1;В;ОТК;30;500;12 месяцев со дня ввода в эксплуатацию, но не более 18 месяцев со дня отгрузки потребителю;Под приварку;Ручной;80;63;425;Углеродистая сталь;71;По запросу;250450;Под заказ
Задвижка запорная под приварку с коническим редуктором 1120-100-КЗ DN 100 PN 37,3 МПа Т280 °С, корпус ст. 20;Энергетическая арматура;1120-100-КЗ;Вода;от -45 до +40;У1;В;ОТК;30;500;12 месяцев со дня ввода в эксплуатацию, но не более 18 месяцев со дня отгрузки потребителю;Под приварку;Ручной;100;373;280;Углеродистая сталь;203;По запросу;529620;Под заказ
Задвижка запорная под приварку ручная 1120-100-М DN 100 PN 37,3 МПа Т280 °С, корпус ст. 20;Энергетическая арматура;1120-100-М;Вода;от -45 до +40;У1;В;ОТК;30;500;12 месяцев со дня ввода в эксплуатацию, но не более 18 месяцев со дня отгрузки потребителю;Под приварку;Ручной;100;373;280;Углеродистая сталь;196;По запросу;516550;Под заказ
Задвижка запорная под приварку с цилиндрическим редуктором 1120-100-ЦЗ DN 100 PN 37,3 МПа Т280 °С, корпус ст. 20;Энергетическая арматура;1120-100-ЦЗ;Вода;от -45 до +40;У1;В;ОТК;30;500;12 месяцев со дня ввода в эксплуатацию, но не более 18 месяцев со дня отгрузки потребителю;Под приварку;Ручной;100;373;280;Углеродистая сталь;205;По запросу;529620;Под заказ
Задвижка запорная под приварку с электроприводом (792-Э-0а) 1120-100-Э DN 100 PN 37,3 МПа Т280 °С, корпус ст. 20;Энергетическая арматура;1120-100-Э;Вода;от -45 до +40;У1;В;ОТК;30;500;12 месяцев со дня ввода в эксплуатацию, но не более 18 месяцев со дня отгрузки потребителю;Под приварку;С электроприводом;100;373;280;Углеродистая сталь;246;По запросу;959070;Под заказ
Задвижка запорная под приварку с электроприводом (ГЗ-В.900/24 У1) 1120-100-ЭГ DN 100 PN 37,3 МПа Т280 °С, корпус ст. 20;Энергетическая арматура;1120-100-ЭГ;Вода;от -45 до +40;У1;В;ОТК;30;500;12 месяцев со дня ввода в эксплуатацию, но не более 18 месяцев со дня отгрузки потребителю;Под приварку;С электроприводом;100;373;280;Углеродистая сталь;279;По запросу;924430;Под заказ
Задвижка запорная под приварку с электроприводом (Н-В-08 У2) 1120-100-ЭМ DN 100 PN 37,3 МПа Т280 °С, корпус ст. 20;Энергетическая арматура;1120-100-ЭМ;Вода;от -45 до +40;У1;В;ОТК;30;500;12 месяцев со дня ввода в эксплуатацию, но не более 18 месяцев со дня отгрузки потребителю;Под приварку;С электроприводом;100;373;280;Углеродистая сталь;273;По запросу;933550;Под заказ
Задвижка запорная под приварку с электроприводом (ЭП-З-630-24-В-0-А-У1) 1120-100-ЭН DN 100 PN 37,3 МПа Т280 °С, корпус ст. 20;Энергетическая арматура;1120-100-ЭН;Вода;от -45 до +40;У1;В;ОТК;30;500;12 месяцев со дня ввода в эксплуатацию, но не более 18 месяцев со дня отгрузки потребителю;Под приварку;С электроприводом;100;373;280;Углеродистая сталь;239;По запросу;0;Под заказ
Задвижка запорная под приварку с электроприводом (ПЭМ-Б2М У2) 1120-100-ЭЧ DN 100 PN 37,3 МПа Т280 °С, корпус ст. 20;Энергетическая арматура;1120-100-ЭЧ;Вода;от -45 до +40;У1;В;ОТК;30;500;12 месяцев со дня ввода в эксплуатацию, но не более 18 месяцев со дня отгрузки потребителю;Под приварку;С электроприводом;100;373;280;Углеродистая сталь;250;По запросу;965640;Под заказ
Задвижка запорная под приварку с электроприводом (AUMA SA16.2-F16-380/50/3-22) 1120-100-ЭД DN 100 PN 37,3 МПа Т280 °С, корпус ст. 20;Энергетическая арматура;1120-100-ЭД;Вода;от -45 до +40;У1;В;ОТК;30;500;12 месяцев со дня ввода в эксплуатацию, но не более 18 месяцев со дня отгрузки потребителю;Под приварку;С электроприводом;100;373;280;Углеродистая сталь;218;По запросу;0;Под заказ
Задвижка запорная под приварку с электроприводом (MODACT MON 52034.3222N) 1120-100-ЭК DN 100 PN 37,3 МПа Т280 °С, корпус ст. 20;Энергетическая арматура;1120-100-ЭК;Вода;от -45 до +40;У1;В;ОТК;30;500;12 месяцев со дня ввода в эксплуатацию, но не более 18 месяцев со дня отгрузки потребителю;Под приварку;С электроприводом;100;373;280;Углеродистая сталь;243;По запросу;0;Под заказ
Задвижка запорная под приварку с коническим редуктором 1120-100-КЗ-01 DN 100 PN 23,5 МПа Т250 °С, корпус ст. 20;Энергетическая арматура;1120-100-КЗ-01;Вода;от -45 до +40;У1;В;ОТК;30;500;12 месяцев со дня ввода в эксплуатацию, но не более 18 месяцев со дня отгрузки потребителю;Под приварку;Ручной;100;235;250;Углеродистая сталь;202;По запросу;529620;Под заказ
Задвижка запорная под приварку ручная 1120-100-М-01 DN 100 PN 23,5 МПа Т250 °С, корпус ст. 20;Энергетическая арматура;1120-100-М-01;Вода;от -45 до +40;У1;В;ОТК;30;500;12 месяцев со дня ввода в эксплуатацию, но не более 18 месяцев со дня отгрузки потребителю;Под приварку;Ручной;100;235;250;Углеродистая сталь;195;По запросу;516550;Под заказ
Задвижка запорная под приварку с цилиндрическим редуктором 1120-100-ЦЗ-01 DN 100 PN 23,5 МПа Т250 °С, корпус ст. 20;Энергетическая арматура;1120-100-ЦЗ-01;Вода;от -45 до +40;У1;В;ОТК;30;500;12 месяцев со дня ввода в эксплуатацию, но не более 18 месяцев со дня отгрузки потребителю;Под приварку;Ручной;100;235;250;Углеродистая сталь;204;По запросу;529620;Под заказ
Задвижка запорная под приварку с электроприводом (792-Э-0а) 1120-100-Э-01 DN 100 PN 23,5 МПа Т250 °С, корпус ст. 20;Энергетическая арматура;1120-100-Э-01;Вода;от -45 до +40;У1;В;ОТК;30;500;12 месяцев со дня ввода в эксплуатацию, но не более 18 месяцев со дня отгрузки потребителю;Под приварку;С электроприводом;100;235;250;Углеродистая сталь;245;По запросу;959070;Под заказ
Задвижка запорная под приварку с электроприводом (ГЗ-Б.300/24 У1) 1120-100-ЭГ-01 DN 100 PN 23,5 МПа Т250 °С, корпус ст. 20;Энергетическая арматура;1120-100-ЭГ-01;Вода;от -45 до +40;У1;В;ОТК;30;500;12 месяцев со дня ввода в эксплуатацию, но не более 18 месяцев со дня отгрузки потребителю;Под приварку;С электроприводом;100;235;250;Углеродистая сталь;278;По запросу;924430;Под заказ
Задвижка запорная под приварку с электроприводом (Н-Б1-08 У2) 1120-100-ЭМ-01 DN 100 PN 23,5 МПа Т250 °С, корпус ст. 20;Энергетическая арматура;1120-100-ЭМ-01;Вода;от -45 до +40;У1;В;ОТК;30;500;12 месяцев со дня ввода в эксплуатацию, но не более 18 месяцев со дня отгрузки потребителю;Под приварку;С электроприводом;100;235;250;Углеродистая сталь;272;По запросу;933550;Под заказ
Задвижка запорная под приварку с электроприводом (ЭП-З-300-25-Б1-0-А-У1) 1120-100-ЭН-01 DN 100 PN 23,5 МПа Т280 °С, корпус ст. 20;Энергетическая арматура;1120-100-ЭН-01;Вода;от -45 до +40;У1;В;ОТК;30;500;12 месяцев со дня ввода в эксплуатацию, но не более 18 месяцев со дня отгрузки потребителю;Под приварку;С электроприводом;100;235;280;Углеродистая сталь;238;По запросу;0;Под заказ
Задвижка запорная под приварку с электроприводом (ПЭМ-Б2М У2) 1120-100-ЭЧ-01 DN 100 PN 23,5 МПа Т250 °С, корпус ст. 20;Энергетическая арматура;1120-100-ЭЧ-01;Вода;от -45 до +40;У1;В;ОТК;30;500;12 месяцев со дня ввода в эксплуатацию, но не более 18 месяцев со дня отгрузки потребителю;Под приварку;С электроприводом;100;235;250;Углеродистая сталь;249;По запросу;965640;Под заказ
Задвижка запорная под приварку с электроприводом (AUMA SA14.6-F14-380/50/3-22) 1120-100-ЭД-01 DN 100 PN 23,5 МПа Т250 °С, корпус ст. 20;Энергетическая арматура;1120-100-ЭД-01;Вода;от -45 до +40;У1;В;ОТК;30;500;12 месяцев со дня ввода в эксплуатацию, но не более 18 месяцев со дня отгрузки потребителю;Под приварку;С электроприводом;100;235;250;Углеродистая сталь;217;По запросу;0;Под заказ
Задвижка запорная под приварку с электроприводом (MODACT MON 52032.12J2N) 1120-100-ЭК-01 DN 100 PN 23,5 МПа Т250 °С, корпус ст. 20;Энергетическая арматура;1120-100-ЭК-01;Вода;от -45 до +40;У1;В;ОТК;30;500;12 месяцев со дня ввода в эксплуатацию, но не более 18 месяцев со дня отгрузки потребителю;Под приварку;С электроприводом;100;235;250;Углеродистая сталь;242;По запросу;0;Под заказ
Задвижка запорная под приварку с коническим редуктором 1123-100-КЗ DN 100 PN 13,7 МПа Т560 °С, корпус ст. 15Х1М1Ф;Энергетическая арматура;1123-100-КЗ;Пар;От -60 до +40;УХЛ;В;ОТК;30;500;12 месяцев со дня ввода в эксплуатацию, но не более 18 месяцев со дня отгрузки потребителю;Под приварку;Ручной;100;137;560;Жаропрочная перлитная сталь;203;По запросу;638620;Под заказ
Задвижка запорная под приварку ручная 1123-100-М DN 100 PN 13,7 МПа Т560 °С, корпус ст. 15Х1М1Ф;Энергетическая арматура;1123-100-М;Пар;От -60 до +40;УХЛ;В;ОТК;30;500;12 месяцев со дня ввода в эксплуатацию, но не более 18 месяцев со дня отгрузки потребителю;Под приварку;Ручной;100;137;560;Жаропрочная перлитная сталь;196;По запросу;623020;Под заказ
Задвижка запорная под приварку с цилиндрическим редуктором 1123-100-ЦЗ DN 100 PN 13,7 МПа Т560 °С, корпус ст. 15Х1М1Ф;Энергетическая арматура;1123-100-ЦЗ;Пар;От -60 до +40;УХЛ;В;ОТК;30;500;12 месяцев со дня ввода в эксплуатацию, но не более 18 месяцев со дня отгрузки потребителю;Под приварку;Ручной;100;137;560;Жаропрочная перлитная сталь;205;По запросу;654220;Под заказ
Задвижка запорная под приварку с электроприводом (792-Э-0а) 1123-100-Э DN 100 PN 13,7 МПа Т560 °С, корпус ст. 15Х1М1Ф;Энергетическая арматура;1123-100-Э;Пар;От -60 до +40;УХЛ;В;ОТК;30;500;12 месяцев со дня ввода в эксплуатацию, но не более 18 месяцев со дня отгрузки потребителю;Под приварку;С электроприводом;100;137;560;Жаропрочная перлитная сталь;279;По запросу;1084810;Под заказ
Задвижка запорная под приварку с электроприводом (ГЗ-Б.300/24 У1) 1123-100-ЭГ DN 100 PN 13,7 МПа Т560 °С, корпус ст. 15Х1М1Ф;Энергетическая арматура;1123-100-ЭГ;Пар;От -60 до +40;УХЛ;В;ОТК;30;500;12 месяцев со дня ввода в эксплуатацию, но не более 18 месяцев со дня отгрузки потребителю;Под приварку;С электроприводом;100;137;560;Жаропрочная перлитная сталь;273;По запросу;954510;Под заказ
Задвижка запорная под приварку с электроприводом (Н-Б1-08 У2) 1123-100-ЭМ DN 100 PN 13,7 МПа Т560 °С, корпус ст. 15Х1М1Ф;Энергетическая арматура;1123-100-ЭМ;Пар;От -60 до +40;УХЛ;В;ОТК;30;500;12 месяцев со дня ввода в эксплуатацию, но не более 18 месяцев со дня отгрузки потребителю;Под приварку;С электроприводом;100;137;560;Жаропрочная перлитная сталь;239;По запросу;964310;Под заказ
Задвижка запорная под приварку с электроприводом (ЭП-З-300-25-Б1-0-А-У1) 1123-100-ЭН DN 100 PN 13,7 МПа Т560 °С, корпус ст. 15Х1М1Ф;Энергетическая арматура;1123-100-ЭН;Пар;От -60 до +40;УХЛ;В;ОТК;30;500;12 месяцев со дня ввода в эксплуатацию, но не более 18 месяцев со дня отгрузки потребителю;Под приварку;С электроприводом;100;137;560;Жаропрочная перлитная сталь;250;По запросу;0;Под заказ
Задвижка запорная под приварку с электроприводом (MODACT MON 52032.12J2N) 1123-100-ЭК DN 100 PN 13,7 МПа Т560 °С, корпус ст. 15Х1М1Ф;Энергетическая арматура;1123-100-ЭК;Пар;От -60 до +40;УХЛ;В;ОТК;30;500;12 месяцев со дня ввода в эксплуатацию, но не более 18 месяцев со дня отгрузки потребителю;Под приварку;С электроприводом;100;137;560;Жаропрочная перлитная сталь;218;По запросу;0;Под заказ
Задвижка запорная под приварку с электроприводом (AUMA SA14.6-F14-380/50/3-22) 1123-100-ЭД DN 100 PN 13,7 МПа Т560 °С, корпус ст. 15Х1М1Ф;Энергетическая арматура;1123-100-ЭД;Пар;От -60 до +40;УХЛ;В;ОТК;30;500;12 месяцев со дня ввода в эксплуатацию, но не более 18 месяцев со дня отгрузки потребителю;Под приварку;С электроприводом;100;137;560;Жаропрочная перлитная сталь;243;По запросу;0;Под заказ
Задвижка запорная под приварку с электроприводом (AUMA SA14.6-F14-380/50/3-22) 1123-100-ЭД-01 DN 100 PN 13,7 МПа Т540 °С, корпус ст. 15Х1М1Ф;Энергетическая арматура;1123-100-ЭД-01;Пар;От -60 до +40;УХЛ;В;ОТК;30;500;12 месяцев со дня ввода в эксплуатацию, но не более 18 месяцев со дня отгрузки потребителю;Под приварку;С электроприводом;100;137;560;Жаропрочная перлитная сталь;234;По запросу;0;Под заказ
Задвижка запорная под приварку с электроприводом (ПЭМ-Б2М У2) 1123-100-ЭЧ DN 100 PN 13,7 МПа Т560 °С, корпус ст. 15Х1М1Ф;Энергетическая арматура;1123-100-ЭЧ;Пар;От -60 до +40;УХЛ;В;ОТК;30;500;12 месяцев со дня ввода в эксплуатацию, но не более 18 месяцев со дня отгрузки потребителю;Под приварку;С электроприводом;100;137;560;Жаропрочная перлитная сталь;229;По запросу;1074640;Под заказ
Задвижка запорная под приварку с коническим редуктором 1123-100-КЗ-01 DN 100 PN 9,8 МПа Т540 °С, корпус ст. 15Х1М1Ф;Энергетическая арматура;1123-100-КЗ-01;Пар;От -60 до +40;УХЛ;В;ОТК;30;500;12 месяцев со дня ввода в эксплуатацию, но не более 18 месяцев со дня отгрузки потребителю;Под приварку;Ручной;100;98;540;Жаропрочная перлитная сталь;202;По запросу;638620;Под заказ
Задвижка запорная под приварку ручная 1123-100-М-01 DN 100 PN 9,8 МПа Т540 °С, корпус ст. 15Х1М1Ф;Энергетическая арматура;1123-100-М-01;Пар;От -60 до +40;УХЛ;В;ОТК;30;500;12 месяцев со дня ввода в эксплуатацию, но не более 18 месяцев со дня отгрузки потребителю;Под приварку;Ручной;100;98;540;Жаропрочная перлитная сталь;195;По запросу;623020;Под заказ
Задвижка запорная под приварку с цилиндрическим редуктором 1123-100-ЦЗ-01 DN 100 PN 9,8 МПа Т540 °С, корпус ст. 15Х1М1Ф;Энергетическая арматура;1123-100-ЦЗ-01;Пар;От -60 до +40;УХЛ;В;ОТК;30;500;12 месяцев со дня ввода в эксплуатацию, но не более 18 месяцев со дня отгрузки потребителю;Под приварку;Ручной;100;98;540;Жаропрочная перлитная сталь;204;По запросу;654220;Под заказ
Задвижка запорная под приварку с электроприводом (792-Э-0а) 1123-100-Э-01 DN 100 PN 9,8 МПа Т540 °С, корпус ст. 15Х1М1Ф;Энергетическая арматура;1123-100-Э-01;Пар;От -60 до +40;УХЛ;В;ОТК;30;500;12 месяцев со дня ввода в эксплуатацию, но не более 18 месяцев со дня отгрузки потребителю;Под приварку;С электроприводом;100;98;540;Жаропрочная перлитная сталь;278;По запросу;1084810;Под заказ
Задвижка запорная под приварку с электроприводом (ГЗ-Б.300/24 У1) 1123-100-ЭГ-01 DN 100 PN 9,8 МПа Т540 °С, корпус ст. 15Х1М1Ф;Энергетическая арматура;1123-100-ЭГ-01;Пар;От -60 до +40;УХЛ;В;ОТК;30;500;12 месяцев со дня ввода в эксплуатацию, но не более 18 месяцев со дня отгрузки потребителю;Под приварку;С электроприводом;100;98;540;Жаропрочная перлитная сталь;272;По запросу;954510;Под заказ
Задвижка запорная под приварку с электроприводом (Н-Б1-08 У2) 1123-100-ЭМ-01 DN 100 PN 9,8 МПа Т540 °С, корпус ст. 15Х1М1Ф;Энергетическая арматура;1123-100-ЭМ-01;Пар;От -60 до +40;УХЛ;В;ОТК;30;500;12 месяцев со дня ввода в эксплуатацию, но не более 18 месяцев со дня отгрузки потребителю;Под приварку;С электроприводом;100;98;540;Жаропрочная перлитная сталь;238;По запросу;964310;Под заказ
Задвижка запорная под приварку с электроприводом (ЭП-З-300-25-Б1-0-А-У1) 1123-100-ЭН-01 DN 100 PN 9,8 МПа Т540 °С, корпус ст. 15Х1М1Ф;Энергетическая арматура;1123-100-ЭН-01;Пар;От -60 до +40;УХЛ;В;ОТК;30;500;12 месяцев со дня ввода в эксплуатацию, но не более 18 месяцев со дня отгрузки потребителю;Под приварку;С электроприводом;100;98;540;Жаропрочная перлитная сталь;249;По запросу;0;Под заказ
Задвижка запорная под приварку с электроприводом (MODACT MON 52032.12J2N) 1123-100-ЭК-01 DN 100 PN 9,8 МПа Т540 °С, корпус ст. 15Х1М1Ф;Энергетическая арматура;1123-100-ЭК-01;Пар;От -60 до +40;УХЛ;В;ОТК;30;500;12 месяцев со дня ввода в эксплуатацию, но не более 18 месяцев со дня отгрузки потребителю;Под приварку;С электроприводом;100;98;540;Жаропрочная перлитная сталь;217;По запросу;0;Под заказ
Задвижка запорная под приварку с электроприводом (ПЭМ-Б2М У2) 1123-100-ЭЧ-01 DN 100 PN 9,8 МПа Т540 °С, корпус ст. 15Х1М1Ф;Энергетическая арматура;1123-100-ЭЧ-01;Пар;От -60 до +40;УХЛ;В;ОТК;30;500;12 месяцев со дня ввода в эксплуатацию, но не более 18 месяцев со дня отгрузки потребителю;Под приварку;С электроприводом;100;98;540;Жаропрочная перлитная сталь;242;По запросу;1074640;Под заказ
Задвижка запорная под приварку с коническим редуктором 1511-100-КЗБ DN 100 PN 10,0 МПа Т450 °С, корпус ст. 15ГС;Энергетическая арматура;1511-100-КЗБ;Вода - пар;От -60 до +40;ХЛ1;В;ОТК;30;500;12 месяцев со дня ввода в эксплуатацию, но не более 18 месяцев со дня отгрузки потребителю;Под приварку;Ручной;100;100;450;Конструкционная низколегированная сталь;74;По запросу;591820;Под заказ
Задвижка запорная под приварку ручная 1511-100-МБ DN 100 PN 10,0 МПа Т450 °С, корпус ст. 15ГС;Энергетическая арматура;1511-100-МБ;Вода - пар;От -60 до +40;ХЛ1;В;ОТК;30;500;12 месяцев со дня ввода в эксплуатацию, но не более 18 месяцев со дня отгрузки потребителю;Под приварку;Ручной;100;100;450;Конструкционная низколегированная сталь;63;По запросу;529620;Под заказ
Задвижка запорная под приварку с цилиндрическим редуктором 1511-100-ЦЗА DN 100 PN 10,0 МПа Т450 °С, корпус ст. 15ГС;Энергетическая арматура;1511-100-ЦЗА;Вода - пар;От -60 до +40;ХЛ1;В;ОТК;30;500;12 месяцев со дня ввода в эксплуатацию, но не более 18 месяцев со дня отгрузки потребителю;Под приварку;Ручной;100;100;450;Конструкционная низколегированная сталь;84;По запросу;591820;Под заказ
Задвижка запорная под приварку с электроприводом (ГЗ-А.100/24 У1) 1511-100-ЭГ DN 100 PN 10,0 МПа Т450 °С, корпус ст. 15ГС;Энергетическая арматура;1511-100-ЭГ;Вода - пар;От -60 до +40;ХЛ1;В;ОТК;30;500;12 месяцев со дня ввода в эксплуатацию, но не более 18 месяцев со дня отгрузки потребителю;Под приварку;С электроприводом;100;100;450;Конструкционная низколегированная сталь;91;По запросу;638980;Под заказ
Задвижка запорная под приварку с электроприводом (Н-А2-11К У2) 1511-100-ЭМ DN 100 PN 10,0 МПа Т450 °С, корпус ст. 15ГС;Энергетическая арматура;1511-100-ЭМ;Вода - пар;От -60 до +40;ХЛ1;В;ОТК;30;500;12 месяцев со дня ввода в эксплуатацию, но не более 18 месяцев со дня отгрузки потребителю;Под приварку;С электроприводом;100;100;450;Конструкционная низколегированная сталь;75;По запросу;629860;Под заказ
Задвижка запорная под приварку с электроприводом (ЭП-З-100-24-А2-05-В-У1) 1511-100-ЭН DN 100 PN 10,0 МПа Т450 °С, корпус ст. 15ГС;Энергетическая арматура;1511-100-ЭН;Вода - пар;От -60 до +40;ХЛ1;В;ОТК;30;500;12 месяцев со дня ввода в эксплуатацию, но не более 18 месяцев со дня отгрузки потребителю;Под приварку;С электроприводом;100;100;450;Конструкционная низколегированная сталь;76;По запросу;0;Под заказ
Задвижка запорная под приварку с электроприводом (ПЭМ-А11М У2) 1511-100-ЭЧ DN 100 PN 10,0 МПа Т450 °С, корпус ст. 15ГС;Энергетическая арматура;1511-100-ЭЧ;Вода - пар;От -60 до +40;ХЛ1;В;ОТК;30;500;12 месяцев со дня ввода в эксплуатацию, но не более 18 месяцев со дня отгрузки потребителю;Под приварку;С электроприводом;100;100;450;Конструкционная низколегированная сталь;86;По запросу;620900;Под заказ
Задвижка запорная под приварку с электроприводом (AUMA SA10.2-F10-380/50/3-22) 1511-100-ЭД-01 DN 100 PN 10,0 МПа Т450 °С, корпус ст. 15ГС;Энергетическая арматура;1511-100-ЭД;Вода - пар;От -60 до +40;ХЛ1;В;ОТК;30;500;12 месяцев со дня ввода в эксплуатацию, но не более 18 месяцев со дня отгрузки потребителю;Под приварку;С электроприводом;100;100;450;Конструкционная низколегированная сталь;91;По запросу;0;Под заказ
Задвижка запорная под приварку с цилиндрическим редуктором 2с-30-2 DN 100 PN 10,0 МПа Т450 °С, корпус ст. 25Л;Энергетическая арматура;2с-30-2;Вода - пар;от -45 до +40;У1;В;ОТК;30;500;12 месяцев со дня ввода в эксплуатацию, но не более 18 месяцев со дня отгрузки потребителю;Под приварку;Ручной;100;100;450;Углеродистая сталь;86;По запросу;342390;Под заказ
Задвижка запорная под приварку с электроприводом (ГЗ-Б.300/24 У1) 2с-30-2ЭГ DN 100 PN 10,0 МПа Т450 °С, корпус ст. 25Л;Энергетическая арматура;2с-30-2ЭГ;Вода - пар;от -45 до +40;У1;В;ОТК;30;500;12 месяцев со дня ввода в эксплуатацию, но не более 18 месяцев со дня отгрузки потребителю;Под приварку;С электроприводом;100;100;450;Углеродистая сталь;143;По запросу;444970;Под заказ
Задвижка запорная под приварку с электроприводом (Н-Б1-08 У2) 2с-30-2ЭМ DN 100 PN 10,0 МПа Т450 °С, корпус ст. 25Л;Энергетическая арматура;2с-30-2ЭМ;Вода - пар;от -45 до +40;У1;В;ОТК;30;500;12 месяцев со дня ввода в эксплуатацию, но не более 18 месяцев со дня отгрузки потребителю;Под приварку;С электроприводом;100;100;450;Углеродистая сталь;143;По запросу;402890;Под заказ
Задвижка запорная под приварку с электроприводом (ЭП-З-100-24-А2-05-В-У1) 2с-30-2ЭН DN 100 PN 10,0 МПа Т450 °С, корпус ст. 25Л;Энергетическая арматура;2с-30-2ЭН;Вода - пар;от -45 до +40;У1;В;ОТК;30;500;12 месяцев со дня ввода в эксплуатацию, но не более 18 месяцев со дня отгрузки потребителю;Под приварку;С электроприводом;100;100;450;Углеродистая сталь;106;По запросу;0;Под заказ
Задвижка запорная под приварку с электроприводом (ПЭМ-Б2М У2) 2с-30-2ЭЧ DN 100 PN 10,0 МПа Т450 °С, корпус ст. 25Л;Энергетическая арматура;2с-30-2ЭЧ;Вода - пар;от -45 до +40;У1;В;ОТК;30;500;12 месяцев со дня ввода в эксплуатацию, но не более 18 месяцев со дня отгрузки потребителю;Под приварку;С электроприводом;100;100;450;Углеродистая сталь;130;По запросу;423850;Под заказ
Задвижка запорная под приварку с электроприводом (AUMA SA14.2-F14-380/50/3-22) 2с-30-2ЭД DN 100 PN 10,0 МПа Т450 °С, корпус ст. 25Л;Энергетическая арматура;2с-30-2ЭД;Вода - пар;от -45 до +40;У1;В;ОТК;30;500;12 месяцев со дня ввода в эксплуатацию, но не более 18 месяцев со дня отгрузки потребителю;Под приварку;С электроприводом;100;100;450;Углеродистая сталь;134;По запросу;0;Под заказ
Задвижка запорная под приварку с электроприводом (MODACT MON 52031.2222N) 2с-30-2ЭК DN 100 PN 10,0 МПа Т450 °С, корпус ст. 25Л;Энергетическая арматура;2с-30-2ЭК;Вода - пар;от -45 до +40;У1;В;ОТК;30;500;12 месяцев со дня ввода в эксплуатацию, но не более 18 месяцев со дня отгрузки потребителю;Под приварку;С электроприводом;100;100;450;Углеродистая сталь;131;По запросу;0;Под заказ
Задвижка запорная под приварку с коническим редуктором 2с-31-2 DN 100 PN 10,0 МПа Т450 °С, корпус ст. 25Л;Энергетическая арматура;2с-31-2;Вода - пар;от -45 до +40;У1;В;ОТК;30;500;12 месяцев со дня ввода в эксплуатацию, но не более 18 месяцев со дня отгрузки потребителю;Под приварку;Ручной;100;100;450;Углеродистая сталь;90;По запросу;325320;Под заказ
Задвижка запорная под приварку ручная 2с-32-2 DN 100 PN 10,0 МПа Т450 °С, корпус ст. 25Л;Энергетическая арматура;2с-32-2;Вода - пар;от -45 до +40;У1;В;ОТК;30;500;12 месяцев со дня ввода в эксплуатацию, но не более 18 месяцев со дня отгрузки потребителю;Под приварку;Ручной;100;100;450;Углеродистая сталь;78;По запросу;312310;Под заказ
Задвижка запорная под приварку с цилиндрическим редуктором 2с-33-2 DN 100 PN 6,3 МПа Т425 °С, корпус ст. 25Л;Энергетическая арматура;2с-33-2;Вода - пар;от -45 до +40;У1;В;ОТК;30;500;12 месяцев со дня ввода в эксплуатацию, но не более 18 месяцев со дня отгрузки потребителю;Под приварку;Ручной;100;63;425;Углеродистая сталь;86;По запросу;342390;Под заказ
Задвижка запорная под приварку с электроприводом (ГЗ-Б.300/24 У1) 2с-33-2ЭГ DN 100 PN 6,3 МПа Т425 °С, корпус ст. 25Л;Энергетическая арматура;2с-33-2ЭГ ;Вода - пар;от -45 до +40;У1;В;ОТК;30;500;12 месяцев со дня ввода в эксплуатацию, но не более 18 месяцев со дня отгрузки потребителю;Под приварку;С электроприводом;100;63;425;Углеродистая сталь;143;По запросу;444970;Под заказ
Задвижка запорная под приварку с электроприводом (Н-Б1-08 У2) 2с-33-2ЭМ DN 100 PN 6,3 МПа Т425 °С, корпус ст. 25Л;Энергетическая арматура;2с-33-2ЭМ;Вода - пар;от -45 до +40;У1;В;ОТК;30;500;12 месяцев со дня ввода в эксплуатацию, но не более 18 месяцев со дня отгрузки потребителю;Под приварку;С электроприводом;100;63;425;Углеродистая сталь;143;По запросу;402890;Под заказ
Задвижка запорная под приварку с электроприводом (ЭП-З-100-24-А2-05-В-У1) 2с-33-2ЭН DN 100 PN 6,3 МПа Т425 °С, корпус ст. 25Л;Энергетическая арматура;2с-33-2ЭН;Вода - пар;от -45 до +40;У1;В;ОТК;30;500;12 месяцев со дня ввода в эксплуатацию, но не более 18 месяцев со дня отгрузки потребителю;Под приварку;С электроприводом;100;63;425;Углеродистая сталь;106;По запросу;0;Под заказ
Задвижка запорная под приварку с электроприводом (ПЭМ-Б2М У2) 2с-33-2ЭЧ DN 100 PN 6,3 МПа Т425 °С, корпус ст. 25Л;Энергетическая арматура;2с-33-2ЭЧ;Вода - пар;от -45 до +40;У1;В;ОТК;30;500;12 месяцев со дня ввода в эксплуатацию, но не более 18 месяцев со дня отгрузки потребителю;Под приварку;С электроприводом;100;63;425;Углеродистая сталь;130;По запросу;423850;Под заказ
Задвижка запорная под приварку с электроприводом (AUMA SA14.2-F14-380/50/3-22) 2с-33-2ЭД DN 100 PN 6,3 МПа Т425 °С, корпус ст. 25Л;Энергетическая арматура;2с-33-2ЭД;Вода - пар;от -45 до +40;У1;В;ОТК;30;500;12 месяцев со дня ввода в эксплуатацию, но не более 18 месяцев со дня отгрузки потребителю;Под приварку;С электроприводом;100;63;425;Углеродистая сталь;134;По запросу;0;Под заказ
Задвижка запорная под приварку с электроприводом (MODACT MON 52031.2222N) 2с-33-2ЭК DN 100 PN 6,3 МПа Т425 °С, корпус ст. 25Л;Энергетическая арматура;2с-33-2ЭК;Вода - пар;от -45 до +40;У1;В;ОТК;30;500;12 месяцев со дня ввода в эксплуатацию, но не более 18 месяцев со дня отгрузки потребителю;Под приварку;С электроприводом;100;63;425;Углеродистая сталь;131;По запросу;0;Под заказ
Задвижка запорная под приварку с коническим редуктором 2с-34-2 DN 100 PN 6,3 МПа Т425 °С, корпус ст. 25Л;Энергетическая арматура;2с-34-2;Вода - пар;от -45 до +40;У1;В;ОТК;30;500;12 месяцев со дня ввода в эксплуатацию, но не более 18 месяцев со дня отгрузки потребителю;Под приварку;Ручной;100;63;425;Углеродистая сталь;90;По запросу;324980;Под заказ
Задвижка запорная под приварку ручная 2с-35-2 DN 100 PN 6,3 МПа Т425 °С, корпус ст. 25Л;Энергетическая арматура;2с-35-2;Вода - пар;от -45 до +40;У1;В;ОТК;30;500;12 месяцев со дня ввода в эксплуатацию, но не более 18 месяцев со дня отгрузки потребителю;Под приварку;Ручной;100;63;425;Углеродистая сталь;78;По запросу;294900;Под заказ
Задвижка запорная под приварку с коническим редуктором 881-100-КЗ DN 100 PN 25,0 МПа Т545 °С, корпус ст. 15Х1М1Ф;Энергетическая арматура;881-100-КЗ;Пар;От -60 до +40;УХЛ;В;ОТК;30;500;12 месяцев со дня ввода в эксплуатацию, но не более 18 месяцев со дня отгрузки потребителю;Под приварку;Ручной;100;250;545;Жаропрочная перлитная сталь;500;По запросу;1287390;Под заказ
Задвижка запорная под приварку с цилиндрическим редуктором 881-100-ЦЗ DN 100 PN 25,0 МПа Т545 °С, корпус ст. 15Х1М1Ф;Энергетическая арматура;881-100-ЦЗ;Пар;От -60 до +40;УХЛ;В;ОТК;30;500;12 месяцев со дня ввода в эксплуатацию, но не более 18 месяцев со дня отгрузки потребителю;Под приварку;Ручной;100;250;545;Жаропрочная перлитная сталь;500;По запросу;1287390;Под заказ
Задвижка запорная под приварку с электроприводом (793-Э-0) 881-100-Э DN 100 PN 25,0 МПа Т545 °С, корпус ст. 15Х1М1Ф;Энергетическая арматура;881-100-Э;Пар;От -60 до +40;УХЛ;В;ОТК;30;500;12 месяцев со дня ввода в эксплуатацию, но не более 18 месяцев со дня отгрузки потребителю;Под приварку;С электроприводом;100;250;545;Жаропрочная перлитная сталь;550;По запросу;1505400;Под заказ
Задвижка запорная под приварку с электроприводом (ГЗ-Г.2500/24 У1) 881-100-ЭГ DN 100 PN 25,0 МПа Т545 °С, корпус ст. 15Х1М1Ф;Энергетическая арматура;881-100-ЭГ;Пар;От -60 до +40;УХЛ;В;ОТК;30;500;12 месяцев со дня ввода в эксплуатацию, но не более 18 месяцев со дня отгрузки потребителю;Под приварку;С электроприводом;100;250;545;Жаропрочная перлитная сталь;645;По запросу;1574690;Под заказ
Задвижка запорная под приварку с электроприводом (Н-В-21 У2) 881-100-ЭМ DN 100 PN 25,0 МПа Т545 °С, корпус ст. 15Х1М1Ф;Энергетическая арматура;881-100-ЭМ;Пар;От -60 до +40;УХЛ;В;ОТК;30;500;12 месяцев со дня ввода в эксплуатацию, но не более 18 месяцев со дня отгрузки потребителю;Под приварку;С электроприводом;100;250;545;Жаропрочная перлитная сталь;545;По запросу;1481220;Под заказ
Задвижка запорная под приварку с электроприводом (ГИЮМ.303344.001-06) 881-100-ЭН DN 100 PN 25,0 МПа Т545 °С, корпус ст. 15Х1М1Ф;Энергетическая арматура;881-100-ЭН;Пар;От -60 до +40;УХЛ;В;ОТК;30;500;12 месяцев со дня ввода в эксплуатацию, но не более 18 месяцев со дня отгрузки потребителю;Под приварку;С электроприводом;100;250;545;Жаропрочная перлитная сталь;550;По запросу;1662830;Под заказ
Задвижка запорная под приварку с электроприводом (ПЭМ-В34-1000-25-36М) 881-100-ЭЧ DN 100 PN 25,0 МПа Т545 °С, корпус ст. 15Х1М1Ф;Энергетическая арматура;881-100-ЭЧ;Пар;От -60 до +40;УХЛ;В;ОТК;30;500;12 месяцев со дня ввода в эксплуатацию, но не более 18 месяцев со дня отгрузки потребителю;Под приварку;С электроприводом;100;250;545;Жаропрочная перлитная сталь;537;По запросу;1432730;Под заказ
Задвижка запорная под приварку с электроприводом (AUMA SA16.2-F16-380/50/3-22) 881-100-ЭД DN 100 PN 25,0 МПа Т545 °С, корпус ст. 15Х1М1Ф;Энергетическая арматура;881-100-ЭД;Пар;От -60 до +40;УХЛ;В;ОТК;30;500;12 месяцев со дня ввода в эксплуатацию, но не более 18 месяцев со дня отгрузки потребителю;Под приварку;С электроприводом;100;250;545;Жаропрочная перлитная сталь;517;По запросу;0;Под заказ
Задвижка запорная под приварку с электроприводом (MODACT MON 52034.3272N) 881-100-ЭК DN 100 PN 25,0 МПа Т545 °С, корпус ст. 15Х1М1Ф;Энергетическая арматура;881-100-ЭК;Пар;От -60 до +40;УХЛ;В;ОТК;30;500;12 месяцев со дня ввода в эксплуатацию, но не более 18 месяцев со дня отгрузки потребителю;Под приварку;С электроприводом;100;250;545;Жаропрочная перлитная сталь;550;По запросу;0;Под заказ
Задвижка запорная под приварку с коническим редуктором 1156-125-КЗ DN 125 PN 9,8 МПа Т540 °С, корпус ст. 15Х1М1Ф;Энергетическая арматура;1156-125-КЗ;пар;От -60 до +40;УХЛ;В;ОТК;30;500;12 месяцев со дня ввода в эксплуатацию, но не более 18 месяцев со дня отгрузки потребителю;Под приварку;Ручной;125;98;540;Жаропрочная перлитная сталь;218;По запросу;737850;Под заказ
Задвижка запорная под приварку ручная 1156-125-М DN 125 PN 9,8 МПа Т540 °С, корпус ст. 15Х1М1Ф;Энергетическая арматура;1156-125-М;Пар;От -60 до +40;УХЛ;В;ОТК;30;500;12 месяцев со дня ввода в эксплуатацию, но не более 18 месяцев со дня отгрузки потребителю;Под приварку;Ручной;125;98;540;Жаропрочная перлитная сталь;196;По запросу;647940;Под заказ
Задвижка запорная под приварку с цилиндрическим редуктором 1156-125-ЦЗ DN 125 PN 9,8 МПа Т540 °С, корпус ст. 15Х1М1Ф;Энергетическая арматура;1156-125-ЦЗ;Пар;От -60 до +40;УХЛ;В;ОТК;30;500;12 месяцев со дня ввода в эксплуатацию, но не более 18 месяцев со дня отгрузки потребителю;Под приварку;Ручной;125;98;540;Жаропрочная перлитная сталь;220;По запросу;742410;Под заказ
Задвижка запорная под приварку с электроприводом (792-Э-0а) 1156-125-Э DN 125 PN 9,8 МПа Т540 °С, корпус ст. 15Х1М1Ф;Энергетическая арматура;1156-125-Э;Пар;От -60 до +40;УХЛ;В;ОТК;30;500;12 месяцев со дня ввода в эксплуатацию, но не более 18 месяцев со дня отгрузки потребителю;Под приварку;С электроприводом;125;98;540;Жаропрочная перлитная сталь;265;По запросу;1084300;Под заказ
Задвижка запорная под приварку с электроприводом (ГЗ-Б.300/24 У1) 1156-125-ЭГ DN 125 PN 9,8 МПа Т540 °С, корпус ст. 15Х1М1Ф;Энергетическая арматура;1156-125-ЭГ ;Пар;От -60 до +40;УХЛ;В;ОТК;30;500;12 месяцев со дня ввода в эксплуатацию, но не более 18 месяцев со дня отгрузки потребителю;Под приварку;С электроприводом;125;98;540;Жаропрочная перлитная сталь;247;По запросу;953830;Под заказ
Задвижка запорная под приварку с электроприводом (AUMA SA14.6) 1156-125-ЭД DN 125 PN 9,8 МПа Т540 °С, корпус ст. 15Х1М1Ф;Энергетическая арматура;1156-125-ЭД;Пар;От -60 до +40;УХЛ;В;ОТК;30;500;12 месяцев со дня ввода в эксплуатацию, но не более 18 месяцев со дня отгрузки потребителю;Под приварку;С электроприводом;125;98;540;Жаропрочная перлитная сталь;240;По запросу;1264280;Под заказ
Задвижка запорная под приварку с электроприводом (Н-Б1-08 У2) 1156-125-ЭМ DN 125 PN 9,8 МПа Т540 °С, корпус ст. 15Х1М1Ф;Энергетическая арматура;1156-125-ЭМ;Пар;От -60 до +40;УХЛ;В;ОТК;30;500;12 месяцев со дня ввода в эксплуатацию, но не более 18 месяцев со дня отгрузки потребителю;Под приварку;С электроприводом;125;98;540;Жаропрочная перлитная сталь;247;По запросу;964990;Под заказ
Задвижка запорная под приварку с электроприводом (ЭП-З-300-25-Б1-0-А-У1) 1156-125-ЭН DN 125 PN 9,8 МПа Т540 °С, корпус ст. 15Х1М1Ф;Энергетическая арматура;1156-125-ЭН;Пар;От -60 до +40;УХЛ;В;ОТК;30;500;12 месяцев со дня ввода в эксплуатацию, но не более 18 месяцев со дня отгрузки потребителю;Под приварку;С электроприводом;125;98;540;Жаропрочная перлитная сталь;232;По запросу;987630;Под заказ
Задвижка запорная под приварку с электроприводом (ПЭМ-Б2М У2) 1156-125-ЭЧ DN 125 PN 9,8 МПа Т540 °С, корпус ст. 15Х1М1Ф;Энергетическая арматура;1156-125-ЭЧ;Пар;От -60 до +40;УХЛ;В;ОТК;30;500;12 месяцев со дня ввода в эксплуатацию, но не более 18 месяцев со дня отгрузки потребителю;Под приварку;С электроприводом;125;98;540;Жаропрочная перлитная сталь;234;По запросу;931350;Под заказ
Задвижка запорная под приварку с электроприводом (MODACT MON 52032.1222N) 1156-125-ЭК DN 125 PN 9,8 МПа Т540 °С, корпус ст. 15Х1М1Ф;Энергетическая арматура;1156-125-ЭК;Пар;От -60 до +40;УХЛ;В;ОТК;30;500;12 месяцев со дня ввода в эксплуатацию, но не более 18 месяцев со дня отгрузки потребителю;Под приварку;С электроприводом;125;98;540;Жаропрочная перлитная сталь;239;По запросу;0;Под заказ
Задвижка запорная под приварку с коническим редуктором 1012-150-КЗ DN 150 PN 23,5 МПа Т250 °С, корпус ст. 15ГС;Энергетическая арматура;1012-150-КЗ;Вода;От -60 до +40;ХЛ1;В;ОТК;30;500;12 месяцев со дня ввода в эксплуатацию, но не более 18 месяцев со дня отгрузки потребителю;Под приварку;Ручной;150;235;250;Конструкционная низколегированная сталь;355;По запросу;886080;Под заказ
Задвижка запорная под приварку с цилиндрическим редуктором 1012-150-ЦЗ DN 150 PN 23,5 МПа Т250 °С, корпус ст. 15ГС;Энергетическая арматура;1012-150-ЦЗ;Вода;От -60 до +40;ХЛ1;В;ОТК;30;500;12 месяцев со дня ввода в эксплуатацию, но не более 18 месяцев со дня отгрузки потребителю;Под приварку;Ручной;150;235;250;Конструкционная низколегированная сталь;363;По запросу;882700;Под заказ
Задвижка запорная под приварку с электроприводом (793-Э-0) 1012-150-Э DN 150 PN 23,5 МПа Т250 °С, корпус ст. 15ГС;Энергетическая арматура;1012-150-Э;Вода;От -60 до +40;ХЛ1;В;ОТК;30;500;12 месяцев со дня ввода в эксплуатацию, но не более 18 месяцев со дня отгрузки потребителю;Под приварку;С электроприводом;150;235;250;Конструкционная низколегированная сталь;406;По запросу;1323790;Под заказ
Задвижка запорная под приварку с электроприводом (ГЗ-В.900/24 У1) 1012-150-ЭГ DN 150 PN 23,5 МПа Т250 °С, корпус ст. 15ГС;Энергетическая арматура;1012-150-ЭГ;Вода;От -60 до +40;ХЛ1;В;ОТК;30;500;12 месяцев со дня ввода в эксплуатацию, но не более 18 месяцев со дня отгрузки потребителю;Под приварку;С электроприводом;150;235;250;Конструкционная низколегированная сталь;427;По запросу;1270750;Под заказ
Задвижка запорная под приварку с электроприводом (Н-В-21 У2) 1012-150-ЭМ DN 150 PN 23,5 МПа Т250 °С, корпус ст. 15ГС;Энергетическая арматура;1012-150-ЭМ;Вода;От -60 до +40;ХЛ1;В;ОТК;30;500;12 месяцев со дня ввода в эксплуатацию, но не более 18 месяцев со дня отгрузки потребителю;Под приварку;С электроприводом;150;235;250;Конструкционная низколегированная сталь;401;По запросу;1282680;Под заказ
Задвижка запорная под приварку с электроприводом (ЭП-З-1000-24-В-0-А-У1) 1012-150-ЭН DN 150 PN 23,5 МПа Т250 °С, корпус ст. 15ГС;Энергетическая арматура;1012-150-ЭН;Вода;От -60 до +40;ХЛ1;В;ОТК;30;500;12 месяцев со дня ввода в эксплуатацию, но не более 18 месяцев со дня отгрузки потребителю;Под приварку;С электроприводом;150;235;250;Конструкционная низколегированная сталь;387;По запросу;1491520;Под заказ
Задвижка запорная под приварку с электроприводом (ПЭМ-В34-1000-25-36М У2) 1012-150-ЭЧ DN 150 PN 23,5 МПа Т250 °С, корпус ст. 15ГС;Энергетическая арматура;1012-150-ЭЧ;Вода;От -60 до +40;ХЛ1;В;ОТК;30;500;12 месяцев со дня ввода в эксплуатацию, но не более 18 месяцев со дня отгрузки потребителю;Под приварку;С электроприводом;150;235;250;Конструкционная низколегированная сталь;394;По запросу;1200250;Под заказ
Задвижка запорная под приварку с электроприводом (AUMA SA16.2-F16-380/50/3-22) 1012-150-ЭД DN 150 PN 23,5 МПа Т250 °С, корпус ст. 15ГС;Энергетическая арматура;1012-150-ЭД;Вода;От -60 до +40;ХЛ1;В;ОТК;30;500;12 месяцев со дня ввода в эксплуатацию, но не более 18 месяцев со дня отгрузки потребителю;Под приварку;С электроприводом;150;235;250;Конструкционная низколегированная сталь;374;По запросу;0;Под заказ
Задвижка запорная под приварку с электроприводом (MODACT MON 52034.3272N) 1012-150-ЭК DN 150 PN 23,5 МПа Т250 °С, корпус ст. 15ГС;Энергетическая арматура;1012-150-ЭК;Вода;От -60 до +40;ХЛ1;В;ОТК;30;500;12 месяцев со дня ввода в эксплуатацию, но не более 18 месяцев со дня отгрузки потребителю;Под приварку;С электроприводом;150;235;250;Конструкционная низколегированная сталь;407;По запросу;0;Под заказ
Задвижка запорная под приварку с коническим редуктором 1015-150-КЗ DN 150 PN 9,8 МПа Т540 °С, корпус ст. 15Х1М1Ф;Энергетическая арматура;1015-150-КЗ;Пар;От -60 до +40;УХЛ;В;ОТК;30;500;12 месяцев со дня ввода в эксплуатацию, но не более 18 месяцев со дня отгрузки потребителю;Под приварку;Ручной;150;98;540;Жаропрочная перлитная сталь;355;По запросу;1484600;Под заказ
Задвижка запорная под приварку с цилиндрическим редуктором 1015-150-ЦЗ DN 150 PN 9,8 МПа Т540 °С, корпус ст. 15Х1М1Ф;Энергетическая арматура;1015-150-ЦЗ;Пар;От -60 до +40;УХЛ;В;ОТК;30;500;12 месяцев со дня ввода в эксплуатацию, но не более 18 месяцев со дня отгрузки потребителю;Под приварку;Ручной;150;98;540;Жаропрочная перлитная сталь;363;По запросу;1474460;Под заказ
Задвижка запорная под приварку с электроприводом (793-Э-0-II) 1015-150-Э DN 150 PN 9,8 МПа Т540 °С, корпус ст. 15Х1М1Ф;Энергетическая арматура;1015-150-Э;Пар;От -60 до +40;УХЛ;В;ОТК;30;500;12 месяцев со дня ввода в эксплуатацию, но не более 18 месяцев со дня отгрузки потребителю;Под приварку;С электроприводом;150;98;540;Жаропрочная перлитная сталь;396;По запросу;1638490;Под заказ
Задвижка запорная под приварку с электроприводом (ГЗ-В.600/24 У1) 1015-150-ЭГ DN 150 PN 9,8 МПа Т540 °С, корпус ст. 15Х1М1Ф;Энергетическая арматура;1015-150-ЭГ ;Пар;От -60 до +40;УХЛ;В;ОТК;30;500;12 месяцев со дня ввода в эксплуатацию, но не более 18 месяцев со дня отгрузки потребителю;Под приварку;С электроприводом;150;98;540;Жаропрочная перлитная сталь;422;По запросу;1594510;Под заказ
Задвижка запорная под приварку с электроприводом (AUMA SA14.6) 1015-150-ЭД DN 150 PN 9,8 МПа Т540 °С, корпус ст. 15Х1М1Ф;Энергетическая арматура;1015-150-ЭД;Пар;От -60 до +40;УХЛ;В;ОТК;30;500;12 месяцев со дня ввода в эксплуатацию, но не более 18 месяцев со дня отгрузки потребителю;Под приварку;С электроприводом;150;98;540;Жаропрочная перлитная сталь;353;По запросу;0;Под заказ
Задвижка запорная под приварку с электроприводом (Н-В-08 У2) 1015-150-ЭМ DN 150 PN 9,8 МПа Т540 °С, корпус ст. 15Х1М1Ф;Энергетическая арматура;1015-150-ЭМ;Пар;От -60 до +40;УХЛ;В;ОТК;30;500;12 месяцев со дня ввода в эксплуатацию, но не более 18 месяцев со дня отгрузки потребителю;Под приварку;С электроприводом;150;98;540;Жаропрочная перлитная сталь;401;По запросу;1620810;Под заказ
Задвижка запорная под приварку с электроприводом (ЭП-З-630-24-В-0-А-У1) 1015-150-ЭН DN 150 PN 9,8 МПа Т540 °С, корпус ст. 15Х1М1Ф;Энергетическая арматура;1015-150-ЭН;Пар;От -60 до +40;УХЛ;В;ОТК;30;500;12 месяцев со дня ввода в эксплуатацию, но не более 18 месяцев со дня отгрузки потребителю;Под приварку;С электроприводом;150;98;540;Жаропрочная перлитная сталь;382;По запросу;1829650;Под заказ
Задвижка запорная под приварку с электроприводом (MODACT MON 52033.3212N) 1015-150-ЭК DN 150 PN 9,8 МПа Т540 °С, корпус ст. 15Х1М1Ф;Энергетическая арматура;1015-150-ЭК;Пар;От -60 до +40;УХЛ;В;ОТК;30;500;12 месяцев со дня ввода в эксплуатацию, но не более 18 месяцев со дня отгрузки потребителю;Под приварку;С электроприводом;150;98;540;Жаропрочная перлитная сталь;397;По запросу;0;Под заказ
Задвижка запорная под приварку с электроприводом (ПЭМ-В2-630-25-36М У2) 1015-150-ЭЧ DN 150 PN 9,8 МПа Т540 °С, корпус ст. 15Х1М1Ф;Энергетическая арматура;1015-150-ЭЧ;Пар;От -60 до +40;УХЛ;В;ОТК;30;500;12 месяцев со дня ввода в эксплуатацию, но не более 18 месяцев со дня отгрузки потребителю;Под приварку;С электроприводом;150;98;540;Жаропрочная перлитная сталь;394;По запросу;1494400;Под заказ
Задвижка запорная под приварку с коническим редуктором 1156-150-КЗ DN 150 PN 4,0 МПа Т545 °С, корпус ст. 15Х1М1Ф;Энергетическая арматура;1156-150-КЗ;Пар;От -60 до +40;УХЛ;В;ОТК;30;500;12 месяцев со дня ввода в эксплуатацию, но не более 18 месяцев со дня отгрузки потребителю;Под приварку;Ручной;150;40;545;Жаропрочная перлитная сталь;218;По запросу;650140;Под заказ
Задвижка запорная под приварку ручная 1156-150-М DN 150 PN 4,0 МПа Т545 °С, корпус ст. 15Х1М1Ф;Энергетическая арматура;1156-150-М;Пар;От -60 до +40;УХЛ;В;ОТК;30;500;12 месяцев со дня ввода в эксплуатацию, но не более 18 месяцев со дня отгрузки потребителю;Под приварку;Ручной;150;40;545;Жаропрочная перлитная сталь;196;По запросу;623100;Под заказ
Задвижка запорная под приварку с цилиндрическим редуктором 1156-150-ЦЗ DN 150 PN 4,0 МПа Т545 °С, корпус ст. 15Х1М1Ф;Энергетическая арматура;1156-150-ЦЗ ;Пар;От -60 до +40;УХЛ;В;ОТК;30;500;12 месяцев со дня ввода в эксплуатацию, но не более 18 месяцев со дня отгрузки потребителю;Под приварку;Ручной;150;40;545;Жаропрочная перлитная сталь;220;По запросу;647940;Под заказ
Задвижка запорная под приварку с электроприводом (792-Э-0а) 1156-150-Э DN 150 PN 4,0 МПа Т545 °С, корпус ст. 15Х1М1Ф;Энергетическая арматура;1156-150-Э;Пар;От -60 до +40;УХЛ;В;ОТК;30;500;12 месяцев со дня ввода в эксплуатацию, но не более 18 месяцев со дня отгрузки потребителю;Под приварку;С электроприводом;150;40;545;Жаропрочная перлитная сталь;265;По запросу;1016870;Под заказ
Задвижка запорная под приварку с электроприводом (ГЗ-Б.300/24 У1) 1156-150-ЭГ DN 150 PN 4,0 МПа Т545 °С, корпус ст. 15Х1М1Ф;Энергетическая арматура;1156-150-ЭГ;Пар;От -60 до +40;УХЛ;В;ОТК;30;500;12 месяцев со дня ввода в эксплуатацию, но не более 18 месяцев со дня отгрузки потребителю;Под приварку;С электроприводом;150;40;545;Жаропрочная перлитная сталь;247;По запросу;886400;Под заказ
Задвижка запорная под приварку с электроприводом (AUMA SA14.6) 1156-150-ЭД DN 150 PN 4,0 МПа Т545 °С, корпус ст. 15Х1М1Ф;Энергетическая арматура;1156-150-ЭД;Пар;От -60 до +40;УХЛ;В;ОТК;30;500;12 месяцев со дня ввода в эксплуатацию, но не более 18 месяцев со дня отгрузки потребителю;Под приварку;С электроприводом;150;40;545;Жаропрочная перлитная сталь;240;По запросу;0;Под заказ
Задвижка запорная под приварку с электроприводом (Н-Б1-08 У2) 1156-150-ЭМ DN 150 PN 4,0 МПа Т545 °С, корпус ст. 15Х1М1Ф;Энергетическая арматура;1156-150-ЭМ;Пар;От -60 до +40;УХЛ;В;ОТК;30;500;12 месяцев со дня ввода в эксплуатацию, но не более 18 месяцев со дня отгрузки потребителю;Под приварку;С электроприводом;150;40;545;Жаропрочная перлитная сталь;247;По запросу;897550;Под заказ
Задвижка запорная под приварку с электроприводом (ЭП-З-300-25-Б1-0-А-У1) 1156-150-ЭН DN 150 PN 4,0 МПа Т545 °С, корпус ст. 15Х1М1Ф;Энергетическая арматура;1156-150-ЭН;Пар;От -60 до +40;УХЛ;В;ОТК;30;500;12 месяцев со дня ввода в эксплуатацию, но не более 18 месяцев со дня отгрузки потребителю;Под приварку;С электроприводом;150;40;545;Жаропрочная перлитная сталь;232;По запросу;0;Под заказ
Задвижка запорная под приварку с электроприводом (ПЭМ-Б2М У2) 1156-150-ЭЧ DN 150 PN 4,0 МПа Т545 °С, корпус ст. 15Х1М1Ф;Энергетическая арматура;1156-150-ЭЧ;Пар;От -60 до +40;УХЛ;В;ОТК;30;500;12 месяцев со дня ввода в эксплуатацию, но не более 18 месяцев со дня отгрузки потребителю;Под приварку;С электроприводом;150;40;545;Жаропрочная перлитная сталь;234;По запросу;863920;Под заказ
Задвижка запорная под приварку с цилиндрическим редуктором 1126-150-ЦЗБ DN 150 PN 10,0 МПа Т450 °С, корпус ст. 20;Энергетическая арматура;1126-150-ЦЗБ;Вода - пар;от -45 до +40;У1;В;ОТК;30;500;12 месяцев со дня ввода в эксплуатацию, но не более 18 месяцев со дня отгрузки потребителю;Под приварку;Ручной;150;100;450;Углеродистая сталь;215;По запросу;657540;Под заказ
Задвижка запорная под приварку с электроприводом (792-Э-0а) 1126-150-Э DN 150 PN 10,0 МПа Т450 °С, корпус ст. 20;Энергетическая арматура;1126-150-Э;Вода - пар;от -45 до +40;У1;В;ОТК;30;500;12 месяцев со дня ввода в эксплуатацию, но не более 18 месяцев со дня отгрузки потребителю;Под приварку;С электроприводом;150;100;450;Углеродистая сталь;265;По запросу;778700;Под заказ
Задвижка запорная под приварку с электроприводом (ПЭМ-Б2М) 1126-150-ЭЧ DN 150 PN 10,0 МПа Т450 °С, корпус ст. 20;Энергетическая арматура;1126-150-ЭЧ;Вода - пар;от -45 до +40;У1;В;ОТК;30;500;12 месяцев со дня ввода в эксплуатацию, но не более 18 месяцев со дня отгрузки потребителю;Под приварку;С электроприводом;150;100;450;Углеродистая сталь;234;По запросу;778700;Под заказ
Задвижка запорная под приварку с электроприводом (AUMA SA14.6-F14-380/50/3-22) 1126-150-ЭД DN 150 PN 10,0 МПа Т450 °С, корпус ст. 20;Энергетическая арматура;1126-150-ЭД;Вода - пар;от -45 до +40;У1;В;ОТК;30;500;12 месяцев со дня ввода в эксплуатацию, но не более 18 месяцев со дня отгрузки потребителю;Под приварку;С электроприводом;150;100;450;Углеродистая сталь;240;По запросу;0;Под заказ
Задвижка запорная под приварку с электроприводом (ГЗ-Б.300/24) 1126-150-ЭГ DN 150 PN 10,0 МПа Т450 °С, корпус ст. 20;Энергетическая арматура;1126-150-ЭГ;Вода - пар;от -45 до +40;У1;В;ОТК;30;500;12 месяцев со дня ввода в эксплуатацию, но не более 18 месяцев со дня отгрузки потребителю;Под приварку;С электроприводом;150;100;450;Углеродистая сталь;247;По запросу;778700;Под заказ
Задвижка запорная под приварку с электроприводом (MODACT MON 52032.1222N) 1126-150-ЭК DN 150 PN 10,0 МПа Т450 °С, корпус ст. 20;Энергетическая арматура;1126-150-ЭК;Вода - пар;от -45 до +40;У1;В;ОТК;30;500;12 месяцев со дня ввода в эксплуатацию, но не более 18 месяцев со дня отгрузки потребителю;Под приварку;С электроприводом;150;100;450;Углеродистая сталь;239;По запросу;0;Под заказ
Задвижка запорная под приварку с электроприводом (Н-Б1-08) 1126-150-ЭМ DN 150 PN 10,0 МПа Т450 °С, корпус ст. 20;Энергетическая арматура;1126-150-ЭМ;Вода - пар;от -45 до +40;У1;В;ОТК;30;500;12 месяцев со дня ввода в эксплуатацию, но не более 18 месяцев со дня отгрузки потребителю;Под приварку;С электроприводом;150;100;450;Углеродистая сталь;264;По запросу;778700;Под заказ
Задвижка запорная под приварку с электроприводом (ЭП-З-300-25-Б1-0-А) 1126-150-ЭН DN 150 PN 10,0 МПа Т450 °С, корпус ст. 20;Энергетическая арматура;1126-150-ЭН;Вода - пар;от -45 до +40;У1;В;ОТК;30;500;12 месяцев со дня ввода в эксплуатацию, но не более 18 месяцев со дня отгрузки потребителю;Под приварку;С электроприводом;150;100;450;Углеродистая сталь;232;По запросу;0;Под заказ
Задвижка запорная под приварку с электроприводом (MODACT MON 52032.1222N) 1156-150-ЭК DN 150 PN 4,0 МПа Т545 °С, корпус ст. 15Х1М1Ф;Энергетическая арматура;1156-150-ЭК;Пар;От -60 до +40;УХЛ;В;ОТК;30;500;12 месяцев со дня ввода в эксплуатацию, но не более 18 месяцев со дня отгрузки потребителю;Под приварку;С электроприводом;150;100;545;Жаропрочная перлитная сталь;239;По запросу;0;Под заказ
Задвижка запорная под приварку с коническим редуктором 1511-150-КЗБ DN 150 PN 10,0 МПа Т450 °С, корпус ст. 15ГС;Энергетическая арматура;1511-150-КЗБ ;Вода - пар;От -60 до +40;ХЛ1;В;ОТК;30;500;12 месяцев со дня ввода в эксплуатацию, но не более 18 месяцев со дня отгрузки потребителю;Под приварку;Ручной;150;100;450;Конструкционная низколегированная сталь;115;По запросу;626730;Под заказ
Задвижка запорная под приварку ручная 1511-150-М DN 150 PN 10,0 МПа Т450 °С, корпус ст. 15ГС;Энергетическая арматура;1511-150-М;Вода - пар;От -60 до +40;ХЛ1;В;ОТК;30;500;12 месяцев со дня ввода в эксплуатацию, но не более 18 месяцев со дня отгрузки потребителю;Под приварку;Ручной;150;100;450;Конструкционная низколегированная сталь;90;По запросу;716430;Под заказ
Задвижка запорная под приварку с цилиндрическим редуктором 1511-150-ЦЗБ DN 150 PN 10,0 МПа Т450 °С, корпус ст. 15ГС;Энергетическая арматура;1511-150-ЦЗБ;Вода - пар;От -60 до +40;ХЛ1;В;ОТК;30;500;12 месяцев со дня ввода в эксплуатацию, но не более 18 месяцев со дня отгрузки потребителю;Под приварку;Ручной;150;100;450;Конструкционная низколегированная сталь;126;По запросу;685230;Под заказ
Задвижка запорная под приварку с электроприводом (ГЗ-Б.300/24 У1) 1511-150-ЭГ DN 150 PN 10,0 МПа Т450 °С, корпус ст. 15ГС;Энергетическая арматура;1511-150-ЭГ;Вода - пар;От -60 до +40;ХЛ1;В;ОТК;30;500;12 месяцев со дня ввода в эксплуатацию, но не более 18 месяцев со дня отгрузки потребителю;Под приварку;С электроприводом;150;100;450;Конструкционная низколегированная сталь;150;По запросу;835770;Под заказ
Задвижка запорная под приварку с электроприводом (AUMA SA14.6) 1511-150-ЭД DN 150 PN 10,0 МПа Т450 °С, корпус ст. 15ГС;Энергетическая арматура;1511-150-ЭД;Вода - пар;От -60 до +40;ХЛ1;В;ОТК;30;500;12 месяцев со дня ввода в эксплуатацию, но не более 18 месяцев со дня отгрузки потребителю;Под приварку;С электроприводом;150;100;450;Конструкционная низколегированная сталь;143;По запросу;0;Под заказ
Задвижка запорная под приварку с электроприводом (Н-Б1-02 У2) 1511-150-ЭМБ DN 150 PN 10,0 МПа Т450 °С, корпус ст. 15ГС;Энергетическая арматура;1511-150-ЭМБ;Вода - пар;От -60 до +40;ХЛ1;В;ОТК;30;500;12 месяцев со дня ввода в эксплуатацию, но не более 18 месяцев со дня отгрузки потребителю;Под приварку;С электроприводом;150;100;450;Конструкционная низколегированная сталь;117;По запросу;848830;Под заказ
Задвижка запорная под приварку с электроприводом (ЭП-З-100-24-А2-05-В-У1) 1511-150-ЭН DN 150 PN 10,0 МПа Т450 °С, корпус ст. 15ГС;Энергетическая арматура;1511-150-ЭН;Вода - пар;От -60 до +40;ХЛ1;В;ОТК;30;500;12 месяцев со дня ввода в эксплуатацию, но не более 18 месяцев со дня отгрузки потребителю;Под приварку;С электроприводом;150;100;450;Конструкционная низколегированная сталь;111;По запросу;0;Под заказ
Задвижка запорная под приварку с электроприводом (ПЭМ-Б2М У2) 1511-150-ЭЧ DN 150 PN 10,0 МПа Т450 °С, корпус ст. 15ГС;Энергетическая арматура;1511-150-ЭЧ;Вода - пар;От -60 до +40;ХЛ1;В;ОТК;30;500;12 месяцев со дня ввода в эксплуатацию, но не более 18 месяцев со дня отгрузки потребителю;Под приварку;С электроприводом;150;100;450;Конструкционная низколегированная сталь;137;По запросу;809830;Под заказ
Задвижка запорная под приварку ручная 2с-25-1 DN 150 PN 10,0 МПа Т450 °С, корпус ст. 25Л;Энергетическая арматура;2с-25-1;Вода - пар;от -45 до +40;У1;В;ОТК;30;500;12 месяцев со дня ввода в эксплуатацию, но не более 18 месяцев со дня отгрузки потребителю;Под приварку;Ручной;150;100;450;Углеродистая сталь;148;По запросу;507670;Под заказ
Задвижка запорная под приварку ручная 2с-25-1Н DN 150 PN 6,3 МПа Т450 °С, корпус ст. 25Л;Энергетическая арматура;2с-25-1Н;Вода - пар;от -45 до +40;У1;В;ОТК;30;500;12 месяцев со дня ввода в эксплуатацию, но не более 18 месяцев со дня отгрузки потребителю;Под приварку;Ручной;150;63;450;Углеродистая сталь;148;По запросу;507670;Под заказ
Задвижка запорная под приварку с цилиндрическим редуктором 2с-26-1 DN 150 PN 6,3 МПа Т450 °С, корпус ст. 25Л;Энергетическая арматура;2с-26-1;Вода - пар;от -45 до +40;У1;В;ОТК;30;500;12 месяцев со дня ввода в эксплуатацию, но не более 18 месяцев со дня отгрузки потребителю;Под приварку;Ручной;150;63;450;Углеродистая сталь;165;По запросу;572520;Под заказ
Задвижка запорная под приварку с коническим редуктором 2с-27-1 DN 150 PN 6,3 МПа Т450 °С, корпус ст. 25Л;Энергетическая арматура;2с-27-1;Вода - пар;от -45 до +40;У1;В;ОТК;30;500;12 месяцев со дня ввода в эксплуатацию, но не более 18 месяцев со дня отгрузки потребителю;Под приварку;Ручной;150;63;450;Углеродистая сталь;165;По запросу;572520;Под заказ
Задвижка запорная под приварку с цилиндрическим редуктором 2с-28-1 DN 150 PN 10,0 МПа Т450 °С, корпус ст. 25Л;Энергетическая арматура;2с-28-1;Вода - пар;от -45 до +40;У1;В;ОТК;30;500;12 месяцев со дня ввода в эксплуатацию, но не более 18 месяцев со дня отгрузки потребителю;Под приварку;Ручной;150;100;450;Углеродистая сталь;165;По запросу;572520;Под заказ
Задвижка запорная под приварку с коническим редуктором 2с-29-1 DN 150 PN 10,0 МПа Т450 °С, корпус ст. 25Л;Энергетическая арматура; 2с-29-1;Вода - пар;от -45 до +40;У1;В;ОТК;30;500;12 месяцев со дня ввода в эксплуатацию, но не более 18 месяцев со дня отгрузки потребителю;Под приварку;Ручной;150;100;450;Углеродистая сталь;165;По запросу;572520;Под заказ
Задвижка запорная под приварку с электроприводом (ГЗ-Б.300/24 У1) 2с-ЭГ-1 DN 150 PN 10,0 МПа Т450 °С, корпус ст. 25Л;Энергетическая арматура;2с-ЭГ-1;Вода - пар;от -45 до +40;У1;В;ОТК;30;500;12 месяцев со дня ввода в эксплуатацию, но не более 18 месяцев со дня отгрузки потребителю;Под приварку;С электроприводом;150;100;450;Углеродистая сталь;198;По запросу;752890;Под заказ
Задвижка запорная под приварку с электроприводом (Н-Б1-08 У2) 2с-ЭМ-1 DN 150 PN 10,0 МПа Т450 °С, корпус ст. 25Л;Энергетическая арматура;2с-ЭМ-1;Вода - пар;от -45 до +40;У1;В;ОТК;30;500;12 месяцев со дня ввода в эксплуатацию, но не более 18 месяцев со дня отгрузки потребителю;Под приварку;С электроприводом;150;100;450;Углеродистая сталь;198;По запросу;763370;Под заказ
Задвижка запорная под приварку с электроприводом (ЭП-З-300-25-Б1-0-А-У1) 2с-ЭН-1 DN 150 PN 10,0 МПа Т450 °С, корпус ст. 25Л;Энергетическая арматура;2с-ЭН-1;Вода - пар;от -45 до +40;У1;В;ОТК;30;500;12 месяцев со дня ввода в эксплуатацию, но не более 18 месяцев со дня отгрузки потребителю;Под приварку;С электроприводом;150;100;450;Углеродистая сталь;183;По запросу;763370;Под заказ
Задвижка запорная под приварку с электроприводом (ПЭМ-Б2М У2) 2с-ЭЧ-1 DN 150 PN 10,0 МПа Т450 °С, корпус ст. 25Л;Энергетическая арматура;2с-ЭЧ-1;Вода - пар;от -45 до +40;У1;В;ОТК;30;500;12 месяцев со дня ввода в эксплуатацию, но не более 18 месяцев со дня отгрузки потребителю;Под приварку;С электроприводом;150;100;450;Углеродистая сталь;185;По запросу;763370;Под заказ
Задвижка запорная под приварку с коническим редуктором 880-150-КЗ DN 150 PN 37,3 МПа Т280 °С, корпус ст. 15ГС;Энергетическая арматура;880-150-КЗ;Вода;От -60 до +40;ХЛ1;В;ОТК;30;500;12 месяцев со дня ввода в эксплуатацию, но не более 18 месяцев со дня отгрузки потребителю;Под приварку;Ручной;150;373;280;Конструкционная низколегированная сталь;442;По запросу;1646560;Под заказ
Задвижка запорная под приварку с цилиндрическим редуктором 880-150-ЦЗ DN 150 PN 37,3 МПа Т280 °С, корпус ст. 15ГС;Энергетическая арматура;880-150-ЦЗ;Вода;От -60 до +40;ХЛ1;В;ОТК;30;500;12 месяцев со дня ввода в эксплуатацию, но не более 18 месяцев со дня отгрузки потребителю;Под приварку;Ручной;150;373;280;Конструкционная низколегированная сталь;450;По запросу;1653320;Под заказ
Задвижка запорная под приварку с цилиндрическим редуктором Т-116бс DN 150 PN 10,0 МПа Т450 °С, корпус ст. 25Л;Энергетическая арматура;Т-116бс;Вода - пар;от -45 до +40;У1;В;ОТК;30;500;12 месяцев со дня ввода в эксплуатацию, но не более 18 месяцев со дня отгрузки потребителю;Под приварку;Ручной;150;100;450;Углеродистая сталь;242,5;По запросу;512910;Под заказ
Задвижка запорная под приварку с электроприводом (793-Э-0) 880-150-Э DN 150 PN 37,3 МПа Т280 °С, корпус ст. 15ГС;Энергетическая арматура;880-150-Э;Вода;От -60 до +40;ХЛ1;В;ОТК;30;500;12 месяцев со дня ввода в эксплуатацию, но не более 18 месяцев со дня отгрузки потребителю;Под приварку;С электроприводом;150;373;280;Конструкционная низколегированная сталь;514;По запросу;1876060;Под заказ
Задвижка запорная под приварку с электроприводом (ГЗ-Г.2500/24 У1) 880-150-ЭГ DN 150 PN 37,3 МПа Т280 °С, корпус ст. 15ГС;Энергетическая арматура;880-150-ЭГ ;Вода;От -60 до +40;ХЛ1;В;ОТК;30;500;12 месяцев со дня ввода в эксплуатацию, но не более 18 месяцев со дня отгрузки потребителю;Под приварку;С электроприводом;150;373;280;Конструкционная низколегированная сталь;586;По запросу;1965970;Под заказ
Задвижка запорная под приварку с электроприводом (Н-В-21 У2) 880-150-ЭМ DN 150 PN 37,3 МПа Т280 °С, корпус ст. 15ГС;Энергетическая арматура;880-150-ЭМ;Вода;От -60 до +40;ХЛ1;В;ОТК;30;500;12 месяцев со дня ввода в эксплуатацию, но не более 18 месяцев со дня отгрузки потребителю;Под приварку;С электроприводом;150;373;280;Конструкционная низколегированная сталь;485;По запросу;1844630;Под заказ
Задвижка запорная под приварку с электроприводом (ЭП-З-1000-24-В-0-А-У1) 880-150-ЭН DN 150 PN 37,3 МПа Т280 °С, корпус ст. 15ГС;Энергетическая арматура;880-150-ЭН;Вода;От -60 до +40;ХЛ1;В;ОТК;30;500;12 месяцев со дня ввода в эксплуатацию, но не более 18 месяцев со дня отгрузки потребителю;Под приварку;С электроприводом;150;373;280;Конструкционная низколегированная сталь;471;По запросу;0;Под заказ
Задвижка запорная под приварку с электроприводом (ПЭМ-В34-1000-25-36М  У2) 880-150-ЭЧ DN 150 PN 37,3 МПа Т280 °С, корпус ст. 15ГС;Энергетическая арматура;880-150-ЭЧ;Вода;От -60 до +40;ХЛ1;В;ОТК;30;500;12 месяцев со дня ввода в эксплуатацию, но не более 18 месяцев со дня отгрузки потребителю;Под приварку;С электроприводом;150;373;280;Конструкционная низколегированная сталь;478;По запросу;1781590;Под заказ
Задвижка запорная под приварку с электроприводом (AUMA SA16.2-F16-380/50/3-22) 880-150-ЭД DN 150 PN 37,3 МПа Т280 °С, корпус ст. 15ГС;Энергетическая арматура;880-150-ЭД;Вода;От -60 до +40;ХЛ1;В;ОТК;30;500;12 месяцев со дня ввода в эксплуатацию, но не более 18 месяцев со дня отгрузки потребителю;Под приварку;С электроприводом;150;373;280;Конструкционная низколегированная сталь;458;По запросу;0;Под заказ
Задвижка запорная под приварку с электроприводом (MODACT MON 52034.3272N) 880-150-ЭК DN 150 PN 37,3 МПа Т280 °С, корпус ст. 15ГС;Энергетическая арматура;880-150-ЭК;Вода;От -60 до +40;ХЛ1;В;ОТК;30;500;12 месяцев со дня ввода в эксплуатацию, но не более 18 месяцев со дня отгрузки потребителю;Под приварку;С электроприводом;150;373;280;Конструкционная низколегированная сталь;491;По запросу;0;Под заказ
Задвижка запорная под приварку с коническим редуктором 881-150-КЗ DN 150 PN 25,0 МПа Т545 °С, корпус ст. 15Х1М1Ф;Энергетическая арматура;881-150-КЗ;Пар;От -60 до +40;УХЛ;В;ОТК;30;500;12 месяцев со дня ввода в эксплуатацию, но не более 18 месяцев со дня отгрузки потребителю;Под приварку;Ручной;150;250;545;Жаропрочная перлитная сталь;958;По запросу;1900740;Под заказ
Задвижка запорная под приварку с цилиндрическим редуктором 881-150-ЦЗ DN 150 PN 25,0 МПа Т545 °С, корпус ст. 15Х1М1Ф;Энергетическая арматура;881-150-ЦЗ;Пар;От -60 до +40;УХЛ;В;ОТК;30;500;12 месяцев со дня ввода в эксплуатацию, но не более 18 месяцев со дня отгрузки потребителю;Под приварку;Ручной;150;250;545;Жаропрочная перлитная сталь;986;По запросу;1903100;Под заказ
Задвижка запорная под приварку с электроприводом (795-Э-0) 881-150-Э DN 150 PN 25,0 МПа Т545 °С, корпус ст. 15Х1М1Ф;Энергетическая арматура;881-150-Э;Пар;От -60 до +40;УХЛ;В;ОТК;30;500;12 месяцев со дня ввода в эксплуатацию, но не более 18 месяцев со дня отгрузки потребителю;Под приварку;С электроприводом;150;250;545;Жаропрочная перлитная сталь;1050;По запросу;2474320;Под заказ
Задвижка запорная под приварку с электроприводом (ГЗ-Г.2500/24 У1) 881-150-ЭГ DN 150 PN 25,0 МПа Т545 °С, корпус ст. 15Х1М1Ф;Энергетическая арматура;881-150-ЭГ;Пар;От -60 до +40;УХЛ;В;ОТК;30;500;12 месяцев со дня ввода в эксплуатацию, но не более 18 месяцев со дня отгрузки потребителю;Под приварку;С электроприводом;150;250;545;Жаропрочная перлитная сталь;1110;По запросу;2388980;Под заказ
Задвижка запорная под приварку с электроприводом (Н-Г-11 У2) 881-150-ЭМ DN 150 PN 25,0 МПа Т545 °С, корпус ст. 15Х1М1Ф;Энергетическая арматура;881-150-ЭМ;Пар;От -60 до +40;УХЛ;В;ОТК;30;500;12 месяцев со дня ввода в эксплуатацию, но не более 18 месяцев со дня отгрузки потребителю;Под приварку;С электроприводом;150;250;545;Жаропрочная перлитная сталь;1067;По запросу;2402500;Под заказ
Задвижка запорная под приварку с электроприводом (ГИЮМ.303344.001-06) 881-150-ЭН DN 150 PN 25,0 МПа Т545 °С, корпус ст. 15Х1М1Ф;Энергетическая арматура;881-150-ЭН;Пар;От -60 до +40;УХЛ;В;ОТК;30;500;12 месяцев со дня ввода в эксплуатацию, но не более 18 месяцев со дня отгрузки потребителю;Под приварку;С электроприводом;150;250;545;Жаропрочная перлитная сталь;1010;По запросу;2505930;Под заказ
Задвижка запорная под приварку под электропривод 881-150-Э DN 150 PN 25,0 МПа Т545 °С, корпус ст. 15Х1М1Ф;Энергетическая арматура;881-150-Э;Пар;От -60 до +40;УХЛ;В;ОТК;30;500;12 месяцев со дня ввода в эксплуатацию, но не более 18 месяцев со дня отгрузки потребителю;Под приварку;Под электропривод;150;250;545;Жаропрочная перлитная сталь;1050;По запросу;2017860;Под заказ
Задвижка запорная под приварку с коническим редуктором 1012-175-КЗ DN 175 PN 23,5 МПа Т250 °С, корпус ст. 15ГС;Энергетическая арматура;1012-175-КЗ;Вода;От -60 до +40;ХЛ1;В;ОТК;30;500;12 месяцев со дня ввода в эксплуатацию, но не более 18 месяцев со дня отгрузки потребителю;Под приварку;Ручной;175;235;250;Конструкционная низколегированная сталь;739;По запросу;1893840;Под заказ
Задвижка запорная под приварку с цилиндрическим редуктором 1012-175-ЦЗ DN 175 PN 23,5 МПа Т250 °С, корпус ст. 15ГС;Энергетическая арматура;1012-175-ЦЗ;Вода;От -60 до +40;ХЛ1;В;ОТК;30;500;12 месяцев со дня ввода в эксплуатацию, но не более 18 месяцев со дня отгрузки потребителю;Под приварку;Ручной;175;235;250;Конструкционная низколегированная сталь;769;По запросу;1910270;Под заказ
Задвижка запорная под приварку с электроприводом (795-Э-0-V) 1012-175-Э DN 175 PN 23,5 МПа Т250 °С, корпус ст. 15ГС;Энергетическая арматура;1012-175-Э;Вода;От -60 до +40;ХЛ1;В;ОТК;30;500;12 месяцев со дня ввода в эксплуатацию, но не более 18 месяцев со дня отгрузки потребителю;Под приварку;С электроприводом;175;235;250;Конструкционная низколегированная сталь;798;По запросу;2206230;Под заказ
Задвижка запорная под приварку с электроприводом (ГЗ-Г.2500/24 У1) 1012-175-ЭГ DN 175 PN 23,5 МПа Т250 °С, корпус ст. 15ГС;Энергетическая арматура;1012-175-ЭГ;Вода;От -60 до +40;ХЛ1;В;ОТК;30;500;12 месяцев со дня ввода в эксплуатацию, но не более 18 месяцев со дня отгрузки потребителю;Под приварку;С электроприводом;175;235;250;Конструкционная низколегированная сталь;903;По запросу;2117890;Под заказ
Задвижка запорная под приварку с электроприводом (Н-Г-11 У2) 1012-175-ЭМ DN 175 PN 23,5 МПа Т250 °С, корпус ст. 15ГС;Энергетическая арматура;1012-175-ЭМ;Вода;От -60 до +40;ХЛ1;В;ОТК;30;500;12 месяцев со дня ввода в эксплуатацию, но не более 18 месяцев со дня отгрузки потребителю;Под приварку;С электроприводом;175;235;250;Конструкционная низколегированная сталь;843;По запросу;2133490;Под заказ
Задвижка запорная под приварку с электроприводом (ГИЮМ.303344.001-06) 1012-175-ЭН DN 175 PN 23,5 МПа Т250 °С, корпус ст. 15ГС;Энергетическая арматура;1012-175-ЭН;Вода;От -60 до +40;ХЛ1;В;ОТК;30;500;12 месяцев со дня ввода в эксплуатацию, но не более 18 месяцев со дня отгрузки потребителю;Под приварку;С электроприводом;175;235;250;Конструкционная низколегированная сталь;788;По запросу;2253030;Под заказ
Задвижка запорная под приварку с коническим редуктором 1013-175-КЗ DN 175 PN 13,7 МПа Т560 °С, корпус ст. 15Х1М1Ф;Энергетическая арматура;1013-175-КЗ;Пар;От -60 до +40;УХЛ;В;ОТК;30;500;12 месяцев со дня ввода в эксплуатацию, но не более 18 месяцев со дня отгрузки потребителю;Под приварку;Ручной;175;137;560;Жаропрочная перлитная сталь;739;По запросу;2382700;Под заказ
Задвижка запорная под приварку с цилиндрическим редуктором 1013-175-ЦЗ DN 175 PN 13,7 МПа Т560 °С, корпус ст. 15Х1М1Ф;Энергетическая арматура;1013-175-ЦЗ;Пар;От -60 до +40;УХЛ;В;ОТК;30;500;12 месяцев со дня ввода в эксплуатацию, но не более 18 месяцев со дня отгрузки потребителю;Под приварку;Ручной;175;137;560;Жаропрочная перлитная сталь;769;По запросу;2429500;Под заказ
Задвижка запорная под приварку с электроприводом (795-Э-0-II) 1013-175-Э DN 175 PN 13,7 МПа Т560 °С, корпус ст. 15Х1М1Ф;Энергетическая арматура;1013-175-Э;Пар;От -60 до +40;УХЛ;В;ОТК;30;500;12 месяцев со дня ввода в эксплуатацию, но не более 18 месяцев со дня отгрузки потребителю;Под приварку;С электроприводом;175;137;560;Жаропрочная перлитная сталь;847;По запросу;2669570;Под заказ
Задвижка запорная под приварку с электроприводом (Н-Г-11 У2) 1013-175-ЭМ DN 175 PN 13,7 МПа Т560 °С, корпус ст. 15Х1М1Ф;Энергетическая арматура;1013-175-ЭМ;Пар;От -60 до +40;УХЛ;В;ОТК;30;500;12 месяцев со дня ввода в эксплуатацию, но не более 18 месяцев со дня отгрузки потребителю;Под приварку;С электроприводом;175;137;560;Жаропрочная перлитная сталь;851;По запросу;2713250;Под заказ
Задвижка запорная под приварку с электроприводом (ГИЮМ.303344.001-06) 1013-175-ЭН DN 175 PN 13,7 МПа Т560 °С, корпус ст. 15Х1М1Ф;Энергетическая арматура;1013-175-ЭН;Пар;От -60 до +40;УХЛ;В;ОТК;30;500;12 месяцев со дня ввода в эксплуатацию, но не более 18 месяцев со дня отгрузки потребителю;Под приварку;С электроприводом;175;137;560;Жаропрочная перлитная сталь;791;По запросу;2819720;Под заказ
Задвижка запорная под приварку с электроприводом (ПЭМ-В64-1500-25-36М) 1013-175-ЭЧ DN 175 PN 13,7 МПа Т560 °С, корпус ст. 15Х1М1Ф;Энергетическая арматура;1013-175-ЭЧ;Пар;От -60 до +40;УХЛ;В;ОТК;30;500;12 месяцев со дня ввода в эксплуатацию, но не более 18 месяцев со дня отгрузки потребителю;Под приварку;С электроприводом;175;137;560;Жаропрочная перлитная сталь;817;По запросу;2601690;Под заказ
Задвижка запорная под приварку с электроприводом (AUMA SA14.6/GK25.2-F25-380/50/3-22) 1013-175-ЭД DN 175 PN 13,7 МПа Т560 °С, корпус ст. 15Х1М1Ф ;Энергетическая арматура;1013-175-ЭД;Пар;От -60 до +40;УХЛ;В;ОТК;30;500;12 месяцев со дня ввода в эксплуатацию, но не более 18 месяцев со дня отгрузки потребителю;Под приварку;С электроприводом;175;137;560;Жаропрочная перлитная сталь;842;По запросу;0;Под заказ
Задвижка запорная под приварку с электроприводом (MODACT MON 52036.4202N) 1013-175-ЭК DN 175 PN 13,7 МПа Т560 °С, корпус ст. 15Х1М1Ф ;Энергетическая арматура;1013-175-ЭК;Пар;От -60 до +40;УХЛ;В;ОТК;30;500;12 месяцев со дня ввода в эксплуатацию, но не более 18 месяцев со дня отгрузки потребителю;Под приварку;С электроприводом;175;137;560;Жаропрочная перлитная сталь;1010;По запросу;0;Под заказ
Задвижка запорная под приварку с коническим редуктором 1013-175-КЗ-01 DN 175 PN 9,8 МПа Т540 °С, корпус ст. 15Х1М1Ф;Энергетическая арматура;1013-175-КЗ-01;Пар;От -60 до +40;УХЛ;В;ОТК;30;500;12 месяцев со дня ввода в эксплуатацию, но не более 18 месяцев со дня отгрузки потребителю;Под приварку;Ручной;175;98;540;Жаропрочная перлитная сталь;731;По запросу;2223850;Под заказ
Задвижка запорная под приварку с цилиндрическим редуктором 1013-175-ЦЗ-01 DN 175 PN 9,8 МПа Т540 °С, корпус ст. 15Х1М1Ф;Энергетическая арматура;1013-175-ЦЗ-01;Пар;От -60 до +40;УХЛ;В;ОТК;30;500;12 месяцев со дня ввода в эксплуатацию, но не более 18 месяцев со дня отгрузки потребителю;Под приварку;Ручной;175;98;540;Жаропрочная перлитная сталь;761;По запросу;2267530;Под заказ
Задвижка запорная под приварку с электроприводом (795-Э-0-V) 1013-175-Э-01 DN 175 PN 9,8 МПа Т540 °С, корпус ст. 15Х1М1Ф;Энергетическая арматура;1013-175-Э-01;Пар;От -60 до +40;УХЛ;В;ОТК;30;500;12 месяцев со дня ввода в эксплуатацию, но не более 18 месяцев со дня отгрузки потребителю;Под приварку;С электроприводом;175;98;540;Жаропрочная перлитная сталь;818;По запросу;2684130;Под заказ
Задвижка запорная под приварку с электроприводом (ГЗ-Г.2500/24 У1) 1013-175-ЭГ-01 DN 175 PN 9,8 МПа Т540 °С, корпус ст. 15Х1М1Ф;Энергетическая арматура;1013-175-ЭГ-01;Пар;От -60 до +40;УХЛ;В;ОТК;30;500;12 месяцев со дня ввода в эксплуатацию, но не более 18 месяцев со дня отгрузки потребителю;Под приварку;С электроприводом;175;98;540;Жаропрочная перлитная сталь;898;По запросу;2601690;Под заказ
Задвижка запорная под приварку с электроприводом (Н-Г-11 У2) 1013-175-ЭМ-01 DN 175 PN 9,8 МПа Т540 °С, корпус ст. 15Х1М1Ф;Энергетическая арматура;1013-175-ЭМ-01;Пар;От -60 до +40;УХЛ;В;ОТК;30;500;12 месяцев со дня ввода в эксплуатацию, но не более 18 месяцев со дня отгрузки потребителю;Под приварку;С электроприводом;175;98;540;Жаропрочная перлитная сталь;843;По запросу;2616250;Под заказ
Задвижка запорная под приварку с электроприводом (ГИЮМ.303344.001-06) 1013-175-ЭН-01 DN 175 PN 9,8 МПа Т540 °С, корпус ст. 15Х1М1Ф;Энергетическая арматура;1013-175-ЭН-01;Пар;От -60 до +40;УХЛ;В;ОТК;30;500;12 месяцев со дня ввода в эксплуатацию, но не более 18 месяцев со дня отгрузки потребителю;Под приварку;С электроприводом;175;98;540;Жаропрочная перлитная сталь;783;По запросу;2727810;Под заказ
Задвижка запорная под приварку с электроприводом (AUMA SA14.6/GK25.2-F25-380/50/3-22) 1013-175-ЭД-01 DN 175 PN 9,8 МПа Т540 °С, корпус ст. 15Х1М1Ф ;Энергетическая арматура;1013-175-ЭД-01;Пар;От -60 до +40;УХЛ;В;ОТК;30;500;12 месяцев со дня ввода в эксплуатацию, но не более 18 месяцев со дня отгрузки потребителю;Под приварку;С электроприводом;175;98;540;Жаропрочная перлитная сталь;839;По запросу;0;Под заказ
Задвижка запорная под приварку с электроприводом (MODACT MON 52036.4202N) 1013-175-ЭК-01 DN 175 PN 9,8 МПа Т540 °С, корпус ст. 15Х1М1Ф ;Энергетическая арматура;1013-175-ЭК-01;Пар;От -60 до +40;УХЛ;В;ОТК;30;500;12 месяцев со дня ввода в эксплуатацию, но не более 18 месяцев со дня отгрузки потребителю;Под приварку;С электроприводом;175;98;540;Жаропрочная перлитная сталь;1000;По запросу;0;Под заказ
Задвижка запорная под приварку с коническим редуктором 1013-200-КЗ DN 200 PN 13,7 МПа Т560 °С, корпус ст. 15Х1М1Ф;Энергетическая арматура;1013-200-КЗ;Пар;От -60 до +40;УХЛ;В;ОТК;30;500;12 месяцев со дня ввода в эксплуатацию, но не более 18 месяцев со дня отгрузки потребителю;Под приварку;Ручной;200;137;560;Жаропрочная перлитная сталь;854;По запросу;2456450;Под заказ
Задвижка запорная под приварку с цилиндрическим редуктором 1013-200-ЦЗ DN 200 PN 13,7 МПа Т560 °С, корпус ст. 15Х1М1Ф;Энергетическая арматура;1013-200-ЦЗ;Пар;От -60 до +40;УХЛ;В;ОТК;30;500;12 месяцев со дня ввода в эксплуатацию, но не более 18 месяцев со дня отгрузки потребителю;Под приварку;Ручной;200;137;560;Жаропрочная перлитная сталь;886;По запросу;2422420;Под заказ
Задвижка запорная под приварку с электроприводом (795-Э-0-V) 1013-200-Э DN 200 PN 13,7 МПа Т560 °С, корпус ст. 15Х1М1Ф;Энергетическая арматура;1013-200-Э;Пар;От -60 до +40;УХЛ;В;ОТК;30;500;12 месяцев со дня ввода в эксплуатацию, но не более 18 месяцев со дня отгрузки потребителю;Под приварку;С электроприводом;200;137;560;Жаропрочная перлитная сталь;967;По запросу;2843930;Под заказ
Задвижка запорная под приварку с электроприводом (ГЗ-Г.2500/24 У1) 1013-200-ЭГ DN 200 PN 13,7 МПа Т560 °С, корпус ст. 15Х1М1Ф;Энергетическая арматура;1013-200-ЭГ;Пар;От -60 до +40;УХЛ;В;ОТК;30;500;12 месяцев со дня ввода в эксплуатацию, но не более 18 месяцев со дня отгрузки потребителю;Под приварку;С электроприводом;200;137;560;Жаропрочная перлитная сталь;902;По запросу;2761660;Под заказ
Задвижка запорная под приварку с электроприводом (Н-Г-11 У2) 1013-200-ЭМ DN 200 PN 13,7 МПа Т560 °С, корпус ст. 15Х1М1Ф;Энергетическая арматура;1013-200-ЭМ;Пар;От -60 до +40;УХЛ;В;ОТК;30;500;12 месяцев со дня ввода в эксплуатацию, но не более 18 месяцев со дня отгрузки потребителю;Под приварку;С электроприводом;200;137;560;Жаропрочная перлитная сталь;898;По запросу;2776220;Под заказ
Задвижка запорная под приварку с электроприводом (ГИЮМ.303344.001-06) 1013-200-ЭН DN 200 PN 13,7 МПа Т560 °С, корпус ст. 15Х1М1Ф;Энергетическая арматура;1013-200-ЭН;Пар;От -60 до +40;УХЛ;В;ОТК;30;500;12 месяцев со дня ввода в эксплуатацию, но не более 18 месяцев со дня отгрузки потребителю;Под приварку;С электроприводом;200;137;560;Жаропрочная перлитная сталь;838;По запросу;2887610;Под заказ
Задвижка запорная под приварку с электроприводом (AUMA SA14.6/GK25.2-F25-380/50/3-22) 1013-200-ЭД DN 200 PN 13,7 МПа Т560 °С, корпус ст. 15Х1М1Ф ;Энергетическая арматура;1013-200-ЭД;Пар;От -60 до +40;УХЛ;В;ОТК;30;500;12 месяцев со дня ввода в эксплуатацию, но не более 18 месяцев со дня отгрузки потребителю;Под приварку;С электроприводом;200;137;560;Жаропрочная перлитная сталь;896;По запросу;0;Под заказ
Задвижка запорная под приварку с электроприводом (MODACT MON 52036.4202N) 1013-200-ЭК DN 200 PN 13,7 МПа Т560 °С, корпус ст. 15Х1М1Ф ;Энергетическая арматура;1013-200-ЭК;Пар;От -60 до +40;УХЛ;В;ОТК;30;500;12 месяцев со дня ввода в эксплуатацию, но не более 18 месяцев со дня отгрузки потребителю;Под приварку;С электроприводом;200;137;560;Жаропрочная перлитная сталь;956;По запросу;0;Под заказ
Задвижка запорная под приварку с коническим редуктором 1511-200-КЗБ DN 200 PN 10,0 МПа Т450 °С, корпус ст. 15ГС;Энергетическая арматура;1511-200-КЗБ;Вода - пар;От -60 до +40;ХЛ1;В;ОТК;30;500;12 месяцев со дня ввода в эксплуатацию, но не более 18 месяцев со дня отгрузки потребителю;Под приварку;Ручной;200;100;450;Конструкционная низколегированная сталь;222;По запросу;1397760;Под заказ
Задвижка запорная под приварку ручная 1511-200-МБ DN 200 PN 10,0 МПа Т450 °С, корпус ст. 15ГС;Энергетическая арматура;1511-200-МБ;Вода - пар;От -60 до +40;ХЛ1;В;ОТК;30;500;12 месяцев со дня ввода в эксплуатацию, но не более 18 месяцев со дня отгрузки потребителю;Под приварку;Ручной;200;100;450;Конструкционная низколегированная сталь;200;По запросу;1221030;Под заказ
Задвижка запорная под приварку с цилиндрическим редуктором 1511-200-ЦЗБ DN 200 PN 10,0 МПа Т450 °С, корпус ст. 15ГС;Энергетическая арматура;1511-200-ЦЗБ;Вода - пар;От -60 до +40;ХЛ1;В;ОТК;30;500;12 месяцев со дня ввода в эксплуатацию, но не более 18 месяцев со дня отгрузки потребителю;Под приварку;Ручной;200;100;450;Конструкционная низколегированная сталь;220;По запросу;1380830;Под заказ
Задвижка запорная под приварку с электроприводом (ГЗ-В.600/24 У1) 1511-200-ЭГ DN 200 PN 10,0 МПа Т450 °С, корпус ст. 15ГС;Энергетическая арматура;1511-200-ЭГ;Вода - пар;От -60 до +40;ХЛ1;В;ОТК;30;500;12 месяцев со дня ввода в эксплуатацию, но не более 18 месяцев со дня отгрузки потребителю;Под приварку;С электроприводом;200;100;450;Конструкционная низколегированная сталь;314;По запросу;1884790;Под заказ
Задвижка запорная под приварку с электроприводом (Н-В-02 У2) 1511-200-ЭМБ DN 200 PN 10,0 МПа Т450 °С, корпус ст. 15ГС;Энергетическая арматура;1511-200-ЭМБ;Вода - пар;От -60 до +40;ХЛ1;В;ОТК;30;500;12 месяцев со дня ввода в эксплуатацию, но не более 18 месяцев со дня отгрузки потребителю;Под приварку;С электроприводом;200;100;450;Конструкционная низколегированная сталь;292;По запросу;1741740;Под заказ
Задвижка запорная под приварку с электроприводом (ЭП-З-630-24-В-0-А-У1) 1511-200-ЭН DN 200 PN 10,0 МПа Т450 °С, корпус ст. 15ГС;Энергетическая арматура;1511-200-ЭН;Вода - пар;От -60 до +40;ХЛ1;В;ОТК;30;500;12 месяцев со дня ввода в эксплуатацию, но не более 18 месяцев со дня отгрузки потребителю;Под приварку;С электроприводом;200;100;450;Конструкционная низколегированная сталь;274;По запросу;0;Под заказ
Задвижка запорная под приварку с электроприводом (ПЭМ-В2-630-25-36М У2) 1511-200-ЭЧ DN 200 PN 10,0 МПа Т450 °С, корпус ст. 15ГС;Энергетическая арматура;1511-200-ЭЧ;Вода - пар;От -60 до +40;ХЛ1;В;ОТК;30;500;12 месяцев со дня ввода в эксплуатацию, но не более 18 месяцев со дня отгрузки потребителю;Под приварку;С электроприводом;200;100;450;Конструкционная низколегированная сталь;286;По запросу;1225950;Под заказ
Задвижка запорная под приварку ручная 2с-25-2Н DN 200 PN 6,3 МПа Т425 °С, корпус ст. 25Л;Энергетическая арматура;2с-25-2Н;Вода - пар;от -45 до +40;У1;В;ОТК;30;500;12 месяцев со дня ввода в эксплуатацию, но не более 18 месяцев со дня отгрузки потребителю;Под приварку;Ручной;200;63;425;Углеродистая сталь;170;По запросу;656900;Под заказ
Задвижка запорная под приварку с цилиндрическим редуктором 2с-26-2Н DN 200 PN 6,3 МПа Т425 °С, корпус ст. 25Л;Энергетическая арматура;2с-26-2Н;Вода - пар;от -45 до +40;У1;В;ОТК;30;500;12 месяцев со дня ввода в эксплуатацию, но не более 18 месяцев со дня отгрузки потребителю;Под приварку;Ручной;200;63;425;Углеродистая сталь;183;По запросу;727030;Под заказ
Задвижка запорная под приварку с коническим редуктором 2с-27-2Н DN 200 PN 6,3 МПа Т425 °С, корпус ст. 25Л;Энергетическая арматура;2с-27-2Н;Вода - пар;от -45 до +40;У1;В;ОТК;30;500;12 месяцев со дня ввода в эксплуатацию, но не более 18 месяцев со дня отгрузки потребителю;Под приварку;Ручной;200;63;425;Углеродистая сталь;186;По запросу;727030;Под заказ
Задвижка запорная под приварку с электроприводом (ГЗ-Б.3-00/24) 2с-27-2ЭГ DN 200 PN 6,3 МПа Т425 °С, корпус ст. 25Л;Энергетическая арматура;2с-27-2ЭГ;Вода - пар;от -45 до +40;У1;В;ОТК;30;500;12 месяцев со дня ввода в эксплуатацию, но не более 18 месяцев со дня отгрузки потребителю;Под приварку;С электроприводом;200;63;425;Углеродистая сталь;208;По запросу;780460;Под заказ
"Задвижка запорная под приварку с электроприводом (ПЭМ-Б2М	) 2с-27-2ЭЧ DN 200 PN 6,3 МПа Т425 °С, корпус ст. 25Л";Энергетическая арматура;2с-27-2ЭЧ;Вода - пар;от -45 до +40;У1;В;ОТК;30;500;12 месяцев со дня ввода в эксплуатацию, но не более 18 месяцев со дня отгрузки потребителю;Под приварку;С электроприводом;200;63;425;Углеродистая сталь;205;По запросу;777500;Под заказ
Задвижка запорная под приварку с электроприводом (MODACT MON 52032.12J2N) 2с-27-2ЭК DN 200 PN 6,3 МПа Т425 °С, корпус ст. 25Л;Энергетическая арматура;2с-27-2ЭК;Вода - пар;от -45 до +40;У1;В;ОТК;30;500;12 месяцев со дня ввода в эксплуатацию, но не более 18 месяцев со дня отгрузки потребителю;Под приварку;С электроприводом;200;63;425;Углеродистая сталь;213;По запросу;0;Под заказ
Задвижка запорная под приварку с электроприводом (Н-Б1-08) 2с-27-2ЭМ DN 200 PN 6,3 МПа Т425 °С, корпус ст. 25Л;Энергетическая арматура;2с-27-2ЭМ;Вода - пар;от -45 до +40;У1;В;ОТК;30;500;12 месяцев со дня ввода в эксплуатацию, но не более 18 месяцев со дня отгрузки потребителю;Под приварку;С электроприводом;200;63;425;Углеродистая сталь;218;По запросу;791070;Под заказ
Задвижка запорная под приварку с электроприводом (AUMA SA14.6-F14-380/50/3-22) 2с-27-2ЭД DN 200 PN 6,3 МПа Т425 °С, корпус ст. 25Л;Энергетическая арматура;2с-27-2ЭД;Вода - пар;от -45 до +40;У1;В;ОТК;30;500;12 месяцев со дня ввода в эксплуатацию, но не более 18 месяцев со дня отгрузки потребителю;Под приварку;С электроприводом;200;63;425;Углеродистая сталь;211;По запросу;0;Под заказ
Задвижка запорная под приварку с электроприводом (ЭП-З-300-25-Б1-0-А) 2с-27-2ЭН DN 200 PN 6,3 МПа Т425 °С, корпус ст. 25Л;Энергетическая арматура;2с-27-2ЭН;Вода - пар;от -45 до +40;У1;В;ОТК;30;500;12 месяцев со дня ввода в эксплуатацию, но не более 18 месяцев со дня отгрузки потребителю;Под приварку;С электроприводом;200;63;425;Углеродистая сталь;203;По запросу;829140;Под заказ
Задвижка запорная под приварку с цилиндрическим редуктором 2с-26-3 DN 250 PN 6,3 МПа Т425 °С, корпус ст. 25Л;Энергетическая арматура;2с-26-3;Вода - пар;от -45 до +40;У1;В;ОТК;30;500;12 месяцев со дня ввода в эксплуатацию, но не более 18 месяцев со дня отгрузки потребителю;Под приварку;С электроприводом;200;63;425;Углеродистая сталь;420;По запросу;687960;Под заказ
Задвижка запорная под приварку с цилиндрическим редуктором 2с-28-2Н DN 200 PN 10,0 МПа Т450 °С, корпус ст. 25Л;Энергетическая арматура;2с-28-2Н;Вода - пар;от -45 до +40;У1;В;ОТК;30;500;12 месяцев со дня ввода в эксплуатацию, но не более 18 месяцев со дня отгрузки потребителю;Под приварку;Ручной;200;100;450;Углеродистая сталь;183;По запросу;665350;Под заказ
Задвижка запорная под приварку с коническим редуктором 2с-29-2Н DN 200 PN 10,0 МПа Т450 °С, корпус ст. 25Л;Энергетическая арматура;2с-29-2Н;Вода - пар;от -45 до +40;У1;В;ОТК;30;500;12 месяцев со дня ввода в эксплуатацию, но не более 18 месяцев со дня отгрузки потребителю;Под приварку;Ручной;200;100;450;Углеродистая сталь;186;По запросу;647430;Под заказ
Задвижка запорная под приварку с электроприводом (ГЗ-Б.300/24 У1) 2с-ЭГ-2 DN 200 PN 10,0 МПа Т450 °С, корпус ст. 25Л;Энергетическая арматура;2с-ЭГ-2;Вода - пар;от -45 до +40;У1;В;ОТК;30;500;12 месяцев со дня ввода в эксплуатацию, но не более 18 месяцев со дня отгрузки потребителю;Под приварку;С электроприводом;200;100;450;Углеродистая сталь;218;По запросу;780460;Под заказ
Задвижка запорная под приварку с электроприводом (Н-Б1-08 У2) 2с-ЭМ-2 DN 200 PN 10,0 МПа Т450 °С, корпус ст. 25Л;Энергетическая арматура;2с-ЭМ-2;Вода - пар;от -45 до +40;У1;В;ОТК;30;500;12 месяцев со дня ввода в эксплуатацию, но не более 18 месяцев со дня отгрузки потребителю;Под приварку;С электроприводом;200;100;450;Углеродистая сталь;218;По запросу;791070;Под заказ
Задвижка запорная под приварку с электроприводом (ЭП-З-300-25-Б1-0-А-У1) 2с-ЭН-2 DN 200 PN 10,0 МПа Т450 °С, корпус ст. 25Л;Энергетическая арматура;2с-ЭН-2;Вода - пар;от -45 до +40;У1;В;ОТК;30;500;12 месяцев со дня ввода в эксплуатацию, но не более 18 месяцев со дня отгрузки потребителю;Под приварку;С электроприводом;200;100;450;Углеродистая сталь;203;По запросу;0;Под заказ
Задвижка запорная под приварку с электроприводом (ПЭМ-Б2М У2) 2с-ЭЧ-2 DN 200 PN 10,0 МПа Т450 °С, корпус ст. 25Л;Энергетическая арматура;2с-ЭЧ-2;Вода - пар;от -45 до +40;У1;В;ОТК;30;500;12 месяцев со дня ввода в эксплуатацию, но не более 18 месяцев со дня отгрузки потребителю;Под приварку;С электроприводом;200;100;450;Углеродистая сталь;205;По запросу;777500;Под заказ
Задвижка запорная под приварку с коническим редуктором 880-200-КЗ DN 200 PN 37,3 МПа Т280 °С, корпус ст. 15ГС;Энергетическая арматура;880-200-КЗ;Вода;От -60 до +40;ХЛ1;В;ОТК;30;500;12 месяцев со дня ввода в эксплуатацию, но не более 18 месяцев со дня отгрузки потребителю;Под приварку;Ручной;200;373;280;Конструкционная низколегированная сталь;851;По запросу;1810640;Под заказ
Задвижка запорная под приварку с цилиндрическим редуктором 880-200-ЦЗ DN 200 PN 37,3 МПа Т280 °С, корпус ст. 15ГС;Энергетическая арматура;880-200-ЦЗ;Вода;От -60 до +40;ХЛ1;В;ОТК;30;500;12 месяцев со дня ввода в эксплуатацию, но не более 18 месяцев со дня отгрузки потребителю;Под приварку;Ручной;200;373;280;Конструкционная низколегированная сталь;882;По запросу;1827280;Под заказ
Задвижка запорная под приварку с электроприводом (795-Э-0) 880-200-Э DN 200 PN 37,3 МПа Т280 °С, корпус ст. 15ГС;Энергетическая арматура;880-200-Э;Вода;От -60 до +40;ХЛ1;В;ОТК;30;500;12 месяцев со дня ввода в эксплуатацию, но не более 18 месяцев со дня отгрузки потребителю;Под приварку;С электроприводом;200;373;280;Конструкционная низколегированная сталь;966;По запросу;2356010;Под заказ
Задвижка запорная под приварку с электроприводом (ГЗ-Г.2500/24 У1) 880-200-ЭГ DN 200 PN 37,3 МПа Т280 °С, корпус ст. 15ГС;Энергетическая арматура;880-200-ЭГ;Вода;От -60 до +40;ХЛ1;В;ОТК;30;500;12 месяцев со дня ввода в эксплуатацию, но не более 18 месяцев со дня отгрузки потребителю;Под приварку;С электроприводом;200;373;280;Конструкционная низколегированная сталь;993;По запросу;2275720;Под заказ
Задвижка запорная под приварку с электроприводом (Н-Г-11 У2) 880-200-ЭМ DN 200 PN 37,3 МПа Т280 °С, корпус ст. 15ГС;Энергетическая арматура;880-200-ЭМ;Вода;От -60 до +40;ХЛ1;В;ОТК;30;500;12 месяцев со дня ввода в эксплуатацию, но не более 18 месяцев со дня отгрузки потребителю;Под приварку;С электроприводом;200;373;280;Конструкционная низколегированная сталь;980;По запросу;2292360;Под заказ
Задвижка запорная под приварку с электроприводом (ГИЮМ.303344.001-06) 880-200-ЭН DN 200 PN 37,3 МПа Т280 °С, корпус ст. 15ГС;Энергетическая арматура;880-200-ЭН;Вода;От -60 до +40;ХЛ1;В;ОТК;30;500;12 месяцев со дня ввода в эксплуатацию, но не более 18 месяцев со дня отгрузки потребителю;Под приварку;С электроприводом;200;373;280;Конструкционная низколегированная сталь;920;По запросу;2419660;Под заказ
Задвижка запорная под приварку с коническим редуктором 881-200-КЗ DN 200 PN 25,0 МПа Т545 °С, корпус ст. 15Х1М1Ф;Энергетическая арматура;881-200-КЗ;Пар;От -60 до +40;УХЛ;В;ОТК;30;500;12 месяцев со дня ввода в эксплуатацию, но не более 18 месяцев со дня отгрузки потребителю;Под приварку;Ручной;200;250;545;Жаропрочная перлитная сталь;2197;По запросу;3612960;Под заказ
Задвижка запорная под приварку с цилиндрическим редуктором 881-200-ЦЗ DN 200 PN 25,0 МПа Т545 °С, корпус ст. 15Х1М1Ф;Энергетическая арматура;881-200-ЦЗ;Пар;От -60 до +40;УХЛ;В;ОТК;30;500;12 месяцев со дня ввода в эксплуатацию, но не более 18 месяцев со дня отгрузки потребителю;Под приварку;Ручной;200;250;545;Жаропрочная перлитная сталь;2210;По запросу;3538230;Под заказ
Задвижка запорная под приварку с электроприводом (797-Э-0) 881-200-Э DN 200 PN 25,0 МПа Т545 °С, корпус ст. 15Х1М1Ф;Энергетическая арматура;881-200-Э;Пар;От -60 до +40;УХЛ;В;ОТК;30;500;12 месяцев со дня ввода в эксплуатацию, но не более 18 месяцев со дня отгрузки потребителю;Под приварку;С электроприводом;200;250;545;Жаропрочная перлитная сталь;2398;По запросу;3892310;Под заказ
Задвижка запорная под приварку с электроприводом (ГЗ-Д.5000/12 У1) 881-200-ЭГ DN 200 PN 25,0 МПа Т545 °С, корпус ст. 15Х1М1Ф;Энергетическая арматура;881-200-ЭГ;Пар;От -60 до +40;УХЛ;В;ОТК;30;500;12 месяцев со дня ввода в эксплуатацию, но не более 18 месяцев со дня отгрузки потребителю;Под приварку;С электроприводом;200;250;545;Жаропрочная перлитная сталь;2390;По запросу;3917050;Под заказ
Задвижка запорная под приварку с электроприводом (Н-Д-17 У2) 881-200-ЭМ DN 200 PN 25,0 МПа Т545 °С, корпус ст. 15Х1М1Ф;Энергетическая арматура;881-200-ЭМ;Пар;От -60 до +40;УХЛ;В;ОТК;30;500;12 месяцев со дня ввода в эксплуатацию, но не более 18 месяцев со дня отгрузки потребителю;Под приварку;С электроприводом;200;250;545;Жаропрочная перлитная сталь;2320;По запросу;3839310;Под заказ
Задвижка запорная под приварку с электроприводом (AUMA SA16.2/GK30.2-F30-380/50/3-22) 881-200-ЭД DN 200 PN 25,0 МПа Т545 °С, корпус ст. 15Х1М1Ф ;Энергетическая арматура;881-200-ЭД;Пар;От -60 до +40;УХЛ;В;ОТК;30;500;12 месяцев со дня ввода в эксплуатацию, но не более 18 месяцев со дня отгрузки потребителю;Под приварку;С электроприводом;200;250;545;Жаропрочная перлитная сталь;2363;По запросу;0;Под заказ
Задвижка запорная под приварку ручная 884-200-Г DN 200 PN 28,4 МПа Т510 °С, корпус ст. 15Х1М1Ф;Энергетическая арматура;884-200-Г;Пар;От -60 до +40;УХЛ;В;ОТК;30;500;12 месяцев со дня ввода в эксплуатацию, но не более 18 месяцев со дня отгрузки потребителю;Под приварку;Ручной;200;284;510;Жаропрочная перлитная сталь;1112;По запросу;3214220;Под заказ
Задвижка запорная под приварку с электроприводом (795-Э-0-V) 884-200-Э DN 200 PN 28,4 МПа Т510 °С, корпус ст. 15Х1М1Ф;Энергетическая арматура;884-200-Э;Пар;От -60 до +40;УХЛ;В;ОТК;30;500;12 месяцев со дня ввода в эксплуатацию, но не более 18 месяцев со дня отгрузки потребителю;Под приварку;С электроприводом;200;284;510;Жаропрочная перлитная сталь;1250;По запросу;3583940;Под заказ
Задвижка запорная под приварку с электроприводом (ГЗ-Г.2500/24 У1) 884-200-ЭГ DN 200 PN 28,4 МПа Т510 °С, корпус ст. 15Х1М1Ф;Энергетическая арматура;884-200-ЭГ;Пар;От -60 до +40;УХЛ;В;ОТК;30;500;12 месяцев со дня ввода в эксплуатацию, но не более 18 месяцев со дня отгрузки потребителю;Под приварку;С электроприводом;200;284;510;Жаропрочная перлитная сталь;1300;По запросу;3513270;Под заказ
Задвижка запорная под приварку с электроприводом (AUMA SA14.6/GK25.2) 884-200-ЭД DN 200 PN 28,4 МПа Т510 °С, корпус ст. 15Х1М1Ф;Энергетическая арматура;884-200-ЭД;Пар;От -60 до +40;УХЛ;В;ОТК;30;500;12 месяцев со дня ввода в эксплуатацию, но не более 18 месяцев со дня отгрузки потребителю;Под приварку;С электроприводом;200;284;510;Жаропрочная перлитная сталь;1321;По запросу;0;Под заказ
Задвижка запорная под приварку с электроприводом (Н-Г-11 У2) 884-200-ЭМ DN 200 PN 28,4 МПа Т510 °С, корпус ст. 15Х1М1Ф;Энергетическая арматура;884-200-ЭМ;Пар;От -60 до +40;УХЛ;В;ОТК;30;500;12 месяцев со дня ввода в эксплуатацию, но не более 18 месяцев со дня отгрузки потребителю;Под приварку;С электроприводом;200;284;510;Жаропрочная перлитная сталь;1274;По запросу;3525750;Под заказ
Задвижка запорная под приварку с электроприводом (ГИЮМ.303344.001-06) 884-200-ЭН DN 200 PN 28,4 МПа Т510 °С, корпус ст. 15Х1М1Ф;Энергетическая арматура;884-200-ЭН;Пар;От -60 до +40;УХЛ;В;ОТК;30;500;12 месяцев со дня ввода в эксплуатацию, но не более 18 месяцев со дня отгрузки потребителю;Под приварку;С электроприводом;200;284;510;Жаропрочная перлитная сталь;1214;По запросу;3621220;Под заказ
Задвижка запорная под приварку с коническим редуктором 1012-225-КЗ DN 225 PN 23,5 МПа Т250 °С, корпус ст. 15ГС;Энергетическая арматура;1012-225-КЗ;Вода;От -60 до +40;ХЛ1;В;ОТК;30;500;12 месяцев со дня ввода в эксплуатацию, но не более 18 месяцев со дня отгрузки потребителю;Под приварку;Ручной;225;235;250;Конструкционная низколегированная сталь;818;По запросу;1874960;Под заказ
Задвижка запорная под приварку с цилиндрическим редуктором 1012-225-ЦЗ DN 225 PN 23,5 МПа Т250 °С, корпус ст. 15ГС;Энергетическая арматура;1012-225-ЦЗ;Вода;От -60 до +40;ХЛ1;В;ОТК;30;500;12 месяцев со дня ввода в эксплуатацию, но не более 18 месяцев со дня отгрузки потребителю;Под приварку;Ручной;225;235;250;Конструкционная низколегированная сталь;845;По запросу;1889520;Под заказ
Задвижка запорная под приварку с электроприводом (795-Э-0) 1012-225-Э DN 225 PN 23,5 МПа Т250 °С, корпус ст. 15ГС;Энергетическая арматура;1012-225-Э ;Вода;От -60 до +40;ХЛ1;В;ОТК;30;500;12 месяцев со дня ввода в эксплуатацию, но не более 18 месяцев со дня отгрузки потребителю;Под приварку;С электроприводом;225;235;250;Конструкционная низколегированная сталь;913;По запросу;2143760;Под заказ
Задвижка запорная под приварку с электроприводом (ГЗ-Г.2500/24 У1) 1012-225-ЭГ DN 225 PN 23,5 МПа Т250 °С, корпус ст. 15ГС;Энергетическая арматура;1012-225-ЭГ;Вода;От -60 до +40;ХЛ1;В;ОТК;30;500;12 месяцев со дня ввода в эксплуатацию, но не более 18 месяцев со дня отгрузки потребителю;Под приварку;С электроприводом;225;235;250;Конструкционная низколегированная сталь;967;По запросу;2078530;Под заказ
Задвижка запорная под приварку с электроприводом (Н-Г-11 У2) 1012-225-ЭМ DN 225 PN 23,5 МПа Т250 °С, корпус ст. 15ГС;Энергетическая арматура;1012-225-ЭМ;Вода;От -60 до +40;ХЛ1;В;ОТК;30;500;12 месяцев со дня ввода в эксплуатацию, но не более 18 месяцев со дня отгрузки потребителю;Под приварку;С электроприводом;225;235;250;Конструкционная низколегированная сталь;932;По запросу;2089680;Под заказ
Задвижка запорная под приварку с электроприводом (ГИЮМ.303344.001-06) 1012-225-ЭН DN 225 PN 23,5 МПа Т250 °С, корпус ст. 15ГС;Энергетическая арматура;1012-225-ЭН;Вода;От -60 до +40;ХЛ1;В;ОТК;30;500;12 месяцев со дня ввода в эксплуатацию, но не более 18 месяцев со дня отгрузки потребителю;Под приварку;С электроприводом;225;235;250;Конструкционная низколегированная сталь;872;По запросу;2195470;Под заказ
Задвижка запорная под приварку с коническим редуктором 885-225-КЗ DN 225 PN 9,8 МПа Т540 °С, корпус ст. 15Х1М1Ф;Энергетическая арматура;885-225-КЗ;Пар;От -60 до +40;УХЛ;В;ОТК;30;500;12 месяцев со дня ввода в эксплуатацию, но не более 18 месяцев со дня отгрузки потребителю;Под приварку;Ручной;225;98;540;Жаропрочная перлитная сталь;982;По запросу;2367100;Под заказ
Задвижка запорная под приварку с цилиндрическим редуктором 885-225-ЦЗ DN 225 PN 9,8 МПа Т540 °С, корпус ст. 15Х1М1Ф;Энергетическая арматура;885-225-ЦЗ;Пар;От -60 до +40;УХЛ;В;ОТК;30;500;12 месяцев со дня ввода в эксплуатацию, но не более 18 месяцев со дня отгрузки потребителю;Под приварку;Ручной;225;98;540;Жаропрочная перлитная сталь;1013;По запросу;2408640;Под заказ
Задвижка запорная под приварку с электроприводом (795-Э-0) 885-225-Э DN 225 PN 9,8 МПа Т540 °С, корпус ст. 15Х1М1Ф;Энергетическая арматура;885-225-Э;Пар;От -60 до +40;УХЛ;В;ОТК;30;500;12 месяцев со дня ввода в эксплуатацию, но не более 18 месяцев со дня отгрузки потребителю;Под приварку;С электроприводом;225;98;540;Жаропрочная перлитная сталь;1063;По запросу;2664660;Под заказ
Задвижка запорная под приварку с электроприводом (ГЗ-Г.2500/24 У1) 885-225-ЭГ DN 225 PN 9,8 МПа Т540 °С, корпус ст. 15Х1М1Ф;Энергетическая арматура;885-225-ЭГ;Пар;От -60 до +40;УХЛ;В;ОТК;30;500;12 месяцев со дня ввода в эксплуатацию, но не более 18 месяцев со дня отгрузки потребителю;Под приварку;С электроприводом;225;98;540;Жаропрочная перлитная сталь;1129;По запросу;2592040;Под заказ
Задвижка запорная под приварку с электроприводом (Н-Г-11 У2) 885-225-ЭМ DN 225 PN 9,8 МПа Т540 °С, корпус ст. 15Х1М1Ф;Энергетическая арматура;885-225-ЭМ;Пар;От -60 до +40;УХЛ;В;ОТК;30;500;12 месяцев со дня ввода в эксплуатацию, но не более 18 месяцев со дня отгрузки потребителю;Под приварку;С электроприводом;225;98;540;Жаропрочная перлитная сталь;1101;По запросу;2606600;Под заказ
Задвижка запорная под приварку с электроприводом (ГИЮМ.303344.001-06) 885-225-ЭН DN 225 PN 9,8 МПа Т540 °С, корпус ст. 15Х1М1Ф;Энергетическая арматура;885-225-ЭН;Пар;От -60 до +40;УХЛ;В;ОТК;30;500;12 месяцев со дня ввода в эксплуатацию, но не более 18 месяцев со дня отгрузки потребителю;Под приварку;С электроприводом;225;98;540;Жаропрочная перлитная сталь;1041;По запросу;2717980;Под заказ
Задвижка запорная под приварку с электроприводом (AUMA SA14.6/GK25.2-F25-380/50/3-22) 885-225-ЭД DN 225 PN 9,8 МПа Т540 °С, корпус ст. 15Х1М1Ф ;Энергетическая арматура;885-225-ЭД;Пар;От -60 до +40;УХЛ;В;ОТК;30;500;12 месяцев со дня ввода в эксплуатацию, но не более 18 месяцев со дня отгрузки потребителю;Под приварку;С электроприводом;225;98;540;Жаропрочная перлитная сталь;1160;По запросу;0;Под заказ
Задвижка запорная под приварку с коническим редуктором 1017-250-КЗ DN 250 PN 4,0 МПа Т545 °С, корпус ст. 15Х1М1Ф;Энергетическая арматура;1017-250-КЗ;Пар;От -60 до +40;УХЛ;В;ОТК;30;500;12 месяцев со дня ввода в эксплуатацию, но не более 18 месяцев со дня отгрузки потребителю;Под приварку;Ручной;250;40;545;Жаропрочная перлитная сталь;596;По запросу;1555370;Под заказ
Задвижка запорная под приварку с цилиндрическим редуктором 1017-250-ЦЗ DN 250 PN 4,0 МПа Т545 °С, корпус ст. 15Х1М1Ф;Энергетическая арматура;1017-250-ЦЗ;Пар;От -60 до +40;УХЛ;В;ОТК;30;500;12 месяцев со дня ввода в эксплуатацию, но не более 18 месяцев со дня отгрузки потребителю;Под приварку;Ручной;250;40;545;Жаропрочная перлитная сталь;604;По запросу;1540810;Под заказ
Задвижка запорная под приварку с электроприводом (795-Э-0) 1017-250-Э DN 250 PN 4,0 МПа Т545 °С, корпус ст. 15Х1М1Ф;Энергетическая арматура;1017-250-Э;Пар;От -60 до +40;УХЛ;В;ОТК;30;500;12 месяцев со дня ввода в эксплуатацию, но не более 18 месяцев со дня отгрузки потребителю;Под приварку;С электроприводом;250;40;545;Жаропрочная перлитная сталь;610;По запросу;1981610;Под заказ
Задвижка запорная под приварку с электроприводом (ГЗ-В.600/24 У1) 1017-250-ЭГ DN 250 PN 4,0 МПа Т545 °С, корпус ст. 15Х1М1Ф;Энергетическая арматура;1017-250-ЭГ;Пар;От -60 до +40;УХЛ;В;ОТК;30;500;12 месяцев со дня ввода в эксплуатацию, но не более 18 месяцев со дня отгрузки потребителю;Под приварку;С электроприводом;250;40;545;Жаропрочная перлитная сталь;666;По запросу;1942850;Под заказ
Задвижка запорная под приварку с электроприводом (Н-В-08 У2) 1017-250-ЭМ DN 250 PN 4,0 МПа Т545 °С, корпус ст. 15Х1М1Ф;Энергетическая арматура;1017-250-ЭМ;Пар;От -60 до +40;УХЛ;В;ОТК;30;500;12 месяцев со дня ввода в эксплуатацию, но не более 18 месяцев со дня отгрузки потребителю;Под приварку;С электроприводом;250;40;545;Жаропрочная перлитная сталь;620;По запросу;1964690;Под заказ
Задвижка запорная под приварку с электроприводом (ЭП-З-1000-24-В-0-А-У1) 1017-250-ЭН DN 250 PN 4,0 МПа Т545 °С, корпус ст. 15Х1М1Ф;Энергетическая арматура;1017-250-ЭН;Пар;От -60 до +40;УХЛ;В;ОТК;30;500;12 месяцев со дня ввода в эксплуатацию, но не более 18 месяцев со дня отгрузки потребителю;Под приварку;С электроприводом;250;40;545;Жаропрочная перлитная сталь;631;По запросу;0;Под заказ
Задвижка запорная под приварку с электроприводом (ПЭМ-В2-630-25-36М У2) 1017-250-ЭЧ DN 250 PN 4,0 МПа Т545 °С, корпус ст. 15Х1М1Ф;Энергетическая арматура;1017-250-ЭЧ;Пар;От -60 до +40;УХЛ;В;ОТК;30;500;12 месяцев со дня ввода в эксплуатацию, но не более 18 месяцев со дня отгрузки потребителю;Под приварку;С электроприводом;250;40;545;Жаропрочная перлитная сталь;616;По запросу;1860580;Под заказ
Задвижка запорная под приварку с электроприводом (MODACT MON 52032.12J2N) 1017-250-ЭК DN 250 PN 4,0 МПа Т545 °С, корпус ст. 15Х1М1Ф ;Энергетическая арматура;1017-250-ЭК;Пар;От -60 до +40;УХЛ;В;ОТК;30;500;12 месяцев со дня ввода в эксплуатацию, но не более 18 месяцев со дня отгрузки потребителю;Под приварку;С электроприводом;250;40;545;Жаропрочная перлитная сталь;616;По запросу;0;Под заказ
Задвижка запорная под приварку с электроприводом (AUMA SA14.6-F14-380/50/3-22) 1017-250-ЭД DN 250 PN 4,0 МПа Т545 °С, корпус ст. 15Х1М1Ф ;Энергетическая арматура;1017-250-ЭД;Пар;От -60 до +40;УХЛ;В;ОТК;30;500;12 месяцев со дня ввода в эксплуатацию, но не более 18 месяцев со дня отгрузки потребителю;Под приварку;С электроприводом;250;40;545;Жаропрочная перлитная сталь;597;По запросу;0;Под заказ
Задвижка запорная под приварку с коническим редуктором 1511-250-КЗ DN 250 PN 10,0 МПа Т450 °С, корпус ст. 15ГС;Энергетическая арматура;1511-250-КЗ;Вода - пар;От -60 до +40;ХЛ1;В;ОТК;30;500;12 месяцев со дня ввода в эксплуатацию, но не более 18 месяцев со дня отгрузки потребителю;Под приварку;Ручной;250;100;450;Конструкционная низколегированная сталь;423;По запросу;1719430;Под заказ
Задвижка запорная под приварку с цилиндрическим редуктором 1511-250-ЦЗ DN 250 PN 10,0 МПа Т450 °С, корпус ст. 15ГС;Энергетическая арматура;1511-250-ЦЗ;Вода - пар;От -60 до +40;ХЛ1;В;ОТК;30;500;12 месяцев со дня ввода в эксплуатацию, но не более 18 месяцев со дня отгрузки потребителю;Под приварку;Ручной;250;100;450;Конструкционная низколегированная сталь;434;По запросу;1719430;Под заказ
Задвижка запорная под приварку с электроприводом (ГЗ-В.600/24 У1) 1511-250-ЭГ DN 250 PN 10,0 МПа Т450 °С, корпус ст. 15ГС;Энергетическая арматура;1511-250-ЭГ;Вода - пар;От -60 до +40;ХЛ1;В;ОТК;30;500;12 месяцев со дня ввода в эксплуатацию, но не более 18 месяцев со дня отгрузки потребителю;Под приварку;С электроприводом;250;100;450;Конструкционная низколегированная сталь;461;По запросу;2403230;Под заказ
Задвижка запорная под приварку с электроприводом (Н-В-02 У2) 1511-250-ЭМ DN 250 PN 10,0 МПа Т450 °С, корпус ст. 15ГС;Энергетическая арматура;1511-250-ЭМ;Вода - пар;От -60 до +40;ХЛ1;В;ОТК;30;500;12 месяцев со дня ввода в эксплуатацию, но не более 18 месяцев со дня отгрузки потребителю;Под приварку;С электроприводом;250;100;450;Конструкционная низколегированная сталь;473;По запросу;2427980;Под заказ
Задвижка запорная под приварку с электроприводом (ЭП-З-630-24-В-0-А-У1) 1511-250-ЭН DN 250 PN 10,0 МПа Т450 °С, корпус ст. 15ГС;Энергетическая арматура;1511-250-ЭН;Вода - пар;От -60 до +40;ХЛ1;В;ОТК;30;500;12 месяцев со дня ввода в эксплуатацию, но не более 18 месяцев со дня отгрузки потребителю;Под приварку;С электроприводом;250;100;450;Конструкционная низколегированная сталь;470;По запросу;0;Под заказ
Задвижка запорная под приварку с электроприводом (ПЭМ-В2-630-25-36М У2) 1511-250-ЭЧ DN 250 PN 10,0 МПа Т450 °С, корпус ст. 15ГС;Энергетическая арматура;1511-250-ЭЧ;Вода - пар;От -60 до +40;ХЛ1;В;ОТК;30;500;12 месяцев со дня ввода в эксплуатацию, но не более 18 месяцев со дня отгрузки потребителю;Под приварку;С электроприводом;250;100;450;Конструкционная низколегированная сталь;476;По запросу;2309000;Под заказ
Задвижка запорная под приварку с цилиндрическим редуктором 2с-26-3Н DN 250 PN 6,3 МПа Т425 °С, корпус ст. 25Л;Энергетическая арматура;2с-26-3Н;Вода - пар;от -45 до +40;У1;В;ОТК;30;500;12 месяцев со дня ввода в эксплуатацию, но не более 18 месяцев со дня отгрузки потребителю;Под приварку;Ручной;250;63;425;Углеродистая сталь;380;По запросу;703300;Под заказ
Задвижка запорная под приварку с коническим редуктором 2с-27-3 DN 250 PN 6,3 МПа Т425 °С, корпус ст. 25Л;Энергетическая арматура;2с-27-3;Вода - пар;от -45 до +40;У1;В;ОТК;30;500;12 месяцев со дня ввода в эксплуатацию, но не более 18 месяцев со дня отгрузки потребителю;Под приварку;Ручной;250;63;425;Углеродистая сталь;405;По запросу;559000;Под заказ
Задвижка запорная под приварку с коническим редуктором 2с-27-3Н DN 250 PN 6,3 МПа Т425 °С, корпус ст. 25Л;Энергетическая арматура;2с-27-3Н;Вода - пар;от -45 до +40;У1;В;ОТК;30;500;12 месяцев со дня ввода в эксплуатацию, но не более 18 месяцев со дня отгрузки потребителю;Под приварку;Ручной;250;63;425;Углеродистая сталь;367;По запросу;703300;Под заказ
Задвижка запорная под приварку с электроприводом (Н-Г-11) 2с-27-3ЭМ DN 250 PN 6,3 МПа Т425 °С, корпус ст. 25Л;Энергетическая арматура;2с-27-3ЭМ;Вода - пар;от -45 до +40;У1;В;ОТК;30;500;12 месяцев со дня ввода в эксплуатацию, но не более 18 месяцев со дня отгрузки потребителю;Под приварку;С электроприводом;250;63;425;Углеродистая сталь;542;По запросу;955920;Под заказ
Задвижка запорная под приварку с электроприводом (ГЗ-Г.25- 00/24) 2с-27-3ЭГ DN 250 PN 6,3 МПа Т425 °С, корпус ст. 25Л;Энергетическая арматура;2с-27-3ЭГ;Вода - пар;от -45 до +40;У1;В;ОТК;30;500;12 месяцев со дня ввода в эксплуатацию, но не более 18 месяцев со дня отгрузки потребителю;Под приварку;С электроприводом;250;63;425;Углеродистая сталь;571;По запросу;958100;Под заказ
Задвижка запорная под приварку с электроприводом (MODACT MON 52035.42O2N) 2с-27-3ЭК DN 250 PN 6,3 МПа Т425 °С, корпус ст. 25Л;Энергетическая арматура;2с-27-3ЭК;Вода - пар;от -45 до +40;У1;В;ОТК;30;500;12 месяцев со дня ввода в эксплуатацию, но не более 18 месяцев со дня отгрузки потребителю;Под приварку;С электроприводом;250;63;425;Углеродистая сталь;578;По запросу;0;Под заказ
Задвижка запорная под приварку с электроприводом (AUMA SA25.1-F25-380/50/3-22) 2с-27-3ЭД DN 250 PN 6,3 МПа Т425 °С, корпус ст. 25Л;Энергетическая арматура;2с-27-3ЭД;Вода - пар;от -45 до +40;У1;В;ОТК;30;500;12 месяцев со дня ввода в эксплуатацию, но не более 18 месяцев со дня отгрузки потребителю;Под приварку;С электроприводом;250;63;425;Углеродистая сталь;513;По запросу;0;Под заказ
Задвижка запорная под приварку с электроприводом (ГИЮМ.303344.001-06) 2с-27-3ЭН DN 250 PN 6,3 МПа Т425 °С, корпус ст. 25Л;Энергетическая арматура;2с-27-3ЭН;Вода - пар;от -45 до +40;У1;В;ОТК;30;500;12 месяцев со дня ввода в эксплуатацию, но не более 18 месяцев со дня отгрузки потребителю;Под приварку;С электроприводом;250;63;425;Углеродистая сталь;482;По запросу;991200;Под заказ
Задвижка запорная под приварку с цилиндрическим редуктором 2с-28-3 DN 250 PN 10,0 МПа Т450 °С, корпус ст. 25Л;Энергетическая арматура;2с-28-3;Вода - пар;от -45 до +40;У1;В;ОТК;30;500;12 месяцев со дня ввода в эксплуатацию, но не более 18 месяцев со дня отгрузки потребителю;Под приварку;Ручной;250;100;450;Углеродистая сталь;420;По запросу;573300;Под заказ
Задвижка запорная под приварку с цилиндрическим редуктором 2с-28-3Н DN 250 PN 10,0 МПа Т450 °С, корпус ст. 25Л;Энергетическая арматура;2с-28-3Н;Вода - пар;от -45 до +40;У1;В;ОТК;30;500;12 месяцев со дня ввода в эксплуатацию, но не более 18 месяцев со дня отгрузки потребителю;Под приварку;Ручной;250;100;450;Углеродистая сталь;380;По запросу;726700;Под заказ
Задвижка запорная под приварку с коническим редуктором 2с-29-3 DN 250 PN 10,0 МПа Т450 °С, корпус ст. 25Л;Энергетическая арматура;2с-29-3;Вода - пар;от -45 до +40;У1;В;ОТК;30;500;12 месяцев со дня ввода в эксплуатацию, но не более 18 месяцев со дня отгрузки потребителю;Под приварку;Ручной;250;100;450;Углеродистая сталь;405;По запросу;559000;Под заказ
Задвижка запорная под приварку с коническим редуктором 2с-29-3Н DN 250 PN 10,0 МПа Т450 °С, корпус ст. 25Л;Энергетическая арматура;2с-29-3Н;Вода - пар;от -45 до +40;У1;В;ОТК;30;500;12 месяцев со дня ввода в эксплуатацию, но не более 18 месяцев со дня отгрузки потребителю;Под приварку;Ручной;250;100;450;Углеродистая сталь;367;По запросу;726700;Под заказ
Задвижка запорная под приварку с электроприводом (ГЗ-Г.2500/24 У1) 2с-ЭГ-3 DN 250 PN 10,0 МПа Т450 °С, корпус ст. 15ГС;Энергетическая арматура;2с-ЭГ-3;Вода - пар;От -60 до +40;ХЛ1;В;ОТК;30;500;12 месяцев со дня ввода в эксплуатацию, но не более 18 месяцев со дня отгрузки потребителю;Под приварку;С электроприводом;250;100;450;Конструкционная низколегированная сталь;532;По запросу;955920;Под заказ
Задвижка запорная под приварку с электроприводом (Н-Г-11 У2) 2с-ЭМ-3 DN 250 PN 10,0 МПа Т450 °С, корпус ст. 15ГС;Энергетическая арматура;2с-ЭМ-3;Вода - пар;От -60 до +40;ХЛ1;В;ОТК;30;500;12 месяцев со дня ввода в эксплуатацию, но не более 18 месяцев со дня отгрузки потребителю;Под приварку;С электроприводом;250;100;450;Конструкционная низколегированная сталь;502;По запросу;958100;Под заказ
Задвижка запорная под приварку с электроприводом (ГИЮМ.303344.001-06) 2с-ЭН-3 DN 250 PN 10,0 МПа Т450 °С, корпус ст. 15ГС;Энергетическая арматура;2с-ЭН-3;Вода - пар;От -60 до +40;ХЛ1;В;ОТК;30;500;12 месяцев со дня ввода в эксплуатацию, но не более 18 месяцев со дня отгрузки потребителю;Под приварку;С электроприводом;250;100;450;Конструкционная низколегированная сталь;432;По запросу;991200;Под заказ
Задвижка запорная под приварку с коническим редуктором 880-250-КЗ DN 250 PN 37,3 МПа Т280 °С, корпус ст. 15ГС;Энергетическая арматура;880-250-КЗ;Вода;От -60 до +40;ХЛ1;В;ОТК;30;500;12 месяцев со дня ввода в эксплуатацию, но не более 18 месяцев со дня отгрузки потребителю;Под приварку;Ручной;250;373;280;Конструкционная низколегированная сталь;1857;По запросу;3380370;Под заказ
Задвижка запорная под приварку с цилиндрическим редуктором 880-250-ЦЗ DN 250 PN 37,3 МПа Т280 °С, корпус ст. 15ГС;Энергетическая арматура;880-250-ЦЗ;Вода;От -60 до +40;ХЛ1;В;ОТК;30;500;12 месяцев со дня ввода в эксплуатацию, но не более 18 месяцев со дня отгрузки потребителю;Под приварку;Ручной;250;373;280;Конструкционная низколегированная сталь;1870;По запросу;3384230;Под заказ
Задвижка запорная под приварку с электроприводом (797-Э-0) 880-250-Э DN 250 PN 37,3 МПа Т280 °С, корпус ст. 15ГС;Энергетическая арматура;880-250-Э;Вода;От -60 до +40;ХЛ1;В;ОТК;30;500;12 месяцев со дня ввода в эксплуатацию, но не более 18 месяцев со дня отгрузки потребителю;Под приварку;С электроприводом;250;373;280;Конструкционная низколегированная сталь;2010;По запросу;3668540;Под заказ
Задвижка запорная под приварку с электроприводом (ГЗ-Д.5000/12 У1) 880-250-ЭГ DN 250 PN 37,3 МПа Т280 °С, корпус ст. 15ГС;Энергетическая арматура;880-250-ЭГ;Вода;От -60 до +40;ХЛ1;В;ОТК;30;500;12 месяцев со дня ввода в эксплуатацию, но не более 18 месяцев со дня отгрузки потребителю;Под приварку;С электроприводом;250;373;280;Конструкционная низколегированная сталь;1963;По запросу;3520960;Под заказ
Задвижка запорная под приварку с электроприводом (Н-Д-17 У2) 880-250-ЭМ DN 250 PN 37,3 МПа Т280 °С, корпус ст. 15ГС;Энергетическая арматура;880-250-ЭМ;Вода;От -60 до +40;ХЛ1;В;ОТК;30;500;12 месяцев со дня ввода в эксплуатацию, но не более 18 месяцев со дня отгрузки потребителю;Под приварку;С электроприводом;250;373;280;Конструкционная низколегированная сталь;1980;По запросу;3480570;Под заказ
Задвижка запорная под приварку с электроприводом (854-Э-0) 881-250-Э DN 250 PN 25,0 МПа Т545 °С, корпус ст. 15Х1М1ФЛ;Энергетическая арматура;881-250-Э;Пар;От -60 до +40;УХЛ;В;ОТК;30;500;12 месяцев со дня ввода в эксплуатацию, но не более 18 месяцев со дня отгрузки потребителю;Под приварку;С электроприводом;250;250;545;Жаропрочная перлитная сталь;4500;По запросу;4322860;Под заказ
Задвижка запорная под приварку с электроприводом (SA16.2/GK40.2-F40-380/50/3-22) 881-250-ЭД DN 250 PN 25,0 МПа Т545 °С, корпус ст. 15Х1М1ФЛ;Энергетическая арматура;881-250-ЭД;Пар;От -60 до +40;УХЛ;В;ОТК;30;500;12 месяцев со дня ввода в эксплуатацию, но не более 18 месяцев со дня отгрузки потребителю;Под приварку;С электроприводом;250;250;545;Жаропрочная перлитная сталь;4182;По запросу;4426090;Под заказ
Задвижка запорная под приварку с коническим редуктором 882-250-КЗ DN 250 PN 23,5 МПа Т250 °С, корпус ст. 15ГС;Энергетическая арматура;882-250-КЗ;Вода;От -60 до +40;ХЛ1;В;ОТК;30;500;12 месяцев со дня ввода в эксплуатацию, но не более 18 месяцев со дня отгрузки потребителю;Под приварку;Ручной;250;235;250;Конструкционная низколегированная сталь;1028;По запросу;2242500;Под заказ
Задвижка запорная под приварку с коническим редуктором 882-250-КЗП DN 250 PN 23,5 МПа Т250 °С, корпус ст. 15ГС;Энергетическая арматура;882-250-КЗП;Вода;От -60 до +40;ХЛ1;В;ОТК;30;500;12 месяцев со дня ввода в эксплуатацию, но не более 18 месяцев со дня отгрузки потребителю;Под приварку;Ручной;250;235;250;Конструкционная низколегированная сталь;1028;По запросу;2242500;Под заказ
Задвижка запорная под приварку с цилиндрическим редуктором 882-250-ЦЗ DN 250 PN 23,5 МПа Т250 °С, корпус ст. 15ГС;Энергетическая арматура;882-250-ЦЗ;Вода;От -60 до +40;ХЛ1;В;ОТК;30;500;12 месяцев со дня ввода в эксплуатацию, но не более 18 месяцев со дня отгрузки потребителю;Под приварку;Ручной;250;235;250;Конструкционная низколегированная сталь;1056;По запросу;2273700;Под заказ
Задвижка запорная под приварку с цилиндрическим редуктором 882-250-ЦЗП DN 250 PN 23,5 МПа Т250 °С, корпус ст. 15ГС;Энергетическая арматура;882-250-ЦЗП;Вода;От -60 до +40;ХЛ1;В;ОТК;30;500;12 месяцев со дня ввода в эксплуатацию, но не более 18 месяцев со дня отгрузки потребителю;Под приварку;Ручной;250;235;250;Конструкционная низколегированная сталь;1056;По запросу;2273700;Под заказ
Задвижка запорная под приварку с электроприводом (795-Э-0) 882-250-Э DN 250 PN 23,5 МПа Т250 °С, корпус ст. 15ГС;Энергетическая арматура;882-250-Э;Вода;От -60 до +40;ХЛ1;В;ОТК;30;500;12 месяцев со дня ввода в эксплуатацию, но не более 18 месяцев со дня отгрузки потребителю;Под приварку;С электроприводом;250;235;250;Конструкционная низколегированная сталь;1111;По запросу;2513340;Под заказ
Задвижка запорная под приварку с электроприводом (ГЗ-Г.2500/24 У1) 882-250-ЭГ DN 250 PN 23,5 МПа Т250 °С, корпус ст. 15ГС;Энергетическая арматура;882-250-ЭГ;Вода;От -60 до +40;ХЛ1;В;ОТК;30;500;12 месяцев со дня ввода в эксплуатацию, но не более 18 месяцев со дня отгрузки потребителю;Под приварку;С электроприводом;250;235;250;Конструкционная низколегированная сталь;1170;По запросу;2443860;Под заказ
Задвижка запорная под приварку с электроприводом (Н-Г-11 У2) 882-250-ЭМ DN 250 PN 23,5 МПа Т250 °С, корпус ст. 15ГС;Энергетическая арматура;882-250-ЭМ;Вода;От -60 до +40;ХЛ1;В;ОТК;30;500;12 месяцев со дня ввода в эксплуатацию, но не более 18 месяцев со дня отгрузки потребителю;Под приварку;С электроприводом;250;235;250;Конструкционная низколегированная сталь;1140;По запросу;2458260;Под заказ
Задвижка запорная под приварку с электроприводом (ГИЮМ.303344.001-06) 882-250-ЭН DN 250 PN 23,5 МПа Т250 °С, корпус ст. 15ГС;Энергетическая арматура;882-250-ЭН;Вода;От -60 до +40;ХЛ1;В;ОТК;30;500;12 месяцев со дня ввода в эксплуатацию, но не более 18 месяцев со дня отгрузки потребителю;Под приварку;С электроприводом;250;235;250;Конструкционная низколегированная сталь;1180;По запросу;2637000;Под заказ
Задвижка запорная под приварку с коническим редуктором 883-250-КЗ DN 250 PN 13,7 МПа Т560 °С, корпус ст. 15Х1М1Ф;Энергетическая арматура;883-250-КЗ;Пар;От -60 до +40;УХЛ;В;ОТК;30;500;12 месяцев со дня ввода в эксплуатацию, но не более 18 месяцев со дня отгрузки потребителю;Под приварку;Ручной;250;137;560;Жаропрочная перлитная сталь;1995;По запросу;3833080;Под заказ
Задвижка запорная под приварку с коническим редуктором 883-250-КЗ-01 DN 250 PN 13,7 МПа Т545 °С, корпус ст. 15Х1М1Ф;Энергетическая арматура;883-250-КЗ-01;Пар;От -60 до +40;УХЛ;В;ОТК;30;500;12 месяцев со дня ввода в эксплуатацию, но не более 18 месяцев со дня отгрузки потребителю;Под приварку;Ручной;250;137;545;Жаропрочная перлитная сталь;1995;По запросу;3833080;Под заказ
Задвижка запорная под приварку с коническим редуктором 883-250-КЗ-02 DN 250 PN 9,8 МПа Т540 °С, корпус ст. 15Х1М1Ф;Энергетическая арматура;883-250-КЗ-02;Пар;От -60 до +40;УХЛ;В;ОТК;30;500;12 месяцев со дня ввода в эксплуатацию, но не более 18 месяцев со дня отгрузки потребителю;Под приварку;Ручной;250;98;540;Жаропрочная перлитная сталь;1976;По запросу;3833080;Под заказ
Задвижка запорная под приварку с коническим редуктором 883-250-КЗП-01 DN 250 PN 13,7 МПа Т545 °С, корпус ст. 15Х1М1Ф;Энергетическая арматура;883-250-КЗП-01;Пар;От -60 до +40;УХЛ;В;ОТК;30;500;12 месяцев со дня ввода в эксплуатацию, но не более 18 месяцев со дня отгрузки потребителю;Под приварку;Ручной;250;137;545;Жаропрочная перлитная сталь;1995;По запросу;3833080;Под заказ
Задвижка запорная под приварку с коническим редуктором 883-250-КЗП-02 DN 250 PN 9,8 МПа Т540 °С, корпус ст. 15Х1М1Ф;Энергетическая арматура;883-250-КЗП-02;Пар;От -60 до +40;УХЛ;В;ОТК;30;500;12 месяцев со дня ввода в эксплуатацию, но не более 18 месяцев со дня отгрузки потребителю;Под приварку;Ручной;250;98;540;Жаропрочная перлитная сталь;1976;По запросу;3833080;Под заказ
Задвижка запорная под приварку с цилиндрическим редуктором 883-250-ЦЗ DN 250 PN 13,7 МПа Т560 °С, корпус ст. 15Х1М1Ф;Энергетическая арматура;883-250-ЦЗ;Пар;От -60 до +40;УХЛ;В;ОТК;30;500;12 месяцев со дня ввода в эксплуатацию, но не более 18 месяцев со дня отгрузки потребителю;Под приварку;Ручной;250;137;560;Жаропрочная перлитная сталь;2010;По запросу;3914040;Под заказ
Задвижка запорная под приварку с цилиндрическим редуктором 883-250-ЦЗ-01 DN 250 PN 13,7 МПа Т545 °С, корпус ст. 15Х1М1Ф;Энергетическая арматура;883-250-ЦЗ-01;Пар;От -60 до +40;УХЛ;В;ОТК;30;500;12 месяцев со дня ввода в эксплуатацию, но не более 18 месяцев со дня отгрузки потребителю;Под приварку;Ручной;250;137;545;Жаропрочная перлитная сталь;2010;По запросу;3914040;Под заказ
Задвижка запорная под приварку с цилиндрическим редуктором 883-250-ЦЗ-02 DN 250 PN 9,8 МПа Т540 °С, корпус ст. 15Х1М1Ф;Энергетическая арматура;883-250-ЦЗ-02;Пар;От -60 до +40;УХЛ;В;ОТК;30;500;12 месяцев со дня ввода в эксплуатацию, но не более 18 месяцев со дня отгрузки потребителю;Под приварку;Ручной;250;98;540;Жаропрочная перлитная сталь;1990;По запросу;3914040;Под заказ
Задвижка запорная под приварку с цилиндрическим редуктором 883-250-ЦЗП-01 DN 250 PN 13,7 МПа Т560 °С, корпус ст. 15Х1М1Ф;Энергетическая арматура;883-250-ЦЗП-01;Пар;От -60 до +40;УХЛ;В;ОТК;30;500;12 месяцев со дня ввода в эксплуатацию, но не более 18 месяцев со дня отгрузки потребителю;Под приварку;Ручной;250;137;560;Жаропрочная перлитная сталь;2010;По запросу;3914040;Под заказ
Задвижка запорная под приварку с цилиндрическим редуктором 883-250-ЦЗП-02 DN 250 PN 9,8 МПа Т540 °С, корпус ст. 15Х1М1Ф;Энергетическая арматура;883-250-ЦЗП-02;Пар;От -60 до +40;УХЛ;В;ОТК;30;500;12 месяцев со дня ввода в эксплуатацию, но не более 18 месяцев со дня отгрузки потребителю;Под приварку;Ручной;250;98;540;Жаропрочная перлитная сталь;1990;По запросу;3914040;Под заказ
Задвижка запорная под приварку с электроприводом (797-Э-0) 883-250-Э DN 250 PN 13,7 МПа Т560 °С, корпус ст. 15Х1М1Ф;Энергетическая арматура;883-250-Э;Пар;От -60 до +40;УХЛ;В;ОТК;30;500;12 месяцев со дня ввода в эксплуатацию, но не более 18 месяцев со дня отгрузки потребителю;Под приварку;С электроприводом;250;137;560;Жаропрочная перлитная сталь;2195;По запросу;4223380;Под заказ
Задвижка запорная под приварку с электроприводом (ГЗ-Д.5000/12 У1) 883-250-ЭГ DN 250 PN 13,7 МПа Т560 °С, корпус ст. 15Х1М1Ф;Энергетическая арматура;883-250-ЭГ;Пар;От -60 до +40;УХЛ;В;ОТК;30;500;12 месяцев со дня ввода в эксплуатацию, но не более 18 месяцев со дня отгрузки потребителю;Под приварку;С электроприводом;250;137;560;Жаропрочная перлитная сталь;2120;По запросу;3862090;Под заказ
Задвижка запорная под приварку с электроприводом (Н-Д-17 У2) 883-250-ЭМ DN 250 PN 13,7 МПа Т560 °С, корпус ст. 15Х1М1Ф;Энергетическая арматура;883-250-ЭМ;Пар;От -60 до +40;УХЛ;В;ОТК;30;500;12 месяцев со дня ввода в эксплуатацию, но не более 18 месяцев со дня отгрузки потребителю;Под приварку;С электроприводом;250;137;560;Жаропрочная перлитная сталь;2166;По запросу;3814350;Под заказ
Задвижка запорная под приварку с электроприводом (AUMA SA16.2/GK30.2-F30-380/50/3-22) 883-250-ЭД DN 250 PN 13,7 МПа Т560 °С, корпус ст. 15Х1М1Ф ;Энергетическая арматура;883-250-ЭД;Пар;От -60 до +40;УХЛ;В;ОТК;30;500;12 месяцев со дня ввода в эксплуатацию, но не более 18 месяцев со дня отгрузки потребителю;Под приварку;С электроприводом;250;137;560;Жаропрочная перлитная сталь;2123;По запросу;0;Под заказ
Задвижка запорная под приварку с электроприводом (797-Э-0) 883-250-Э-01 DN 250 PN 13,7 МПа Т545 °С, корпус ст. 15Х1М1Ф;Энергетическая арматура;883-250-Э-01;Пар;От -60 до +40;УХЛ;В;ОТК;30;500;12 месяцев со дня ввода в эксплуатацию, но не более 18 месяцев со дня отгрузки потребителю;Под приварку;С электроприводом;250;137;545;Жаропрочная перлитная сталь;2195;По запросу;4223380;Под заказ
Задвижка запорная под приварку с электроприводом (ГЗ-Д.5000/12 У1) 883-250-ЭГ-01 DN 250 PN 13,7 МПа Т545 °С, корпус ст. 15Х1М1Ф;Энергетическая арматура;883-250-ЭГ-01;Пар;От -60 до +40;УХЛ;В;ОТК;30;500;12 месяцев со дня ввода в эксплуатацию, но не более 18 месяцев со дня отгрузки потребителю;Под приварку;С электроприводом;250;137;545;Жаропрочная перлитная сталь;2120;По запросу;3862090;Под заказ
Задвижка запорная под приварку с электроприводом (Н-Д-17 У2) 883-250-ЭМ-01 DN 250 PN 13,7 МПа Т545 °С, корпус ст. 15Х1М1Ф;Энергетическая арматура;883-250-ЭМ-01;Пар;От -60 до +40;УХЛ;В;ОТК;30;500;12 месяцев со дня ввода в эксплуатацию, но не более 18 месяцев со дня отгрузки потребителю;Под приварку;С электроприводом;250;137;545;Жаропрочная перлитная сталь;2166;По запросу;3814350;Под заказ
Задвижка запорная под приварку с электроприводом (AUMA SA16.2/GK30.2-F30-380/50/3-22) 883-250-ЭД-01 DN 250 PN 13,7 МПа Т545 °С, корпус ст. 15Х1М1Ф ;Энергетическая арматура;883-250-ЭД-01;Пар;От -60 до +40;УХЛ;В;ОТК;30;500;12 месяцев со дня ввода в эксплуатацию, но не более 18 месяцев со дня отгрузки потребителю;Под приварку;С электроприводом;250;137;545;Жаропрочная перлитная сталь;2123;По запросу;0;Под заказ
Задвижка запорная под приварку с электроприводом (797-Э-0) 883-250-Э-02 DN 250 PN 9,8 МПа Т540 °С, корпус ст. 15Х1М1Ф;Энергетическая арматура;883-250-Э-02;Пар;От -60 до +40;УХЛ;В;ОТК;30;500;12 месяцев со дня ввода в эксплуатацию, но не более 18 месяцев со дня отгрузки потребителю;Под приварку;С электроприводом;250;98;540;Жаропрочная перлитная сталь;2195;По запросу;4223380;Под заказ
Задвижка запорная под приварку с электроприводом (ГЗ-Д.5000/12 У1) 883-250-ЭГ-02 DN 250 PN 9,8 МПа Т540 °С, корпус ст. 15Х1М1Ф;Энергетическая арматура;883-250-ЭГ-02;Пар;От -60 до +40;УХЛ;В;ОТК;30;500;12 месяцев со дня ввода в эксплуатацию, но не более 18 месяцев со дня отгрузки потребителю;Под приварку;С электроприводом;250;98;540;Жаропрочная перлитная сталь;2100;По запросу;3862090;Под заказ
Задвижка запорная под приварку с электроприводом (Н-Д-17 У2) 883-250-ЭМ-02 DN 250 PN 9,8 МПа Т540 °С, корпус ст. 15Х1М1Ф;Энергетическая арматура;883-250-ЭМ-02;Пар;От -60 до +40;УХЛ;В;ОТК;30;500;12 месяцев со дня ввода в эксплуатацию, но не более 18 месяцев со дня отгрузки потребителю;Под приварку;С электроприводом;250;98;540;Жаропрочная перлитная сталь;2146;По запросу;3814350;Под заказ
Задвижка запорная под приварку с электроприводом (AUMA SA16.2/GK30.2-F30-380/50/3-22) 883-250-ЭД-02 DN 250 PN 9,8 МПа Т540 °С, корпус ст. 15Х1М1Ф ;Энергетическая арматура;883-250-ЭД-02;Пар;От -60 до +40;УХЛ;В;ОТК;30;500;12 месяцев со дня ввода в эксплуатацию, но не более 18 месяцев со дня отгрузки потребителю;Под приварку;С электроприводом;250;98;540;Жаропрочная перлитная сталь;2103;По запросу;0;Под заказ
Задвижка запорная под приварку ручная 884-250-Г DN 250 PN 28,4 МПа Т510 °С, корпус ст. 15Х1М1Ф;Энергетическая арматура;884-250-Г;Пар;От -60 до +40;УХЛ;В;ОТК;30;500;12 месяцев со дня ввода в эксплуатацию, но не более 18 месяцев со дня отгрузки потребителю;Под приварку;Ручной;250;284;510;Жаропрочная перлитная сталь;1262;По запросу;0;Под заказ
Задвижка запорная под приварку ручная 884-250-ГП DN 250 PN 28,4 МПа Т510 °С, корпус ст. 15Х1М1Ф;Энергетическая арматура;884-250-ГП;Пар;От -60 до +40;УХЛ;В;ОТК;30;500;12 месяцев со дня ввода в эксплуатацию, но не более 18 месяцев со дня отгрузки потребителю;Под приварку;Ручной;250;284;510;Жаропрочная перлитная сталь;1262;По запросу;0;Под заказ
Задвижка запорная под приварку с электроприводом (795-Э-0-V) 884-250-Э DN 250 PN 28,4 МПа Т510 °С, корпус ст. 15Х1М1Ф;Энергетическая арматура;884-250-Э;Пар;От -60 до +40;УХЛ;В;ОТК;30;500;12 месяцев со дня ввода в эксплуатацию, но не более 18 месяцев со дня отгрузки потребителю;Под приварку;С электроприводом;250;284;510;Жаропрочная перлитная сталь;1400;По запросу;0;Под заказ
Задвижка запорная под приварку с электроприводом (ГЗ-Г.2500/24 У1) 884-250-ЭГ DN 250 PN 28,4 МПа Т510 °С, корпус ст. 15Х1М1Ф;Энергетическая арматура;884-250-ЭГ;Пар;От -60 до +40;УХЛ;В;ОТК;30;500;12 месяцев со дня ввода в эксплуатацию, но не более 18 месяцев со дня отгрузки потребителю;Под приварку;С электроприводом;250;284;510;Жаропрочная перлитная сталь;1433;По запросу;0;Под заказ
Задвижка запорная под приварку с электроприводом (Н-Г-11 У2) 884-250-ЭМ DN 250 PN 28,4 МПа Т510 °С, корпус ст. 15Х1М1Ф;Энергетическая арматура;884-250-ЭМ;Пар;От -60 до +40;УХЛ;В;ОТК;30;500;12 месяцев со дня ввода в эксплуатацию, но не более 18 месяцев со дня отгрузки потребителю;Под приварку;С электроприводом;250;284;510;Жаропрочная перлитная сталь;1413;По запросу;0;Под заказ
Задвижка запорная под приварку с электроприводом (AUMA SA14.6/GK25.2-F25-380/50/3-22) 884-250-ЭД DN 250 PN 28,4 МПа Т510 °С, корпус ст. 15Х1М1Ф;Энергетическая арматура;884-250-ЭД;Пар;От -60 до +40;УХЛ;В;ОТК;30;500;12 месяцев со дня ввода в эксплуатацию, но не более 18 месяцев со дня отгрузки потребителю;Под приварку;С электроприводом;250;284;510;Жаропрочная перлитная сталь;1386;По запросу;0;Под заказ
Задвижка запорная под приварку с электроприводом (ГИЮМ.303344.001-06) 884-250-ЭН DN 250 PN 28,4 МПа Т510 °С, корпус ст. 15Х1М1Ф;Энергетическая арматура;884-250-ЭН;Пар;От -60 до +40;УХЛ;В;ОТК;30;500;12 месяцев со дня ввода в эксплуатацию, но не более 18 месяцев со дня отгрузки потребителю;Под приварку;С электроприводом;250;284;510;Жаропрочная перлитная сталь;1353;По запросу;0;Под заказ
Задвижка запорная под приварку с цилиндрическим редуктором 2с-26-4 DN 300 PN 6,3 МПа Т425 °С, корпус ст. 25Л;Энергетическая арматура;2с-26-4;Вода - пар;от -45 до +40;У1;В;ОТК;30;500;12 месяцев со дня ввода в эксплуатацию, но не более 18 месяцев со дня отгрузки потребителю;Под приварку;Ручной;300;63;425;Углеродистая сталь;434;По запросу;733590;Под заказ
Задвижка запорная под приварку с коническим редуктором 2с-27-4 DN 300 PN 6,3 МПа Т425 °С, корпус ст. 25Л;Энергетическая арматура;2с-27-4;Вода - пар;от -45 до +40;У1;В;ОТК;30;500;12 месяцев со дня ввода в эксплуатацию, но не более 18 месяцев со дня отгрузки потребителю;Под приварку;Ручной;300;63;425;Углеродистая сталь;419;По запросу;725010;Под заказ
Задвижка запорная под приварку с цилиндрическим редуктором 2с-28-4 DN 300 PN 10,0 МПа Т450 °С, корпус ст. 25Л;Энергетическая арматура;2с-28-4;Вода - пар;от -45 до +40;У1;В;ОТК;30;500;12 месяцев со дня ввода в эксплуатацию, но не более 18 месяцев со дня отгрузки потребителю;Под приварку;Ручной;300;63;450;Углеродистая сталь;434;По запросу;733590;Под заказ
Задвижка запорная под приварку с коническим редуктором 2с-29-4 DN 300 PN 10,0 МПа Т450 °С, корпус ст. 25Л;Энергетическая арматура;2с-29-4;Вода - пар;от -45 до +40;У1;В;ОТК;30;500;12 месяцев со дня ввода в эксплуатацию, но не более 18 месяцев со дня отгрузки потребителю;Под приварку;Ручной;300;63;450;Углеродистая сталь;419;По запросу;725010;Под заказ
Задвижка запорная под приварку с коническим редуктором 1511-300-КЗ DN 300 PN 10,0 МПа Т450 °С, корпус ст. 15ГС;Энергетическая арматура;1511-300-КЗ;Вода - пар;От -60 до +40;ХЛ1;В;ОТК;30;500;12 месяцев со дня ввода в эксплуатацию, но не более 18 месяцев со дня отгрузки потребителю;Под приварку;Ручной;300;100;450;Конструкционная низколегированная сталь;585;По запросу;1867890;Под заказ
Задвижка запорная под приварку с цилиндрическим редуктором 1511-300-ЦЗ DN 300 PN 10,0 МПа Т450 °С, корпус ст. 15ГС;Энергетическая арматура;1511-300-ЦЗ;Вода - пар;От -60 до +40;ХЛ1;В;ОТК;30;500;12 месяцев со дня ввода в эксплуатацию, но не более 18 месяцев со дня отгрузки потребителю;Под приварку;Ручной;300;100;450;Конструкционная низколегированная сталь;613;По запросу;1867890;Под заказ
Задвижка запорная под приварку с электроприводом (ГЗ-Г.2500/24 У1) 1511-300-ЭГ DN 300 PN 10,0 МПа Т450 °С, корпус ст. 15ГС;Энергетическая арматура;1511-300-ЭГ;Вода - пар;От -60 до +40;ХЛ1;В;ОТК;30;500;12 месяцев со дня ввода в эксплуатацию, но не более 18 месяцев со дня отгрузки потребителю;Под приварку;С электроприводом;300;100;450;Конструкционная низколегированная сталь;695;По запросу;2161530;Под заказ
Задвижка запорная под приварку с электроприводом (Н-Г-11  У2) 1511-300-ЭМ DN 300 PN 10,0 МПа Т450 °С, корпус ст. 15ГС;Энергетическая арматура;1511-300-ЭМ;Вода - пар;От -60 до +40;ХЛ1;В;ОТК;30;500;12 месяцев со дня ввода в эксплуатацию, но не более 18 месяцев со дня отгрузки потребителю;Под приварку;С электроприводом;300;100;450;Конструкционная низколегированная сталь;605;По запросу;2174010;Под заказ
Задвижка запорная под приварку с электроприводом (ГИЮМ.303344.001-06) 1511-300-ЭН DN 300 PN 10,0 МПа Т450 °С, корпус ст. 15ГС;Энергетическая арматура;1511-300-ЭН;Вода - пар;От -60 до +40;ХЛ1;В;ОТК;30;500;12 месяцев со дня ввода в эксплуатацию, но не более 18 месяцев со дня отгрузки потребителю;Под приварку;С электроприводом;300;100;450;Конструкционная низколегированная сталь;600;По запросу;2267460;Под заказ
Задвижка запорная под приварку с электроприводом (ПЭМ-В34-1000-25-36М У2) 1511-300-ЭЧ DN 300 PN 10,0 МПа Т450 °С, корпус ст. 15ГС;Энергетическая арматура;1511-300-ЭЧ;Вода - пар;От -60 до +40;ХЛ1;В;ОТК;30;500;12 месяцев со дня ввода в эксплуатацию, но не более 18 месяцев со дня отгрузки потребителю;Под приварку;С электроприводом;300;100;450;Конструкционная низколегированная сталь;587;По запросу;2144520;Под заказ
Задвижка запорная под приварку с цилиндрическим редуктором 2с-26-4Н DN 300 PN 6,3 МПа Т425 °С, корпус ст. 25Л;Энергетическая арматура;2с-26-4Н;Вода - пар;от -45 до +40;У1;В;ОТК;30;500;12 месяцев со дня ввода в эксплуатацию, но не более 18 месяцев со дня отгрузки потребителю;Под приварку;Ручной;300;63;425;Углеродистая сталь;425;По запросу;0;Под заказ
Задвижка запорная под приварку с коническим редуктором 2с-27-4Н DN 300 PN 6,3 МПа Т425 °С, корпус ст. 25Л;Энергетическая арматура;2с-27-4Н;Вода - пар;от -45 до +40;У1;В;ОТК;30;500;12 месяцев со дня ввода в эксплуатацию, но не более 18 месяцев со дня отгрузки потребителю;Под приварку;Ручной;300;63;425;Углеродистая сталь;411;По запросу;0;Под заказ
Задвижка запорная под приварку с цилиндрическим редуктором 2с-28-4Н DN 300 PN 10,0 МПа Т450 °С, корпус ст. 25Л;Энергетическая арматура;2с-28-4Н;Вода - пар;от -45 до +40;У1;В;ОТК;30;500;12 месяцев со дня ввода в эксплуатацию, но не более 18 месяцев со дня отгрузки потребителю;Под приварку;Ручной;300;100;450;Углеродистая сталь;425;По запросу;0;Под заказ
Задвижка запорная под приварку с коническим редуктором 2с-29-4Н DN 300 PN 10,0 МПа Т450 °С, корпус ст. 25Л;Энергетическая арматура;2с-29-4Н;Вода - пар;от -45 до +40;У1;В;ОТК;30;500;12 месяцев со дня ввода в эксплуатацию, но не более 18 месяцев со дня отгрузки потребителю;Под приварку;Ручной;300;100;450;Углеродистая сталь;411;По запросу;0;Под заказ
Задвижка запорная под приварку с электроприводом (ГЗ-Г.2500/24 У1) 2с-ЭГ-4 DN 300 PN 10,0 МПа Т450 °С, корпус ст. 25Л;Энергетическая арматура;2с-ЭГ-4;Вода - пар;от -45 до +40;У1;В;ОТК;30;500;12 месяцев со дня ввода в эксплуатацию, но не более 18 месяцев со дня отгрузки потребителю;Под приварку;С электроприводом;300;100;450;Углеродистая сталь;575;По запросу;0;Под заказ
Задвижка запорная под приварку с электроприводом (Н-Г-11  У2) 2с-ЭМ-4 DN 300 PN 10,0 МПа Т450 °С, корпус ст. 25Л;Энергетическая арматура;2с-ЭМ-4;Вода - пар;от -45 до +40;У1;В;ОТК;30;500;12 месяцев со дня ввода в эксплуатацию, но не более 18 месяцев со дня отгрузки потребителю;Под приварку;С электроприводом;300;100;450;Углеродистая сталь;545;По запросу;0;Под заказ
Задвижка запорная под приварку с электроприводом (ГИЮМ.303344.001-06) 2с-ЭН-4 DN 300 PN 10,0 МПа Т450 °С, корпус ст. 25Л;Энергетическая арматура;2с-ЭН-4;Вода - пар;от -45 до +40;У1;В;ОТК;30;500;12 месяцев со дня ввода в эксплуатацию, но не более 18 месяцев со дня отгрузки потребителю;Под приварку;С электроприводом;300;100;450;Углеродистая сталь;475;По запросу;0;Под заказ
Задвижка запорная под приварку с коническим редуктором 880-300-КЗ DN 300 PN 37,3 МПа Т280 °С, корпус ст. 15ГС;Энергетическая арматура;880-300-КЗ;Вода;От -60 до +40;ХЛ1;В;ОТК;30;500;12 месяцев со дня ввода в эксплуатацию, но не более 18 месяцев со дня отгрузки потребителю;Под приварку;Ручной;300;373;280;Конструкционная низколегированная сталь;2210;По запросу;3426020;Под заказ
Задвижка запорная под приварку с цилиндрическим редуктором 880-300-ЦЗ DN 300 PN 37,3 МПа Т280 °С, корпус ст. 15ГС;Энергетическая арматура;880-300-ЦЗ;Вода;От -60 до +40;ХЛ1;В;ОТК;30;500;12 месяцев со дня ввода в эксплуатацию, но не более 18 месяцев со дня отгрузки потребителю;Под приварку;Ручной;300;373;280;Конструкционная низколегированная сталь;2232;По запросу;3426020;Под заказ
Задвижка запорная под приварку с электроприводом (797-Э-0) 880-300-Э DN 300 PN 37,3 МПа Т280 °С, корпус ст. 15ГС;Энергетическая арматура;880-300-Э;Вода;От -60 до +40;ХЛ1;В;ОТК;30;500;12 месяцев со дня ввода в эксплуатацию, но не более 18 месяцев со дня отгрузки потребителю;Под приварку;С электроприводом;300;373;280;Конструкционная низколегированная сталь;2372;По запросу;4142450;Под заказ
Задвижка запорная под приварку с электроприводом (ГЗ-Д.5000/12 У1) 880-300-ЭГ DN 300 PN 37,3 МПа Т280 °С, корпус ст. 15ГС;Энергетическая арматура;880-300-ЭГ;Вода;От -60 до +40;ХЛ1;В;ОТК;30;500;12 месяцев со дня ввода в эксплуатацию, но не более 18 месяцев со дня отгрузки потребителю;Под приварку;С электроприводом;300;373;280;Конструкционная низколегированная сталь;2359;По запросу;3841370;Под заказ
Задвижка запорная под приварку с электроприводом (Н-Д-17 У2) 880-300-ЭМ DN 300 PN 37,3 МПа Т280 °С, корпус ст. 15ГС;Энергетическая арматура;880-300-ЭМ;Вода;От -60 до +40;ХЛ1;В;ОТК;30;500;12 месяцев со дня ввода в эксплуатацию, но не более 18 месяцев со дня отгрузки потребителю;Под приварку;С электроприводом;300;373;280;Конструкционная низколегированная сталь;2342;По запросу;3801590;Под заказ
Задвижка запорная под приварку с коническим редуктором 882-300-КЗ DN 300 PN 23,5 МПа Т250 °С, корпус ст. 15ГС;Энергетическая арматура;882-300-КЗ;Вода;От -60 до +40;ХЛ1;В;ОТК;30;500;12 месяцев со дня ввода в эксплуатацию, но не более 18 месяцев со дня отгрузки потребителю;Под приварку;Ручной;300;235;250;Конструкционная низколегированная сталь;1488;По запросу;3218410;Под заказ
Задвижка запорная под приварку с цилиндрическим редуктором 882-300-ЦЗ DN 300 PN 23,5 МПа Т250 °С, корпус ст. 15ГС;Энергетическая арматура;882-300-ЦЗ;Вода;От -60 до +40;ХЛ1;В;ОТК;30;500;12 месяцев со дня ввода в эксплуатацию, но не более 18 месяцев со дня отгрузки потребителю;Под приварку;Ручной;300;235;250;Конструкционная низколегированная сталь;1509;По запросу;3218410;Под заказ
Задвижка запорная под приварку с электроприводом (795-Э-0) 882-300-Э DN 300 PN 23,5 МПа Т250 °С, корпус ст. 15ГС;Энергетическая арматура;882-300-Э;Вода;От -60 до +40;ХЛ1;В;ОТК;30;500;12 месяцев со дня ввода в эксплуатацию, но не более 18 месяцев со дня отгрузки потребителю;Под приварку;С электроприводом;300;235;250;Конструкционная низколегированная сталь;1570;По запросу;3682120;Под заказ
Задвижка запорная под приварку с электроприводом (ГЗ-Г.2500/24 У1) 882-300-ЭГ DN 300 PN 23,5 МПа Т250 °С, корпус ст. 15ГС;Энергетическая арматура;882-300-ЭГ;Вода;От -60 до +40;ХЛ1;В;ОТК;30;500;12 месяцев со дня ввода в эксплуатацию, но не более 18 месяцев со дня отгрузки потребителю;Под приварку;С электроприводом;300;235;250;Конструкционная низколегированная сталь;1593;По запросу;3633630;Под заказ
Задвижка запорная под приварку с электроприводом (Н-Г-11 У2) 882-300-ЭМ DN 300 PN 23,5 МПа Т250 °С, корпус ст. 15ГС;Энергетическая арматура;882-300-ЭМ;Вода;От -60 до +40;ХЛ1;В;ОТК;30;500;12 месяцев со дня ввода в эксплуатацию, но не более 18 месяцев со дня отгрузки потребителю;Под приварку;С электроприводом;300;235;250;Конструкционная низколегированная сталь;1596;По запросу;3642340;Под заказ
Задвижка запорная под приварку с электроприводом (ГИЮМ.303344.001-06) 882-300-ЭН DN 300 PN 23,5 МПа Т250 °С, корпус ст. 15ГС;Энергетическая арматура;882-300-ЭН;Вода;От -60 до +40;ХЛ1;В;ОТК;30;500;12 месяцев со дня ввода в эксплуатацию, но не более 18 месяцев со дня отгрузки потребителю;Под приварку;С электроприводом;300;235;250;Конструкционная низколегированная сталь;1536;По запросу;3721900;Под заказ
Задвижка запорная под приварку с коническим редуктором 883-300-КЗ DN 300 PN 13,7 МПа Т560 °С, корпус ст. 15Х1М1Ф;Энергетическая арматура;883-300-КЗ;Пар;От -60 до +40;УХЛ;В;ОТК;30;500;12 месяцев со дня ввода в эксплуатацию, но не более 18 месяцев со дня отгрузки потребителю;Под приварку;Ручной;300;137;560;Жаропрочная перлитная сталь;2390;По запросу;4485000;Под заказ
Задвижка запорная под приварку с коническим редуктором 883-300-КЗП DN 300 PN 13,7 МПа Т560 °С, корпус ст. 15Х1М1Ф;Энергетическая арматура;883-300-КЗП;Пар;От -60 до +40;УХЛ;В;ОТК;30;500;12 месяцев со дня ввода в эксплуатацию, но не более 18 месяцев со дня отгрузки потребителю;Под приварку;Ручной;300;137;560;Жаропрочная перлитная сталь;2390;По запросу;4485000;Под заказ
Задвижка запорная под приварку с цилиндрическим редуктором 883-300-ЦЗ DN 300 PN 13,7 МПа Т560 °С, корпус ст. 15Х1М1Ф;Энергетическая арматура;883-300-ЦЗ;Пар;От -60 до +40;УХЛ;В;ОТК;30;500;12 месяцев со дня ввода в эксплуатацию, но не более 18 месяцев со дня отгрузки потребителю;Под приварку;Ручной;300;137;560;Жаропрочная перлитная сталь;2400;По запросу;4485000;Под заказ
Задвижка запорная под приварку с цилиндрическим редуктором 883-300-ЦЗП DN 300 PN 13,7 МПа Т560 °С, корпус ст. 15Х1М1Ф;Энергетическая арматура;883-300-ЦЗП;Пар;От -60 до +40;УХЛ;В;ОТК;30;500;12 месяцев со дня ввода в эксплуатацию, но не более 18 месяцев со дня отгрузки потребителю;Под приварку;Ручной;300;137;560;Жаропрочная перлитная сталь;2400;По запросу;4485000;Под заказ
Задвижка запорная под приварку с электроприводом (797-Э-0) 883-300-Э DN 300 PN 13,7 МПа Т560 °С, корпус ст. 15Х1М1Ф;Энергетическая арматура;883-300-Э;Пар;От -60 до +40;УХЛ;В;ОТК;30;500;12 месяцев со дня ввода в эксплуатацию, но не более 18 месяцев со дня отгрузки потребителю;Под приварку;С электроприводом;300;137;560;Жаропрочная перлитная сталь;2560;По запросу;5218040;Под заказ
Задвижка запорная под приварку с электроприводом (ГЗ-Д.5000/12 У1) 883-300-ЭГ DN 300 PN 13,7 МПа Т560 °С, корпус ст. 15Х1М1Ф;Энергетическая арматура;883-300-ЭГ;Пар;От -60 до +40;УХЛ;В;ОТК;30;500;12 месяцев со дня ввода в эксплуатацию, но не более 18 месяцев со дня отгрузки потребителю;Под приварку;С электроприводом;300;137;560;Жаропрочная перлитная сталь;2442;По запросу;4808850;Под заказ
Задвижка запорная под приварку с электроприводом (Н-Д-17 У2) 883-300-ЭМ DN 300 PN 13,7 МПа Т560 °С, корпус ст. 15Х1М1Ф;Энергетическая арматура;883-300-ЭМ;Пар;От -60 до +40;УХЛ;В;ОТК;30;500;12 месяцев со дня ввода в эксплуатацию, но не более 18 месяцев со дня отгрузки потребителю;Под приварку;С электроприводом;300;137;560;Жаропрочная перлитная сталь;2556;По запросу;4808850;Под заказ
Задвижка запорная под приварку с электроприводом (AUMA SA16.2/GK30.2-F30-380/50/3-22) 884-300-ЭД DN 300 PN 13,7 МПа Т560 °С, корпус ст. 15Х1М1Ф;Энергетическая арматура;883-300-ЭД;Пар;От -60 до +40;УХЛ;В;ОТК;30;500;12 месяцев со дня ввода в эксплуатацию, но не более 18 месяцев со дня отгрузки потребителю;Под приварку;С электроприводом;300;137;560;Жаропрочная перлитная сталь;2363;По запросу;0;Под заказ
Задвижка запорная под приварку с электроприводом (797-Э-0) 884-325-Э DN 325 PN 28,4 МПа Т510 °С, корпус ст. 15Х1М1ФЛ;Энергетическая арматура;884-325-Э;Пар;От -60 до +40;УХЛ;В;ОТК;30;500;12 месяцев со дня ввода в эксплуатацию, но не более 18 месяцев со дня отгрузки потребителю;Под приварку;С электроприводом;325;284;510;Жаропрочная перлитная сталь;3113;По запросу;0;Под заказ
Задвижка запорная под приварку с электроприводом (Н-Д-17) 884-325-ЭМ DN 325 PN 28,4 МПа Т510 °С, корпус ст. 15Х1М1ФЛ;Энергетическая арматура;884-325-ЭМ;Пар;От -60 до +40;УХЛ;В;ОТК;30;500;12 месяцев со дня ввода в эксплуатацию, но не более 18 месяцев со дня отгрузки потребителю;Под приварку;С электроприводом;325;284;510;Жаропрочная перлитная сталь;3121;По запросу;0;Под заказ
Задвижка запорная под приварку с электроприводом (ГЗ-Д.5000/12) 884-325-ЭГ DN 325 PN 28,4 МПа Т510 °С, корпус ст. 15Х1М1ФЛ;Энергетическая арматура;884-325-ЭГ;Пар;От -60 до +40;УХЛ;В;ОТК;30;500;12 месяцев со дня ввода в эксплуатацию, но не более 18 месяцев со дня отгрузки потребителю;Под приварку;С электроприводом;325;284;510;Жаропрочная перлитная сталь;3009;По запросу;0;Под заказ
Задвижка запорная под приварку с электроприводом (AUMA SA16.2/GK30.2-F30-380/50/3-22) 884-325-ЭД DN 325 PN 28,4 МПа Т510 °С, корпус ст. 15Х1М1ФЛ;Энергетическая арматура;884-325-ЭД;Пар;От -60 до +40;УХЛ;В;ОТК;30;500;12 месяцев со дня ввода в эксплуатацию, но не более 18 месяцев со дня отгрузки потребителю;Под приварку;С электроприводом;325;284;510;Жаропрочная перлитная сталь;2938;По запросу;0;Под заказ
Задвижка запорная под приварку с электроприводом (854-Э-0) 880-325-ЭЛХМ DN 325 PN 37,3 МПа Т280 °С, корпус ст. 15Х1М1ФЛ;Энергетическая арматура;880-325-ЭЛХМ;Вода;От -60 до +40;УХЛ;В;ОТК;30;500;12 месяцев со дня ввода в эксплуатацию, но не более 18 месяцев со дня отгрузки потребителю;Под приварку;С электроприводом;325;373;280;Жаропрочная перлитная сталь;4000;По запросу;0;Под заказ
Задвижка запорная под приварку с электроприводом (AUMA SA16.2/GK40.2-F40-380/50/3-22) 880-325-ЭД DN 325 PN 37,3 МПа Т280 °С, корпус ст. 15Х1М1ФЛ;Энергетическая арматура;880-325-ЭД;Вода;От -60 до +40;УХЛ;В;ОТК;30;500;12 месяцев со дня ввода в эксплуатацию, но не более 18 месяцев со дня отгрузки потребителю;Под приварку;С электроприводом;325;373;280;Жаропрочная перлитная сталь;3682;По запросу;0;Под заказ
Задвижка запорная под приварку с цилиндрическим редуктором 2с-26-5Н DN 350 PN 6,3 МПа Т425 °С, корпус ст. 25Л;Энергетическая арматура;2с-26-5Н;Вода - пар;от -45 до +40;У1;В;ОТК;30;500;12 месяцев со дня ввода в эксплуатацию, но не более 18 месяцев со дня отгрузки потребителю;Под приварку;Ручной;350;6,3;425;Углеродистая сталь;550;По запросу;0;Под заказ
Задвижка запорная под приварку с коническим редуктором 2с-27-5Н DN 350 PN 6,3 МПа Т425 °С, корпус ст. 25Л;Энергетическая арматура;2с-27-5Н;Вода - пар;от -45 до +40;У1;В;ОТК;30;500;12 месяцев со дня ввода в эксплуатацию, но не более 18 месяцев со дня отгрузки потребителю;Под приварку;Ручной;350;6,3;425;Углеродистая сталь;540;По запросу;0;Под заказ
Задвижка запорная под приварку с электроприводом (ГЗ-Г.2500/24 У1) 2с-ЭГ-5 DN 350 PN 6,3 МПа Т425 °С, корпус ст. 25Л;Энергетическая арматура;2с-ЭГ-5;Вода - пар;от -45 до +40;У1;В;ОТК;30;500;12 месяцев со дня ввода в эксплуатацию, но не более 18 месяцев со дня отгрузки потребителю;Под приварку;С электроприводом;350;6,3;425;Углеродистая сталь;704;По запросу;0;Под заказ
Задвижка запорная под приварку с электроприводом (Н-Г-11 У2) 2с-ЭМ-5 DN 350 PN 6,3 МПа Т425 °С, корпус ст. 25Л;Энергетическая арматура;2с-ЭМ-5;Вода - пар;от -45 до +40;У1;В;ОТК;30;500;12 месяцев со дня ввода в эксплуатацию, но не более 18 месяцев со дня отгрузки потребителю;Под приварку;С электроприводом;350;6,3;425;Углеродистая сталь;674;По запросу;0;Под заказ
Задвижка запорная под приварку с электроприводом (ГИЮМ.303344.001-06) 2с-ЭН-5 DN 350 PN 6,3 МПа Т425 °С, корпус ст. 25Л;Энергетическая арматура;2с-ЭН-5;Вода - пар;от -45 до +40;У1;В;ОТК;30;500;12 месяцев со дня ввода в эксплуатацию, но не более 18 месяцев со дня отгрузки потребителю;Под приварку;С электроприводом;350;6,3;425;Углеродистая сталь;604;По запросу;0;Под заказ
Задвижка запорная под приварку с электроприводом (ГЗ-Г.2500/24 У1) 2с-25-6ЭГ DN 400 PN 10,0 МПа Т450 °С, корпус ст. 25Л;Энергетическая арматура;2с-25-6ЭГ;Вода - пар;от -45 до +40;У1;В;ОТК;30;500;12 месяцев со дня ввода в эксплуатацию, но не более 18 месяцев со дня отгрузки потребителю;Под приварку;С электроприводом;400;100;450;Углеродистая сталь;755;По запросу;0;Под заказ
Задвижка запорная под приварку с электроприводом (Н-Г-11 У2) 2с-25-6ЭМ DN 400 PN 10,0 МПа Т450 °С, корпус ст. 25Л;Энергетическая арматура;2с-25-6ЭМ;Вода - пар;от -45 до +40;У1;В;ОТК;30;500;12 месяцев со дня ввода в эксплуатацию, но не более 18 месяцев со дня отгрузки потребителю;Под приварку;С электроприводом;400;100;450;Углеродистая сталь;725;По запросу;0;Под заказ
Задвижка запорная под приварку с электроприводом (Н-Г-11 У2) 2с-25-6ЭН DN 400 PN 10,0 МПа Т450 °С, корпус ст. 25Л;Энергетическая арматура;2с-25-6ЭН;Вода - пар;от -45 до +40;У1;В;ОТК;30;500;12 месяцев со дня ввода в эксплуатацию, но не более 18 месяцев со дня отгрузки потребителю;Под приварку;С электроприводом;400;100;450;Углеродистая сталь;655;По запросу;0;Под заказ
Задвижка запорная под приварку с цилиндрическим редуктором 2с-26-6 DN 400 PN 6,3 МПа Т425 °С, корпус ст. 25Л;Энергетическая арматура;2с-26-6;Вода - пар;от -45 до +40;У1;В;ОТК;30;500;12 месяцев со дня ввода в эксплуатацию, но не более 18 месяцев со дня отгрузки потребителю;Под приварку;Ручной;400;6,3;425;Углеродистая сталь;603;По запросу;0;Под заказ
Задвижка запорная под приварку с коническим редуктором 2с-27-6 DN 400 PN 6,3 МПа Т425 °С, корпус ст. 25Л;Энергетическая арматура;2с-27-6;Вода - пар;от -45 до +40;У1;В;ОТК;30;500;12 месяцев со дня ввода в эксплуатацию, но не более 18 месяцев со дня отгрузки потребителю;Под приварку;Ручной;400;6,3;425;Углеродистая сталь;602;По запросу;0;Под заказ
Задвижка запорная под приварку с цилиндрическим редуктором 2с-28-6 DN 400 PN 10,0 МПа Т450 °С, корпус ст. 25Л;Энергетическая арматура;2с-28-6;Вода - пар;от -45 до +40;У1;В;ОТК;30;500;12 месяцев со дня ввода в эксплуатацию, но не более 18 месяцев со дня отгрузки потребителю;Под приварку;Ручной;400;100;450;Углеродистая сталь;603;По запросу;0;Под заказ
Задвижка запорная под приварку с коническим редуктором 2с-29-6 DN 400 PN 10,0 МПа Т450 °С, корпус ст. 25Л;Энергетическая арматура;2с-29-6;Вода - пар;от -45 до +40;У1;В;ОТК;30;500;12 месяцев со дня ввода в эксплуатацию, но не более 18 месяцев со дня отгрузки потребителю;Под приварку;Ручной;400;100;450;Углеродистая сталь;602;По запросу;0;Под заказ
Задвижка запорная под приварку с шарнирной муфтой 933-100-Г DN 100 PN 11,0 МПа Т300 °С, корпус ст. 08Х18Н10Т;Энергетическая арматура;933-100-Г;Вода - пар;От -60 до +40;УХЛ;В;ОТК;30;500;12 месяцев со дня ввода в эксплуатацию, но не более 18 месяцев со дня отгрузки потребителю;Под приварку;Ручной;400;110;300;Коррозионностойкая сталь;310;По запросу;0;Под заказ
Задвижка запорная под приварку с электроприводом (Н-В-08) 933-100-Э DN 100 PN 11,0 МПа Т300 °С, корпус ст. 08Х18Н10Т;Энергетическая арматура;933-100-Э;Вода - пар;От -60 до +40;УХЛ;В;ОТК;30;500;12 месяцев со дня ввода в эксплуатацию, но не более 18 месяцев со дня отгрузки потребителю;Под приварку;С электроприводом;100;110;300;Коррозионностойкая сталь;323;По запросу;0;Под заказ
Задвижка запорная под приварку с электроприводом 1059-125-Э DN 125 PN 18,0 МПа Т350 °С, корпус ст. 08Х18Н10Т;Энергетическая арматура;1059-125-Э;Вода - пар;От -60 до +40;УХЛ;В;ОТК;30;500;12 месяцев со дня ввода в эксплуатацию, но не более 18 месяцев со дня отгрузки потребителю;Под приварку;С электроприводом;125;180;350;Коррозионностойкая сталь;460;По запросу;0;Под заказ
Задвижка запорная под приварку с электроприводом 1059-125-Э-01 DN 125 PN 18,0 МПа Т350 °С, корпус ст. 08Х18Н10Т;Энергетическая арматура;1059-125-Э-01;Вода - пар;От -60 до +40;УХЛ;В;ОТК;30;500;12 месяцев со дня ввода в эксплуатацию, но не более 18 месяцев со дня отгрузки потребителю;Под приварку;С электроприводом;125;180;350;Коррозионностойкая сталь;460;По запросу;0;Под заказ
Задвижка запорная под приварку с электроприводом 1059-125-Э-02 DN 125 PN 14,0 МПа Т335 °С, корпус ст. 08Х18Н10Т;Энергетическая арматура;1059-125-Э-02;Вода - пар;От -60 до +40;УХЛ;В;ОТК;30;500;12 месяцев со дня ввода в эксплуатацию, но не более 18 месяцев со дня отгрузки потребителю;Под приварку;С электроприводом;125;140;335;Коррозионностойкая сталь;464;По запросу;0;Под заказ
Задвижка запорная под приварку с шарнирной муфтой 932-150-Г DN 150 PN 11,0 МПа Т300 °С, корпус ст. 20;Энергетическая арматура;932-150-Г;Вода - пар;от -45 до +40;У1;В;ОТК;30;500;12 месяцев со дня ввода в эксплуатацию, но не более 18 месяцев со дня отгрузки потребителю;Под приварку;Ручной;150;110;300;Углеродистая сталь;309;По запросу;528840;Под заказ
Задвижка запорная под приварку с коническим редуктором 932-150-КЗ DN 150 PN 11,0 МПа Т300 °С, корпус ст. 20;Энергетическая арматура;932-150-КЗ;Вода - пар;от -45 до +40;У1;В;ОТК;30;500;12 месяцев со дня ввода в эксплуатацию, но не более 18 месяцев со дня отгрузки потребителю;Под приварку;Ручной;150;110;300;Углеродистая сталь;326;По запросу;550290;Под заказ
Задвижка запорная под приварку с цилиндрическим редуктором 932-150-ЦЗ DN 150 PN 11,0 МПа Т300 °С, корпус ст. 20;Энергетическая арматура;932-150-ЦЗ;Вода - пар;от -45 до +40;У1;В;ОТК;30;500;12 месяцев со дня ввода в эксплуатацию, но не более 18 месяцев со дня отгрузки потребителю;Под приварку;Ручной;150;110;300;Углеродистая сталь;346;По запросу;574470;Под заказ
Задвижка запорная под приварку с шарнирной муфтой 933-150-Г DN 150 PN 11,0 МПа Т300 °С, корпус ст. 08Х18Н10Т;Энергетическая арматура;933-150-Г;Вода - пар;От -60 до +40;УХЛ;В;ОТК;30;500;12 месяцев со дня ввода в эксплуатацию, но не более 18 месяцев со дня отгрузки потребителю;Под приварку;Ручной;150;110;300;Коррозионностойкая сталь;309;По запросу;0;Под заказ
Задвижка запорная под приварку с коническим редуктором 933-150-КЗ DN 150 PN 11,0 МПа Т300 °С, корпус ст. 08Х18Н10Т;Энергетическая арматура;933-150-КЗ;Вода - пар;От -60 до +40;УХЛ;В;ОТК;30;500;12 месяцев со дня ввода в эксплуатацию, но не более 18 месяцев со дня отгрузки потребителю;Под приварку;Ручной;150;110;300;Коррозионностойкая сталь;326;По запросу;0;Под заказ
Задвижка запорная под приварку с электроприводом 933-150-Э DN 150 PN 11,0 МПа Т300 °С, корпус ст. 08Х18Н10Т;Энергетическая арматура;933-150-Э;Вода - пар;От -60 до +40;УХЛ;В;ОТК;30;500;12 месяцев со дня ввода в эксплуатацию, но не более 18 месяцев со дня отгрузки потребителю;Под приварку;С электроприводом;150;110;300;Коррозионностойкая сталь;418;По запросу;0;Под заказ
Задвижка запорная под приварку с электроприводом 933-150-ЭБ DN 150 PN 11,0 МПа Т300 °С, корпус ст. 08Х18Н10Т;Энергетическая арматура;933-150-ЭБ;Вода - пар;От -60 до +40;УХЛ;В;ОТК;30;500;12 месяцев со дня ввода в эксплуатацию, но не более 18 месяцев со дня отгрузки потребителю;Под приварку;С электроприводом;150;110;300;Коррозионностойкая сталь;423;По запросу;0;Под заказ
Задвижка запорная под приварку с шарнирной муфтой 932-200-Г DN 200 PN 11,0 МПа Т300 °С, корпус ст. 20;Энергетическая арматура;932-200-Г;Вода - пар;от -45 до +40;У1;В;ОТК;30;500;12 месяцев со дня ввода в эксплуатацию, но не более 18 месяцев со дня отгрузки потребителю;Под приварку;Ручной;200;110;300;Углеродистая сталь;753;По запросу;683860;Под заказ
Задвижка запорная под приварку с коническим редуктором 932-200-КЗ DN 200 PN 11,0 МПа Т300 °С, корпус ст. 20;Энергетическая арматура;932-200-КЗ;Вода - пар;от -45 до +40;У1;В;ОТК;30;500;12 месяцев со дня ввода в эксплуатацию, но не более 18 месяцев со дня отгрузки потребителю;Под приварку;Ручной;200;110;300;Углеродистая сталь;753;По запросу;683860;Под заказ
Задвижка запорная под приварку с цилиндрическим редуктором 932-200-ЦЗ DN 200 PN 11,0 МПа Т300 °С, корпус ст. 20;Энергетическая арматура;932-200-ЦЗ;Вода - пар;от -45 до +40;У1;В;ОТК;30;500;12 месяцев со дня ввода в эксплуатацию, но не более 18 месяцев со дня отгрузки потребителю;Под приварку;Ручной;200;110;300;Углеродистая сталь;772;По запросу;694980;Под заказ
Задвижка запорная под приварку с электроприводом 932-200-Э DN 200 PN 11,0 МПа Т300 °С, корпус ст. 20;Энергетическая арматура;932-200-Э;Вода - пар;от -45 до +40;У1;В;ОТК;30;500;12 месяцев со дня ввода в эксплуатацию, но не более 18 месяцев со дня отгрузки потребителю;Под приварку;С электроприводом;200;110;300;Углеродистая сталь;815;По запросу;801000;Под заказ
Задвижка запорная под приварку с шарнирной муфтой 933-200-Г DN 200 PN 11,0 МПа Т300 °С, корпус ст. 08Х18Н10Т;Энергетическая арматура;933-200-Г;Вода - пар;От -60 до +40;УХЛ;В;ОТК;30;500;12 месяцев со дня ввода в эксплуатацию, но не более 18 месяцев со дня отгрузки потребителю;Под приварку;Ручной;200;110;300;Коррозионностойкая сталь;740;По запросу;0;Под заказ
Задвижка запорная под приварку с коническим редуктором 933-200-КЗ DN 200 PN 11,0 МПа Т300 °С, корпус ст. 08Х18Н10Т;Энергетическая арматура;933-200-КЗ;Вода - пар;От -60 до +40;УХЛ;В;ОТК;30;500;12 месяцев со дня ввода в эксплуатацию, но не более 18 месяцев со дня отгрузки потребителю;Под приварку;Ручной;200;110;300;Коррозионностойкая сталь;746;По запросу;0;Под заказ
Задвижка запорная под приварку с электроприводом 933-200-Э DN 200 PN 11,0 МПа Т300 °С, корпус ст. 08Х18Н10Т;Энергетическая арматура;933-200-Э;Вода - пар;От -60 до +40;УХЛ;В;ОТК;30;500;12 месяцев со дня ввода в эксплуатацию, но не более 18 месяцев со дня отгрузки потребителю;Под приварку;С электроприводом;200;110;300;Коррозионностойкая сталь;815;По запросу;0;Под заказ
Задвижка запорная под приварку с электроприводом (793-Э-0) 1016-250-Э DN 250 PN 10,0 МПа Т450 °С, корпус ст. 15ГС;Энергетическая арматура;1016-250-Э;Вода - пар;От -60 до +40;ХЛ1;В;ОТК;30;500;12 месяцев со дня ввода в эксплуатацию, но не более 18 месяцев со дня отгрузки потребителю;Под приварку;С электроприводом;250;100;450;Конструкционная низколегированная сталь;620;По запросу;1473020;Под заказ
Задвижка запорная под приварку с шарнирной муфтой 933-300-Г DN 300 PN 11,0 МПа Т300 °С, корпус ст. 08Х18Н10Т;Энергетическая арматура;933-300-Г;Вода - пар;От -60 до +40;УХЛ;В;ОТК;30;500;12 месяцев со дня ввода в эксплуатацию, но не более 18 месяцев со дня отгрузки потребителю;Под приварку;Ручной;300;110;300;Коррозионностойкая сталь;1435;По запросу;0;Под заказ
Задвижка запорная под приварку с коническим редуктором 933-300-КЗ DN 300 PN 11,0 МПа Т300 °С, корпус ст. 08Х18Н10Т;Энергетическая арматура;933-300-КЗ;Вода - пар;От -60 до +40;УХЛ;В;ОТК;30;500;12 месяцев со дня ввода в эксплуатацию, но не более 18 месяцев со дня отгрузки потребителю;Под приварку;Ручной;300;110;300;Коррозионностойкая сталь;1470;По запросу;0;Под заказ
Задвижка запорная под приварку с коническим редуктором 933-300-ЦЗ DN 300 PN 11,0 МПа Т300 °С, корпус ст. 08Х18Н10Т;Энергетическая арматура;933-300-ЦЗ;Вода - пар;От -60 до +40;УХЛ;В;ОТК;30;500;12 месяцев со дня ввода в эксплуатацию, но не более 18 месяцев со дня отгрузки потребителю;Под приварку;Ручной;300;110;300;Коррозионностойкая сталь;1505;По запросу;0;Под заказ
Задвижка запорная под приварку с электроприводом 933-300-Э DN 300 PN 11,0 МПа Т300 °С, корпус ст. 08Х18Н10Т;Энергетическая арматура;933-300-Э;Вода - пар;От -60 до +40;УХЛ;В;ОТК;30;500;12 месяцев со дня ввода в эксплуатацию, но не более 18 месяцев со дня отгрузки потребителю;Под приварку;С электроприводом;300;110;300;Коррозионностойкая сталь;1576;По запросу;0;Под заказ
Задвижка запорная под приварку с электроприводом 933-300-ЭБ-01 DN 300 PN 4,0 МПа Т250 °С, корпус ст. 08Х18Н10Т;Энергетическая арматура;933-300-ЭБ-01;Вода;От -60 до +40;УХЛ;В;ОТК;30;500;12 месяцев со дня ввода в эксплуатацию, но не более 18 месяцев со дня отгрузки потребителю;Под приварку;С электроприводом;300;40;250;Коррозионностойкая сталь;1570;По запросу;0;Под заказ
Задвижка запорная под приварку с электроприводом 1059-300-Эа DN 300 PN 18,0 МПа Т350 °С, корпус ст. 08Х18Н10Т;Энергетическая арматура;1059-300-Эа;Вода - пар;От -60 до +40;УХЛ;В;ОТК;30;500;12 месяцев со дня ввода в эксплуатацию, но не более 18 месяцев со дня отгрузки потребителю;Под приварку;С электроприводом;300;180;350;Коррозионностойкая сталь;1630;По запросу;0;Под заказ
Задвижка запорная под приварку с электроприводом 1059-300-Эа-01 DN 300 PN 18,0 МПа Т350 °С, корпус ст. 08Х18Н10Т;Энергетическая арматура;1059-300-Э-01;Вода - пар;От -60 до +40;УХЛ;В;ОТК;30;500;12 месяцев со дня ввода в эксплуатацию, но не более 18 месяцев со дня отгрузки потребителю;Под приварку;С электроприводом;300;180;350;Коррозионностойкая сталь;1632;По запросу;0;Под заказ
Задвижка запорная под приварку с шарнирной муфтой 895-400-ГА DN 400 PN 11,0 МПа Т300 °С, корпус ст. 15ГС;Энергетическая арматура;895-400-ГА;Вода - пар;От -60 до +40;ХЛ1;В;ОТК;30;500;12 месяцев со дня ввода в эксплуатацию, но не более 18 месяцев со дня отгрузки потребителю;Под приварку;Ручной;400;110;300;Конструкционная низколегированная сталь;2422;По запросу;0;Под заказ
Задвижка запорная под приварку с коническим редуктором 895-400-КЗА DN 400 PN 11,0 МПа Т300 °С, корпус ст. 15ГС;Энергетическая арматура;895-400-КЗА;Вода - пар;От -60 до +40;ХЛ1;В;ОТК;30;500;12 месяцев со дня ввода в эксплуатацию, но не более 18 месяцев со дня отгрузки потребителю;Под приварку;Ручной;400;110;300;Конструкционная низколегированная сталь;2382;По запросу;0;Под заказ
Задвижка запорная под приварку с цилиндрическим редуктором 895-400-ЦЗА DN 400 PN 11,0 МПа Т300 °С, корпус ст. 15ГС;Энергетическая арматура;895-400-ЦЗА;Вода - пар;От -60 до +40;ХЛ1;В;ОТК;30;500;12 месяцев со дня ввода в эксплуатацию, но не более 18 месяцев со дня отгрузки потребителю;Под приварку;Ручной;400;110;300;Конструкционная низколегированная сталь;2420;По запросу;0;Под заказ
Задвижка запорная под приварку с электроприводом 895-400-ЭА DN 400 PN 11,0 МПа Т300 °С, корпус ст. 15ГС;Энергетическая арматура;895-400-ЭА;Вода - пар;От -60 до +40;ХЛ1;В;ОТК;30;500;12 месяцев со дня ввода в эксплуатацию, но не более 18 месяцев со дня отгрузки потребителю;Под приварку;С электроприводом;400;110;300;Конструкционная низколегированная сталь;2470;По запросу;0;Под заказ
Задвижка запорная под приварку с электроприводом 895-400-ЭБА DN 400 PN 12,0 МПа Т300 °С, корпус ст. 15ГС;Энергетическая арматура;895-400-ЭБА;Вода - пар;От -60 до +40;ХЛ1;В;ОТК;30;500;12 месяцев со дня ввода в эксплуатацию, но не более 18 месяцев со дня отгрузки потребителю;Под приварку;С электроприводом;400;120;300;Конструкционная низколегированная сталь;2526;По запросу;0;Под заказ
Задвижка запорная под приварку с электроприводом 1080-400-Э DN 400 PN 12,0 МПа Т250 °С, корпус ст. 15ГС;Энергетическая арматура;1080-400-Э;Вода;От -60 до +40;ХЛ1;В;ОТК;30;500;12 месяцев со дня ввода в эксплуатацию, но не более 18 месяцев со дня отгрузки потребителю;Под приварку;С электроприводом;400;120;250;Конструкционная низколегированная сталь;2084;По запросу;0;Под заказ
Задвижка запорная под приварку с электроприводом 1080-400-Э-02 DN 400 PN 6,0 МПа Т275 °С, корпус ст. 15ГС;Энергетическая арматура;1080-400-Э-02;Вода - пар;От -60 до +40;ХЛ1;В;ОТК;30;500;12 месяцев со дня ввода в эксплуатацию, но не более 18 месяцев со дня отгрузки потребителю;Под приварку;С электроприводом;400;60;275;Конструкционная низколегированная сталь;2077;По запросу;0;Под заказ
Клапан предохранительный под приварку Э-2875-0А DN 250 PN 4,6 МПа Т260 °С, корпус ст. 20;Энергетическая арматура;Э-2875-0А;Вода - пар;от -45 до +40;У1;В;ОТК;30;400;12 месяцев со дня ввода в эксплуатацию, но не более 18 месяцев со дня отгрузки потребителю;Под приварку;;250;46;260;Углеродистая сталь;580;По запросу;0;Под заказ
Клапан (затвор) обратный под приварку 943-50-0 DN 50 PN 20,0 МПа Т350 °С, корпус ст. 08Х18Н10Т;Энергетическая арматура;943-50-0;Вода - пар;От -60 до +40;УХЛ;В;ОТК;30;1000;12 месяцев со дня ввода в эксплуатацию, но не более 18 месяцев со дня отгрузки потребителю;Под приварку;;500;200;350;Коррозионностойкая сталь;10,4;По запросу;0;Под заказ
Клапан (затвор) обратный под приварку 943-125-0 DN 125 PN 20,0 МПа Т350 °С, корпус ст. 08Х18Н10Т;Энергетическая арматура;943-125-0;Вода - пар;От -60 до +40;УХЛ;В;ОТК;30;1000;12 месяцев со дня ввода в эксплуатацию, но не более 18 месяцев со дня отгрузки потребителю;Под приварку;;125;200;350;Коррозионностойкая сталь;139;По запросу;0;Под заказ
Клапан (затвор) обратный под приварку 943-250-0 DN 250 PN 14,0 МПа Т335 °С, корпус ст. 08Х18Н10Т;Энергетическая арматура;943-250-0;Вода - пар;От -60 до +40;УХЛ;В;ОТК;30;1000;12 месяцев со дня ввода в эксплуатацию, но не более 18 месяцев со дня отгрузки потребителю;Под приварку;;250;140;335;Коррозионностойкая сталь;715;По запросу;0;Под заказ
Клапан (затвор) обратный под приварку 1048-500-0А DN 500 PN 12,0 МПа Т250 °С, корпус ст. 20;Энергетическая арматура;1048-500-0А;Вода;от -45 до +40;У1;В;ОТК;30;1000;12 месяцев со дня ввода в эксплуатацию, но не более 18 месяцев со дня отгрузки потребителю;Под приварку;;500;120;250;Углеродистая сталь;560;По запросу;0;Под заказ
Клапан регулирующий с электроприводом под приварку 1074-20-Э DN 20 PN 24,5 МПа Т100 °С, корпус ст. 08Х18Н10Т;Энергетическая арматура;1074-20-Э;Вода - пар;От -60 до +40;УХЛ;В;ОТК;30;1500;12 месяцев со дня ввода в эксплуатацию, но не более 18 месяцев со дня отгрузки потребителю;Под приварку;С электроприводом;100;245;100;Коррозионностойкая сталь;144;По запросу;0;Под заказ
Клапан регулирующий с электроприводом под приварку 1074-100-Э DN 100 PN 24,5 МПа Т100 °С, корпус ст. 08Х18Н10Т;Энергетическая арматура;1074-100-Э;Вода - пар;От -60 до +40;УХЛ;В;ОТК;30;1000;12 месяцев со дня ввода в эксплуатацию, но не более 18 месяцев со дня отгрузки потребителю;Под приварку;С электроприводом;100;245;100;Коррозионностойкая сталь;414;По запросу;0;Под заказ
Клапан регулирующий с электроприводом под приварку 1074-100-Э-01 DN 100 PN 24,5 МПа Т100 °С, корпус ст. 08Х18Н10Т;Энергетическая арматура;1074-100-Э-01;Вода - пар;От -60 до +40;УХЛ;В;ОТК;30;1000;12 месяцев со дня ввода в эксплуатацию, но не более 18 месяцев со дня отгрузки потребителю;Под приварку;С электроприводом;100;245;100;Коррозионностойкая сталь;414;По запросу;0;Под заказ
Клапан регулирующий ручной под приварку 934-250-0а DN 250 PN 3,9 МПа Т60 °С, корпус ст. 20;Энергетическая арматура;934-250-0А;Вода;от -45 до +40;У1;В;ОТК;30;1000;12 месяцев со дня ввода в эксплуатацию, но не более 18 месяцев со дня отгрузки потребителю;Под приварку;Ручной;250;39;60;Углеродистая сталь;649;По запросу;0;Под заказ
Клапан запорно-дроссельный с электроприводом под приварку 936-150/250-Э DN 150 PN 7,8 МПа Т300 °С, корпус ст. 20;Энергетическая арматура;936-150/250-Э;Пар;от -45 до +40;У1;В;ОТК;30;500;12 месяцев со дня ввода в эксплуатацию, но не более 18 месяцев со дня отгрузки потребителю;Под приварку;С электроприводом;150;78;300;Углеродистая сталь;895;По запросу;0;Под заказ
Клапан регулирующий ручной под приварку 1046-250-0 DN 250 PN 12,0 МПа Т250 °С, корпус ст. 20;Энергетическая арматура;1046-250-0;Вода;от -45 до +40;У1;В;ОТК;30;1000;12 месяцев со дня ввода в эксплуатацию, но не более 18 месяцев со дня отгрузки потребителю;Под приварку;Ручной;250;120;250;Углеродистая сталь;663;По запросу;0;Под заказ
Задвижка запорная под приварку с цилиндрическим редуктором 887-150-ЦЗ DN 150 PN 4,0 МПа Т545 °С, корпус ст. 15Х1М1Ф;Энергетическая арматура;887-150-ЦЗ;Пар;От -60 до +40;УХЛ;В;ОТК;30;500;12 месяцев со дня ввода в эксплуатацию, но не более 18 месяцев со дня отгрузки потребителю;Под приварку;Ручной;150;40;545;Жаропрочная перлитная сталь;398;По запросу;988000;Под заказ
Задвижка запорная под приварку с электроприводом 887-150-Э DN 150 PN 4,0 МПа Т545 °С, корпус ст. 15Х1М1Ф;Энергетическая арматура;887-150-Э;Пар;От -60 до +40;УХЛ;В;ОТК;30;500;12 месяцев со дня ввода в эксплуатацию, но не более 18 месяцев со дня отгрузки потребителю;Под приварку;С электроприводом;150;40;545;Жаропрочная перлитная сталь;437;По запросу;1197600;Под заказ
Задвижка запорная под приварку ручная 1016-250-М DN 250 PN 10,0 МПа Т450 °С, корпус ст. 15ГС;Энергетическая арматура;1016-250-М;Вода - пар;От -60 до +40;ХЛ1;В;ОТК;30;500;12 месяцев со дня ввода в эксплуатацию, но не более 18 месяцев со дня отгрузки потребителю;Под приварку;Ручной;250;100;450;Конструкционная низколегированная сталь;565;По запросу;1511440;Под заказ
Задвижка запорная под приварку с цилиндрическим редуктором 1016-250-ЦЗ DN 250 PN 10,0 МПа Т450 °С, корпус ст. 15ГС;Энергетическая арматура;1016-250-ЦЗ;Вода - пар;От -60 до +40;ХЛ1;В;ОТК;30;500;12 месяцев со дня ввода в эксплуатацию, но не более 18 месяцев со дня отгрузки потребителю;Под приварку;Ручной;250;100;450;Конструкционная низколегированная сталь;604;По запросу;1613700;Под заказ
Задвижка запорная под приварку с коническим редуктором 1016-250-КЗ DN 250 PN 10,0 МПа Т450 °С, корпус ст. 15ГС;Энергетическая арматура;1016-250-КЗ;Вода - пар;От -60 до +40;ХЛ1;В;ОТК;30;500;12 месяцев со дня ввода в эксплуатацию, но не более 18 месяцев со дня отгрузки потребителю;Под приварку;Ручной;250;100;450;Конструкционная низколегированная сталь;600;По запросу;1597850;Под заказ
Задвижка запорная под приварку ручная 963-300-ГИ DN 300 PN 25,0 МПа Т545 °С, корпус ст. 15Х1М1Ф;Энергетическая арматура;963-300-ГИ;Пар;От -60 до +40;УХЛ;В;ОТК;30;500;12 месяцев со дня ввода в эксплуатацию, но не более 18 месяцев со дня отгрузки потребителю;Под приварку;Ручной;300;250;545;Жаропрочная перлитная сталь;2600;По запросу;0;Под заказ
Задвижка запорная под приварку с цилиндрическим редуктором 850-350-ЦЗ DN 350 PN 4,0 МПа Т545 °С, корпус ст. 15Х1М1ФЛ;Энергетическая арматура;850-350-ЦЗ;Пар;От -60 до +40;УХЛ;В;ОТК;30;500;12 месяцев со дня ввода в эксплуатацию, но не более 18 месяцев со дня отгрузки потребителю;Под приварку;Ручной;350;40;545;Жаропрочная перлитная сталь;1090;По запросу;0;Под заказ
Задвижка запорная под приварку с электроприводом 880-350-Э DN 350 PN 37,3 МПа Т280 °С, корпус ст. 15ГС;Энергетическая арматура;880-350-Э;Вода;От -60 до +40;ХЛ1;В;ОТК;30;500;12 месяцев со дня ввода в эксплуатацию, но не более 18 месяцев со дня отгрузки потребителю;Под приварку;С электроприводом;350;373;280;Конструкционная низколегированная сталь;4488;По запросу;0;Под заказ
Задвижка запорная под приварку с цилиндрическим редуктором 850-400-ЦЗ DN 400 PN 4,0 МПа Т545 °С, корпус ст. 15Х1М1ФЛ;Энергетическая арматура;850-400-ЦЗ;Пар;От -60 до +40;УХЛ;В;ОТК;30;500;12 месяцев со дня ввода в эксплуатацию, но не более 18 месяцев со дня отгрузки потребителю;Под приварку;Ручной;400;40;545;Жаропрочная перлитная сталь;2159;По запросу;0;Под заказ
Задвижка запорная под приварку с электроприводом (795-Э-0-II-01) 850-400-Э DN 400 PN 4,0 МПа Т545 °С, корпус ст. 15Х1М1ФЛ;Энергетическая арматура;850-400-Э;Пар;От -60 до +40;УХЛ;В;ОТК;30;500;12 месяцев со дня ввода в эксплуатацию, но не более 18 месяцев со дня отгрузки потребителю;Под приварку;С электроприводом;400;40;545;Жаропрочная перлитная сталь;2259;По запросу;0;Под заказ
Задвижка запорная под приварку с электроприводом (854-Э-0) 880-400-ЭА DN 400 PN 37,3 МПа Т280 °С, корпус ст. 20ГСЛ;Энергетическая арматура;880-400-ЭА;Вода;От -60 до +40;ХЛ1;В;ОТК;30;500;12 месяцев со дня ввода в эксплуатацию, но не более 18 месяцев со дня отгрузки потребителю;Под приварку;С электроприводом;400;373;280;Легированная сталь;4605;По запросу;0;Под заказ
Задвижка запорная под приварку с цилиндрическим редуктором 850-450-ЦЗ DN 450 PN 4,0 МПа Т545 °С, корпус ст. 15Х1М1ФЛ;Энергетическая арматура;850-450-ЦЗ;Пар;От -60 до +40;УХЛ;В;ОТК;30;500;12 месяцев со дня ввода в эксплуатацию, но не более 18 месяцев со дня отгрузки потребителю;Под приварку;Ручной;450;40;545;Жаропрочная перлитная сталь;2135;По запросу;0;Под заказ
Задвижка запорная под приварку с электроприводом (795-Э-0-II-01) 850-450-Э DN 450 PN 4,0 МПа Т545 °С, корпус ст. 15Х1М1ФЛ;Энергетическая арматура;850-450-Э;Пар;От -60 до +40;УХЛ;В;ОТК;30;500;12 месяцев со дня ввода в эксплуатацию, но не более 18 месяцев со дня отгрузки потребителю;Под приварку;С электроприводом;450;40;545;Жаропрочная перлитная сталь;2259;По запросу;0;Под заказ
Задвижка запорная под приварку с электроприводом (854-Э-0) 880-350-ЭЛ DN 350 PN 37,3 МПа Т280 °С, корпус ст. 20ГСЛ;Энергетическая арматура;880-350-ЭЛ;Вода;От -60 до +40;ХЛ1;В;ОТК;30;500;12 месяцев со дня ввода в эксплуатацию, но не более 18 месяцев со дня отгрузки потребителю;Под приварку;С электроприводом;350;373;280;Легированная сталь;4488;По запросу;0;Под заказ
Клапан предохранительный под приварку 694-250/400-0Б DN 250 PN 4,0 МПа  Т545 °С, корпус ст. 15Х1М1ФЛ;Энергетическая арматура;694-250/400-0Б;Пар;От -60 до +40;УХЛ;В;ОТК;30;400;12 месяцев со дня ввода в эксплуатацию, но не более 18 месяцев со дня отгрузки потребителю;Под приварку;;250;40;545;Жаропрочная перлитная сталь;767;По запросу;0;Под заказ
Клапан (затвор) обратный под приварку 912-100-0A DN 100 PN 37,3 МПа Т280 °С, корпус ст. 20;Энергетическая арматура;912-100-0А;Вода;от -45 до +40;У1;В;ОТК;30;1000;12 месяцев со дня ввода в эксплуатацию, но не более 18 месяцев со дня отгрузки потребителю;Под приварку;;100;373;280;Углеродистая сталь;105;По запросу;400790;Под заказ
Клапан (затвор) обратный под приварку 935-175-0 DN 175 PN 18,1 МПа Т215 °С, корпус ст. 25Л;Энергетическая арматура;935-175-0;Вода;от -45 до +40;У1;В;ОТК;30;1000;12 месяцев со дня ввода в эксплуатацию, но не более 18 месяцев со дня отгрузки потребителю;Под приварку;;175;181;215;Углеродистая сталь;250;По запросу;1530660;Под заказ
Клапан (затвор) обратный под приварку 935-225-0Б DN 225 PN 23,5 МПа Т250 °С, корпус ст. 25Л;Энергетическая арматура;935-225-0Б;Вода;от -45 до +40;У1;В;ОТК;30;1000;12 месяцев со дня ввода в эксплуатацию, но не более 18 месяцев со дня отгрузки потребителю;Под приварку;;225;235;250;Углеродистая сталь;816;По запросу;1530660;Под заказ
Клапан (затвор) обратный под приварку 912-350-0Б DN 350 PN 37,3 МПа Т280 °С, корпус ст. 20ГСЛ;Энергетическая арматура;912-350-0Б;Вода;От -60 до +40;ХЛ1;В;ОТК;30;1000;12 месяцев со дня ввода в эксплуатацию, но не более 18 месяцев со дня отгрузки потребителю;Под приварку;;350;373;280;Легированная сталь;1525;По запросу;0;Под заказ
Клапан регулирующий под приварку под электропривод (МЭО-40/10-0,25У-87) 751-10-Р DN 10 PN 10,0 МПа Т250 °С, корпус ст. 25Л;Энергетическая арматура;751-10-Р;Вода -пар;от -45 до +40;У1;В;ОТК;30;1500;12 месяцев со дня ввода в эксплуатацию, но не более 18 месяцев со дня отгрузки потребителю;Под приварку;Под электропривод;10;100;250;Углеродистая сталь;4;По запросу;0;Под заказ
Клапан дроссельный под приварку с электроприводом 993-175-ЭБ DN 175 PN 28,4 МПа Т510 °С, корпус ст. 20ХМФЛ;Энергетическая арматура;993-175-ЭБ;Пар;От -60 до +40;УХЛ;В;ОТК;30;500;12 месяцев со дня ввода в эксплуатацию, но не более 18 месяцев со дня отгрузки потребителю;Под приварку;С электроприводом;175;284;510;Жаропрочная перлитная сталь;440;По запросу;2698340;Под заказ
Клапан дроссельный под приварку с электроприводом (793-ЭР-0I) 993-175-ЭБ-01 DN 175 PN 28,4 МПа Т510 °С, корпус ст. 20ХМФЛ;Энергетическая арматура;993-175-ЭБ-01;Пар;От -60 до +40;УХЛ;В;ОТК;30;500;12 месяцев со дня ввода в эксплуатацию, но не более 18 месяцев со дня отгрузки потребителю;Под приварку;С электроприводом;175;284;510;Жаропрочная перлитная сталь;563;По запросу;0;Под заказ
Клапан разгруженный дисковый под приварку с электроприводом (МЭОФ-1000/20-0,25У-96К) 21с-100-1-Э DN 100 PN 13,7 Т560 °С, корпус ст. 15Х1М1Ф;Энергетическая арматура;21с-100-1-Э;Пар;От -60 до +40;УХЛ2, УХЛ3;Класс I по ГОСТ 9544-2015;ОТК;30;;12 месяцев со дня ввода в эксплуатацию, но не более 18 месяцев со дня отгрузки потребителю;Под приварку;С электроприводом;100;137;560;Жаропрочная перлитная сталь;220;По запросу;0;Под заказ
Клапан разгруженный дисковый под приварку с электроприводом (МЭОФ-1000/20-0,25У-96К) 21с-100-1-Э-01 DN 100 PN 13,7 Т560 °С, корпус ст. 15Х1М1Ф;Энергетическая арматура;21с-100-1-Э-01;Пар;От -60 до +40;УХЛ2, УХЛ3;Класс I по ГОСТ 9544-2015;ОТК;30;;12 месяцев со дня ввода в эксплуатацию, но не более 18 месяцев со дня отгрузки потребителю;Под приварку;С электроприводом;100;137;560;Жаропрочная перлитная сталь;220;По запросу;0;Под заказ
Клапан разгруженный дисковый под приварку с электроприводом (МЭОФ-1000/20-0,25У-96К) 21с-100-1-Э-02 DN 100 PN 13,7 Т560 °С, корпус ст. 15Х1М1Ф;Энергетическая арматура;21с-100-1-Э-02;Пар;От -60 до +40;УХЛ2, УХЛ3;Класс I по ГОСТ 9544-2015;ОТК;30;;12 месяцев со дня ввода в эксплуатацию, но не более 18 месяцев со дня отгрузки потребителю;Под приварку;С электроприводом;100;137;560;Жаропрочная перлитная сталь;220;По запросу;0;Под заказ
Клапан разгруженный дисковый под приварку с электроприводом (МЭОФ-1000/20-0,25У-96К) 21с-100-2-Э DN 100 PN 23,5 Т250 °С, корпус ст. 15ГС;Энергетическая арматура;21с-100-2-Э;Вода;От -60 до +40;ХЛ 2,3;Класс I по ГОСТ 9544-2015;ОТК;30;;12 месяцев со дня ввода в эксплуатацию, но не более 18 месяцев со дня отгрузки потребителю;Под приварку;С электроприводом;100;235;250;Конструкционная низколегированная сталь;220;По запросу;0;Под заказ
Клапан разгруженный дисковый под приварку с электроприводом (МЭОФ-1000/20-0,25У-96К) 21с-100-2-Э-01 DN 100 PN 23,5 Т250 °С, корпус ст. 15ГС;Энергетическая арматура;21с-100-2-Э-01;Вода;От -60 до +40;ХЛ 2,3;Класс I по ГОСТ 9544-2015;ОТК;30;;12 месяцев со дня ввода в эксплуатацию, но не более 18 месяцев со дня отгрузки потребителю;Под приварку;С электроприводом;100;235;250;Конструкционная низколегированная сталь;220;По запросу;0;Под заказ
Клапан разгруженный дисковый под приварку с электроприводом (МЭОФ-1000/20-0,25У-96К) 21с-100-2-Э-02 DN 100 PN 23,5 Т250 °С, корпус ст. 15ГС;Энергетическая арматура;21с-100-2-Э-02;Вода;От -60 до +40;ХЛ 2,3;Класс I по ГОСТ 9544-2015;ОТК;30;;12 месяцев со дня ввода в эксплуатацию, но не более 18 месяцев со дня отгрузки потребителю;Под приварку;С электроприводом;100;235;250;Конструкционная низколегированная сталь;220;По запросу;0;Под заказ
Клапан разгруженный дисковый под приварку с электроприводом (МЭОФ-1000/20-0,25У-96К) 21с-100-3-Э DN 100 PN 9,8 Т540 °С, корпус ст. 15Х1М1Ф;Энергетическая арматура;21с-100-3-Э;Пар;От -60 до +40;УХЛ2, УХЛ3;Класс I по ГОСТ 9544-2015;ОТК;30;;12 месяцев со дня ввода в эксплуатацию, но не более 18 месяцев со дня отгрузки потребителю;Под приварку;С электроприводом;100;98;540;Жаропрочная перлитная сталь;220;По запросу;0;Под заказ
Клапан разгруженный дисковый под приварку с электроприводом (МЭОФ-1000/20-0,25У-96К) 21с-100-3-Э-01 DN 100 PN 9,8 Т540 °С, корпус ст. 15Х1М1Ф;Энергетическая арматура;21с-100-3-Э-01;Пар;От -60 до +40;УХЛ2, УХЛ3;Класс I по ГОСТ 9544-2015;ОТК;30;;12 месяцев со дня ввода в эксплуатацию, но не более 18 месяцев со дня отгрузки потребителю;Под приварку;С электроприводом;100;98;540;Жаропрочная перлитная сталь;220;По запросу;0;Под заказ
Клапан разгруженный дисковый под приварку с электроприводом (МЭОФ-1000/20-0,25У-96К) 21с-100-3-Э-02 DN 100 PN 9,8 Т540 °С, корпус ст. 15Х1М1Ф;Энергетическая арматура;21с-100-3-Э-02;Пар;От -60 до +40;УХЛ2, УХЛ3;Класс I по ГОСТ 9544-2015;ОТК;30;;12 месяцев со дня ввода в эксплуатацию, но не более 18 месяцев со дня отгрузки потребителю;Под приварку;С электроприводом;100;98;540;Жаропрочная перлитная сталь;220;По запросу;0;Под заказ
Клапан разгруженный дисковый под приварку с электроприводом (МЭОФ-1000/20-0,25У-96К) 21с-100-4-Э DN 100 PN 37,3 Т280 °С, корпус ст. 15ГС;Энергетическая арматура;21с-100-4-Э;Вода;От -60 до +40;ХЛ 2,3;Класс I по ГОСТ 9544-2015;ОТК;30;;12 месяцев со дня ввода в эксплуатацию, но не более 18 месяцев со дня отгрузки потребителю;Под приварку;С электроприводом;100;373;280;Конструкционная низколегированная сталь;220;По запросу;0;Под заказ
Клапан разгруженный дисковый под приварку с электроприводом (МЭОФ-1000/20-0,25У-96К) 21с-100-4-Э-01 DN 100 PN 37,3 Т280 °С, корпус ст. 15ГС;Энергетическая арматура;21с-100-4-Э-01;Вода;От -60 до +40;ХЛ 2,3;Класс I по ГОСТ 9544-2015;ОТК;30;;12 месяцев со дня ввода в эксплуатацию, но не более 18 месяцев со дня отгрузки потребителю;Под приварку;С электроприводом;100;373;280;Конструкционная низколегированная сталь;220;По запросу;0;Под заказ
Клапан разгруженный дисковый под приварку с электроприводом (МЭОФ-1000/20-0,25У-96К) 21с-100-4-Э-02 DN 100 PN 37,3 Т280 °С, корпус ст. 15ГС;Энергетическая арматура;21с-100-4-Э-02;Вода;От -60 до +40;ХЛ 2,3;Класс I по ГОСТ 9544-2015;ОТК;30;;12 месяцев со дня ввода в эксплуатацию, но не более 18 месяцев со дня отгрузки потребителю;Под приварку;С электроприводом;100;373;280;Конструкционная низколегированная сталь;220;По запросу;0;Под заказ
Клапан разгруженный дисковый под приварку с электроприводом (МЭОФ-1600/25-0,25У-96К) 21с-175-1-Э DN 175 PN 13,7 Т560 °С, корпус ст. 15Х1М1Ф;Энергетическая арматура;21с-175-1-Э;Пар;От -60 до +40;УХЛ2, УХЛ3;Класс I по ГОСТ 9544-2015;ОТК;30;;12 месяцев со дня ввода в эксплуатацию, но не более 18 месяцев со дня отгрузки потребителю;Под приварку;С электроприводом;175;137;560;Жаропрочная перлитная сталь;728;По запросу;0;Под заказ
Клапан разгруженный дисковый под приварку с электроприводом (МЭОФ-1600/25-0,25У-96К) 21с-175-1-Э-01 DN 175 PN 13,7 Т560 °С, корпус ст. 15Х1М1Ф;Энергетическая арматура;21с-175-1-Э-01;Пар;От -60 до +40;УХЛ2, УХЛ3;Класс I по ГОСТ 9544-2015;ОТК;30;;12 месяцев со дня ввода в эксплуатацию, но не более 18 месяцев со дня отгрузки потребителю;Под приварку;С электроприводом;175;137;560;Жаропрочная перлитная сталь;728;По запросу;0;Под заказ
Клапан разгруженный дисковый под приварку с электроприводом (МЭОФ-1600/25-0,25У-96К) 21с-175-1-Э-02 DN 175 PN 13,7 Т560 °С, корпус ст. 15Х1М1Ф;Энергетическая арматура;21с-175-1-Э-02;Пар;От -60 до +40;УХЛ2, УХЛ3;Класс I по ГОСТ 9544-2015;ОТК;30;;12 месяцев со дня ввода в эксплуатацию, но не более 18 месяцев со дня отгрузки потребителю;Под приварку;С электроприводом;175;137;560;Жаропрочная перлитная сталь;728;По запросу;0;Под заказ
Клапан разгруженный дисковый под приварку с электроприводом (МЭОФ-1600/25-0,25У-96К) 21с-175-2-Э DN 175 PN 23,5 Т250 °С, корпус ст. 15ГС;Энергетическая арматура;21с-175-2-Э;Вода;От -60 до +40;ХЛ2, УХЛ3;Класс I по ГОСТ 9544-2015;ОТК;30;;12 месяцев со дня ввода в эксплуатацию, но не более 18 месяцев со дня отгрузки потребителю;Под приварку;С электроприводом;175;235;250;Конструкционная низколегированная сталь;728;По запросу;0;Под заказ
Клапан разгруженный дисковый под приварку с электроприводом (МЭОФ-1600/25-0,25У-96К) 21с-175-2-Э-01 DN 175 PN 23,5 Т250 °С, корпус ст. 15ГС;Энергетическая арматура;21с-175-2-Э-01;Вода;От -60 до +40;ХЛ2, УХЛ3;Класс I по ГОСТ 9544-2015;ОТК;30;;12 месяцев со дня ввода в эксплуатацию, но не более 18 месяцев со дня отгрузки потребителю;Под приварку;С электроприводом;175;235;250;Конструкционная низколегированная сталь;728;По запросу;0;Под заказ
Клапан разгруженный дисковый под приварку с электроприводом (МЭОФ-1600/25-0,25У-96К) 21с-175-2-Э-02 DN 175 PN 23,5 Т250 °С, корпус ст. 15ГС;Энергетическая арматура;21с-175-2-Э-02;Вода;От -60 до +40;ХЛ2, УХЛ3;Класс I по ГОСТ 9544-2015;ОТК;30;;12 месяцев со дня ввода в эксплуатацию, но не более 18 месяцев со дня отгрузки потребителю;Под приварку;С электроприводом;175;235;250;Конструкционная низколегированная сталь;728;По запросу;0;Под заказ
Клапан разгруженный дисковый под приварку с электроприводом (МЭОФ-1600/25-0,25У-96К) 21с-225-2-Э DN 225 PN 23,5 Т250 °С, корпус ст. 15ГС;Энергетическая арматура;21с-225-2-Э;Вода;От -60 до +40;ХЛ2, УХЛ3;Класс I по ГОСТ 9544-2015;ОТК;30;;12 месяцев со дня ввода в эксплуатацию, но не более 18 месяцев со дня отгрузки потребителю;Под приварку;С электроприводом;225;235;250;Конструкционная низколегированная сталь;992;По запросу;0;Под заказ
Клапан разгруженный дисковый под приварку с электроприводом (МЭОФ-1600/25-0,25У-96К) 21с-225-2-Э-01 DN 225 PN 23,5 Т250 °С, корпус ст. 15ГС;Энергетическая арматура;21с-225-2-Э-01;Вода;От -60 до +40;ХЛ2, УХЛ3;Класс I по ГОСТ 9544-2015;ОТК;30;;12 месяцев со дня ввода в эксплуатацию, но не более 18 месяцев со дня отгрузки потребителю;Под приварку;С электроприводом;225;235;250;Конструкционная низколегированная сталь;992;По запросу;0;Под заказ
Клапан разгруженный дисковый под приварку с электроприводом (МЭОФ-1600/25-0,25У-96К) 21с-225-2-Э-02 DN 225 PN 23,5 Т250 °С, корпус ст. 15ГС;Энергетическая арматура;21с-225-2-Э-02;Вода;От -60 до +40;ХЛ2, УХЛ3;Класс I по ГОСТ 9544-2015;ОТК;30;;12 месяцев со дня ввода в эксплуатацию, но не более 18 месяцев со дня отгрузки потребителю;Под приварку;С электроприводом;225;235;250;Конструкционная низколегированная сталь;992;По запросу;0;Под заказ
Клапан разгруженный дисковый под приварку с электроприводом (МЭОФ-1600/25-0,25У-96К) 21с-225-2-Э-03 DN 225 PN 23,5 Т250 °С, корпус ст. 15ГС;Энергетическая арматура;21с-225-2-Э-03;Вода;От -60 до +40;ХЛ2, УХЛ3;Класс I по ГОСТ 9544-2015;ОТК;30;;12 месяцев со дня ввода в эксплуатацию, но не более 18 месяцев со дня отгрузки потребителю;Под приварку;С электроприводом;225;235;250;Конструкционная низколегированная сталь;992;По запросу;0;Под заказ
Клапан разгруженный дисковый под приварку с электроприводом (МЭОФ-1600/25-0,25У-96К) 21с-225-2-Э-04 DN 225 PN 23,5 Т250 °С, корпус ст. 15ГС;Энергетическая арматура;21с-225-2-Э-04;Вода;От -60 до +40;ХЛ2, УХЛ3;Класс I по ГОСТ 9544-2015;ОТК;30;;12 месяцев со дня ввода в эксплуатацию, но не более 18 месяцев со дня отгрузки потребителю;Под приварку;С электроприводом;225;235;250;Конструкционная низколегированная сталь;992;По запросу;0;Под заказ
Клапан разгруженный дисковый под приварку с электроприводом (МЭОФ-1600/25-0,25У-96К) 21с-225-3-Э DN 225 PN 9,8 Т540 °С, корпус ст. 15Х1М1Ф;Энергетическая арматура;21с-225-3-Э;Пар;От -60 до +40;УХЛ 2,3;Класс I по ГОСТ 9544-2015;ОТК;30;;12 месяцев со дня ввода в эксплуатацию, но не более 18 месяцев со дня отгрузки потребителю;Под приварку;С электроприводом;225;98;540;Жаропрочная перлитная сталь;992;По запросу;0;Под заказ
Клапан разгруженный дисковый под приварку с электроприводом (МЭОФ-1600/25-0,25У-96К) 21с-225-3-Э-01 DN 225 PN 9,8 Т540 °С, корпус ст. 15Х1М1Ф;Энергетическая арматура;21с-225-3-Э-01;Пар;От -60 до +40;УХЛ 2,3;Класс I по ГОСТ 9544-2015;ОТК;30;;12 месяцев со дня ввода в эксплуатацию, но не более 18 месяцев со дня отгрузки потребителю;Под приварку;С электроприводом;225;98;540;Жаропрочная перлитная сталь;992;По запросу;0;Под заказ
Клапан разгруженный дисковый под приварку с электроприводом (МЭОФ-1600/25-0,25У-96К) 21с-225-3-Э-02 DN 225 PN 9,8 Т540 °С, корпус ст. 15Х1М1Ф;Энергетическая арматура;21с-225-3-Э-02;Пар;От -60 до +40;УХЛ 2,3;Класс I по ГОСТ 9544-2015;ОТК;30;;12 месяцев со дня ввода в эксплуатацию, но не более 18 месяцев со дня отгрузки потребителю;Под приварку;С электроприводом;225;98;540;Жаропрочная перлитная сталь;992;По запросу;0;Под заказ
Клапан разгруженный дисковый под приварку с электроприводом (МЭОФ-1600/25-0,25У-96К) 21с-225-3-Э-03 DN 225 PN 9,8 Т540 °С, корпус ст. 15Х1М1Ф;Энергетическая арматура;21с-225-3-Э-03;Пар;От -60 до +40;УХЛ 2,3;Класс I по ГОСТ 9544-2015;ОТК;30;;12 месяцев со дня ввода в эксплуатацию, но не более 18 месяцев со дня отгрузки потребителю;Под приварку;С электроприводом;225;98;540;Жаропрочная перлитная сталь;992;По запросу;0;Под заказ
Клапан разгруженный дисковый под приварку с электроприводом (МЭОФ-1600/25-0,25У-96К) 21с-225-3-Э-04 DN 225 PN 9,8 Т540 °С, корпус ст. 15Х1М1Ф;Энергетическая арматура;21с-225-3-Э-04;Пар;От -60 до +40;УХЛ 2,3;Класс I по ГОСТ 9544-2015;ОТК;30;;12 месяцев со дня ввода в эксплуатацию, но не более 18 месяцев со дня отгрузки потребителю;Под приварку;С электроприводом;225;98;540;Жаропрочная перлитная сталь;992;По запросу;0;Под заказ
Клапан разгруженный дисковый под приварку с электроприводом (МЭОФ-1600/25-0,25У-96К) 21с-250-2-Э DN 250 PN 23,5 Т250 °С, корпус ст. 15ГС;Энергетическая арматура;21с-250-2-Э;Вода;От -60 до +40;ХЛ2, УХЛ3;Класс I по ГОСТ 9544-2015;ОТК;30;;12 месяцев со дня ввода в эксплуатацию, но не более 18 месяцев со дня отгрузки потребителю;Под приварку;С электроприводом;250;235;250;Конструкционная низколегированная сталь;1064;По запросу;0;Под заказ
Клапан разгруженный дисковый под приварку с электроприводом (МЭОФ-1600/25-0,25У-96К) 21с-250-2-Э-01 DN 250 PN 23,5 Т250 °С, корпус ст. 15ГС;Энергетическая арматура;21с-250-2-Э-01;Вода;От -60 до +40;ХЛ2, УХЛ3;Класс I по ГОСТ 9544-2015;ОТК;30;;12 месяцев со дня ввода в эксплуатацию, но не более 18 месяцев со дня отгрузки потребителю;Под приварку;С электроприводом;250;235;250;Конструкционная низколегированная сталь;1064;По запросу;0;Под заказ
Клапан разгруженный дисковый под приварку с электроприводом (МЭОФ-1600/25-0,25У-96К) 21с-250-2-Э-02 DN 250 PN 23,5 Т250 °С, корпус ст. 15ГС;Энергетическая арматура;21с-250-2-Э-02;Вода;От -60 до +40;ХЛ2, УХЛ3;Класс I по ГОСТ 9544-2015;ОТК;30;;12 месяцев со дня ввода в эксплуатацию, но не более 18 месяцев со дня отгрузки потребителю;Под приварку;С электроприводом;250;235;250;Конструкционная низколегированная сталь;1064;По запросу;0;Под заказ
Клапан регулятор температуры прямоточный под приварку с электроприводом (МЭОФ-250/25-0,25У-99К) 22с-20-1-Э DN 20 PN 25,0 Т545 °С, корпус ст. 12Х1МФ;Энергетическая арматура;22с-20-1-Э;Пар;От -60 до +40;УХЛ 2,3;Класс I по ГОСТ 9544-2015;ОТК;30;;12 месяцев со дня ввода в эксплуатацию, но не более 18 месяцев со дня отгрузки потребителю;Под приварку;С электроприводом;20;250;545;Жаропрочная перлитная сталь;69;По запросу;0;Под заказ
Клапан регулятор температуры прямоточный под приварку с электроприводом (МЭОФ-250/25-0,25У-99К) 22с-20-2-Э DN 20 PN 37,3 Т280 °С, корпус ст. 20;Энергетическая арматура;22с-20-2-Э;Вода - пар;от -45 до +40;У2, У3;Класс I по ГОСТ 9544-2015;ОТК;30;;12 месяцев со дня ввода в эксплуатацию, но не более 18 месяцев со дня отгрузки потребителю;Под приварку;С электроприводом;20;373;280;Углеродистая сталь;69;По запросу;0;Под заказ
Клапан регулятор температуры прямоточный под приварку с электроприводом (МЭОФ-250/25-0,25У-99К) 22с-32-1-Э DN 32 PN 25,0 Т545 °С, корпус ст. 12Х1МФ;Энергетическая арматура;22с-32-1-Э;Пар;От -60 до +40;УХЛ2, УХЛ3;Класс I по ГОСТ 9544-2015;ОТК;30;;12 месяцев со дня ввода в эксплуатацию, но не более 18 месяцев со дня отгрузки потребителю;Под приварку;С электроприводом;32;250;545;Жаропрочная перлитная сталь;69;По запросу;0;Под заказ
Клапан регулятор температуры прямоточный под приварку с электроприводом (МЭОФ-250/25-0,25У-99К) 22с-32-2-Э DN 32 PN 25,0 Т280 °С, корпус ст. 20;Энергетическая арматура;22с-32-1-Э;Вода - пар;от -45 до +40;У2, У3;Класс I по ГОСТ 9544-2015;ОТК;30;;12 месяцев со дня ввода в эксплуатацию, но не более 18 месяцев со дня отгрузки потребителю;Под приварку;С электроприводом;32;250;280;Углеродистая сталь;69;По запросу;0;Под заказ
Клапан регулятор температуры прямоточный под приварку с электроприводом (МЭОФ-250/25-0,25У-99К) 22с-40-2-Э DN 40 PN 37,7 Т280 °С, корпус ст. 20;Энергетическая арматура;22с-40-2-Э;Вода - пар;от -45 до +40;У2, У3;Класс I по ГОСТ 9544-2015;ОТК;30;;12 месяцев со дня ввода в эксплуатацию, но не более 18 месяцев со дня отгрузки потребителю;Под приварку;С электроприводом;40;373;280;Углеродистая сталь;69;По запросу;0;Под заказ
Клапан регулятор температуры прямоточный под приварку с электроприводом (МЭОФ-250/25-0,25У-99К) 22с-50-1-Э DN 50 PN 13,7 Т560 °С, корпус ст. 12Х1МФ;Энергетическая арматура;22с-50-1-Э;Пар;От -60 до +40;УХЛ 2,3;Класс I по ГОСТ 9544-2015;ОТК;30;;12 месяцев со дня ввода в эксплуатацию, но не более 18 месяцев со дня отгрузки потребителю;Под приварку;С электроприводом;50;137;560;Жаропрочная перлитная сталь;69;По запросу;0;Под заказ
Клапан регулятор температуры прямоточный под приварку с электроприводом (МЭОФ-250/25-0,25У-99К) 22с-50-2-Э DN 50 PN 23,5 Т250 °С, корпус ст. 20;Энергетическая арматура;22с-50-2-Э;Вода - пар;от -45 до +40;У2, У3;Класс I по ГОСТ 9544-2015;ОТК;30;;12 месяцев со дня ввода в эксплуатацию, но не более 18 месяцев со дня отгрузки потребителю;Под приварку;С электроприводом;50;235;250;Углеродистая сталь;69;По запросу;0;Под заказ
Клапан регулятор температуры прямоточный под приварку с электроприводом (МЭОФ-250/25-0,25У-99К) 22с-65-1-Э DN 65 PN 9,8 Т540 °С, корпус ст. 12Х1МФ;Энергетическая арматура;22с-65-1-Э;Пар;От -60 до +40;УХЛ 2,3;Класс I по ГОСТ 9544-2015;ОТК;30;;12 месяцев со дня ввода в эксплуатацию, но не более 18 месяцев со дня отгрузки потребителю;Под приварку;С электроприводом;65;98;540;Жаропрочная перлитная сталь;69;По запросу;0;Под заказ
Клапан регулятор температуры прямоточный под приварку с электроприводом (МЭОФ-250/25-0,25У-99К) 22с-65-2-Э DN 65 PN 23,5 Т250°С, корпус ст. 20;Энергетическая арматура;22с-65-2-Э;Вода - пар;от -45 до +40;У2, У3;Класс I по ГОСТ 9544-2015;ОТК;30;;12 месяцев со дня ввода в эксплуатацию, но не более 18 месяцев со дня отгрузки потребителю;Под приварку;С электроприводом;65;235;250;Углеродистая сталь;69;По запросу;0;Под заказ
Клапан регулирующий разгруженный под приварку с электроприводом (МЭОФ-250/25-0,25У-99К) 23с-100-1-Э DN 100 PN 10,0 Т450 °С, корпус ст. 20;Энергетическая арматура;23с-100-1-Э;Вода - пар;от -45 до +40;У2, У3;Класс I по ГОСТ 9544-2015;ОТК;30;;12 месяцев со дня ввода в эксплуатацию, но не более 18 месяцев со дня отгрузки потребителю;Под приварку;С электроприводом;100;100;450;Углеродистая сталь;114;По запросу;0;Под заказ
Клапан регулирующий разгруженный под приварку с электроприводом (МЭОФ-250/25-0,25У-99К) 23с-100-2-Э DN 100 PN 6,3 Т425 °С, корпус ст. 20;Энергетическая арматура;23с-100-2-Э;Вода - пар;от -45 до +40;У2, У3;Класс I по ГОСТ 9544-2015;ОТК;30;;12 месяцев со дня ввода в эксплуатацию, но не более 18 месяцев со дня отгрузки потребителю;Под приварку;С электроприводом;100;63;425;Углеродистая сталь;114;По запросу;0;Под заказ
Клапан регулирующий разгруженный под приварку с электроприводом (МЭОФ-1000/25-025У-97К) 23с-150-1-Э DN 150 PN 10,0 Т450 °С, корпус ст. 20;Энергетическая арматура;23с-150-1-Э;Вода - пар;от -45 до +40;У2, У3;Класс I по ГОСТ 9544-2015;ОТК;30;;12 месяцев со дня ввода в эксплуатацию, но не более 18 месяцев со дня отгрузки потребителю;Под приварку;С электроприводом;150;100;450;Углеродистая сталь;540;По запросу;0;Под заказ
Клапан регулирующий разгруженный под приварку с электроприводом (МЭОФ-1000/25-025У-97К) 23с-150-2-Э DN 150 PN 6,3 Т425 °С, корпус ст. 20;Энергетическая арматура;23с-150-2-Э;Вода - пар;от -45 до +40;У2, У3;Класс I по ГОСТ 9544-2015;ОТК;30;;12 месяцев со дня ввода в эксплуатацию, но не более 18 месяцев со дня отгрузки потребителю;Под приварку;С электроприводом;150;63;425;Углеродистая сталь;540;По запросу;0;Под заказ
Клапан регулирующий разгруженный под приварку с электроприводом (МЭОФ-1000/25-025У-97К) 23с-200-1-Э DN 200 PN 10,0 Т450 °С, корпус ст. 20;Энергетическая арматура;23с-200-1-Э;Вода - пар;от -45 до +40;У2, У3;Класс I по ГОСТ 9544-2015;ОТК;30;;12 месяцев со дня ввода в эксплуатацию, но не более 18 месяцев со дня отгрузки потребителю;Под приварку;С электроприводом;200;100;450;Углеродистая сталь;550;По запросу;0;Под заказ
Клапан регулирующий разгруженный под приварку с электроприводом (МЭОФ-1000/25-025У-97К) 23с-200-2-Э DN 200 PN 6,3 Т425 °С, корпус ст. 20;Энергетическая арматура;23с-200-2-Э;Вода - пар;от -45 до +40;У2, У3;Класс I по ГОСТ 9544-2015;ОТК;30;;12 месяцев со дня ввода в эксплуатацию, но не более 18 месяцев со дня отгрузки потребителю;Под приварку;С электроприводом;200;63;425;Углеродистая сталь;550;По запросу;0;Под заказ
Клапан регулирующий разгруженный под приварку с электроприводом (МЭОФ-250/25-0,25У-99К) 23с-80-1-Э DN 80 PN 10,0 Т450 °С, корпус ст. 20;Энергетическая арматура;23с-80-1-Э;Вода - пар;от -45 до +40;У2, У3;Класс I по ГОСТ 9544-2015;ОТК;30;;12 месяцев со дня ввода в эксплуатацию, но не более 18 месяцев со дня отгрузки потребителю;Под приварку;С электроприводом;80;100;450;Углеродистая сталь;109;По запросу;0;Под заказ
Клапан регулирующий разгруженный под приварку с электроприводом (МЭОФ-250/25-0,25У-99К) 23с-80-2-Э DN 80 PN 6,3 Т425 °С, корпус ст. 20;Энергетическая арматура;23с-80-2-Э;Вода - пар;от -45 до +40;У2, У3;Класс I по ГОСТ 9544-2015;ОТК;30;;12 месяцев со дня ввода в эксплуатацию, но не более 18 месяцев со дня отгрузки потребителю;Под приварку;С электроприводом;80;63;425;Углеродистая сталь;109;По запросу;0;Под заказ
Клапан регулятор температуры угловой под приварку с электроприводом (МЭОФ-250/25-0,25У-99К) 24с-20-Э DN 20 PN 37,3 Т250 °С, корпус ст. 20;Энергетическая арматура;24с-20-Э;Вода;от -45 до +40;У2, У3;Класс I по ГОСТ 9544-2015;ОТК;30;;12 месяцев со дня ввода в эксплуатацию, но не более 18 месяцев со дня отгрузки потребителю;Под приварку;С электроприводом;20;373;280;Углеродистая сталь;69;По запросу;0;Под заказ
Клапан регулятор температуры угловой под приварку с электроприводом (МЭОФ-250/25-0,25У-99К) 24с-32-Э DN 32 PN 37,3 Т250 °С, корпус ст. 20;Энергетическая арматура;24с-32-Э;Вода;от -45 до +40;У2, У3;Класс I по ГОСТ 9544-2015;ОТК;30;;12 месяцев со дня ввода в эксплуатацию, но не более 18 месяцев со дня отгрузки потребителю;Под приварку;С электроприводом;32;373;280;Углеродистая сталь;69;По запросу;0;Под заказ
Клапан регулятор температуры угловой под приварку с электроприводом (МЭОФ-250/25-0,25У-99К) 24с-40-Э DN 40 PN 37,3 Т250 °С, корпус ст. 20;Энергетическая арматура;24с-40-Э;Вода;от -45 до +40;У2, У3;Класс I по ГОСТ 9544-2015;ОТК;30;;12 месяцев со дня ввода в эксплуатацию, но не более 18 месяцев со дня отгрузки потребителю;Под приварку;С электроприводом;40;373;280;Углеродистая сталь;69;По запросу;0;Под заказ
Клапан регулятор температуры угловой под приварку с электроприводом (МЭОФ-250/25-0,25У-99К) 24с-50-Э DN 50 PN 37,3 Т250 °С, корпус ст. 20;Энергетическая арматура;24с-50-Э;Вода;от -45 до +40;У2, У3;Класс I по ГОСТ 9544-2015;ОТК;30;;12 месяцев со дня ввода в эксплуатацию, но не более 18 месяцев со дня отгрузки потребителю;Под приварку;С электроприводом;50;373;280;Углеродистая сталь;69;По запросу;0;Под заказ
Клапан регулятор температуры угловой под приварку с электроприводом (МЭОФ-250/25-0,25У-99К) 24с-65-Э DN 65 PN 37,3 Т250 °С, корпус ст. 20;Энергетическая арматура;24с-65-Э;Вода;от -45 до +40;У2, У3;Класс I по ГОСТ 9544-2015;ОТК;30;;12 месяцев со дня ввода в эксплуатацию, но не более 18 месяцев со дня отгрузки потребителю;Под приварку;С электроприводом;65;373;280;Углеродистая сталь;69;По запросу;0;Под заказ
Колонковый электропривод 821-КЭ-0а;Энергетическая арматура;821-КЭ-0а;;;;;ОТК;30;;12 месяцев со дня ввода в эксплуатацию, но не более 18 месяцев со дня отгрузки потребителю;;;;;;;21.июн;По запросу;175400;Под заказ
Колонковый электропривод 822-КЭ-0;Энергетическая арматура;822-КЭ-0;;;;;ОТК;30;;12 месяцев со дня ввода в эксплуатацию, но не более 18 месяцев со дня отгрузки потребителю;;;;;;;117;По запросу;272860;Под заказ
Колонковый электропривод 822-КЭР-0;Энергетическая арматура;822-КЭР-0;;;;;ОТК;30;;12 месяцев со дня ввода в эксплуатацию, но не более 18 месяцев со дня отгрузки потребителю;;;;;;;118;По запросу;279500;Под заказ
Колонковый электропривод 824-КЭ-0-01;Энергетическая арматура;824-КЭ-0-01;;;;;ОТК;30;;12 месяцев со дня ввода в эксплуатацию, но не более 18 месяцев со дня отгрузки потребителю;;;;;;;165;По запросу;303070;Под заказ
Колонковый электропривод 824-КЭ-0-02;Энергетическая арматура;824-КЭ-0-02;;;;;ОТК;30;;12 месяцев со дня ввода в эксплуатацию, но не более 18 месяцев со дня отгрузки потребителю;;;;;;;166;По запросу;303070;Под заказ
Колонковый электропривод 825-КЭ-0;Энергетическая арматура;825-КЭ-0;;;;;ОТК;30;;12 месяцев со дня ввода в эксплуатацию, но не более 18 месяцев со дня отгрузки потребителю;;;;;;;270;По запросу;425980;Под заказ
Колонковый электропривод 825-КЭР-0;Энергетическая арматура;825-КЭР-0;;;;;ОТК;30;;12 месяцев со дня ввода в эксплуатацию, но не более 18 месяцев со дня отгрузки потребителю;;;;;;;278;По запросу;418950;Под заказ
Электропривод 821-Э-0;Энергетическая арматура;821-Э-0;;;;;ОТК;30;;12 месяцев со дня ввода в эксплуатацию, но не более 18 месяцев со дня отгрузки потребителю;;;;;;;;По запросу;126140;Под заказ
Электропривод 821-ЭР-0-Б;Энергетическая арматура;821-ЭР-0-Б;;;;;ОТК;30;;12 месяцев со дня ввода в эксплуатацию, но не более 18 месяцев со дня отгрузки потребителю;;;;;;;;По запросу;138320;Под заказ
Электропривод 792-Э-0А (822-Э-0А);Энергетическая арматура;792-Э-0А (822-Э-0А);;;;;ОТК;30;;12 месяцев со дня ввода в эксплуатацию, но не более 18 месяцев со дня отгрузки потребителю;;;;;;;;По запросу;218260;Под заказ
Электропривод 792-Э-0А-01 (822-Э-0А-01);Энергетическая арматура;792-Э-0А-01 (822-Э-0А-01);;;;;ОТК;30;;12 месяцев со дня ввода в эксплуатацию, но не более 18 месяцев со дня отгрузки потребителю;;;;;;;;По запросу;241420;Под заказ
Электропривод 792-ЭР-0А;Энергетическая арматура;792-ЭР-0А;;;;;ОТК;30;;12 месяцев со дня ввода в эксплуатацию, но не более 18 месяцев со дня отгрузки потребителю;;;;;;;;По запросу;235440;Под заказ
Электропривод 792-ЭР-0А-01;Энергетическая арматура;792-ЭР-0А-01;;;;;ОТК;30;;12 месяцев со дня ввода в эксплуатацию, но не более 18 месяцев со дня отгрузки потребителю;;;;;;;;По запросу;236540;Под заказ
Электропривод 792-ЭР-0АI;Энергетическая арматура;792-ЭР-0АI;;;;;ОТК;30;;12 месяцев со дня ввода в эксплуатацию, но не более 18 месяцев со дня отгрузки потребителю;;;;;;;;По запросу;238700;Под заказ
Электропривод 793-Э-0 (823-Э-0);Энергетическая арматура;793-Э-0 (823-Э-0);;;;;ОТК;30;;12 месяцев со дня ввода в эксплуатацию, но не более 18 месяцев со дня отгрузки потребителю;;;;;;;;По запросу;260890;Под заказ
Электропривод 793-Э-0-II;Энергетическая арматура;793-Э-0-II;;;;;ОТК;30;;12 месяцев со дня ввода в эксплуатацию, но не более 18 месяцев со дня отгрузки потребителю;;;;;;;;По запросу;257530;Под заказ
Электропривод 793-ЭР-0;Энергетическая арматура;793-ЭР-0;;;;;ОТК;30;;12 месяцев со дня ввода в эксплуатацию, но не более 18 месяцев со дня отгрузки потребителю;;;;;;;;По запросу;275500;Под заказ
Электропривод 793-ЭР-0-02;Энергетическая арматура;793-ЭР-0-02;;;;;ОТК;30;;12 месяцев со дня ввода в эксплуатацию, но не более 18 месяцев со дня отгрузки потребителю;;;;;;;;По запросу;266860;Под заказ
Электропривод 793-ЭР-0-04;Энергетическая арматура;793-ЭР-0-04;;;;;ОТК;30;;12 месяцев со дня ввода в эксплуатацию, но не более 18 месяцев со дня отгрузки потребителю;;;;;;;;По запросу;266860;Под заказ
Электропривод 793-ЭР-0I;Энергетическая арматура;793-ЭР-0I;;;;;ОТК;30;;12 месяцев со дня ввода в эксплуатацию, но не более 18 месяцев со дня отгрузки потребителю;;;;;;;;По запросу;289960;Под заказ
Электропривод 793-ЭР-0-II;Энергетическая арматура;793-ЭР-0-II;;;;;ОТК;30;;12 месяцев со дня ввода в эксплуатацию, но не более 18 месяцев со дня отгрузки потребителю;;;;;;;;По запросу;291930;Под заказ
Электропривод 794-ЭР-0А;Энергетическая арматура;794-ЭР-0А;;;;;ОТК;30;;12 месяцев со дня ввода в эксплуатацию, но не более 18 месяцев со дня отгрузки потребителю;;;;;;;;По запросу;294090;Под заказ
Электропривод 794-ЭР-0А-I;Энергетическая арматура;794-ЭР-0А-I;;;;;ОТК;30;;12 месяцев со дня ввода в эксплуатацию, но не более 18 месяцев со дня отгрузки потребителю;;;;;;;;По запросу;306520;Под заказ
Электропривод 794-ЭР-0А-II;Энергетическая арматура;794-ЭР-0А-II;;;;;ОТК;30;;12 месяцев со дня ввода в эксплуатацию, но не более 18 месяцев со дня отгрузки потребителю;;;;;;;;По запросу;278780;Под заказ
Электропривод 795-Э-0 (825-Э-0);Энергетическая арматура;795-Э-0 (825-Э-0);;;;;ОТК;30;;12 месяцев со дня ввода в эксплуатацию, но не более 18 месяцев со дня отгрузки потребителю;;;;;;;;По запросу;332560;Под заказ
Электропривод 795-Э-0-01 (825-Э-0-01);Энергетическая арматура;795-Э-0-01 (825-Э-0-01);;;;;ОТК;30;;12 месяцев со дня ввода в эксплуатацию, но не более 18 месяцев со дня отгрузки потребителю;;;;;;;;По запросу;337820;Под заказ
Электропривод 795-Э-0-II;Энергетическая арматура;795-Э-0-II;;;;;ОТК;30;;12 месяцев со дня ввода в эксплуатацию, но не более 18 месяцев со дня отгрузки потребителю;;;;;;;;По запросу;346930;Под заказ
Электропривод 795-Э-0-II-01;Энергетическая арматура;795-Э-0-II-01;;;;;ОТК;30;;12 месяцев со дня ввода в эксплуатацию, но не более 18 месяцев со дня отгрузки потребителю;;;;;;;;По запросу;352910;Под заказ
Электропривод 795-Э-0-V;Энергетическая арматура;795-Э-0-V;;;;;ОТК;30;;12 месяцев со дня ввода в эксплуатацию, но не более 18 месяцев со дня отгрузки потребителю;;;;;;;;По запросу;347650;Под заказ
Электропривод 795-ЭР-0;Энергетическая арматура;795-ЭР-0;;;;;ОТК;30;;12 месяцев со дня ввода в эксплуатацию, но не более 18 месяцев со дня отгрузки потребителю;;;;;;;;По запросу;351820;Под заказ
Электропривод 795-ЭР-0-V;Энергетическая арматура;795-ЭР-0-V;;;;;ОТК;30;;12 месяцев со дня ввода в эксплуатацию, но не более 18 месяцев со дня отгрузки потребителю;;;;;;;;По запросу;360420;Под заказ
Электропривод 797-Э-0;Энергетическая арматура;797-Э-0;;;;;ОТК;30;;12 месяцев со дня ввода в эксплуатацию, но не более 18 месяцев со дня отгрузки потребителю;;;;;;;;По запросу;689800;Под заказ
Электропривод 797-ЭР-0;Энергетическая арматура;797-ЭР-0;;;;;ОТК;30;;12 месяцев со дня ввода в эксплуатацию, но не более 18 месяцев со дня отгрузки потребителю;;;;;;;;По запросу;689800;Под заказ
Конденсатоотводчик поплавковый 5с-1-2 DN 25 PN 10,0 Т450 °С, корпус ст. 20;Энергетическая арматура;5с-1-2;Вода - пар;от -45 до +40;У1;В;ОТК;30;;12 месяцев со дня ввода в эксплуатацию, но не более 18 месяцев со дня отгрузки потребителю;Под приварку;;25;100;450;Углеродистая сталь;46;По запросу;113400;Под заказ
