Наименование;Раздел;Таблица фигур;Рабочая среда;Условная пропускная способность Kvy, м³/ч;Температура рабочей среды, °С;Температура окружающего воздуха, °С;Климатическое исполнение;Класс герметичности;Приемка;Назначенный срок службы, лет;Назначенный ресурс, циклов;Наработка на отказ, циклов;Гарантия;Конструктивный тип;Принцип устройства;Тип присоединения;Диаметр DN, мм;Давление PN, кгс/см²;Материал корпуса;Масса, кг, не более;Цена закупки;Цена без НДС;Срок изготовления
Клапан регулирующий односедельный фланцевый 25ч945нж DN 15 PN 1,6 МПа У3 (Kvy - 4,0? м³/ч) с ЭИМ, корпус чугун;Клапаны регулирующие;25ч945нж;Жидкие и газообразные среды, нейтральные к материалам деталей, соприкасающихся со средой (вода, пар, воздух, мазут и другие жидкие нефтепродукты, масляные фракции и другие среды);"0,1; 0,16; 0,25; 0,4; 0,6; 1,0; 1,6; 2,5; 3,2; 4,0";От -15 до +300;От -15 до +50;У3;А;ОТК;10;1700;400;12 месяцев со дня ввода в эксплуатацию, но не более 18 месяцев со дня отгрузки потребителю;Односедельный;;Фланцевое;15;16;Чугун;10;По запросу;56400;Под заказ
Клапан регулирующий односедельный фланцевый 25ч945нж DN 20 PN 1,6 МПа У3 (Kvy - 6,3? м³/ч) с ЭИМ, корпус чугун;Клапаны регулирующие;25ч945нж;Жидкие и газообразные среды, нейтральные к материалам деталей, соприкасающихся со средой (вода, пар, воздух, мазут и другие жидкие нефтепродукты, масляные фракции и другие среды);"1,6; 2,5; 4,0; 6,3";От -15 до +300;От -15 до +50;У3;А;ОТК;10;1700;400;12 месяцев со дня ввода в эксплуатацию, но не более 18 месяцев со дня отгрузки потребителю;Односедельный;;Фланцевое;20;16;Чугун;11;По запросу;58200;Под заказ
Клапан регулирующий односедельный фланцевый 25ч945нж DN 25 PN 1,6 Мпа (Kvy - 16? м³/ч) У3 с ЭИМ, корпус чугун;Клапаны регулирующие;25ч945нж;Жидкие и газообразные среды, нейтральные к материалам деталей, соприкасающихся со средой (вода, пар, воздух, мазут и другие жидкие нефтепродукты, масляные фракции и другие среды);"1,6; 2,5; 4,0; 6,3; 10; 16";От -15 до +300;От -15 до +50;У3;А;ОТК;10;1700;400;12 месяцев со дня ввода в эксплуатацию, но не более 18 месяцев со дня отгрузки потребителю;Односедельный;;Фланцевое;25;16;Чугун;12;По запросу;60240;Под заказ
Клапан регулирующий односедельный фланцевый 25ч945нж DN 32 PN 1,6 МПа У3 (Kvy - 25? м³/ч) с ЭИМ, корпус чугун;Клапаны регулирующие;25ч945нж;Жидкие и газообразные среды, нейтральные к материалам деталей, соприкасающихся со средой (вода, пар, воздух, мазут и другие жидкие нефтепродукты, масляные фракции и другие среды);"6,3; 10; 16; 25";От -15 до +300;От -15 до +50;У3;А;ОТК;10;1700;400;12 месяцев со дня ввода в эксплуатацию, но не более 18 месяцев со дня отгрузки потребителю;Односедельный;;Фланцевое;32;16;Чугун;13;По запросу;61620;Под заказ
Клапан регулирующий односедельный фланцевый 25ч945нж DN 40 PN 1,6 МПа У3 (Kvy - 40? м³/ч) с ЭИМ, корпус чугун;Клапаны регулирующие;25ч945нж;Жидкие и газообразные среды, нейтральные к материалам деталей, соприкасающихся со средой (вода, пар, воздух, мазут и другие жидкие нефтепродукты, масляные фракции и другие среды);"10; 16; 25; 40";От -15 до +300;От -15 до +50;У3;А;ОТК;10;1700;400;12 месяцев со дня ввода в эксплуатацию, но не более 18 месяцев со дня отгрузки потребителю;Односедельный;;Фланцевое;40;16;Чугун;18;По запросу;68400;Под заказ
Клапан регулирующий односедельный фланцевый 25ч945нж DN 50 PN 1,6 МПа У3 (Kvy - 63? м³/ч) с ЭИМ, корпус чугун;Клапаны регулирующие;25ч945нж;Жидкие и газообразные среды, нейтральные к материалам деталей, соприкасающихся со средой (вода, пар, воздух, мазут и другие жидкие нефтепродукты, масляные фракции и другие среды);"10; 16; 25; 40; 63";От -15 до +300;От -15 до +50;У3;А;ОТК;10;1700;400;12 месяцев со дня ввода в эксплуатацию, но не более 18 месяцев со дня отгрузки потребителю;Односедельный;;Фланцевое;50;16;Чугун;20;По запросу;78190;Под заказ
Клапан регулирующий односедельный фланцевый 25ч945нж DN 65 PN 1,6 МПа У3 (Kvy - 100? м³/ч) с ЭИМ, корпус чугун;Клапаны регулирующие;25ч945нж;Жидкие и газообразные среды, нейтральные к материалам деталей, соприкасающихся со средой (вода, пар, воздух, мазут и другие жидкие нефтепродукты, масляные фракции и другие среды);"25; 40; 63; 100";От -15 до +300;От -15 до +50;У3;А;ОТК;10;1700;400;12 месяцев со дня ввода в эксплуатацию, но не более 18 месяцев со дня отгрузки потребителю;Односедельный;;Фланцевое;65;16;Чугун;33;По запросу;85660;Под заказ
Клапан регулирующий односедельный фланцевый 25ч945нж DN 80 PN 1,6 МПа У3 (Kvy - 160? м³/ч) с ЭИМ, корпус чугун;Клапаны регулирующие;25ч945нж;Жидкие и газообразные среды, нейтральные к материалам деталей, соприкасающихся со средой (вода, пар, воздух, мазут и другие жидкие нефтепродукты, масляные фракции и другие среды);"40; 63; 100; 160";От -15 до +300;От -15 до +50;У3;А;ОТК;10;1700;400;12 месяцев со дня ввода в эксплуатацию, но не более 18 месяцев со дня отгрузки потребителю;Односедельный;;Фланцевое;80;16;Чугун;36;По запросу;93520;Под заказ
Клапан регулирующий односедельный фланцевый 25ч945нж DN 100 PN 1,6 МПа У3 (Kvy - 250? м³/ч) с ЭИМ, корпус чугун;Клапаны регулирующие;25ч945нж;Жидкие и газообразные среды, нейтральные к материалам деталей, соприкасающихся со средой (вода, пар, воздух, мазут и другие жидкие нефтепродукты, масляные фракции и другие среды);"63; 100; 160; 250";От -15 до +300;От -15 до +50;У3;А;ОТК;10;1700;400;12 месяцев со дня ввода в эксплуатацию, но не более 18 месяцев со дня отгрузки потребителю;Односедельный;;Фланцевое;100;16;Чугун;46;По запросу;113380;Под заказ
Клапан регулирующий односедельный фланцевый 25ч945нж DN 125 PN 1,6 МПа У3 (Kvy - 320? м³/ч) с ЭИМ, корпус чугун;Клапаны регулирующие;25ч945нж;Жидкие и газообразные среды, нейтральные к материалам деталей, соприкасающихся со средой (вода, пар, воздух, мазут и другие жидкие нефтепродукты, масляные фракции и другие среды);"100; 160; 250; 320";От -15 до +300;От -15 до +50;У3;А;ОТК;10;1700;400;12 месяцев со дня ввода в эксплуатацию, но не более 18 месяцев со дня отгрузки потребителю;Односедельный;;Фланцевое;125;16;Чугун;85;По запросу;191400;Под заказ
Клапан регулирующий односедельный фланцевый 25ч945нж DN 150 PN 1,6 МПа У3 (Kvy - 400? м³/ч) с ЭИМ, корпус чугун;Клапаны регулирующие;25ч945нж;Жидкие и газообразные среды, нейтральные к материалам деталей, соприкасающихся со средой (вода, пар, воздух, мазут и другие жидкие нефтепродукты, масляные фракции и другие среды);"160; 250; 400";От -15 до +300;От -15 до +50;У3;А;ОТК;10;1700;400;12 месяцев со дня ввода в эксплуатацию, но не более 18 месяцев со дня отгрузки потребителю;Односедельный;;Фланцевое;150;16;Чугун;102;По запросу;235620;Под заказ
Клапан регулирующий односедельный фланцевый 25ч945нж DN 200 PN 1,6 МПа У3 (Kvy - 630? м³/ч) с ЭИМ, корпус чугун;Клапаны регулирующие;25ч945нж;Жидкие и газообразные среды, нейтральные к материалам деталей, соприкасающихся со средой (вода, пар, воздух, мазут и другие жидкие нефтепродукты, масляные фракции и другие среды);"250; 400; 630";От -15 до +300;От -15 до +50;У3;А;ОТК;10;1700;400;12 месяцев со дня ввода в эксплуатацию, но не более 18 месяцев со дня отгрузки потребителю;Односедельный;;Фланцевое;200;16;Чугун;140;По запросу;300960;Под заказ
Клапан регулирующий односедельный фланцевый 25ч945нж DN 250 PN 1,6 МПа У3 (Kvy - ? м³/ч) с ЭИМ, корпус чугун;Клапаны регулирующие;25ч945нж;Жидкие и газообразные среды, нейтральные к материалам деталей, соприкасающихся со средой (вода, пар, воздух, мазут и другие жидкие нефтепродукты, масляные фракции и другие среды);;От -15 до +300;От -15 до +50;У3;А;ОТК;10;1700;400;12 месяцев со дня ввода в эксплуатацию, но не более 18 месяцев со дня отгрузки потребителю;Односедельный;;Фланцевое;250;16;Чугун;200;По запросу;0;Под заказ
Клапан регулирующий односедельный фланцевый 25ч945нж DN 300 PN 1,6 МПа У3 (Kvy - ? м³/ч) с ЭИМ, корпус чугун;Клапаны регулирующие;25ч945нж;Жидкие и газообразные среды, нейтральные к материалам деталей, соприкасающихся со средой (вода, пар, воздух, мазут и другие жидкие нефтепродукты, масляные фракции и другие среды);;От -15 до +300;От -15 до +50;У3;А;ОТК;10;1700;400;12 месяцев со дня ввода в эксплуатацию, но не более 18 месяцев со дня отгрузки потребителю;Односедельный;;Фланцевое;300;16;Чугун;315;По запросу;0;Под заказ
Клапан регулирующий односедельный фланцевый 25ч945п DN 15 PN 1,6 МПа У3 (Kvy - 4,0? м³/ч) с ЭИМ, корпус чугун;Клапаны регулирующие;25ч945п;Жидкие и газообразные среды, нейтральные к материалам деталей, соприкасающихся со средой (вода, пар, воздух, мазут и другие жидкие нефтепродукты, масляные фракции и другие среды);"0,1; 0,16; 0,25; 0,4; 0,6; 1,0; 1,6; 2,5; 3,2; 4,0";От -15 до +150;От -15 до +50;У3;А;ОТК;10;1700;400;12 месяцев со дня ввода в эксплуатацию, но не более 18 месяцев со дня отгрузки потребителю;Односедельный;;Фланцевое;15;16;Чугун;10;По запросу;56400;Под заказ
Клапан регулирующий односедельный фланцевый 25ч945п DN 20 PN 1,6 МПа У3 (Kvy - 6,3? м³/ч) с ЭИМ, корпус чугун;Клапаны регулирующие;25ч945п;Жидкие и газообразные среды, нейтральные к материалам деталей, соприкасающихся со средой (вода, пар, воздух, мазут и другие жидкие нефтепродукты, масляные фракции и другие среды);"1,6; 2,5; 4,0; 6,3";От -15 до +150;От -15 до +50;У3;А;ОТК;10;1700;400;12 месяцев со дня ввода в эксплуатацию, но не более 18 месяцев со дня отгрузки потребителю;Односедельный;;Фланцевое;20;16;Чугун;11;По запросу;58200;Под заказ
Клапан регулирующий односедельный фланцевый 25ч945п DN 25 PN 1,6 МПа У3 (Kvy - 16? м³/ч) с ЭИМ, корпус чугун;Клапаны регулирующие;25ч945п;Жидкие и газообразные среды, нейтральные к материалам деталей, соприкасающихся со средой (вода, пар, воздух, мазут и другие жидкие нефтепродукты, масляные фракции и другие среды);"1,6; 2,5; 4,0; 6,3; 10; 16";От -15 до +150;От -15 до +50;У3;А;ОТК;10;1700;400;12 месяцев со дня ввода в эксплуатацию, но не более 18 месяцев со дня отгрузки потребителю;Односедельный;;Фланцевое;25;16;Чугун;12;По запросу;60240;Под заказ
Клапан регулирующий односедельный фланцевый 25ч945п DN 32 PN 1,6 МПа У3 (Kvy - 25? м³/ч) с ЭИМ, корпус чугун;Клапаны регулирующие;25ч945п;Жидкие и газообразные среды, нейтральные к материалам деталей, соприкасающихся со средой (вода, пар, воздух, мазут и другие жидкие нефтепродукты, масляные фракции и другие среды);"6,3; 10; 16; 25";От -15 до +150;От -15 до +50;У3;А;ОТК;10;1700;400;12 месяцев со дня ввода в эксплуатацию, но не более 18 месяцев со дня отгрузки потребителю;Односедельный;;Фланцевое;32;16;Чугун;13;По запросу;61620;Под заказ
Клапан регулирующий односедельный фланцевый 25ч945п DN 40 PN 1,6 МПа У3 (Kvy - 16? м³/ч) с ЭИМ, корпус чугун;Клапаны регулирующие;25ч945п;Жидкие и газообразные среды, нейтральные к материалам деталей, соприкасающихся со средой (вода, пар, воздух, мазут и другие жидкие нефтепродукты, масляные фракции и другие среды);"10; 16; 25; 40";От -15 до +150;От -15 до +50;У3;А;ОТК;10;1700;400;12 месяцев со дня ввода в эксплуатацию, но не более 18 месяцев со дня отгрузки потребителю;Односедельный;;Фланцевое;40;16;Чугун;18;По запросу;68400;Под заказ
Клапан регулирующий односедельный фланцевый 25ч945п DN 50 PN 1,6 МПа У3 (Kvy - 63? м³/ч) с ЭИМ, корпус чугун;Клапаны регулирующие;25ч945п;Жидкие и газообразные среды, нейтральные к материалам деталей, соприкасающихся со средой (вода, пар, воздух, мазут и другие жидкие нефтепродукты, масляные фракции и другие среды);"10; 16; 25; 40; 63";От -15 до +150;От -15 до +50;У3;А;ОТК;10;1700;400;12 месяцев со дня ввода в эксплуатацию, но не более 18 месяцев со дня отгрузки потребителю;Односедельный;;Фланцевое;50;16;Чугун;20;По запросу;78190;Под заказ
Клапан регулирующий односедельный фланцевый 25ч945п DN 65 PN 1,6 МПа У3 (Kvy - 100? м³/ч) с ЭИМ, корпус чугун;Клапаны регулирующие;25ч945п;Жидкие и газообразные среды, нейтральные к материалам деталей, соприкасающихся со средой (вода, пар, воздух, мазут и другие жидкие нефтепродукты, масляные фракции и другие среды);"25; 40; 63; 100";От -15 до +150;От -15 до +50;У3;А;ОТК;10;1700;400;12 месяцев со дня ввода в эксплуатацию, но не более 18 месяцев со дня отгрузки потребителю;Односедельный;;Фланцевое;65;16;Чугун;33;По запросу;85660;Под заказ
Клапан регулирующий односедельный фланцевый 25ч945п DN 80 PN 1,6 МПа У3 (Kvy - 160? м³/ч) с ЭИМ, корпус чугун;Клапаны регулирующие;25ч945п;Жидкие и газообразные среды, нейтральные к материалам деталей, соприкасающихся со средой (вода, пар, воздух, мазут и другие жидкие нефтепродукты, масляные фракции и другие среды);"40; 63; 100; 160";От -15 до +150;От -15 до +50;У3;А;ОТК;10;1700;400;12 месяцев со дня ввода в эксплуатацию, но не более 18 месяцев со дня отгрузки потребителю;Односедельный;;Фланцевое;80;16;Чугун;36;По запросу;93520;Под заказ
Клапан регулирующий односедельный фланцевый 25ч945п DN 100 PN 1,6 МПа У3 (Kvy - 250? м³/ч) с ЭИМ, корпус чугун;Клапаны регулирующие;25ч945п;Жидкие и газообразные среды, нейтральные к материалам деталей, соприкасающихся со средой (вода, пар, воздух, мазут и другие жидкие нефтепродукты, масляные фракции и другие среды);"63; 100; 160; 250";От -15 до +150;От -15 до +50;У3;А;ОТК;10;1700;400;12 месяцев со дня ввода в эксплуатацию, но не более 18 месяцев со дня отгрузки потребителю;Односедельный;;Фланцевое;100;16;Чугун;46;По запросу;113380;Под заказ
Клапан регулирующий односедельный фланцевый 25ч945п DN 125 PN 1,6 МПа У3 (Kvy - 320? м³/ч) с ЭИМ, корпус чугун;Клапаны регулирующие;25ч945п;Жидкие и газообразные среды, нейтральные к материалам деталей, соприкасающихся со средой (вода, пар, воздух, мазут и другие жидкие нефтепродукты, масляные фракции и другие среды);"100; 160; 250; 320";От -15 до +150;От -15 до +50;У3;А;ОТК;10;1700;400;12 месяцев со дня ввода в эксплуатацию, но не более 18 месяцев со дня отгрузки потребителю;Односедельный;;Фланцевое;125;16;Чугун;85;По запросу;191400;Под заказ
Клапан регулирующий односедельный фланцевый 25ч945п DN 150 PN 1,6 МПа У3 (Kvy - 400? м³/ч) с ЭИМ, корпус чугун;Клапаны регулирующие;25ч945п;Жидкие и газообразные среды, нейтральные к материалам деталей, соприкасающихся со средой (вода, пар, воздух, мазут и другие жидкие нефтепродукты, масляные фракции и другие среды);"160; 250; 400";От -15 до +150;От -15 до +50;У3;А;ОТК;10;1700;400;12 месяцев со дня ввода в эксплуатацию, но не более 18 месяцев со дня отгрузки потребителю;Односедельный;;Фланцевое;150;16;Чугун;102;По запросу;235620;Под заказ
Клапан регулирующий односедельный фланцевый 25ч945п DN 200 PN 1,6 МПа У3 (Kvy - 630? м³/ч) с ЭИМ, корпус чугун;Клапаны регулирующие;25ч945п;Жидкие и газообразные среды, нейтральные к материалам деталей, соприкасающихся со средой (вода, пар, воздух, мазут и другие жидкие нефтепродукты, масляные фракции и другие среды);"250; 400; 630";От -15 до +150;От -15 до +50;У3;А;ОТК;10;1700;400;12 месяцев со дня ввода в эксплуатацию, но не более 18 месяцев со дня отгрузки потребителю;Односедельный;;Фланцевое;200;16;Чугун;140;По запросу;300960;Под заказ
Клапан регулирующий односедельный фланцевый 25ч945п DN 250 PN 1,6 МПа У3 (Kvy - ? м³/ч) с ЭИМ, корпус чугун;Клапаны регулирующие;25ч945п;Жидкие и газообразные среды, нейтральные к материалам деталей, соприкасающихся со средой (вода, пар, воздух, мазут и другие жидкие нефтепродукты, масляные фракции и другие среды);;От -15 до +150;От -15 до +50;У3;А;ОТК;10;1700;400;12 месяцев со дня ввода в эксплуатацию, но не более 18 месяцев со дня отгрузки потребителю;Односедельный;;Фланцевое;250;16;Чугун;200;По запросу;0;Под заказ
Клапан регулирующий односедельный фланцевый 25ч945п DN 300 PN 1,6 МПа У3 (Kvy - ? м³/ч) с ЭИМ, корпус чугун;Клапаны регулирующие;25ч945п;Жидкие и газообразные среды, нейтральные к материалам деталей, соприкасающихся со средой (вода, пар, воздух, мазут и другие жидкие нефтепродукты, масляные фракции и другие среды);;От -15 до +150;От -15 до +50;У3;А;ОТК;10;1700;400;12 месяцев со дня ввода в эксплуатацию, но не более 18 месяцев со дня отгрузки потребителю;Односедельный;;Фланцевое;300;16;Чугун;315;По запросу;0;Под заказ
Клапан регулирующий односедельный фланцевый 25ч943нж DN 15 PN 1,6 МПа У3 (Kvy - 4,0? м³/ч) с ЭИМ, корпус чугун;Клапаны регулирующие;25ч943нж;Жидкие и газообразные среды, нейтральные к материалам деталей, соприкасающихся со средой (вода, пар, воздух, мазут и другие жидкие нефтепродукты, масляные фракции и другие среды);"0,1; 0,16; 0,25; 0,4; 0,6; 1,0; 1,6; 2,5; 3,2; 4,0";От -15 до +300;От -15 до +50;У3;В;ОТК;10;1700;400;12 месяцев со дня ввода в эксплуатацию, но не более 18 месяцев со дня отгрузки потребителю;Односедельный;;Фланцевое;15;16;Чугун;17;По запросу;54780;Под заказ
Клапан регулирующий двухседельный фланцевый 25ч940нж DN 25 PN 1,6 МПа У3 (Kvy - 16? м³/ч) с ЭИМ, корпус чугун;Клапаны регулирующие;25ч940нж;Жидкие и газообразные среды, нейтральные к материалам деталей, соприкасающихся со средой (вода, пар, воздух, мазут и другие жидкие нефтепродукты, масляные фракции и другие среды);"3,2; 4,0; 6,3; 8; 10; 12,5; 16";От -15 до +300;От -15 до +50;У3;В;ОТК;10;1700;400;12 месяцев со дня ввода в эксплуатацию, но не более 18 месяцев со дня отгрузки потребителю;Двухседельный;;Фланцевое;25;16;Чугун;15;По запросу;50050;Под заказ
Клапан регулирующий двухседельный фланцевый 25ч940нж DN 40 PN 1,6 МПа У3 (Kvy - 40? м³/ч) с ЭИМ, корпус чугун;Клапаны регулирующие;25ч940нж;Жидкие и газообразные среды, нейтральные к материалам деталей, соприкасающихся со средой (вода, пар, воздух, мазут и другие жидкие нефтепродукты, масляные фракции и другие среды);"10; 16; 25; 40";От -15 до +300;От -15 до +50;У3;В;ОТК;10;1700;400;12 месяцев со дня ввода в эксплуатацию, но не более 18 месяцев со дня отгрузки потребителю;Двухседельный;;Фланцевое;40;16;Чугун;25;По запросу;54560;Под заказ
Клапан регулирующий двухседельный фланцевый 25ч940нж DN 50 PN 1,6 МПа У3 (Kvy - 63? м³/ч) с ЭИМ, корпус чугун;Клапаны регулирующие;25ч940нж;Жидкие и газообразные среды, нейтральные к материалам деталей, соприкасающихся со средой (вода, пар, воздух, мазут и другие жидкие нефтепродукты, масляные фракции и другие среды);"16; 25; 40; 63";От -15 до +300;От -15 до +50;У3;В;ОТК;10;1700;400;12 месяцев со дня ввода в эксплуатацию, но не более 18 месяцев со дня отгрузки потребителю;Двухседельный;;Фланцевое;50;16;Чугун;30;По запросу;72050;Под заказ
Клапан регулирующий двухседельный фланцевый 25ч940нж DN 80 PN 1,6 МПа У3 (Kvy - 160? м³/ч) с ЭИМ, корпус чугун;Клапаны регулирующие;25ч940нж;Жидкие и газообразные среды, нейтральные к материалам деталей, соприкасающихся со средой (вода, пар, воздух, мазут и другие жидкие нефтепродукты, масляные фракции и другие среды);"40; 63; 100; 160";От -15 до +300;От -15 до +50;У3;В;ОТК;10;1700;400;12 месяцев со дня ввода в эксплуатацию, но не более 18 месяцев со дня отгрузки потребителю;Двухседельный;;Фланцевое;80;16;Чугун;54;По запросу;97790;Под заказ
Клапан регулирующий двухседельный фланцевый 25ч931нж DN 25 PN 1,6 МПа У3 (Kvy - ? м³/ч) с ЭИМ, корпус чугун;Клапаны регулирующие;25ч931нж;Жидкие и газообразные среды, нейтральные к материалам деталей, соприкасающихся со средой (вода, пар, воздух, мазут и другие жидкие нефтепродукты, масляные фракции и другие среды);;От -15 до +300;От -15 до +50;У3;В;ОТК;10;1700;400;12 месяцев со дня ввода в эксплуатацию, но не более 18 месяцев со дня отгрузки потребителю;Двухседельный;;Фланцевое;25;16;Чугун;15;По запросу;60500;Под заказ
Клапан регулирующий двухседельный фланцевый 25ч931нж DN 40 PN 1,6 МПа У3 (Kvy - ? м³/ч) с ЭИМ, корпус чугун;Клапаны регулирующие;25ч931нж;Жидкие и газообразные среды, нейтральные к материалам деталей, соприкасающихся со средой (вода, пар, воздух, мазут и другие жидкие нефтепродукты, масляные фракции и другие среды);;От -15 до +300;От -15 до +50;У3;В;ОТК;10;1700;400;12 месяцев со дня ввода в эксплуатацию, но не более 18 месяцев со дня отгрузки потребителю;Двухседельный;;Фланцевое;40;16;Чугун;25;По запросу;65010;Под заказ
Клапан регулирующий двухседельный фланцевый 25ч931нж DN 50 PN 1,6 МПа У3 (Kvy - ? м³/ч) с ЭИМ, корпус чугун;Клапаны регулирующие;25ч931нж;Жидкие и газообразные среды, нейтральные к материалам деталей, соприкасающихся со средой (вода, пар, воздух, мазут и другие жидкие нефтепродукты, масляные фракции и другие среды);;От -15 до +300;От -15 до +50;У3;В;ОТК;10;1700;400;12 месяцев со дня ввода в эксплуатацию, но не более 18 месяцев со дня отгрузки потребителю;Двухседельный;;Фланцевое;50;16;Чугун;30;По запросу;71720;Под заказ
Клапан регулирующий двухседельный фланцевый 25ч931нж DN 80 PN 1,6 МПа У3 (Kvy - ? м³/ч) с ЭИМ, корпус чугун;Клапаны регулирующие;25ч931нж;Жидкие и газообразные среды, нейтральные к материалам деталей, соприкасающихся со средой (вода, пар, воздух, мазут и другие жидкие нефтепродукты, масляные фракции и другие среды);;От -15 до +300;От -15 до +50;У3;В;ОТК;10;1700;400;12 месяцев со дня ввода в эксплуатацию, но не более 18 месяцев со дня отгрузки потребителю;Двухседельный;;Фланцевое;80;16;Чугун;54;По запросу;94160;Под заказ
"Клапан регулирующий эмалированный фланцевый ""после себя"" нормально открытый 25ч35эм DN 15 PN 1,0 МПа У3 с МИМ, корпус чугун";Клапаны регулирующие;25ч35эм;Агрессивные среды, не содержащие твердых частиц;;От -15 до +120;От -15 до +50;У3;В;ОТК;5;1200;300;12 месяцев со дня ввода в эксплуатацию, но не более 18 месяцев со дня отгрузки потребителю;;Нормально открытый;Фланцевое;15;10;Чугун;13;По запросу;31680;Под заказ
"Клапан регулирующий эмалированный фланцевый ""после себя"" нормально открытый 25ч35эм DN 20 PN 0,6 МПа У3 с МИМ, корпус чугун";Клапаны регулирующие;25ч35эм;Агрессивные среды, не содержащие твердых частиц;;От -15 до +120;От -15 до +50;У3;В;ОТК;5;1200;300;12 месяцев со дня ввода в эксплуатацию, но не более 18 месяцев со дня отгрузки потребителю;;Нормально открытый;Фланцевое;20;6;Чугун;23;По запросу;34320;Под заказ
"Клапан регулирующий эмалированный фланцевый ""после себя"" нормально открытый 25ч35эм DN 25 PN 0,6 МПа У3 с МИМ, корпус чугун";Клапаны регулирующие;25ч35эм;Агрессивные среды, не содержащие твердых частиц;;От -15 до +120;От -15 до +50;У3;В;ОТК;5;1200;300;12 месяцев со дня ввода в эксплуатацию, но не более 18 месяцев со дня отгрузки потребителю;;Нормально открытый;Фланцевое;25;6;Чугун;24;По запросу;37320;Под заказ
"Клапан регулирующий эмалированный фланцевый ""после себя"" нормально открытый 25ч35эм DN 32 PN 0,6 МПа У3 с МИМ, корпус чугун";Клапаны регулирующие;25ч35эм;Агрессивные среды, не содержащие твердых частиц;;От -15 до +120;От -15 до +50;У3;В;ОТК;5;1200;300;12 месяцев со дня ввода в эксплуатацию, но не более 18 месяцев со дня отгрузки потребителю;;Нормально открытый;Фланцевое;32;6;Чугун;35;По запросу;40080;Под заказ
"Клапан регулирующий эмалированный фланцевый ""после себя"" нормально открытый 25ч35эм DN 40 PN 0,4 МПа У3 с МИМ, корпус чугун";Клапаны регулирующие;25ч35эм;Агрессивные среды, не содержащие твердых частиц;;От -15 до +120;От -15 до +50;У3;В;ОТК;5;1200;300;12 месяцев со дня ввода в эксплуатацию, но не более 18 месяцев со дня отгрузки потребителю;;Нормально открытый;Фланцевое;40;4;Чугун;36;По запросу;42960;Под заказ
"Клапан регулирующий эмалированный фланцевый ""после себя"" нормально открытый 25ч35эм DN 50 PN 0,4 МПа У3 с МИМ, корпус чугун";Клапаны регулирующие;25ч35эм;Агрессивные среды, не содержащие твердых частиц;;От -15 до +120;От -15 до +50;У3;В;ОТК;5;1200;300;12 месяцев со дня ввода в эксплуатацию, но не более 18 месяцев со дня отгрузки потребителю;;Нормально открытый;Фланцевое;50;4;Чугун;54;По запросу;45720;Под заказ
"Клапан регулирующий эмалированный фланцевый ""после себя"" нормально открытый 25ч35эм DN 65 PN 0,3 МПа У3 с МИМ, корпус чугун";Клапаны регулирующие;25ч35эм;Агрессивные среды, не содержащие твердых частиц;;От -15 до +120;От -15 до +50;У3;В;ОТК;5;1200;300;12 месяцев со дня ввода в эксплуатацию, но не более 18 месяцев со дня отгрузки потребителю;;Нормально открытый;Фланцевое;65;3;Чугун;57;По запросу;48600;Под заказ
"Клапан регулирующий эмалированный фланцевый ""после себя"" нормально открытый 25ч35эм DN 80 PN 0,3 МПа У3 с МИМ, корпус чугун";Клапаны регулирующие;25ч35эм;Агрессивные среды, не содержащие твердых частиц;;От -15 до +120;От -15 до +50;У3;В;ОТК;5;1200;300;12 месяцев со дня ввода в эксплуатацию, но не более 18 месяцев со дня отгрузки потребителю;;Нормально открытый;Фланцевое;80;3;Чугун;66;По запросу;65640;Под заказ
"Клапан регулирующий эмалированный фланцевый ""после себя"" нормально открытый 25ч35эм DN 100 PN 0,3 МПа У3 с МИМ, корпус чугун";Клапаны регулирующие;25ч35эм;Агрессивные среды, не содержащие твердых частиц;;От -15 до +120;От -15 до +50;У3;В;ОТК;5;1200;300;12 месяцев со дня ввода в эксплуатацию, но не более 18 месяцев со дня отгрузки потребителю;;Нормально открытый;Фланцевое;100;3;Чугун;70;По запросу;88560;Под заказ
"Клапан регулирующий эмалированный фланцевый ""до себя"" нормально закрытый 25ч36эм DN 15 PN 1,0 МПа У3 с МИМ, корпус чугун";Клапаны регулирующие;25ч36эм;Агрессивные среды, не содержащие твердых частиц;;От -15 до +120;От -15 до +50;У3;В;ОТК;5;1200;300;12 месяцев со дня ввода в эксплуатацию, но не более 18 месяцев со дня отгрузки потребителю;;Нормально закрытый;Фланцевое;15;10;Чугун;13;По запросу;31680;Под заказ
"Клапан регулирующий эмалированный фланцевый ""до себя"" нормально закрытый 25ч36эм DN 20 PN 0,6 МПа У3 с МИМ, корпус чугун";Клапаны регулирующие;25ч36эм;Агрессивные среды, не содержащие твердых частиц;;От -15 до +120;От -15 до +50;У3;В;ОТК;5;1200;300;12 месяцев со дня ввода в эксплуатацию, но не более 18 месяцев со дня отгрузки потребителю;;Нормально закрытый;Фланцевое;20;6;Чугун;23;По запросу;34320;Под заказ
"Клапан регулирующий эмалированный фланцевый ""до себя"" нормально закрытый 25ч36эм DN 25 PN 0,6 МПа У3 с МИМ, корпус чугун";Клапаны регулирующие;25ч36эм;Агрессивные среды, не содержащие твердых частиц;;От -15 до +120;От -15 до +50;У3;В;ОТК;5;1200;300;12 месяцев со дня ввода в эксплуатацию, но не более 18 месяцев со дня отгрузки потребителю;;Нормально закрытый;Фланцевое;25;6;Чугун;24;По запросу;37320;Под заказ
"Клапан регулирующий эмалированный фланцевый ""до себя"" нормально закрытый 25ч36эм DN 32 PN 0,6 МПа У3 с МИМ, корпус чугун";Клапаны регулирующие;25ч36эм;Агрессивные среды, не содержащие твердых частиц;;От -15 до +120;От -15 до +50;У3;В;ОТК;5;1200;300;12 месяцев со дня ввода в эксплуатацию, но не более 18 месяцев со дня отгрузки потребителю;;Нормально закрытый;Фланцевое;32;6;Чугун;37;По запросу;42960;Под заказ
"Клапан регулирующий эмалированный фланцевый ""до себя"" нормально закрытый 25ч36эм DN 40 PN 0,4 МПа У3 с МИМ, корпус чугун";Клапаны регулирующие;25ч36эм;Агрессивные среды, не содержащие твердых частиц;;От -15 до +120;От -15 до +50;У3;В;ОТК;5;1200;300;12 месяцев со дня ввода в эксплуатацию, но не более 18 месяцев со дня отгрузки потребителю;;Нормально закрытый;Фланцевое;40;4;Чугун;38;По запросу;45720;Под заказ
"Клапан регулирующий эмалированный фланцевый ""до себя"" нормально закрытый 25ч36эм DN 50 PN 0,4 МПа У3 с МИМ, корпус чугун";Клапаны регулирующие;25ч36эм;Агрессивные среды, не содержащие твердых частиц;;От -15 до +120;От -15 до +50;У3;В;ОТК;5;1200;300;12 месяцев со дня ввода в эксплуатацию, но не более 18 месяцев со дня отгрузки потребителю;;Нормально закрытый;Фланцевое;50;4;Чугун;58;По запросу;48600;Под заказ
"Клапан регулирующий эмалированный фланцевый ""до себя"" нормально закрытый 25ч36эм DN 65 PN 0,3 МПа У3 с МИМ, корпус чугун";Клапаны регулирующие;25ч36эм;Агрессивные среды, не содержащие твердых частиц;;От -15 до +120;От -15 до +50;У3;В;ОТК;5;1200;300;12 месяцев со дня ввода в эксплуатацию, но не более 18 месяцев со дня отгрузки потребителю;;Нормально закрытый;Фланцевое;65;3;Чугун;61;По запросу;51360;Под заказ
"Клапан регулирующий эмалированный фланцевый ""до себя"" нормально закрытый 25ч36эм DN 80 PN 0,3 МПа У3 с МИМ, корпус чугун";Клапаны регулирующие;25ч36эм;Агрессивные среды, не содержащие твердых частиц;;От -15 до +120;От -15 до +50;У3;В;ОТК;5;1200;300;12 месяцев со дня ввода в эксплуатацию, но не более 18 месяцев со дня отгрузки потребителю;;Нормально закрытый;Фланцевое;80;3;Чугун;70;По запросу;68640;Под заказ
"Клапан регулирующий эмалированный фланцевый ""до себя"" нормально закрытый 25ч36эм DN 100 PN 0,3 МПа У3 с МИМ, корпус чугун";Клапаны регулирующие;25ч36эм;Агрессивные среды, не содержащие твердых частиц;;От -15 до +120;От -15 до +50;У3;В;ОТК;5;1200;300;12 месяцев со дня ввода в эксплуатацию, но не более 18 месяцев со дня отгрузки потребителю;;Нормально закрытый;Фланцевое;100;3;Чугун;74;По запросу;91320;Под заказ
"Клапан регулирующий футерованный фланцевый ""после себя"" нормально открытый 25ч5п DN 15 PN 1,0 МПа У3 с МИМ, корпус чугун";Клапаны регулирующие;25ч5п;Агрессивные жидкие и газообразные среды;;От -15 до +60;От -15 до +50;У3;А;ОТК;10;1700;400;12 месяцев со дня ввода в эксплуатацию, но не более 18 месяцев со дня отгрузки потребителю;;Нормально открытый;Фланцевое;15;10;Чугун;14;По запросу;53460;Под заказ
"Клапан регулирующий футерованный фланцевый ""после себя"" нормально открытый 25ч5п DN 20 PN 0,63 МПа У3 с МИМ, корпус чугун";Клапаны регулирующие;25ч5п;Агрессивные жидкие и газообразные среды;;От -15 до +60;От -15 до +50;У3;А;ОТК;10;1700;400;12 месяцев со дня ввода в эксплуатацию, но не более 18 месяцев со дня отгрузки потребителю;;Нормально открытый;Фланцевое;20;6,3;Чугун;17;По запросу;57610;Под заказ
"Клапан регулирующий футерованный фланцевый ""после себя"" нормально открытый 25ч5п DN 25 PN 0,63 МПа У3 с МИМ, корпус чугун";Клапаны регулирующие;25ч5п;Агрессивные жидкие и газообразные среды;;От -15 до +60;От -15 до +50;У3;А;ОТК;10;1700;400;12 месяцев со дня ввода в эксплуатацию, но не более 18 месяцев со дня отгрузки потребителю;;Нормально открытый;Фланцевое;25;6,3;Чугун;21;По запросу;58410;Под заказ
"Клапан регулирующий футерованный фланцевый ""после себя"" нормально открытый 25ч5п DN 32 PN 0,63 МПа У3 с МИМ, корпус чугун";Клапаны регулирующие;25ч5п;Агрессивные жидкие и газообразные среды;;От -15 до +60;От -15 до +50;У3;А;ОТК;10;1700;400;12 месяцев со дня ввода в эксплуатацию, но не более 18 месяцев со дня отгрузки потребителю;;Нормально открытый;Фланцевое;32;6,3;Чугун;33;По запросу;64350;Под заказ
"Клапан регулирующий футерованный фланцевый ""после себя"" нормально открытый 25ч5п DN 40 PN 0,63 МПа У3 с МИМ, корпус чугун";Клапаны регулирующие;25ч5п;Агрессивные жидкие и газообразные среды;;От -15 до +60;От -15 до +50;У3;А;ОТК;10;1700;400;12 месяцев со дня ввода в эксплуатацию, но не более 18 месяцев со дня отгрузки потребителю;;Нормально открытый;Фланцевое;40;6,3;Чугун;33;По запросу;70480;Под заказ
"Клапан регулирующий футерованный фланцевый ""после себя"" нормально открытый 25ч5п DN 50 PN 0,4 МПа У3 с МИМ, корпус чугун";Клапаны регулирующие;25ч5п;Агрессивные жидкие и газообразные среды;;От -15 до +60;От -15 до +50;У3;А;ОТК;10;1700;400;12 месяцев со дня ввода в эксплуатацию, но не более 18 месяцев со дня отгрузки потребителю;;Нормально открытый;Фланцевое;50;4;Чугун;55;По запросу;83350;Под заказ
"Клапан регулирующий футерованный фланцевый ""после себя"" нормально открытый 25ч5п DN 80 PN 0,3 МПа У3 с МИМ, корпус чугун";Клапаны регулирующие;25ч5п;Агрессивные жидкие и газообразные среды;;От -15 до +60;От -15 до +50;У3;А;ОТК;10;1700;400;12 месяцев со дня ввода в эксплуатацию, но не более 18 месяцев со дня отгрузки потребителю;;Нормально открытый;Фланцевое;80;3;Чугун;60;По запросу;105730;Под заказ
"Клапан регулирующий футерованный фланцевый ""после себя"" нормально открытый 25ч5п DN 100 PN 0,3 МПа У3 с МИМ, корпус чугун";Клапаны регулирующие;25ч5п;Агрессивные жидкие и газообразные среды;;От -15 до +60;От -15 до +50;У3;А;ОТК;10;1700;400;12 месяцев со дня ввода в эксплуатацию, но не более 18 месяцев со дня отгрузки потребителю;;Нормально открытый;Фланцевое;100;3;Чугун;118;По запросу;130580;Под заказ
"Клапан регулирующий футерованный фланцевый ""до себя"" нормально закрытый 25ч7п DN 15 PN 1,0 МПа У3 с МИМ, корпус чугун";Клапаны регулирующие;25ч7п;Агрессивные жидкие и газообразные среды;;От -15 до +60;От -15 до +50;У3;А;ОТК;10;1700;400;12 месяцев со дня ввода в эксплуатацию, но не более 18 месяцев со дня отгрузки потребителю;;Нормально закрытый;Фланцевое;15;10;Чугун;13;По запросу;53460;Под заказ
"Клапан регулирующий футерованный фланцевый ""до себя"" нормально закрытый 25ч7п DN 20 PN 0,63 МПа У3 с МИМ, корпус чугун";Клапаны регулирующие;25ч7п;Агрессивные жидкие и газообразные среды;;От -15 до +60;От -15 до +50;У3;А;ОТК;10;1700;400;12 месяцев со дня ввода в эксплуатацию, но не более 18 месяцев со дня отгрузки потребителю;;Нормально закрытый;Фланцевое;20;6,3;Чугун;17;По запросу;57610;Под заказ
"Клапан регулирующий футерованный фланцевый ""до себя"" нормально закрытый 25ч7п DN 25 PN 0,63 МПа У3 с МИМ, корпус чугун";Клапаны регулирующие;25ч7п;Агрессивные жидкие и газообразные среды;;От -15 до +60;От -15 до +50;У3;А;ОТК;10;1700;400;12 месяцев со дня ввода в эксплуатацию, но не более 18 месяцев со дня отгрузки потребителю;;Нормально закрытый;Фланцевое;25;6,3;Чугун;25;По запросу;58410;Под заказ
"Клапан регулирующий футерованный фланцевый ""до себя"" нормально закрытый 25ч7п DN 32 PN 0,63 МПа У3 с МИМ, корпус чугун";Клапаны регулирующие;25ч7п;Агрессивные жидкие и газообразные среды;;От -15 до +60;От -15 до +50;У3;А;ОТК;10;1700;400;12 месяцев со дня ввода в эксплуатацию, но не более 18 месяцев со дня отгрузки потребителю;;Нормально закрытый;Фланцевое;32;6,3;Чугун;33;По запросу;64350;Под заказ
"Клапан регулирующий футерованный фланцевый ""до себя"" нормально закрытый 25ч7п DN 40 PN 0,63 МПа У3 с МИМ, корпус чугун";Клапаны регулирующие;25ч7п;Агрессивные жидкие и газообразные среды;;От -15 до +60;От -15 до +50;У3;А;ОТК;10;1700;400;12 месяцев со дня ввода в эксплуатацию, но не более 18 месяцев со дня отгрузки потребителю;;Нормально закрытый;Фланцевое;40;6,3;Чугун;33;По запросу;70480;Под заказ
"Клапан регулирующий футерованный фланцевый ""до себя"" нормально закрытый 25ч7п DN 50 PN 0,4 МПа У3 с МИМ, корпус чугун";Клапаны регулирующие;25ч7п;Агрессивные жидкие и газообразные среды;;От -15 до +60;От -15 до +50;У3;А;ОТК;10;1700;400;12 месяцев со дня ввода в эксплуатацию, но не более 18 месяцев со дня отгрузки потребителю;;Нормально закрытый;Фланцевое;50;4;Чугун;53;По запросу;83350;Под заказ
"Клапан регулирующий футерованный фланцевый ""до себя"" нормально закрытый 25ч7п DN 80 PN 0,3 МПа У3 с МИМ, корпус чугун";Клапаны регулирующие;25ч7п;Агрессивные жидкие и газообразные среды;;От -15 до +60;От -15 до +50;У3;А;ОТК;10;1700;400;12 месяцев со дня ввода в эксплуатацию, но не более 18 месяцев со дня отгрузки потребителю;;Нормально закрытый;Фланцевое;80;3;Чугун;59;По запросу;105730;Под заказ
"Клапан регулирующий футерованный фланцевый ""до себя"" нормально закрытый 25ч7п DN 100 PN 0,3 МПа У3 с МИМ, корпус чугун";Клапаны регулирующие;25ч7п;Агрессивные жидкие и газообразные среды;;От -15 до +60;От -15 до +50;У3;А;ОТК;10;1700;400;12 месяцев со дня ввода в эксплуатацию, но не более 18 месяцев со дня отгрузки потребителю;;Нормально закрытый;Фланцевое;100;3;Чугун;117;По запросу;130580;Под заказ
"Клапан регулирующий двухседельный фланцевый ""после себя"" нормально открытый 25ч37нж DN 25 PN 1,6 МПа У3 (Kvy - 16? м³/ч) с МИМ, корпус чугун";Клапаны регулирующие;25ч37нж;Вода, пар, воздух и другие жидкие и газообразные среды, нейтральные к материалам деталей, соприкасающихся со средой;"3,2; 4,0; 6,3; 8; 10; 12,5; 16";От -15 до +300;От -15 до +50;У3;В;ОТК;10;1700;400;12 месяцев со дня ввода в эксплуатацию, но не более 18 месяцев со дня отгрузки потребителю;Двухседельный;Нормально открытый;Фланцевое;25;16;Чугун;11;По запросу;34620;Под заказ
"Клапан регулирующий двухседельный фланцевый ""после себя"" нормально открытый 25ч37нж DN 40 PN 1,6 МПа У3 (Kvy - 40? м³/ч) с МИМ, корпус чугун";Клапаны регулирующие;25ч37нж;Вода, пар, воздух и другие жидкие и газообразные среды, нейтральные к материалам деталей, соприкасающихся со средой;"10; 16; 25; 40";От -15 до +300;От -15 до +50;У3;В;ОТК;10;1700;400;12 месяцев со дня ввода в эксплуатацию, но не более 18 месяцев со дня отгрузки потребителю;Двухседельный;Нормально открытый;Фланцевое;40;16;Чугун;41;По запросу;55080;Под заказ
"Клапан регулирующий двухседельный фланцевый ""после себя"" нормально открытый 25ч37нж DN 50 PN 1,6 МПа У3 (Kvy - 63? м³/ч) с МИМ, корпус чугун";Клапаны регулирующие;25ч37нж;Вода, пар, воздух и другие жидкие и газообразные среды, нейтральные к материалам деталей, соприкасающихся со средой;"16; 25; 40; 63";От -15 до +300;От -15 до +50;У3;В;ОТК;10;1700;400;12 месяцев со дня ввода в эксплуатацию, но не более 18 месяцев со дня отгрузки потребителю;Двухседельный;Нормально открытый;Фланцевое;50;16;Чугун;49;По запросу;81840;Под заказ
"Клапан регулирующий двухседельный фланцевый ""после себя"" нормально открытый 25ч37нж DN 80 PN 1,6 МПа У3 (Kvy - 160? м³/ч) с МИМ, корпус чугун";Клапаны регулирующие;25ч37нж;Вода, пар, воздух и другие жидкие и газообразные среды, нейтральные к материалам деталей, соприкасающихся со средой;"40; 63; 100; 160";От -15 до +300;От -15 до +50;У3;В;ОТК;10;1700;400;12 месяцев со дня ввода в эксплуатацию, но не более 18 месяцев со дня отгрузки потребителю;Двухседельный;Нормально открытый;Фланцевое;80;16;Чугун;82;По запросу;114960;Под заказ
"Клапан регулирующий двухседельный фланцевый ""после себя"" нормально открытый 25ч37нж DN 100 PN 1,6 МПа У3 (Kvy - ? м³/ч) с МИМ, корпус чугун";Клапаны регулирующие;25ч37нж;Вода, пар, воздух и другие жидкие и газообразные среды, нейтральные к материалам деталей, соприкасающихся со средой;;От -15 до +300;От -15 до +50;У3;В;ОТК;10;1700;400;12 месяцев со дня ввода в эксплуатацию, но не более 18 месяцев со дня отгрузки потребителю;Двухседельный;Нормально открытый;Фланцевое;100;16;Чугун;127;По запросу;167530;Под заказ
"Клапан регулирующий двухседельный фланцевый ""после себя"" нормально открытый 25ч37нж DN 150 PN 1,6 МПа У3 (Kvy - ? м³/ч) с МИМ, корпус чугун";Клапаны регулирующие;25ч37нж;Вода, пар, воздух и другие жидкие и газообразные среды, нейтральные к материалам деталей, соприкасающихся со средой;;От -15 до +300;От -15 до +50;У3;В;ОТК;10;1700;400;12 месяцев со дня ввода в эксплуатацию, но не более 18 месяцев со дня отгрузки потребителю;Двухседельный;Нормально открытый;Фланцевое;150;16;Чугун;181;По запросу;196900;Под заказ
"Клапан регулирующий двухседельный фланцевый ""после себя"" нормально открытый 25ч37нж DN 200 PN 1,6 МПа У3 (Kvy - ? м³/ч) с МИМ, корпус чугун";Клапаны регулирующие;25ч37нж;Вода, пар, воздух и другие жидкие и газообразные среды, нейтральные к материалам деталей, соприкасающихся со средой;;От -15 до +300;От -15 до +50;У3;В;ОТК;10;1700;400;12 месяцев со дня ввода в эксплуатацию, но не более 18 месяцев со дня отгрузки потребителю;Двухседельный;Нормально открытый;Фланцевое;200;16;Чугун;365;По запросу;221540;Под заказ
"Клапан регулирующий двухседельный фланцевый ""после себя"" нормально открытый 25ч37нж DN 250 PN 1,6 МПа У3 (Kvy - ? м³/ч) с МИМ, корпус чугун";Клапаны регулирующие;25ч37нж;Вода, пар, воздух и другие жидкие и газообразные среды, нейтральные к материалам деталей, соприкасающихся со средой;;От -15 до +300;От -15 до +50;У3;В;ОТК;10;1700;400;12 месяцев со дня ввода в эксплуатацию, но не более 18 месяцев со дня отгрузки потребителю;Двухседельный;Нормально открытый;Фланцевое;250;16;Чугун;488;По запросу;0;Под заказ
"Клапан регулирующий двухседельный фланцевый ""после себя"" нормально открытый 25ч37нж DN 300 PN 1,6 МПа У3 (Kvy - ? м³/ч) с МИМ, корпус чугун";Клапаны регулирующие;25ч37нж;Вода, пар, воздух и другие жидкие и газообразные среды, нейтральные к материалам деталей, соприкасающихся со средой;;От -15 до +300;От -15 до +50;У3;В;ОТК;10;1700;400;12 месяцев со дня ввода в эксплуатацию, но не более 18 месяцев со дня отгрузки потребителю;Двухседельный;Нормально открытый;Фланцевое;300;16;Чугун;734;По запросу;0;Под заказ
"Клапан регулирующий двухседельный фланцевый ""до себя"" нормально закрытый 25ч38нж DN 25 PN 1,6 МПа У3 (Kvy - 16? м³/ч) с МИМ, корпус чугун";Клапаны регулирующие;25ч38нж;Вода, пар, воздух и другие жидкие и газообразные среды, нейтральные к материалам деталей, соприкасающихся со средой;"3,2; 4,0; 6,3; 8; 10; 12,5; 16";От -15 до +300;От -15 до +50;У3;В;ОТК;10;1700;400;12 месяцев со дня ввода в эксплуатацию, но не более 18 месяцев со дня отгрузки потребителю;Двухседельный;Нормально закрытый;Фланцевое;25;16;Чугун;11;По запросу;38200;Под заказ
"Клапан регулирующий двухседельный фланцевый ""до себя"" нормально закрытый 25ч38нж DN 40 PN 1,6 МПа У3 (Kvy - 40? м³/ч) с МИМ, корпус чугун";Клапаны регулирующие;25ч38нж;Вода, пар, воздух и другие жидкие и газообразные среды, нейтральные к материалам деталей, соприкасающихся со средой;"10; 16; 25; 40";От -15 до +300;От -15 до +50;У3;В;ОТК;10;1700;400;12 месяцев со дня ввода в эксплуатацию, но не более 18 месяцев со дня отгрузки потребителю;Двухседельный;Нормально закрытый;Фланцевое;40;16;Чугун;41;По запросу;55080;Под заказ
"Клапан регулирующий двухседельный фланцевый ""до себя"" нормально закрытый 25ч38нж DN 50 PN 1,6 МПа У3 (Kvy - 63? м³/ч) с МИМ, корпус чугун";Клапаны регулирующие;25ч38нж;Вода, пар, воздух и другие жидкие и газообразные среды, нейтральные к материалам деталей, соприкасающихся со средой;"16; 25; 40; 63";От -15 до +300;От -15 до +50;У3;В;ОТК;10;1700;400;12 месяцев со дня ввода в эксплуатацию, но не более 18 месяцев со дня отгрузки потребителю;Двухседельный;Нормально закрытый;Фланцевое;50;16;Чугун;49;По запросу;81840;Под заказ
"Клапан регулирующий двухседельный фланцевый ""до себя"" нормально закрытый 25ч38нж DN 80 PN 1,6 МПа У3 (Kvy - 160? м³/ч) с МИМ, корпус чугун";Клапаны регулирующие;25ч38нж;Вода, пар, воздух и другие жидкие и газообразные среды, нейтральные к материалам деталей, соприкасающихся со средой;"40; 63; 100; 160";От -15 до +300;От -15 до +50;У3;В;ОТК;10;1700;400;12 месяцев со дня ввода в эксплуатацию, но не более 18 месяцев со дня отгрузки потребителю;Двухседельный;Нормально закрытый;Фланцевое;80;16;Чугун;82;По запросу;114960;Под заказ
"Клапан регулирующий двухседельный фланцевый ""до себя"" нормально закрытый 25ч38нж DN 100 PN 1,6 МПа У3 (Kvy - ? м³/ч) с МИМ, корпус чугун";Клапаны регулирующие;25ч38нж;Вода, пар, воздух и другие жидкие и газообразные среды, нейтральные к материалам деталей, соприкасающихся со средой;;От -15 до +300;От -15 до +50;У3;В;ОТК;10;1700;400;12 месяцев со дня ввода в эксплуатацию, но не более 18 месяцев со дня отгрузки потребителю;Двухседельный;Нормально закрытый;Фланцевое;100;16;Чугун;127;По запросу;167530;Под заказ
"Клапан регулирующий двухседельный фланцевый ""до себя"" нормально закрытый 25ч38нж DN 150 PN 1,6 МПа У3 (Kvy - ? м³/ч) с МИМ, корпус чугун";Клапаны регулирующие;25ч38нж;Вода, пар, воздух и другие жидкие и газообразные среды, нейтральные к материалам деталей, соприкасающихся со средой;;От -15 до +300;От -15 до +50;У3;В;ОТК;10;1700;400;12 месяцев со дня ввода в эксплуатацию, но не более 18 месяцев со дня отгрузки потребителю;Двухседельный;Нормально закрытый;Фланцевое;150;16;Чугун;181;По запросу;196900;Под заказ
"Клапан регулирующий двухседельный фланцевый ""до себя"" нормально закрытый 25ч38нж DN 200 PN 1,6 МПа У3 (Kvy - ? м³/ч) с МИМ, корпус чугун";Клапаны регулирующие;25ч38нж;Вода, пар, воздух и другие жидкие и газообразные среды, нейтральные к материалам деталей, соприкасающихся со средой;;От -15 до +300;От -15 до +50;У3;В;ОТК;10;1700;400;12 месяцев со дня ввода в эксплуатацию, но не более 18 месяцев со дня отгрузки потребителю;Двухседельный;Нормально закрытый;Фланцевое;200;16;Чугун;365;По запросу;221540;Под заказ
"Клапан регулирующий двухседельный фланцевый ""до себя"" нормально закрытый 25ч38нж DN 250 PN 1,6 МПа У3 (Kvy - ? м³/ч) с МИМ, корпус чугун";Клапаны регулирующие;25ч38нж;Вода, пар, воздух и другие жидкие и газообразные среды, нейтральные к материалам деталей, соприкасающихся со средой;;От -15 до +300;От -15 до +50;У3;В;ОТК;10;1700;400;12 месяцев со дня ввода в эксплуатацию, но не более 18 месяцев со дня отгрузки потребителю;Двухседельный;Нормально закрытый;Фланцевое;250;16;Чугун;488;По запросу;0;Под заказ
"Клапан регулирующий двухседельный фланцевый ""до себя"" нормально закрытый 25ч38нж DN 300 PN 1,6 МПа У3 (Kvy - ? м³/ч) с МИМ, корпус чугун";Клапаны регулирующие;25ч38нж;Вода, пар, воздух и другие жидкие и газообразные среды, нейтральные к материалам деталей, соприкасающихся со средой;;От -15 до +300;От -15 до +50;У3;В;ОТК;10;1700;400;12 месяцев со дня ввода в эксплуатацию, но не более 18 месяцев со дня отгрузки потребителю;Двухседельный;Нормально закрытый;Фланцевое;300;16;Чугун;734;По запросу;0;Под заказ
Клапан регулирующий односедельный фланцевый 25с947нж DN 15 PN 1,6 МПа У1 (Kvy - 4,0? м³/ч) с ЭИМ, корпус ст. 25Л;Клапаны регулирующие;25с947нж;Жидкие и газообразные среды, нейтральные к материалам деталей, соприкасающихся со средой (вода, пар, воздух, природный газ, мазут и другие жидкие нефтепродукты, газообразные и жидкие углеводородные смеси, масляные фракции и другие среды);"0,1; 0,16; 0,25; 0,4; 0,6; 1,0; 1,6; 2,5; 3,2; 4,0";От -40 до +425;От -40 до +50;У1;В;ОТК;10;1700;400;12 месяцев со дня ввода в эксплуатацию, но не более 18 месяцев со дня отгрузки потребителю;Односедельный;;Фланцевое;15;16;Углеродистая сталь;6;По запросу;58920;Под заказ
Клапан регулирующий односедельный фланцевый 25с947нж DN 20 PN 1,6 МПа У1 (Kvy - 6,3? м³/ч) с ЭИМ, корпус ст. 25Л;Клапаны регулирующие;25с947нж;Жидкие и газообразные среды, нейтральные к материалам деталей, соприкасающихся со средой (вода, пар, воздух, природный газ, мазут и другие жидкие нефтепродукты, газообразные и жидкие углеводородные смеси, масляные фракции и другие среды);"1,6; 2,5; 4,0; 6,3";От -40 до +425;От -40 до +50;У1;В;ОТК;10;1700;400;12 месяцев со дня ввода в эксплуатацию, но не более 18 месяцев со дня отгрузки потребителю;Односедельный;;Фланцевое;20;16;Углеродистая сталь;7;По запросу;59820;Под заказ
Клапан регулирующий односедельный фланцевый 25с947нж DN 25 PN 1,6 МПа У1 (Kvy - 16? м³/ч) с ЭИМ, корпус ст. 25Л;Клапаны регулирующие;25с947нж;Жидкие и газообразные среды, нейтральные к материалам деталей, соприкасающихся со средой (вода, пар, воздух, природный газ, мазут и другие жидкие нефтепродукты, газообразные и жидкие углеводородные смеси, масляные фракции и другие среды);"1,6; 2,5; 4,0; 6,3; 10; 16";От -40 до +425;От -40 до +50;У1;В;ОТК;10;1700;400;12 месяцев со дня ввода в эксплуатацию, но не более 18 месяцев со дня отгрузки потребителю;Односедельный;;Фланцевое;25;16;Углеродистая сталь;8;По запросу;61920;Под заказ
Клапан регулирующий односедельный фланцевый 25с947нж DN 32 PN 1,6 МПа У1 (Kvy - 25? м³/ч) с ЭИМ, корпус ст. 25Л;Клапаны регулирующие;25с947нж;Жидкие и газообразные среды, нейтральные к материалам деталей, соприкасающихся со средой (вода, пар, воздух, природный газ, мазут и другие жидкие нефтепродукты, газообразные и жидкие углеводородные смеси, масляные фракции и другие среды);"6,3; 10; 16; 25";От -40 до +425;От -40 до +50;У1;В;ОТК;10;1700;400;12 месяцев со дня ввода в эксплуатацию, но не более 18 месяцев со дня отгрузки потребителю;Односедельный;;Фланцевое;32;16;Углеродистая сталь;11;По запросу;65160;Под заказ
Клапан регулирующий односедельный фланцевый 25с947нж DN 40 PN 1,6 МПа У1 (Kvy - 40? м³/ч) с ЭИМ, корпус ст. 25Л;Клапаны регулирующие;25с947нж;Жидкие и газообразные среды, нейтральные к материалам деталей, соприкасающихся со средой (вода, пар, воздух, природный газ, мазут и другие жидкие нефтепродукты, газообразные и жидкие углеводородные смеси, масляные фракции и другие среды);"10; 16; 25; 40";От -40 до +425;От -40 до +50;У1;В;ОТК;10;1700;400;12 месяцев со дня ввода в эксплуатацию, но не более 18 месяцев со дня отгрузки потребителю;Односедельный;;Фланцевое;40;16;Углеродистая сталь;12;По запросу;68640;Под заказ
Клапан регулирующий односедельный фланцевый 25с947нж DN 50 PN 1,6 МПа У1 (Kvy - 63? м³/ч) с ЭИМ, корпус ст. 25Л;Клапаны регулирующие;25с947нж;Жидкие и газообразные среды, нейтральные к материалам деталей, соприкасающихся со средой (вода, пар, воздух, природный газ, мазут и другие жидкие нефтепродукты, газообразные и жидкие углеводородные смеси, масляные фракции и другие среды);"10; 16; 25; 40; 63";От -40 до +425;От -40 до +50;У1;В;ОТК;10;1700;400;12 месяцев со дня ввода в эксплуатацию, но не более 18 месяцев со дня отгрузки потребителю;Односедельный;;Фланцевое;50;16;Углеродистая сталь;19;По запросу;79080;Под заказ
Клапан регулирующий односедельный фланцевый 25с947нж DN 65 PN 1,6 МПа У1 (Kvy - 100? м³/ч) с ЭИМ, корпус ст. 25Л;Клапаны регулирующие;25с947нж;Жидкие и газообразные среды, нейтральные к материалам деталей, соприкасающихся со средой (вода, пар, воздух, природный газ, мазут и другие жидкие нефтепродукты, газообразные и жидкие углеводородные смеси, масляные фракции и другие среды);"25; 40; 63; 100";От -40 до +425;От -40 до +50;У1;В;ОТК;10;1700;400;12 месяцев со дня ввода в эксплуатацию, но не более 18 месяцев со дня отгрузки потребителю;Односедельный;;Фланцевое;65;16;Углеродистая сталь;35;По запросу;89820;Под заказ
Клапан регулирующий односедельный фланцевый 25с947нж DN 80 PN 1,6 МПа У1 (Kvy - 160? м³/ч) с ЭИМ, корпус ст. 25Л;Клапаны регулирующие;25с947нж;Жидкие и газообразные среды, нейтральные к материалам деталей, соприкасающихся со средой (вода, пар, воздух, природный газ, мазут и другие жидкие нефтепродукты, газообразные и жидкие углеводородные смеси, масляные фракции и другие среды);"40; 63; 100; 160";От -40 до +425;От -40 до +50;У1;В;ОТК;10;1700;400;12 месяцев со дня ввода в эксплуатацию, но не более 18 месяцев со дня отгрузки потребителю;Односедельный;;Фланцевое;80;16;Углеродистая сталь;38;По запросу;99360;Под заказ
Клапан регулирующий односедельный фланцевый 25с947нж DN 100 PN 1,6 МПа У1 (Kvy - 250? м³/ч) с ЭИМ, корпус ст. 25Л;Клапаны регулирующие;25с947нж;Жидкие и газообразные среды, нейтральные к материалам деталей, соприкасающихся со средой (вода, пар, воздух, природный газ, мазут и другие жидкие нефтепродукты, газообразные и жидкие углеводородные смеси, масляные фракции и другие среды);"63; 100; 160; 250";От -40 до +425;От -40 до +50;У1;В;ОТК;10;1700;400;12 месяцев со дня ввода в эксплуатацию, но не более 18 месяцев со дня отгрузки потребителю;Односедельный;;Фланцевое;100;16;Углеродистая сталь;48;По запросу;127080;Под заказ
Клапан регулирующий односедельный фланцевый 25с947нж DN 125 PN 1,6 МПа У1 (Kvy - 320? м³/ч) с ЭИМ, корпус ст. 25Л;Клапаны регулирующие;25с947нж;Жидкие и газообразные среды, нейтральные к материалам деталей, соприкасающихся со средой (вода, пар, воздух, природный газ, мазут и другие жидкие нефтепродукты, газообразные и жидкие углеводородные смеси, масляные фракции и другие среды);"100; 160; 250; 320";От -40 до +425;От -40 до +50;У1;В;ОТК;10;1700;400;12 месяцев со дня ввода в эксплуатацию, но не более 18 месяцев со дня отгрузки потребителю;Односедельный;;Фланцевое;125;16;Углеродистая сталь;70;По запросу;190200;Под заказ
Клапан регулирующий односедельный фланцевый 25с947нж DN 150 PN 1,6 МПа У1 (Kvy - 400? м³/ч) с ЭИМ, корпус ст. 25Л;Клапаны регулирующие;25с947нж;Жидкие и газообразные среды, нейтральные к материалам деталей, соприкасающихся со средой (вода, пар, воздух, природный газ, мазут и другие жидкие нефтепродукты, газообразные и жидкие углеводородные смеси, масляные фракции и другие среды);"160; 250; 400";От -40 до +425;От -40 до +50;У1;В;ОТК;10;1700;400;12 месяцев со дня ввода в эксплуатацию, но не более 18 месяцев со дня отгрузки потребителю;Односедельный;;Фланцевое;150;16;Углеродистая сталь;110;По запросу;225600;Под заказ
Клапан регулирующий односедельный фланцевый 25с947нж DN 200 PN 1,6 МПа У1 (Kvy - 630? м³/ч) с ЭИМ, корпус ст. 25Л;Клапаны регулирующие;25с947нж;Жидкие и газообразные среды, нейтральные к материалам деталей, соприкасающихся со средой (вода, пар, воздух, природный газ, мазут и другие жидкие нефтепродукты, газообразные и жидкие углеводородные смеси, масляные фракции и другие среды);"250; 400; 630";От -40 до +425;От -40 до +50;У1;В;ОТК;10;1700;400;12 месяцев со дня ввода в эксплуатацию, но не более 18 месяцев со дня отгрузки потребителю;Односедельный;;Фланцевое;200;16;Углеродистая сталь;140;По запросу;330000;Под заказ
Клапан регулирующий односедельный фланцевый 25с947нж DN 250 PN 1,6 МПа У1 (Kvy - ? м³/ч) с ЭИМ, корпус ст. 25Л;Клапаны регулирующие;25с947нж;Жидкие и газообразные среды, нейтральные к материалам деталей, соприкасающихся со средой (вода, пар, воздух, природный газ, мазут и другие жидкие нефтепродукты, газообразные и жидкие углеводородные смеси, масляные фракции и другие среды);;От -40 до +425;От -40 до +50;У1;В;ОТК;10;1700;400;12 месяцев со дня ввода в эксплуатацию, но не более 18 месяцев со дня отгрузки потребителю;Односедельный;;Фланцевое;250;16;Углеродистая сталь;280;По запросу;0;Под заказ
Клапан регулирующий односедельный фланцевый 25с947нж DN 300 PN 1,6 МПа У1 (Kvy - ? м³/ч) с ЭИМ, корпус ст. 25Л;Клапаны регулирующие;25с947нж;Жидкие и газообразные среды, нейтральные к материалам деталей, соприкасающихся со средой (вода, пар, воздух, природный газ, мазут и другие жидкие нефтепродукты, газообразные и жидкие углеводородные смеси, масляные фракции и другие среды);;От -40 до +425;От -40 до +50;У1;В;ОТК;10;1700;400;12 месяцев со дня ввода в эксплуатацию, но не более 18 месяцев со дня отгрузки потребителю;Односедельный;;Фланцевое;300;16;Углеродистая сталь;350;По запросу;0;Под заказ
Клапан регулирующий односедельный фланцевый 25с947нж DN 15 PN 2,5 МПа У1 (Kvy - 4,0? м³/ч) с ЭИМ, корпус ст. 25Л;Клапаны регулирующие;25с947нж;Жидкие и газообразные среды, нейтральные к материалам деталей, соприкасающихся со средой (вода, пар, воздух, природный газ, мазут и другие жидкие нефтепродукты, газообразные и жидкие углеводородные смеси, масляные фракции и другие среды);"0,1; 0,16; 0,25; 0,4; 0,6; 1,0; 1,6; 2,5; 3,2; 4,0";От -40 до +425;От -40 до +50;У1;В;ОТК;10;1700;400;12 месяцев со дня ввода в эксплуатацию, но не более 18 месяцев со дня отгрузки потребителю;Односедельный;;Фланцевое;15;25;Углеродистая сталь;8;По запросу;58920;Под заказ
Клапан регулирующий односедельный фланцевый 25с947нж DN 20 PN 2,5 МПа У1 (Kvy - 6,3? м³/ч) с ЭИМ, корпус ст. 25Л;Клапаны регулирующие;25с947нж;Жидкие и газообразные среды, нейтральные к материалам деталей, соприкасающихся со средой (вода, пар, воздух, природный газ, мазут и другие жидкие нефтепродукты, газообразные и жидкие углеводородные смеси, масляные фракции и другие среды);"1,6; 2,5; 4,0; 6,3";От -40 до +425;От -40 до +50;У1;В;ОТК;10;1700;400;12 месяцев со дня ввода в эксплуатацию, но не более 18 месяцев со дня отгрузки потребителю;Односедельный;;Фланцевое;20;25;Углеродистая сталь;8,5;По запросу;59820;Под заказ
Клапан регулирующий односедельный фланцевый 25с947нж DN 25 PN 2,5 МПа У1 (Kvy - 16? м³/ч) с ЭИМ, корпус ст. 25Л;Клапаны регулирующие;25с947нж;Жидкие и газообразные среды, нейтральные к материалам деталей, соприкасающихся со средой (вода, пар, воздух, природный газ, мазут и другие жидкие нефтепродукты, газообразные и жидкие углеводородные смеси, масляные фракции и другие среды);"1,6; 2,5; 4,0; 6,3; 10; 16";От -40 до +425;От -40 до +50;У1;В;ОТК;10;1700;400;12 месяцев со дня ввода в эксплуатацию, но не более 18 месяцев со дня отгрузки потребителю;Односедельный;;Фланцевое;25;25;Углеродистая сталь;9;По запросу;61920;Под заказ
Клапан регулирующий односедельный фланцевый 25с947нж DN 32 PN 2,5 МПа У1 (Kvy - 25? м³/ч) с ЭИМ, корпус ст. 25Л;Клапаны регулирующие;25с947нж;Жидкие и газообразные среды, нейтральные к материалам деталей, соприкасающихся со средой (вода, пар, воздух, природный газ, мазут и другие жидкие нефтепродукты, газообразные и жидкие углеводородные смеси, масляные фракции и другие среды);"6,3; 10; 16; 25";От -40 до +425;От -40 до +50;У1;В;ОТК;10;1700;400;12 месяцев со дня ввода в эксплуатацию, но не более 18 месяцев со дня отгрузки потребителю;Односедельный;;Фланцевое;32;25;Углеродистая сталь;12;По запросу;65160;Под заказ
Клапан регулирующий односедельный фланцевый 25с947нж DN 40 PN 2,5 МПа У1 (Kvy - 40? м³/ч) с ЭИМ, корпус ст. 25Л;Клапаны регулирующие;25с947нж;Жидкие и газообразные среды, нейтральные к материалам деталей, соприкасающихся со средой (вода, пар, воздух, природный газ, мазут и другие жидкие нефтепродукты, газообразные и жидкие углеводородные смеси, масляные фракции и другие среды);"10; 16; 25; 40";От -40 до +425;От -40 до +50;У1;В;ОТК;10;1700;400;12 месяцев со дня ввода в эксплуатацию, но не более 18 месяцев со дня отгрузки потребителю;Односедельный;;Фланцевое;40;25;Углеродистая сталь;14;По запросу;68640;Под заказ
Клапан регулирующий односедельный фланцевый 25с947нж DN 50 PN 2,5 МПа У1 (Kvy - 63? м³/ч) с ЭИМ, корпус ст. 25Л;Клапаны регулирующие;25с947нж;Жидкие и газообразные среды, нейтральные к материалам деталей, соприкасающихся со средой (вода, пар, воздух, природный газ, мазут и другие жидкие нефтепродукты, газообразные и жидкие углеводородные смеси, масляные фракции и другие среды);"10; 16; 25; 40; 63";От -40 до +425;От -40 до +50;У1;В;ОТК;10;1700;400;12 месяцев со дня ввода в эксплуатацию, но не более 18 месяцев со дня отгрузки потребителю;Односедельный;;Фланцевое;50;25;Углеродистая сталь;21;По запросу;79080;Под заказ
Клапан регулирующий односедельный фланцевый 25с947нж DN 65 PN 2,5 МПа У1 (Kvy - 100? м³/ч) с ЭИМ, корпус ст. 25Л;Клапаны регулирующие;25с947нж;Жидкие и газообразные среды, нейтральные к материалам деталей, соприкасающихся со средой (вода, пар, воздух, природный газ, мазут и другие жидкие нефтепродукты, газообразные и жидкие углеводородные смеси, масляные фракции и другие среды);"25; 40; 63; 100";От -40 до +425;От -40 до +50;У1;В;ОТК;10;1700;400;12 месяцев со дня ввода в эксплуатацию, но не более 18 месяцев со дня отгрузки потребителю;Односедельный;;Фланцевое;65;25;Углеродистая сталь;37;По запросу;89820;Под заказ
Клапан регулирующий односедельный фланцевый 25с947нж DN 80 PN 2,5 МПа У1 (Kvy - 160? м³/ч) с ЭИМ, корпус ст. 25Л;Клапаны регулирующие;25с947нж;Жидкие и газообразные среды, нейтральные к материалам деталей, соприкасающихся со средой (вода, пар, воздух, природный газ, мазут и другие жидкие нефтепродукты, газообразные и жидкие углеводородные смеси, масляные фракции и другие среды);"40; 63; 100; 160";От -40 до +425;От -40 до +50;У1;В;ОТК;10;1700;400;12 месяцев со дня ввода в эксплуатацию, но не более 18 месяцев со дня отгрузки потребителю;Односедельный;;Фланцевое;80;25;Углеродистая сталь;39;По запросу;99360;Под заказ
Клапан регулирующий односедельный фланцевый 25с947нж DN 100 PN 2,5 МПа У1 (Kvy - 250? м³/ч) с ЭИМ, корпус ст. 25Л;Клапаны регулирующие;25с947нж;Жидкие и газообразные среды, нейтральные к материалам деталей, соприкасающихся со средой (вода, пар, воздух, природный газ, мазут и другие жидкие нефтепродукты, газообразные и жидкие углеводородные смеси, масляные фракции и другие среды);"63; 100; 160; 250";От -40 до +425;От -40 до +50;У1;В;ОТК;10;1700;400;12 месяцев со дня ввода в эксплуатацию, но не более 18 месяцев со дня отгрузки потребителю;Односедельный;;Фланцевое;100;25;Углеродистая сталь;49;По запросу;127080;Под заказ
Клапан регулирующий односедельный фланцевый 25с947нж DN 125 PN 2,5 МПа У1 (Kvy - 320? м³/ч) с ЭИМ, корпус ст. 25Л;Клапаны регулирующие;25с947нж;Жидкие и газообразные среды, нейтральные к материалам деталей, соприкасающихся со средой (вода, пар, воздух, природный газ, мазут и другие жидкие нефтепродукты, газообразные и жидкие углеводородные смеси, масляные фракции и другие среды);"100; 160; 250; 320";От -40 до +425;От -40 до +50;У1;В;ОТК;10;1700;400;12 месяцев со дня ввода в эксплуатацию, но не более 18 месяцев со дня отгрузки потребителю;Односедельный;;Фланцевое;125;25;Углеродистая сталь;76;По запросу;190200;Под заказ
Клапан регулирующий односедельный фланцевый 25с947нж DN 150 PN 2,5 МПа У1 (Kvy - 400? м³/ч) с ЭИМ, корпус ст. 25Л;Клапаны регулирующие;25с947нж;Жидкие и газообразные среды, нейтральные к материалам деталей, соприкасающихся со средой (вода, пар, воздух, природный газ, мазут и другие жидкие нефтепродукты, газообразные и жидкие углеводородные смеси, масляные фракции и другие среды);"160; 250; 400";От -40 до +425;От -40 до +50;У1;В;ОТК;10;1700;400;12 месяцев со дня ввода в эксплуатацию, но не более 18 месяцев со дня отгрузки потребителю;Односедельный;;Фланцевое;150;25;Углеродистая сталь;110;По запросу;225600;Под заказ
Клапан регулирующий односедельный фланцевый 25с947нж DN 200 PN 2,5 МПа У1 (Kvy - 630? м³/ч) с ЭИМ, корпус ст. 25Л;Клапаны регулирующие;25с947нж;Жидкие и газообразные среды, нейтральные к материалам деталей, соприкасающихся со средой (вода, пар, воздух, природный газ, мазут и другие жидкие нефтепродукты, газообразные и жидкие углеводородные смеси, масляные фракции и другие среды);"250; 400; 630";От -40 до +425;От -40 до +50;У1;В;ОТК;10;1700;400;12 месяцев со дня ввода в эксплуатацию, но не более 18 месяцев со дня отгрузки потребителю;Односедельный;;Фланцевое;200;25;Углеродистая сталь;140;По запросу;330000;Под заказ
Клапан регулирующий односедельный фланцевый 25с947нж DN 250 PN 2,5 МПа У1 (Kvy - ? м³/ч) с ЭИМ, корпус ст. 25Л;Клапаны регулирующие;25с947нж;Жидкие и газообразные среды, нейтральные к материалам деталей, соприкасающихся со средой (вода, пар, воздух, природный газ, мазут и другие жидкие нефтепродукты, газообразные и жидкие углеводородные смеси, масляные фракции и другие среды);;От -40 до +425;От -40 до +50;У1;В;ОТК;10;1700;400;12 месяцев со дня ввода в эксплуатацию, но не более 18 месяцев со дня отгрузки потребителю;Односедельный;;Фланцевое;250;25;Углеродистая сталь;280;По запросу;0;Под заказ
Клапан регулирующий односедельный фланцевый 25с947нж DN 300 PN 2,5 МПа У1 (Kvy - ? м³/ч) с ЭИМ, корпус ст. 25Л;Клапаны регулирующие;25с947нж;Жидкие и газообразные среды, нейтральные к материалам деталей, соприкасающихся со средой (вода, пар, воздух, природный газ, мазут и другие жидкие нефтепродукты, газообразные и жидкие углеводородные смеси, масляные фракции и другие среды);;От -40 до +425;От -40 до +50;У1;В;ОТК;10;1700;400;12 месяцев со дня ввода в эксплуатацию, но не более 18 месяцев со дня отгрузки потребителю;Односедельный;;Фланцевое;300;25;Углеродистая сталь;350;По запросу;0;Под заказ
Клапан регулирующий односедельный фланцевый 25с947нж DN 15 PN 4,0 МПа У1 (Kvy - 4,0? м³/ч) с ЭИМ, корпус ст. 25Л;Клапаны регулирующие;25с947нж;Жидкие и газообразные среды, нейтральные к материалам деталей, соприкасающихся со средой (вода, пар, воздух, природный газ, мазут и другие жидкие нефтепродукты, газообразные и жидкие углеводородные смеси, масляные фракции и другие среды);"0,1; 0,16; 0,25; 0,4; 0,6; 1,0; 1,6; 2,5; 3,2; 4,0";От -40 до +425;От -40 до +50;У1;В;ОТК;10;1700;400;12 месяцев со дня ввода в эксплуатацию, но не более 18 месяцев со дня отгрузки потребителю;Односедельный;;Фланцевое;15;40;Углеродистая сталь;9;По запросу;58920;Под заказ
Клапан регулирующий односедельный фланцевый 25с947нж DN 20 PN 4,0 МПа У1 (Kvy - 6,3? м³/ч) с ЭИМ, корпус ст. 25Л;Клапаны регулирующие;25с947нж;Жидкие и газообразные среды, нейтральные к материалам деталей, соприкасающихся со средой (вода, пар, воздух, природный газ, мазут и другие жидкие нефтепродукты, газообразные и жидкие углеводородные смеси, масляные фракции и другие среды);"1,6; 2,5; 4,0; 6,3";От -40 до +425;От -40 до +50;У1;В;ОТК;10;1700;400;12 месяцев со дня ввода в эксплуатацию, но не более 18 месяцев со дня отгрузки потребителю;Односедельный;;Фланцевое;20;40;Углеродистая сталь;9,5;По запросу;59820;Под заказ
Клапан регулирующий односедельный фланцевый 25с947нж DN 25 PN 4,0 МПа У1 (Kvy - 16? м³/ч) с ЭИМ, корпус ст. 25Л;Клапаны регулирующие;25с947нж;Жидкие и газообразные среды, нейтральные к материалам деталей, соприкасающихся со средой (вода, пар, воздух, природный газ, мазут и другие жидкие нефтепродукты, газообразные и жидкие углеводородные смеси, масляные фракции и другие среды);"1,6; 2,5; 4,0; 6,3; 10; 16";От -40 до +425;От -40 до +50;У1;В;ОТК;10;1700;400;12 месяцев со дня ввода в эксплуатацию, но не более 18 месяцев со дня отгрузки потребителю;Односедельный;;Фланцевое;25;40;Углеродистая сталь;10;По запросу;61920;Под заказ
Клапан регулирующий односедельный фланцевый 25с947нж DN 32 PN 4,0 МПа У1 (Kvy - 25? м³/ч) с ЭИМ, корпус ст. 25Л;Клапаны регулирующие;25с947нж;Жидкие и газообразные среды, нейтральные к материалам деталей, соприкасающихся со средой (вода, пар, воздух, природный газ, мазут и другие жидкие нефтепродукты, газообразные и жидкие углеводородные смеси, масляные фракции и другие среды);"6,3; 10; 16; 25";От -40 до +425;От -40 до +50;У1;В;ОТК;10;1700;400;12 месяцев со дня ввода в эксплуатацию, но не более 18 месяцев со дня отгрузки потребителю;Односедельный;;Фланцевое;32;40;Углеродистая сталь;14;По запросу;65160;Под заказ
Клапан регулирующий односедельный фланцевый 25с947нж DN 40 PN 4,0 МПа У1 (Kvy - 40? м³/ч) с ЭИМ, корпус ст. 25Л;Клапаны регулирующие;25с947нж;Жидкие и газообразные среды, нейтральные к материалам деталей, соприкасающихся со средой (вода, пар, воздух, природный газ, мазут и другие жидкие нефтепродукты, газообразные и жидкие углеводородные смеси, масляные фракции и другие среды);"10; 16; 25; 40";От -40 до +425;От -40 до +50;У1;В;ОТК;10;1700;400;12 месяцев со дня ввода в эксплуатацию, но не более 18 месяцев со дня отгрузки потребителю;Односедельный;;Фланцевое;40;40;Углеродистая сталь;16;По запросу;68640;Под заказ
Клапан регулирующий односедельный фланцевый 25с947нж DN 50 PN 4,0 МПа У1 (Kvy - 63? м³/ч) с ЭИМ, корпус ст. 25Л;Клапаны регулирующие;25с947нж;Жидкие и газообразные среды, нейтральные к материалам деталей, соприкасающихся со средой (вода, пар, воздух, природный газ, мазут и другие жидкие нефтепродукты, газообразные и жидкие углеводородные смеси, масляные фракции и другие среды);"10; 16; 25; 40; 63";От -40 до +425;От -40 до +50;У1;В;ОТК;10;1700;400;12 месяцев со дня ввода в эксплуатацию, но не более 18 месяцев со дня отгрузки потребителю;Односедельный;;Фланцевое;50;40;Углеродистая сталь;23;По запросу;79080;Под заказ
Клапан регулирующий односедельный фланцевый 25с947нж DN 65 PN 4,0 МПа У1 (Kvy - 100? м³/ч) с ЭИМ, корпус ст. 25Л;Клапаны регулирующие;25с947нж;Жидкие и газообразные среды, нейтральные к материалам деталей, соприкасающихся со средой (вода, пар, воздух, природный газ, мазут и другие жидкие нефтепродукты, газообразные и жидкие углеводородные смеси, масляные фракции и другие среды);"25; 40; 63; 100";От -40 до +425;От -40 до +50;У1;В;ОТК;10;1700;400;12 месяцев со дня ввода в эксплуатацию, но не более 18 месяцев со дня отгрузки потребителю;Односедельный;;Фланцевое;65;40;Углеродистая сталь;38;По запросу;89820;Под заказ
Клапан регулирующий односедельный фланцевый 25с947нж DN 80 PN 4,0 МПа У1 (Kvy - 160? м³/ч) с ЭИМ, корпус ст. 25Л;Клапаны регулирующие;25с947нж;Жидкие и газообразные среды, нейтральные к материалам деталей, соприкасающихся со средой (вода, пар, воздух, природный газ, мазут и другие жидкие нефтепродукты, газообразные и жидкие углеводородные смеси, масляные фракции и другие среды);"40; 63; 100; 160";От -40 до +425;От -40 до +50;У1;В;ОТК;10;1700;400;12 месяцев со дня ввода в эксплуатацию, но не более 18 месяцев со дня отгрузки потребителю;Односедельный;;Фланцевое;80;40;Углеродистая сталь;41;По запросу;99360;Под заказ
Клапан регулирующий односедельный фланцевый 25с947нж DN 100 PN 4,0 МПа У1 (Kvy - 250? м³/ч) с ЭИМ, корпус ст. 25Л;Клапаны регулирующие;25с947нж;Жидкие и газообразные среды, нейтральные к материалам деталей, соприкасающихся со средой (вода, пар, воздух, природный газ, мазут и другие жидкие нефтепродукты, газообразные и жидкие углеводородные смеси, масляные фракции и другие среды);"63; 100; 160; 250";От -40 до +425;От -40 до +50;У1;В;ОТК;10;1700;400;12 месяцев со дня ввода в эксплуатацию, но не более 18 месяцев со дня отгрузки потребителю;Односедельный;;Фланцевое;100;40;Углеродистая сталь;51;По запросу;127080;Под заказ
Клапан регулирующий односедельный фланцевый 25с947нж DN 125 PN 4,0 МПа У1 (Kvy - 320? м³/ч) с ЭИМ, корпус ст. 25Л;Клапаны регулирующие;25с947нж;Жидкие и газообразные среды, нейтральные к материалам деталей, соприкасающихся со средой (вода, пар, воздух, природный газ, мазут и другие жидкие нефтепродукты, газообразные и жидкие углеводородные смеси, масляные фракции и другие среды);"100; 160; 250; 320";От -40 до +425;От -40 до +50;У1;В;ОТК;10;1700;400;12 месяцев со дня ввода в эксплуатацию, но не более 18 месяцев со дня отгрузки потребителю;Односедельный;;Фланцевое;125;40;Углеродистая сталь;92;По запросу;190200;Под заказ
Клапан регулирующий односедельный фланцевый 25с947нж DN 150 PN 4,0 МПа У1 (Kvy - 400? м³/ч) с ЭИМ, корпус ст. 25Л;Клапаны регулирующие;25с947нж;Жидкие и газообразные среды, нейтральные к материалам деталей, соприкасающихся со средой (вода, пар, воздух, природный газ, мазут и другие жидкие нефтепродукты, газообразные и жидкие углеводородные смеси, масляные фракции и другие среды);"160; 250; 400";От -40 до +425;От -40 до +50;У1;В;ОТК;10;1700;400;12 месяцев со дня ввода в эксплуатацию, но не более 18 месяцев со дня отгрузки потребителю;Односедельный;;Фланцевое;150;40;Углеродистая сталь;110;По запросу;225600;Под заказ
Клапан регулирующий односедельный фланцевый 25с947нж DN 200 PN 4,0 МПа У1 (Kvy - 630? м³/ч) с ЭИМ, корпус ст. 25Л;Клапаны регулирующие;25с947нж;Жидкие и газообразные среды, нейтральные к материалам деталей, соприкасающихся со средой (вода, пар, воздух, природный газ, мазут и другие жидкие нефтепродукты, газообразные и жидкие углеводородные смеси, масляные фракции и другие среды);"250; 400; 630";От -40 до +425;От -40 до +50;У1;В;ОТК;10;1700;400;12 месяцев со дня ввода в эксплуатацию, но не более 18 месяцев со дня отгрузки потребителю;Односедельный;;Фланцевое;200;40;Углеродистая сталь;140;По запросу;330000;Под заказ
Клапан регулирующий односедельный фланцевый 25с947п DN 15 PN 1,6 МПа У1 (Kvy - 4,0? м³/ч) с ЭИМ, корпус ст. 25Л;Клапаны регулирующие;25с947п;Жидкие и газообразные среды, нейтральные к материалам деталей, соприкасающихся со средой (вода, пар, воздух, природный газ, мазут и другие жидкие нефтепродукты, газообразные и жидкие углеводородные смеси, масляные фракции и другие среды);"0,1; 0,16; 0,25; 0,4; 0,6; 1,0; 1,6; 2,5; 3,2; 4,0";От -40 до +150;От -40 до +50;У1;А;ОТК;10;1700;400;12 месяцев со дня ввода в эксплуатацию, но не более 18 месяцев со дня отгрузки потребителю;Односедельный;;Фланцевое;15;16;Углеродистая сталь;6;По запросу;58920;Под заказ
Клапан регулирующий односедельный фланцевый 25с947п DN 20 PN 1,6 МПа У1 (Kvy - 6,3? м³/ч) с ЭИМ, корпус ст. 25Л;Клапаны регулирующие;25с947п;Жидкие и газообразные среды, нейтральные к материалам деталей, соприкасающихся со средой (вода, пар, воздух, природный газ, мазут и другие жидкие нефтепродукты, газообразные и жидкие углеводородные смеси, масляные фракции и другие среды);"1,6; 2,5; 4,0; 6,3";От -40 до +150;От -40 до +50;У1;А;ОТК;10;1700;400;12 месяцев со дня ввода в эксплуатацию, но не более 18 месяцев со дня отгрузки потребителю;Односедельный;;Фланцевое;20;16;Углеродистая сталь;7;По запросу;59820;Под заказ
Клапан регулирующий односедельный фланцевый 25с947п DN 25 PN 1,6 МПа У1 (Kvy - 16? м³/ч) с ЭИМ, корпус ст. 25Л;Клапаны регулирующие;25с947п;Жидкие и газообразные среды, нейтральные к материалам деталей, соприкасающихся со средой (вода, пар, воздух, природный газ, мазут и другие жидкие нефтепродукты, газообразные и жидкие углеводородные смеси, масляные фракции и другие среды);"1,6; 2,5; 4,0; 6,3; 10; 16";От -40 до +150;От -40 до +50;У1;А;ОТК;10;1700;400;12 месяцев со дня ввода в эксплуатацию, но не более 18 месяцев со дня отгрузки потребителю;Односедельный;;Фланцевое;25;16;Углеродистая сталь;8;По запросу;61920;Под заказ
Клапан регулирующий односедельный фланцевый 25с947п DN 32 PN 1,6 МПа У1 (Kvy - 25? м³/ч) с ЭИМ, корпус ст. 25Л;Клапаны регулирующие;25с947п;Жидкие и газообразные среды, нейтральные к материалам деталей, соприкасающихся со средой (вода, пар, воздух, природный газ, мазут и другие жидкие нефтепродукты, газообразные и жидкие углеводородные смеси, масляные фракции и другие среды);"6,3; 10; 16; 25";От -40 до +150;От -40 до +50;У1;А;ОТК;10;1700;400;12 месяцев со дня ввода в эксплуатацию, но не более 18 месяцев со дня отгрузки потребителю;Односедельный;;Фланцевое;32;16;Углеродистая сталь;11;По запросу;65160;Под заказ
Клапан регулирующий односедельный фланцевый 25с947п DN 40 PN 1,6 МПа У1 (Kvy - 40? м³/ч) с ЭИМ, корпус ст. 25Л;Клапаны регулирующие;25с947п;Жидкие и газообразные среды, нейтральные к материалам деталей, соприкасающихся со средой (вода, пар, воздух, природный газ, мазут и другие жидкие нефтепродукты, газообразные и жидкие углеводородные смеси, масляные фракции и другие среды);"10; 16; 25; 40";От -40 до +150;От -40 до +50;У1;А;ОТК;10;1700;400;12 месяцев со дня ввода в эксплуатацию, но не более 18 месяцев со дня отгрузки потребителю;Односедельный;;Фланцевое;40;16;Углеродистая сталь;12;По запросу;68640;Под заказ
Клапан регулирующий односедельный фланцевый 25с947п DN 50 PN 1,6 МПа У1 (Kvy - 6,3? м³/ч) с ЭИМ, корпус ст. 25Л;Клапаны регулирующие;25с947п;Жидкие и газообразные среды, нейтральные к материалам деталей, соприкасающихся со средой (вода, пар, воздух, природный газ, мазут и другие жидкие нефтепродукты, газообразные и жидкие углеводородные смеси, масляные фракции и другие среды);"10; 16; 25; 40; 63";От -40 до +150;От -40 до +50;У1;А;ОТК;10;1700;400;12 месяцев со дня ввода в эксплуатацию, но не более 18 месяцев со дня отгрузки потребителю;Односедельный;;Фланцевое;50;16;Углеродистая сталь;19;По запросу;79080;Под заказ
Клапан регулирующий односедельный фланцевый 25с947п DN 65 PN 1,6 МПа У1 (Kvy - 100? м³/ч) с ЭИМ, корпус ст. 25Л;Клапаны регулирующие;25с947п;Жидкие и газообразные среды, нейтральные к материалам деталей, соприкасающихся со средой (вода, пар, воздух, природный газ, мазут и другие жидкие нефтепродукты, газообразные и жидкие углеводородные смеси, масляные фракции и другие среды);"25; 40; 63; 100";От -40 до +150;От -40 до +50;У1;А;ОТК;10;1700;400;12 месяцев со дня ввода в эксплуатацию, но не более 18 месяцев со дня отгрузки потребителю;Односедельный;;Фланцевое;65;16;Углеродистая сталь;35;По запросу;89820;Под заказ
Клапан регулирующий односедельный фланцевый 25с947п DN 80 PN 1,6 МПа У1 (Kvy - 160? м³/ч) с ЭИМ, корпус ст. 25Л;Клапаны регулирующие;25с947п;Жидкие и газообразные среды, нейтральные к материалам деталей, соприкасающихся со средой (вода, пар, воздух, природный газ, мазут и другие жидкие нефтепродукты, газообразные и жидкие углеводородные смеси, масляные фракции и другие среды);"40; 63; 100; 160";От -40 до +150;От -40 до +50;У1;А;ОТК;10;1700;400;12 месяцев со дня ввода в эксплуатацию, но не более 18 месяцев со дня отгрузки потребителю;Односедельный;;Фланцевое;80;16;Углеродистая сталь;38;По запросу;99360;Под заказ
Клапан регулирующий односедельный фланцевый 25с947п DN 100 PN 1,6 МПа У1 (Kvy - 250? м³/ч) с ЭИМ, корпус ст. 25Л;Клапаны регулирующие;25с947п;Жидкие и газообразные среды, нейтральные к материалам деталей, соприкасающихся со средой (вода, пар, воздух, природный газ, мазут и другие жидкие нефтепродукты, газообразные и жидкие углеводородные смеси, масляные фракции и другие среды);"63; 100; 160; 250";От -40 до +150;От -40 до +50;У1;А;ОТК;10;1700;400;12 месяцев со дня ввода в эксплуатацию, но не более 18 месяцев со дня отгрузки потребителю;Односедельный;;Фланцевое;100;16;Углеродистая сталь;48;По запросу;127080;Под заказ
Клапан регулирующий односедельный фланцевый 25с947п DN 125 PN 1,6 МПа У1 (Kvy - 320? м³/ч) с ЭИМ, корпус ст. 25Л;Клапаны регулирующие;25с947п;Жидкие и газообразные среды, нейтральные к материалам деталей, соприкасающихся со средой (вода, пар, воздух, природный газ, мазут и другие жидкие нефтепродукты, газообразные и жидкие углеводородные смеси, масляные фракции и другие среды);"100; 160; 250; 320";От -40 до +150;От -40 до +50;У1;А;ОТК;10;1700;400;12 месяцев со дня ввода в эксплуатацию, но не более 18 месяцев со дня отгрузки потребителю;Односедельный;;Фланцевое;125;16;Углеродистая сталь;70;По запросу;190200;Под заказ
Клапан регулирующий односедельный фланцевый 25с947п DN 150 PN 1,6 МПа У1 (Kvy - 400? м³/ч) с ЭИМ, корпус ст. 25Л;Клапаны регулирующие;25с947п;Жидкие и газообразные среды, нейтральные к материалам деталей, соприкасающихся со средой (вода, пар, воздух, природный газ, мазут и другие жидкие нефтепродукты, газообразные и жидкие углеводородные смеси, масляные фракции и другие среды);"160; 250; 400";От -40 до +150;От -40 до +50;У1;А;ОТК;10;1700;400;12 месяцев со дня ввода в эксплуатацию, но не более 18 месяцев со дня отгрузки потребителю;Односедельный;;Фланцевое;150;16;Углеродистая сталь;110;По запросу;225600;Под заказ
Клапан регулирующий односедельный фланцевый 25с947п DN 200 PN 1,6 МПа У1 (Kvy - 630? м³/ч) с ЭИМ, корпус ст. 25Л;Клапаны регулирующие;25с947п;Жидкие и газообразные среды, нейтральные к материалам деталей, соприкасающихся со средой (вода, пар, воздух, природный газ, мазут и другие жидкие нефтепродукты, газообразные и жидкие углеводородные смеси, масляные фракции и другие среды);"250; 400; 630";От -40 до +150;От -40 до +50;У1;А;ОТК;10;1700;400;12 месяцев со дня ввода в эксплуатацию, но не более 18 месяцев со дня отгрузки потребителю;Односедельный;;Фланцевое;200;16;Углеродистая сталь;140;По запросу;330000;Под заказ
Клапан регулирующий односедельный фланцевый 25с947п DN 250 PN 1,6 МПа У1 (Kvy - ? м³/ч) с ЭИМ, корпус ст. 25Л;Клапаны регулирующие;25с947п;Жидкие и газообразные среды, нейтральные к материалам деталей, соприкасающихся со средой (вода, пар, воздух, природный газ, мазут и другие жидкие нефтепродукты, газообразные и жидкие углеводородные смеси, масляные фракции и другие среды);;От -40 до +150;От -40 до +50;У1;А;ОТК;10;1700;400;12 месяцев со дня ввода в эксплуатацию, но не более 18 месяцев со дня отгрузки потребителю;Односедельный;;Фланцевое;250;16;Углеродистая сталь;280;По запросу;0;Под заказ
Клапан регулирующий односедельный фланцевый 25с947п DN 300 PN 1,6 МПа У1 (Kvy - ? м³/ч) с ЭИМ, корпус ст. 25Л;Клапаны регулирующие;25с947п;Жидкие и газообразные среды, нейтральные к материалам деталей, соприкасающихся со средой (вода, пар, воздух, природный газ, мазут и другие жидкие нефтепродукты, газообразные и жидкие углеводородные смеси, масляные фракции и другие среды);;От -40 до +150;От -40 до +50;У1;А;ОТК;10;1700;400;12 месяцев со дня ввода в эксплуатацию, но не более 18 месяцев со дня отгрузки потребителю;Односедельный;;Фланцевое;300;16;Углеродистая сталь;350;По запросу;0;Под заказ
Клапан регулирующий односедельный фланцевый 25с947п DN 15 PN 2,5 МПа У1 (Kvy - 4,0? м³/ч) с ЭИМ, корпус ст. 25Л;Клапаны регулирующие;25с947п;Жидкие и газообразные среды, нейтральные к материалам деталей, соприкасающихся со средой (вода, пар, воздух, природный газ, мазут и другие жидкие нефтепродукты, газообразные и жидкие углеводородные смеси, масляные фракции и другие среды);"0,1; 0,16; 0,25; 0,4; 0,6; 1,0; 1,6; 2,5; 3,2; 4,0";От -40 до +150;От -40 до +50;У1;А;ОТК;10;1700;400;12 месяцев со дня ввода в эксплуатацию, но не более 18 месяцев со дня отгрузки потребителю;Односедельный;;Фланцевое;15;25;Углеродистая сталь;8;По запросу;58920;Под заказ
Клапан регулирующий односедельный фланцевый 25с947п DN 20 PN 2,5 МПа У1 (Kvy - 6,3? м³/ч) с ЭИМ, корпус ст. 25Л;Клапаны регулирующие;25с947п;Жидкие и газообразные среды, нейтральные к материалам деталей, соприкасающихся со средой (вода, пар, воздух, природный газ, мазут и другие жидкие нефтепродукты, газообразные и жидкие углеводородные смеси, масляные фракции и другие среды);"1,6; 2,5; 4,0; 6,3";От -40 до +150;От -40 до +50;У1;А;ОТК;10;1700;400;12 месяцев со дня ввода в эксплуатацию, но не более 18 месяцев со дня отгрузки потребителю;Односедельный;;Фланцевое;20;25;Углеродистая сталь;8,5;По запросу;59820;Под заказ
Клапан регулирующий односедельный фланцевый 25с947п DN 25 PN 2,5 МПа У1 (Kvy - 16? м³/ч) с ЭИМ, корпус ст. 25Л;Клапаны регулирующие;25с947п;Жидкие и газообразные среды, нейтральные к материалам деталей, соприкасающихся со средой (вода, пар, воздух, природный газ, мазут и другие жидкие нефтепродукты, газообразные и жидкие углеводородные смеси, масляные фракции и другие среды);"1,6; 2,5; 4,0; 6,3; 10; 16";От -40 до +150;От -40 до +50;У1;А;ОТК;10;1700;400;12 месяцев со дня ввода в эксплуатацию, но не более 18 месяцев со дня отгрузки потребителю;Односедельный;;Фланцевое;25;25;Углеродистая сталь;9;По запросу;61920;Под заказ
Клапан регулирующий односедельный фланцевый 25с947п DN 32 PN 2,5 МПа У1 (Kvy - 25? м³/ч) с ЭИМ, корпус ст. 25Л;Клапаны регулирующие;25с947п;Жидкие и газообразные среды, нейтральные к материалам деталей, соприкасающихся со средой (вода, пар, воздух, природный газ, мазут и другие жидкие нефтепродукты, газообразные и жидкие углеводородные смеси, масляные фракции и другие среды);"6,3; 10; 16; 25";От -40 до +150;От -40 до +50;У1;А;ОТК;10;1700;400;12 месяцев со дня ввода в эксплуатацию, но не более 18 месяцев со дня отгрузки потребителю;Односедельный;;Фланцевое;32;25;Углеродистая сталь;12;По запросу;65160;Под заказ
Клапан регулирующий односедельный фланцевый 25с947п DN 40 PN 2,5 МПа У1 (Kvy - 40? м³/ч) с ЭИМ, корпус ст. 25Л;Клапаны регулирующие;25с947п;Жидкие и газообразные среды, нейтральные к материалам деталей, соприкасающихся со средой (вода, пар, воздух, природный газ, мазут и другие жидкие нефтепродукты, газообразные и жидкие углеводородные смеси, масляные фракции и другие среды);"10; 16; 25; 40";От -40 до +150;От -40 до +50;У1;А;ОТК;10;1700;400;12 месяцев со дня ввода в эксплуатацию, но не более 18 месяцев со дня отгрузки потребителю;Односедельный;;Фланцевое;40;25;Углеродистая сталь;14;По запросу;68640;Под заказ
Клапан регулирующий односедельный фланцевый 25с947п DN 50 PN 2,5 МПа У1 (Kvy - 63? м³/ч) с ЭИМ, корпус ст. 25Л;Клапаны регулирующие;25с947п;Жидкие и газообразные среды, нейтральные к материалам деталей, соприкасающихся со средой (вода, пар, воздух, природный газ, мазут и другие жидкие нефтепродукты, газообразные и жидкие углеводородные смеси, масляные фракции и другие среды);"10; 16; 25; 40; 63";От -40 до +150;От -40 до +50;У1;А;ОТК;10;1700;400;12 месяцев со дня ввода в эксплуатацию, но не более 18 месяцев со дня отгрузки потребителю;Односедельный;;Фланцевое;50;25;Углеродистая сталь;21;По запросу;79080;Под заказ
Клапан регулирующий односедельный фланцевый 25с947п DN 65 PN 2,5 МПа У1 (Kvy - 100? м³/ч) с ЭИМ, корпус ст. 25Л;Клапаны регулирующие;25с947п;Жидкие и газообразные среды, нейтральные к материалам деталей, соприкасающихся со средой (вода, пар, воздух, природный газ, мазут и другие жидкие нефтепродукты, газообразные и жидкие углеводородные смеси, масляные фракции и другие среды);"25; 40; 63; 100";От -40 до +150;От -40 до +50;У1;А;ОТК;10;1700;400;12 месяцев со дня ввода в эксплуатацию, но не более 18 месяцев со дня отгрузки потребителю;Односедельный;;Фланцевое;65;25;Углеродистая сталь;37;По запросу;89820;Под заказ
Клапан регулирующий односедельный фланцевый 25с947п DN 80 PN 2,5 МПа У1 (Kvy - 160? м³/ч) с ЭИМ, корпус ст. 25Л;Клапаны регулирующие;25с947п;Жидкие и газообразные среды, нейтральные к материалам деталей, соприкасающихся со средой (вода, пар, воздух, природный газ, мазут и другие жидкие нефтепродукты, газообразные и жидкие углеводородные смеси, масляные фракции и другие среды);"40; 63; 100; 160";От -40 до +150;От -40 до +50;У1;А;ОТК;10;1700;400;12 месяцев со дня ввода в эксплуатацию, но не более 18 месяцев со дня отгрузки потребителю;Односедельный;;Фланцевое;80;25;Углеродистая сталь;39;По запросу;99360;Под заказ
Клапан регулирующий односедельный фланцевый 25с947п DN 100 PN 2,5 МПа У1 (Kvy - 250? м³/ч) с ЭИМ, корпус ст. 25Л;Клапаны регулирующие;25с947п;Жидкие и газообразные среды, нейтральные к материалам деталей, соприкасающихся со средой (вода, пар, воздух, природный газ, мазут и другие жидкие нефтепродукты, газообразные и жидкие углеводородные смеси, масляные фракции и другие среды);"63; 100; 160; 250";От -40 до +150;От -40 до +50;У1;А;ОТК;10;1700;400;12 месяцев со дня ввода в эксплуатацию, но не более 18 месяцев со дня отгрузки потребителю;Односедельный;;Фланцевое;100;25;Углеродистая сталь;49;По запросу;127080;Под заказ
Клапан регулирующий односедельный фланцевый 25с947п DN 125 PN 2,5 МПа У1 (Kvy - 320? м³/ч) с ЭИМ, корпус ст. 25Л;Клапаны регулирующие;25с947п;Жидкие и газообразные среды, нейтральные к материалам деталей, соприкасающихся со средой (вода, пар, воздух, природный газ, мазут и другие жидкие нефтепродукты, газообразные и жидкие углеводородные смеси, масляные фракции и другие среды);"100; 160; 250; 320";От -40 до +150;От -40 до +50;У1;А;ОТК;10;1700;400;12 месяцев со дня ввода в эксплуатацию, но не более 18 месяцев со дня отгрузки потребителю;Односедельный;;Фланцевое;125;25;Углеродистая сталь;76;По запросу;190200;Под заказ
Клапан регулирующий односедельный фланцевый 25с947п DN 150 PN 2,5 МПа У1 (Kvy - 400? м³/ч) с ЭИМ, корпус ст. 25Л;Клапаны регулирующие;25с947п;Жидкие и газообразные среды, нейтральные к материалам деталей, соприкасающихся со средой (вода, пар, воздух, природный газ, мазут и другие жидкие нефтепродукты, газообразные и жидкие углеводородные смеси, масляные фракции и другие среды);"160; 250; 400";От -40 до +150;От -40 до +50;У1;А;ОТК;10;1700;400;12 месяцев со дня ввода в эксплуатацию, но не более 18 месяцев со дня отгрузки потребителю;Односедельный;;Фланцевое;150;25;Углеродистая сталь;110;По запросу;225600;Под заказ
Клапан регулирующий односедельный фланцевый 25с947п DN 200 PN 2,5 МПа У1 (Kvy - 630? м³/ч) с ЭИМ, корпус ст. 25Л;Клапаны регулирующие;25с947п;Жидкие и газообразные среды, нейтральные к материалам деталей, соприкасающихся со средой (вода, пар, воздух, природный газ, мазут и другие жидкие нефтепродукты, газообразные и жидкие углеводородные смеси, масляные фракции и другие среды);"250; 400; 630";От -40 до +150;От -40 до +50;У1;А;ОТК;10;1700;400;12 месяцев со дня ввода в эксплуатацию, но не более 18 месяцев со дня отгрузки потребителю;Односедельный;;Фланцевое;200;25;Углеродистая сталь;140;По запросу;330000;Под заказ
Клапан регулирующий односедельный фланцевый 25с947п DN 250 PN 2,5 МПа У1 (Kvy - ? м³/ч) с ЭИМ, корпус ст. 25Л;Клапаны регулирующие;25с947п;Жидкие и газообразные среды, нейтральные к материалам деталей, соприкасающихся со средой (вода, пар, воздух, природный газ, мазут и другие жидкие нефтепродукты, газообразные и жидкие углеводородные смеси, масляные фракции и другие среды);;От -40 до +150;От -40 до +50;У1;А;ОТК;10;1700;400;12 месяцев со дня ввода в эксплуатацию, но не более 18 месяцев со дня отгрузки потребителю;Односедельный;;Фланцевое;250;25;Углеродистая сталь;280;По запросу;0;Под заказ
Клапан регулирующий односедельный фланцевый 25с947п DN 300 PN 2,5 МПа У1 (Kvy - ? м³/ч) с ЭИМ, корпус ст. 25Л;Клапаны регулирующие;25с947п;Жидкие и газообразные среды, нейтральные к материалам деталей, соприкасающихся со средой (вода, пар, воздух, природный газ, мазут и другие жидкие нефтепродукты, газообразные и жидкие углеводородные смеси, масляные фракции и другие среды);;От -40 до +150;От -40 до +50;У1;А;ОТК;10;1700;400;12 месяцев со дня ввода в эксплуатацию, но не более 18 месяцев со дня отгрузки потребителю;Односедельный;;Фланцевое;300;25;Углеродистая сталь;350;По запросу;0;Под заказ
Клапан регулирующий односедельный фланцевый 25с947п DN 15 PN 4,0 МПа У1 (Kvy - 4,0? м³/ч) с ЭИМ, корпус ст. 25Л;Клапаны регулирующие;25с947п;Жидкие и газообразные среды, нейтральные к материалам деталей, соприкасающихся со средой (вода, пар, воздух, природный газ, мазут и другие жидкие нефтепродукты, газообразные и жидкие углеводородные смеси, масляные фракции и другие среды);"0,1; 0,16; 0,25; 0,4; 0,6; 1,0; 1,6; 2,5; 3,2; 4,0";От -40 до +150;От -40 до +50;У1;А;ОТК;10;1700;400;12 месяцев со дня ввода в эксплуатацию, но не более 18 месяцев со дня отгрузки потребителю;Односедельный;;Фланцевое;15;40;Углеродистая сталь;9;По запросу;58920;Под заказ
Клапан регулирующий односедельный фланцевый 25с947п DN 20 PN 4,0 МПа У1 (Kvy - 6,3? м³/ч) с ЭИМ, корпус ст. 25Л;Клапаны регулирующие;25с947п;Жидкие и газообразные среды, нейтральные к материалам деталей, соприкасающихся со средой (вода, пар, воздух, природный газ, мазут и другие жидкие нефтепродукты, газообразные и жидкие углеводородные смеси, масляные фракции и другие среды);"1,6; 2,5; 4,0; 6,3";От -40 до +150;От -40 до +50;У1;А;ОТК;10;1700;400;12 месяцев со дня ввода в эксплуатацию, но не более 18 месяцев со дня отгрузки потребителю;Односедельный;;Фланцевое;20;40;Углеродистая сталь;9,5;По запросу;59820;Под заказ
Клапан регулирующий односедельный фланцевый 25с947п DN 25 PN 4,0 МПа У1 (Kvy - 16? м³/ч) с ЭИМ, корпус ст. 25Л;Клапаны регулирующие;25с947п;Жидкие и газообразные среды, нейтральные к материалам деталей, соприкасающихся со средой (вода, пар, воздух, природный газ, мазут и другие жидкие нефтепродукты, газообразные и жидкие углеводородные смеси, масляные фракции и другие среды);"1,6; 2,5; 4,0; 6,3; 10; 16";От -40 до +150;От -40 до +50;У1;А;ОТК;10;1700;400;12 месяцев со дня ввода в эксплуатацию, но не более 18 месяцев со дня отгрузки потребителю;Односедельный;;Фланцевое;25;40;Углеродистая сталь;10;По запросу;61920;Под заказ
Клапан регулирующий односедельный фланцевый 25с947п DN 32 PN 4,0 МПа У1 (Kvy - 25? м³/ч) с ЭИМ, корпус ст. 25Л;Клапаны регулирующие;25с947п;Жидкие и газообразные среды, нейтральные к материалам деталей, соприкасающихся со средой (вода, пар, воздух, природный газ, мазут и другие жидкие нефтепродукты, газообразные и жидкие углеводородные смеси, масляные фракции и другие среды);"6,3; 10; 16; 25";От -40 до +150;От -40 до +50;У1;А;ОТК;10;1700;400;12 месяцев со дня ввода в эксплуатацию, но не более 18 месяцев со дня отгрузки потребителю;Односедельный;;Фланцевое;32;40;Углеродистая сталь;14;По запросу;65160;Под заказ
Клапан регулирующий односедельный фланцевый 25с947п DN 40 PN 4,0 МПа У1 (Kvy - 40? м³/ч) с ЭИМ, корпус ст. 25Л;Клапаны регулирующие;25с947п;Жидкие и газообразные среды, нейтральные к материалам деталей, соприкасающихся со средой (вода, пар, воздух, природный газ, мазут и другие жидкие нефтепродукты, газообразные и жидкие углеводородные смеси, масляные фракции и другие среды);"10; 16; 25; 40";От -40 до +150;От -40 до +50;У1;А;ОТК;10;1700;400;12 месяцев со дня ввода в эксплуатацию, но не более 18 месяцев со дня отгрузки потребителю;Односедельный;;Фланцевое;40;40;Углеродистая сталь;16;По запросу;68640;Под заказ
Клапан регулирующий односедельный фланцевый 25с947п DN 50 PN 4,0 МПа У1 (Kvy - 63? м³/ч) с ЭИМ, корпус ст. 25Л;Клапаны регулирующие;25с947п;Жидкие и газообразные среды, нейтральные к материалам деталей, соприкасающихся со средой (вода, пар, воздух, природный газ, мазут и другие жидкие нефтепродукты, газообразные и жидкие углеводородные смеси, масляные фракции и другие среды);"10; 16; 25; 40; 63";От -40 до +150;От -40 до +50;У1;А;ОТК;10;1700;400;12 месяцев со дня ввода в эксплуатацию, но не более 18 месяцев со дня отгрузки потребителю;Односедельный;;Фланцевое;50;40;Углеродистая сталь;23;По запросу;79080;Под заказ
Клапан регулирующий односедельный фланцевый 25с947п DN 65 PN 4,0 МПа У1 (Kvy - 100? м³/ч) с ЭИМ, корпус ст. 25Л;Клапаны регулирующие;25с947п;Жидкие и газообразные среды, нейтральные к материалам деталей, соприкасающихся со средой (вода, пар, воздух, природный газ, мазут и другие жидкие нефтепродукты, газообразные и жидкие углеводородные смеси, масляные фракции и другие среды);"25; 40; 63; 100";От -40 до +150;От -40 до +50;У1;А;ОТК;10;1700;400;12 месяцев со дня ввода в эксплуатацию, но не более 18 месяцев со дня отгрузки потребителю;Односедельный;;Фланцевое;65;40;Углеродистая сталь;38;По запросу;89820;Под заказ
Клапан регулирующий односедельный фланцевый 25с947п DN 80 PN 4,0 МПа У1 (Kvy - 160? м³/ч) с ЭИМ, корпус ст. 25Л;Клапаны регулирующие;25с947п;Жидкие и газообразные среды, нейтральные к материалам деталей, соприкасающихся со средой (вода, пар, воздух, природный газ, мазут и другие жидкие нефтепродукты, газообразные и жидкие углеводородные смеси, масляные фракции и другие среды);"40; 63; 100; 160";От -40 до +150;От -40 до +50;У1;А;ОТК;10;1700;400;12 месяцев со дня ввода в эксплуатацию, но не более 18 месяцев со дня отгрузки потребителю;Односедельный;;Фланцевое;80;40;Углеродистая сталь;41;По запросу;99360;Под заказ
Клапан регулирующий односедельный фланцевый 25с947п DN 100 PN 4,0 МПа У1 (Kvy - 250? м³/ч) с ЭИМ, корпус ст. 25Л;Клапаны регулирующие;25с947п;Жидкие и газообразные среды, нейтральные к материалам деталей, соприкасающихся со средой (вода, пар, воздух, природный газ, мазут и другие жидкие нефтепродукты, газообразные и жидкие углеводородные смеси, масляные фракции и другие среды);"63; 100; 160; 250";От -40 до +150;От -40 до +50;У1;А;ОТК;10;1700;400;12 месяцев со дня ввода в эксплуатацию, но не более 18 месяцев со дня отгрузки потребителю;Односедельный;;Фланцевое;100;40;Углеродистая сталь;51;По запросу;127080;Под заказ
Клапан регулирующий односедельный фланцевый 25с947п DN 125 PN 4,0 МПа У1 (Kvy - 320? м³/ч) с ЭИМ, корпус ст. 25Л;Клапаны регулирующие;25с947п;Жидкие и газообразные среды, нейтральные к материалам деталей, соприкасающихся со средой (вода, пар, воздух, природный газ, мазут и другие жидкие нефтепродукты, газообразные и жидкие углеводородные смеси, масляные фракции и другие среды);"100; 160; 250; 320";От -40 до +150;От -40 до +50;У1;А;ОТК;10;1700;400;12 месяцев со дня ввода в эксплуатацию, но не более 18 месяцев со дня отгрузки потребителю;Односедельный;;Фланцевое;125;40;Углеродистая сталь;92;По запросу;190200;Под заказ
Клапан регулирующий односедельный фланцевый 25с947п DN 150 PN 4,0 МПа У1 (Kvy - 400? м³/ч) с ЭИМ, корпус ст. 25Л;Клапаны регулирующие;25с947п;Жидкие и газообразные среды, нейтральные к материалам деталей, соприкасающихся со средой (вода, пар, воздух, природный газ, мазут и другие жидкие нефтепродукты, газообразные и жидкие углеводородные смеси, масляные фракции и другие среды);"160; 250; 400";От -40 до +150;От -40 до +50;У1;А;ОТК;10;1700;400;12 месяцев со дня ввода в эксплуатацию, но не более 18 месяцев со дня отгрузки потребителю;Односедельный;;Фланцевое;150;40;Углеродистая сталь;110;По запросу;225600;Под заказ
Клапан регулирующий односедельный фланцевый 25с947п DN 200 PN 4,0 МПа У1 (Kvy - 630? м³/ч) с ЭИМ, корпус ст. 25Л;Клапаны регулирующие;25с947п;Жидкие и газообразные среды, нейтральные к материалам деталей, соприкасающихся со средой (вода, пар, воздух, природный газ, мазут и другие жидкие нефтепродукты, газообразные и жидкие углеводородные смеси, масляные фракции и другие среды);"250; 400; 630";От -40 до +150;От -40 до +50;У1;А;ОТК;10;1700;400;12 месяцев со дня ввода в эксплуатацию, но не более 18 месяцев со дня отгрузки потребителю;Односедельный;;Фланцевое;200;40;Углеродистая сталь;140;По запросу;330000;Под заказ
"Клапан регулирующий двухседельный фланцевый ""после себя"" нормально открытый 25с48нж DN 25 PN 6,3 МПа У1 (Kvy - 12,5? м³/ч) с МИМ, корпус ст. 25Л";Клапаны регулирующие;25с48нж;Вода, воздух, пар, аммиак, нефть, жидкие нефтепродукты и углеводороды, масляные фракции и другие среды, в которых скорость коррозии материала корпуса не превышает 0,2мм в год;"1,6; 2,5; 4,0; 6,3; 8; 10; 12,5";От -40 до +425;От -40 до +40;У1;В;ОТК;12;2500;600;12 месяцев со дня ввода в эксплуатацию, но не более 18 месяцев со дня отгрузки потребителю;Двухседельный;Нормально открытый;Фланцевое;25;63;Углеродистая сталь;36;По запросу;50380;Под заказ
"Клапан регулирующий двухседельный фланцевый ""после себя"" нормально открытый 25с48нж DN 40 PN 6,3 МПа У1 (Kvy - 40? м³/ч) с МИМ, корпус ст. 25Л";Клапаны регулирующие;25с48нж;Вода, воздух, пар, аммиак, нефть, жидкие нефтепродукты и углеводороды, масляные фракции и другие среды, в которых скорость коррозии материала корпуса не превышает 0,2мм в год;"10; 16; 25; 40";От -40 до +425;От -40 до +40;У1;В;ОТК;12;2500;600;12 месяцев со дня ввода в эксплуатацию, но не более 18 месяцев со дня отгрузки потребителю;Двухседельный;Нормально открытый;Фланцевое;40;63;Углеродистая сталь;54;По запросу;58960;Под заказ
"Клапан регулирующий двухседельный фланцевый ""после себя"" нормально открытый 25с48нж DN 50 PN 6,3 МПа У1 (Kvy - 63? м³/ч) с МИМ, корпус ст. 25Л";Клапаны регулирующие;25с48нж;Вода, воздух, пар, аммиак, нефть, жидкие нефтепродукты и углеводороды, масляные фракции и другие среды, в которых скорость коррозии материала корпуса не превышает 0,2мм в год;"16; 25; 40; 63";От -40 до +425;От -40 до +40;У1;В;ОТК;12;2500;600;12 месяцев со дня ввода в эксплуатацию, но не более 18 месяцев со дня отгрузки потребителю;Двухседельный;Нормально открытый;Фланцевое;50;63;Углеродистая сталь;62;По запросу;73370;Под заказ
"Клапан регулирующий двухседельный фланцевый ""после себя"" нормально открытый 25с48нж DN 80 PN 6,3 МПа У1 (Kvy - 160? м³/ч) с МИМ, корпус ст. 25Л";Клапаны регулирующие;25с48нж;Вода, воздух, пар, аммиак, нефть, жидкие нефтепродукты и углеводороды, масляные фракции и другие среды, в которых скорость коррозии материала корпуса не превышает 0,2мм в год;"40; 63; 100; 160";От -40 до +425;От -40 до +40;У1;В;ОТК;12;2500;600;12 месяцев со дня ввода в эксплуатацию, но не более 18 месяцев со дня отгрузки потребителю;Двухседельный;Нормально открытый;Фланцевое;80;63;Углеродистая сталь;107;По запросу;128810;Под заказ
"Клапан регулирующий двухседельный фланцевый ""после себя"" нормально открытый 25с48нж DN 100 PN 6,3 МПа У1 (Kvy - 250? м³/ч) с МИМ, корпус ст. 25Л";Клапаны регулирующие;25с48нж;Вода, воздух, пар, аммиак, нефть, жидкие нефтепродукты и углеводороды, масляные фракции и другие среды, в которых скорость коррозии материала корпуса не превышает 0,2мм в год;"63; 100; 160; 250";От -40 до +425;От -40 до +40;У1;В;ОТК;12;2500;600;12 месяцев со дня ввода в эксплуатацию, но не более 18 месяцев со дня отгрузки потребителю;Двухседельный;Нормально открытый;Фланцевое;100;63;Углеродистая сталь;172;По запросу;178310;Под заказ
"Клапан регулирующий двухседельный фланцевый ""после себя"" нормально открытый 25с48нж DN 150 PN 6,3 МПа У1 (Kvy - ? м³/ч) с МИМ, корпус ст. 25Л";Клапаны регулирующие;25с48нж;Вода, воздух, пар, аммиак, нефть, жидкие нефтепродукты и углеводороды, масляные фракции и другие среды, в которых скорость коррозии материала корпуса не превышает 0,2мм в год;;От -40 до +425;От -40 до +40;У1;В;ОТК;12;2500;600;12 месяцев со дня ввода в эксплуатацию, но не более 18 месяцев со дня отгрузки потребителю;Двухседельный;Нормально открытый;Фланцевое;150;63;Углеродистая сталь;275;По запросу;187110;Под заказ
"Клапан регулирующий двухседельный фланцевый ""после себя"" нормально открытый 25с48нж DN 200 PN 6,3 МПа У1 (Kvy - ? м³/ч) с МИМ, корпус ст. 25Л";Клапаны регулирующие;25с48нж;Вода, воздух, пар, аммиак, нефть, жидкие нефтепродукты и углеводороды, масляные фракции и другие среды, в которых скорость коррозии материала корпуса не превышает 0,2мм в год;;От -40 до +425;От -40 до +40;У1;В;ОТК;12;2500;600;12 месяцев со дня ввода в эксплуатацию, но не более 18 месяцев со дня отгрузки потребителю;Двухседельный;Нормально открытый;Фланцевое;200;63;Углеродистая сталь;500;По запросу;235400;Под заказ
"Клапан регулирующий двухседельный фланцевый ""до себя"" нормально закрытый 25с50нж DN 25 PN 6,3 МПа У1 (Kvy - 12,5? м³/ч) с МИМ, корпус ст. 25Л";Клапаны регулирующие;25с50нж;Вода, воздух, пар, аммиак, нефть, жидкие нефтепродукты и углеводороды, масляные фракции и другие среды, в которых скорость коррозии материала корпуса не превышает 0,2мм в год;"1,6; 2,5; 4,0; 6,3; 8; 10; 12,5";От -40 до +425;От -40 до +40;У1;В;ОТК;12;2500;600;12 месяцев со дня ввода в эксплуатацию, но не более 18 месяцев со дня отгрузки потребителю;Двухседельный;Нормально закрытый;Фланцевое;25;63;Углеродистая сталь;36;По запросу;50380;Под заказ
"Клапан регулирующий двухседельный фланцевый ""до себя"" нормально закрытый 25с50нж DN 40 PN 6,3 МПа У1 (Kvy - 40? м³/ч) с МИМ, корпус ст. 25Л";Клапаны регулирующие;25с50нж;Вода, воздух, пар, аммиак, нефть, жидкие нефтепродукты и углеводороды, масляные фракции и другие среды, в которых скорость коррозии материала корпуса не превышает 0,2мм в год;"10; 16; 25; 40";От -40 до +425;От -40 до +40;У1;В;ОТК;12;2500;600;12 месяцев со дня ввода в эксплуатацию, но не более 18 месяцев со дня отгрузки потребителю;Двухседельный;Нормально закрытый;Фланцевое;40;63;Углеродистая сталь;54;По запросу;58960;Под заказ
"Клапан регулирующий двухседельный фланцевый ""до себя"" нормально закрытый 25с50нж DN 50 PN 6,3 МПа У1 (Kvy - 63? м³/ч) с МИМ, корпус ст. 25Л";Клапаны регулирующие;25с50нж;Вода, воздух, пар, аммиак, нефть, жидкие нефтепродукты и углеводороды, масляные фракции и другие среды, в которых скорость коррозии материала корпуса не превышает 0,2мм в год;"16; 25; 40; 63";От -40 до +425;От -40 до +40;У1;В;ОТК;12;2500;600;12 месяцев со дня ввода в эксплуатацию, но не более 18 месяцев со дня отгрузки потребителю;Двухседельный;Нормально закрытый;Фланцевое;50;63;Углеродистая сталь;62;По запросу;73370;Под заказ
"Клапан регулирующий двухседельный фланцевый ""до себя"" нормально закрытый 25с50нж DN 80 PN 6,3 МПа У1 (Kvy - 160? м³/ч) с МИМ, корпус ст. 25Л";Клапаны регулирующие;25с50нж;Вода, воздух, пар, аммиак, нефть, жидкие нефтепродукты и углеводороды, масляные фракции и другие среды, в которых скорость коррозии материала корпуса не превышает 0,2мм в год;"40; 63; 100; 160";От -40 до +425;От -40 до +40;У1;В;ОТК;12;2500;600;12 месяцев со дня ввода в эксплуатацию, но не более 18 месяцев со дня отгрузки потребителю;Двухседельный;Нормально закрытый;Фланцевое;80;63;Углеродистая сталь;107;По запросу;128810;Под заказ
"Клапан регулирующий двухседельный фланцевый ""до себя"" нормально закрытый 25с50нж DN 100 PN 6,3 МПа У1 (Kvy - 250? м³/ч) с МИМ, корпус ст. 25Л";Клапаны регулирующие;25с50нж;Вода, воздух, пар, аммиак, нефть, жидкие нефтепродукты и углеводороды, масляные фракции и другие среды, в которых скорость коррозии материала корпуса не превышает 0,2мм в год;"63; 100; 160; 250";От -40 до +425;От -40 до +40;У1;В;ОТК;12;2500;600;12 месяцев со дня ввода в эксплуатацию, но не более 18 месяцев со дня отгрузки потребителю;Двухседельный;Нормально закрытый;Фланцевое;100;63;Углеродистая сталь;172;По запросу;178310;Под заказ
"Клапан регулирующий двухседельный фланцевый ""до себя"" нормально закрытый 25с50нж DN 150 PN 6,3 МПа У1 (Kvy - ? м³/ч) с МИМ, корпус ст. 25Л";Клапаны регулирующие;25с50нж;Вода, воздух, пар, аммиак, нефть, жидкие нефтепродукты и углеводороды, масляные фракции и другие среды, в которых скорость коррозии материала корпуса не превышает 0,2мм в год;;От -40 до +425;От -40 до +40;У1;В;ОТК;12;2500;600;12 месяцев со дня ввода в эксплуатацию, но не более 18 месяцев со дня отгрузки потребителю;Двухседельный;Нормально закрытый;Фланцевое;150;63;Углеродистая сталь;275;По запросу;187440;Под заказ
"Клапан регулирующий двухседельный фланцевый ""до себя"" нормально закрытый 25с50нж DN 200 PN 6,3 МПа У1 (Kvy - ? м³/ч) с МИМ, корпус ст. 25Л";Клапаны регулирующие;25с50нж;Вода, воздух, пар, аммиак, нефть, жидкие нефтепродукты и углеводороды, масляные фракции и другие среды, в которых скорость коррозии материала корпуса не превышает 0,2мм в год;;От -40 до +425;От -40 до +40;У1;В;ОТК;12;2500;600;12 месяцев со дня ввода в эксплуатацию, но не более 18 месяцев со дня отгрузки потребителю;Двухседельный;Нормально закрытый;Фланцевое;200;63;Углеродистая сталь;500;По запросу;235400;Под заказ
"Клапан регулирующий сильфонный двухседельный фланцевый ""после себя"" нормально открытый 25нж90нж DN 25 PN 4,0 МПа УХЛ1 с МИМ, корпус ст. 12Х18Н9ТЛ";Клапаны регулирующие;25нж90нж;Жидкие и газообразные среды, нейтральные к материалам деталей, соприкасающихся со средой;;От -40 до +200;От -30 до +50;УХЛ1;В;ОТК;12;2500;600;12 месяцев со дня ввода в эксплуатацию, но не более 18 месяцев со дня отгрузки потребителю;Двухседельный;Нормально открытый;Фланцевое;25;40;Коррозионностойкая сталь;49;По запросу;107580;Под заказ
"Клапан регулирующий сильфонный двухседельный фланцевый ""после себя"" нормально открытый 25нж90нж DN 50 PN 4,0 МПа УХЛ1 с МИМ, корпус ст. 12Х18Н9ТЛ";Клапаны регулирующие;25нж90нж;Жидкие и газообразные среды, нейтральные к материалам деталей, соприкасающихся со средой;;От -40 до +350;От -30 до +50;УХЛ1;В;ОТК;12;2500;600;12 месяцев со дня ввода в эксплуатацию, но не более 18 месяцев со дня отгрузки потребителю;Двухседельный;Нормально открытый;Фланцевое;50;40;Коррозионностойкая сталь;62;По запросу;158840;Под заказ
"Клапан регулирующий сильфонный двухседельный фланцевый ""после себя"" нормально открытый 25нж90нж DN 80 PN 4,0 МПа УХЛ1 с МИМ, корпус ст. 12Х18Н9ТЛ";Клапаны регулирующие;25нж90нж;Жидкие и газообразные среды, нейтральные к материалам деталей, соприкасающихся со средой;;От -40 до +350;От -30 до +50;УХЛ1;В;ОТК;12;2500;600;12 месяцев со дня ввода в эксплуатацию, но не более 18 месяцев со дня отгрузки потребителю;Двухседельный;Нормально открытый;Фланцевое;80;40;Коррозионностойкая сталь;102;По запросу;174680;Под заказ
"Клапан регулирующий сильфонный двухседельный фланцевый ""после себя"" нормально открытый 25нж90нж DN 100 PN 4,0 МПа УХЛ1 с МИМ, корпус ст. 12Х18Н9ТЛ";Клапаны регулирующие;25нж90нж;Жидкие и газообразные среды, нейтральные к материалам деталей, соприкасающихся со средой;;От -40 до +350;От -30 до +50;УХЛ1;В;ОТК;12;2500;600;12 месяцев со дня ввода в эксплуатацию, но не более 18 месяцев со дня отгрузки потребителю;Двухседельный;Нормально открытый;Фланцевое;100;40;Коррозионностойкая сталь;156;По запросу;291940;Под заказ
"Клапан регулирующий сильфонный двухседельный фланцевый ""после себя"" нормально открытый 25нж90нж DN 150 PN 4,0 МПа УХЛ1 с МИМ, корпус ст. 12Х18Н9ТЛ";Клапаны регулирующие;25нж90нж;Жидкие и газообразные среды, нейтральные к материалам деталей, соприкасающихся со средой;;От -40 до +350;От -30 до +50;УХЛ1;В;ОТК;12;2500;600;12 месяцев со дня ввода в эксплуатацию, но не более 18 месяцев со дня отгрузки потребителю;Двухседельный;Нормально открытый;Фланцевое;150;40;Коррозионностойкая сталь;232;По запросу;469590;Под заказ
"Клапан регулирующий сильфонный двухседельный фланцевый ""до себя"" нормально закрытый 25нж92нж DN 25 PN 4,0 МПа УХЛ1 с МИМ, корпус ст. 12Х18Н9ТЛ";Клапаны регулирующие;25нж92нж;Жидкие и газообразные среды, нейтральные к материалам деталей, соприкасающихся со средой;;От -40 до +200;От -30 до +50;УХЛ1;В;ОТК;12;2500;600;12 месяцев со дня ввода в эксплуатацию, но не более 18 месяцев со дня отгрузки потребителю;Двухседельный;Нормально закрытый;Фланцевое;25;40;Коррозионностойкая сталь;49;По запросу;107580;Под заказ
"Клапан регулирующий сильфонный двухседельный фланцевый ""до себя"" нормально закрытый 25нж92нж DN 50 PN 4,0 МПа УХЛ1 с МИМ, корпус ст. 12Х18Н9ТЛ";Клапаны регулирующие;25нж92нж;Жидкие и газообразные среды, нейтральные к материалам деталей, соприкасающихся со средой;;От -40 до +350;От -30 до +50;УХЛ1;В;ОТК;12;2500;600;12 месяцев со дня ввода в эксплуатацию, но не более 18 месяцев со дня отгрузки потребителю;Двухседельный;Нормально закрытый;Фланцевое;50;40;Коррозионностойкая сталь;62;По запросу;158840;Под заказ
"Клапан регулирующий сильфонный двухседельный фланцевый ""до себя"" нормально закрытый 25нж92нж DN 80 PN 4,0 МПа УХЛ1 с МИМ, корпус ст. 12Х18Н9ТЛ";Клапаны регулирующие;25нж92нж;Жидкие и газообразные среды, нейтральные к материалам деталей, соприкасающихся со средой;;От -40 до +350;От -30 до +50;УХЛ1;В;ОТК;12;2500;600;12 месяцев со дня ввода в эксплуатацию, но не более 18 месяцев со дня отгрузки потребителю;Двухседельный;Нормально закрытый;Фланцевое;80;40;Коррозионностойкая сталь;102;По запросу;174680;Под заказ
"Клапан регулирующий сильфонный двухседельный фланцевый ""до себя"" нормально закрытый 25нж92нж DN 100 PN 4,0 МПа УХЛ1 с МИМ, корпус ст. 12Х18Н9ТЛ";Клапаны регулирующие;25нж92нж;Жидкие и газообразные среды, нейтральные к материалам деталей, соприкасающихся со средой;;От -40 до +350;От -30 до +50;УХЛ1;В;ОТК;12;2500;600;12 месяцев со дня ввода в эксплуатацию, но не более 18 месяцев со дня отгрузки потребителю;Двухседельный;Нормально закрытый;Фланцевое;100;40;Коррозионностойкая сталь;156;По запросу;291940;Под заказ
"Клапан регулирующий сильфонный двухседельный фланцевый ""до себя"" нормально закрытый 25нж92нж DN 150 PN 4,0 МПа УХЛ1 с МИМ, корпус ст. 12Х18Н9ТЛ";Клапаны регулирующие;25нж92нж;Жидкие и газообразные среды, нейтральные к материалам деталей, соприкасающихся со средой;;От -40 до +350;От -30 до +50;УХЛ1;В;ОТК;12;2500;600;12 месяцев со дня ввода в эксплуатацию, но не более 18 месяцев со дня отгрузки потребителю;Двухседельный;Нормально закрытый;Фланцевое;150;40;Коррозионностойкая сталь;232;По запросу;469590;Под заказ
"Клапан регулирующий двухседельный фланцевый ""после себя"" нормально открытый 25нж48нж DN 25 PN 6,3 МПа УХЛ1 (Kvy - 12,5? м³/ч) с МИМ, корпус сталь 12Х18Н9ТЛ";Клапаны регулирующие;25нж48нж;Вода, воздух, пар, аммиак, жидкие нефтепродукты и углеводороды, масляные фракции, нефтехимические и другие среды, в которых скорость коррозии материала корпуса не превышает 0,2мм в год;"1,6; 2,5; 4,0; 6,3; 8; 10; 12,5";От -60 до +560;От -50 до +40;УХЛ1;В;ОТК;12;2500;600;12 месяцев со дня ввода в эксплуатацию, но не более 18 месяцев со дня отгрузки потребителю;Двухседельный;Нормально открытый;Фланцевое;25;63;Коррозионностойкая сталь;36;По запросу;85000;Под заказ
"Клапан регулирующий двухседельный фланцевый ""после себя"" нормально открытый 25нж48нж DN 40 PN 6,3 МПа УХЛ1 (Kvy - 40? м³/ч) с МИМ, корпус сталь 12Х18Н9ТЛ";Клапаны регулирующие;25нж48нж;Вода, воздух, пар, аммиак, жидкие нефтепродукты и углеводороды, масляные фракции, нефтехимические и другие среды, в которых скорость коррозии материала корпуса не превышает 0,2мм в год;"10; 16; 25; 40";От -60 до +560;От -50 до +40;УХЛ1;В;ОТК;12;2500;600;12 месяцев со дня ввода в эксплуатацию, но не более 18 месяцев со дня отгрузки потребителю;Двухседельный;Нормально открытый;Фланцевое;40;63;Коррозионностойкая сталь;54;По запросу;111100;Под заказ
"Клапан регулирующий двухседельный фланцевый ""после себя"" нормально открытый 25нж48нж DN 50 PN 6,3 МПа УХЛ1 (Kvy - 63? м³/ч) с МИМ, корпус сталь 12Х18Н9ТЛ";Клапаны регулирующие;25нж48нж;Вода, воздух, пар, аммиак, жидкие нефтепродукты и углеводороды, масляные фракции, нефтехимические и другие среды, в которых скорость коррозии материала корпуса не превышает 0,2мм в год;"16; 25; 40; 63";От -60 до +560;От -50 до +40;УХЛ1;В;ОТК;12;2500;600;12 месяцев со дня ввода в эксплуатацию, но не более 18 месяцев со дня отгрузки потребителю;Двухседельный;Нормально открытый;Фланцевое;50;63;Коррозионностойкая сталь;62;По запросу;146400;Под заказ
"Клапан регулирующий двухседельный фланцевый ""после себя"" нормально открытый 25нж48нж DN 80 PN 6,3 МПа УХЛ1 (Kvy - 160? м³/ч) с МИМ, корпус сталь 12Х18Н9ТЛ";Клапаны регулирующие;25нж48нж;Вода, воздух, пар, аммиак, жидкие нефтепродукты и углеводороды, масляные фракции, нефтехимические и другие среды, в которых скорость коррозии материала корпуса не превышает 0,2мм в год;"40; 63; 100; 160";От -60 до +560;От -50 до +40;УХЛ1;В;ОТК;12;2500;600;12 месяцев со дня ввода в эксплуатацию, но не более 18 месяцев со дня отгрузки потребителю;Двухседельный;Нормально открытый;Фланцевое;80;63;Коррозионностойкая сталь;107;По запросу;193500;Под заказ
"Клапан регулирующий двухседельный фланцевый ""после себя"" нормально открытый 25нж48нж DN 100 PN 6,3 МПа УХЛ1 (Kvy - 250? м³/ч) с МИМ, корпус сталь 12Х18Н9ТЛ";Клапаны регулирующие;25нж48нж;Вода, воздух, пар, аммиак, жидкие нефтепродукты и углеводороды, масляные фракции, нефтехимические и другие среды, в которых скорость коррозии материала корпуса не превышает 0,2мм в год;"63; 100; 160; 250";От -60 до +560;От -50 до +40;УХЛ1;В;ОТК;12;2500;600;12 месяцев со дня ввода в эксплуатацию, но не более 18 месяцев со дня отгрузки потребителю;Двухседельный;Нормально открытый;Фланцевое;100;63;Коррозионностойкая сталь;172;По запросу;265300;Под заказ
"Клапан регулирующий двухседельный фланцевый ""после себя"" нормально открытый 25нж48нж DN 150 PN 6,3 МПа УХЛ1 (Kvy - ? м³/ч) с МИМ, корпус сталь 12Х18Н9ТЛ";Клапаны регулирующие;25нж48нж;Вода, воздух, пар, аммиак, жидкие нефтепродукты и углеводороды, масляные фракции, нефтехимические и другие среды, в которых скорость коррозии материала корпуса не превышает 0,2мм в год;;От -60 до +560;От -50 до +40;УХЛ1;В;ОТК;12;2500;600;12 месяцев со дня ввода в эксплуатацию, но не более 18 месяцев со дня отгрузки потребителю;Двухседельный;Нормально открытый;Фланцевое;150;63;Коррозионностойкая сталь;275;По запросу;455200;Под заказ
"Клапан регулирующий двухседельный фланцевый ""после себя"" нормально открытый 25нж48нж DN 200 PN 6,3 МПа УХЛ1 (Kvy - ? м³/ч) с МИМ, корпус сталь 12Х18Н9ТЛ";Клапаны регулирующие;25нж48нж;Вода, воздух, пар, аммиак, жидкие нефтепродукты и углеводороды, масляные фракции, нефтехимические и другие среды, в которых скорость коррозии материала корпуса не превышает 0,2мм в год;;От -60 до +560;От -50 до +40;УХЛ1;В;ОТК;12;2500;600;12 месяцев со дня ввода в эксплуатацию, но не более 18 месяцев со дня отгрузки потребителю;Двухседельный;Нормально открытый;Фланцевое;200;63;Коррозионностойкая сталь;500;По запросу;557000;Под заказ
"Клапан регулирующий двухседельный фланцевый ""до себя"" нормально закрытый 25нж50нж DN 25 PN 6,3 МПа УХЛ1 (Kvy - 12,5? м³/ч) с МИМ, корпус сталь 12Х18Н9ТЛ";Клапаны регулирующие;25нж50нж;Вода, воздух, пар, аммиак, жидкие нефтепродукты и углеводороды, масляные фракции, нефтехимические и другие среды, в которых скорость коррозии материала корпуса не превышает 0,2мм в год;"1,6; 2,5; 4,0; 6,3; 8; 10; 12,5";От -60 до +560;От -50 до +40;УХЛ1;В;ОТК;12;2500;600;12 месяцев со дня ввода в эксплуатацию, но не более 18 месяцев со дня отгрузки потребителю;Двухседельный;Нормально закрытый;Фланцевое;25;63;Коррозионностойкая сталь;36;По запросу;85000;Под заказ
"Клапан регулирующий двухседельный фланцевый ""до себя"" нормально закрытый 25нж50нж DN 40 PN 6,3 МПа УХЛ1 (Kvy - 40? м³/ч) с МИМ, корпус сталь 12Х18Н9ТЛ";Клапаны регулирующие;25нж50нж;Вода, воздух, пар, аммиак, жидкие нефтепродукты и углеводороды, масляные фракции, нефтехимические и другие среды, в которых скорость коррозии материала корпуса не превышает 0,2мм в год;"10; 16; 25; 40";От -60 до +560;От -50 до +40;УХЛ1;В;ОТК;12;2500;600;12 месяцев со дня ввода в эксплуатацию, но не более 18 месяцев со дня отгрузки потребителю;Двухседельный;Нормально закрытый;Фланцевое;40;63;Коррозионностойкая сталь;54;По запросу;111100;Под заказ
"Клапан регулирующий двухседельный фланцевый ""до себя"" нормально закрытый 25нж50нж DN 50 PN 6,3 МПа УХЛ1 (Kvy - 63? м³/ч) с МИМ, корпус сталь 12Х18Н9ТЛ";Клапаны регулирующие;25нж50нж;Вода, воздух, пар, аммиак, жидкие нефтепродукты и углеводороды, масляные фракции, нефтехимические и другие среды, в которых скорость коррозии материала корпуса не превышает 0,2мм в год;"16; 25; 40; 63";От -60 до +560;От -50 до +40;УХЛ1;В;ОТК;12;2500;600;12 месяцев со дня ввода в эксплуатацию, но не более 18 месяцев со дня отгрузки потребителю;Двухседельный;Нормально закрытый;Фланцевое;50;63;Коррозионностойкая сталь;62;По запросу;146400;Под заказ
"Клапан регулирующий двухседельный фланцевый ""до себя"" нормально закрытый 25нж50нж DN 80 PN 6,3 МПа УХЛ1 (Kvy - 160? м³/ч) с МИМ, корпус сталь 12Х18Н9ТЛ";Клапаны регулирующие;25нж50нж;Вода, воздух, пар, аммиак, жидкие нефтепродукты и углеводороды, масляные фракции, нефтехимические и другие среды, в которых скорость коррозии материала корпуса не превышает 0,2мм в год;"40; 63; 100; 160";От -60 до +560;От -50 до +40;УХЛ1;В;ОТК;12;2500;600;12 месяцев со дня ввода в эксплуатацию, но не более 18 месяцев со дня отгрузки потребителю;Двухседельный;Нормально закрытый;Фланцевое;80;63;Коррозионностойкая сталь;107;По запросу;193500;Под заказ
"Клапан регулирующий двухседельный фланцевый ""до себя"" нормально закрытый 25нж50нж DN 100 PN 6,3 МПа УХЛ1 (Kvy - 250? м³/ч) с МИМ, корпус сталь 12Х18Н9ТЛ";Клапаны регулирующие;25нж50нж;Вода, воздух, пар, аммиак, жидкие нефтепродукты и углеводороды, масляные фракции, нефтехимические и другие среды, в которых скорость коррозии материала корпуса не превышает 0,2мм в год;"63; 100; 160; 250";От -60 до +560;От -50 до +40;УХЛ1;В;ОТК;12;2500;600;12 месяцев со дня ввода в эксплуатацию, но не более 18 месяцев со дня отгрузки потребителю;Двухседельный;Нормально закрытый;Фланцевое;100;63;Коррозионностойкая сталь;172;По запросу;265300;Под заказ
"Клапан регулирующий двухседельный фланцевый ""до себя"" нормально закрытый 25нж50нж DN 150 PN 6,3 МПа УХЛ1 (Kvy - ? м³/ч) с МИМ, корпус сталь 12Х18Н9ТЛ";Клапаны регулирующие;25нж50нж;Вода, воздух, пар, аммиак, жидкие нефтепродукты и углеводороды, масляные фракции, нефтехимические и другие среды, в которых скорость коррозии материала корпуса не превышает 0,2мм в год;;От -60 до +560;От -50 до +40;УХЛ1;В;ОТК;12;2500;600;12 месяцев со дня ввода в эксплуатацию, но не более 18 месяцев со дня отгрузки потребителю;Двухседельный;Нормально закрытый;Фланцевое;150;63;Коррозионностойкая сталь;275;По запросу;455200;Под заказ
"Клапан регулирующий двухседельный фланцевый ""до себя"" нормально закрытый 25нж50нж DN 200 PN 6,3 МПа УХЛ1 (Kvy - ? м³/ч) с МИМ, корпус сталь 12Х18Н9ТЛ";Клапаны регулирующие;25нж50нж;Вода, воздух, пар, аммиак, жидкие нефтепродукты и углеводороды, масляные фракции, нефтехимические и другие среды, в которых скорость коррозии материала корпуса не превышает 0,2мм в год;;От -60 до +560;От -50 до +40;УХЛ1;В;ОТК;12;2500;600;12 месяцев со дня ввода в эксплуатацию, но не более 18 месяцев со дня отгрузки потребителю;Двухседельный;Нормально закрытый;Фланцевое;200;63;Коррозионностойкая сталь;500;По запросу;557000;Под заказ
Клапан регулирующий сальниковый цапковый ручной 15с92бк DN 10 PN 2,5 МПа У1, корпус ст. 25, класс герметичности «А» по ГОСТ 9544-2015;Клапаны регулирующие;15с92бк;"Жидкий и газообразный аммиак с маслами ХА; ХА-23; ХА-30, природный и сжиженный газ";;От -40 до +150;От -40 до +40;У1;А;ОТК;10;1700;500;12 месяцев со дня ввода в эксплуатацию, но не более 18 месяцев со дня отгрузки потребителю;;;Цапковое;10;25;Углеродистая сталь;0,7;По запросу;0;Под заказ
Клапан регулирующий сальниковый цапковый ручной 15с92бк DN 15 PN 2,5 МПа У1, корпус ст. 25, класс герметичности «А» по ГОСТ 9544-2015;Клапаны регулирующие;15с92бк;"Жидкий и газообразный аммиак с маслами ХА; ХА-23; ХА-30, природный и сжиженный газ";;От -40 до +150;От -40 до +40;У1;А;ОТК;10;1700;500;12 месяцев со дня ввода в эксплуатацию, но не более 18 месяцев со дня отгрузки потребителю;;;Цапковое;15;25;Углеродистая сталь;2;По запросу;0;Под заказ
Клапан регулирующий сальниковый цапковый ручной 15лс92бк DN 10 PN 2,5 МПа ХЛ1, корпус ст. 20ХНЗА, класс герметичности «А» по ГОСТ 9544-2015;Клапаны регулирующие;15лс92бк;"Жидкий и газообразный аммиак с маслами ХА; ХА-23; ХА-30, природный и сжиженный газ";;От -70 до +150;От -40 до +40;ХЛ1;А;ОТК;10;1700;500;12 месяцев со дня ввода в эксплуатацию, но не более 18 месяцев со дня отгрузки потребителю;;;Цапковое;10;25;Хладостойкая сталь;0,7;По запросу;0;Под заказ
Клапан регулирующий сальниковый цапковый ручной 15лс92бк DN 15 PN 2,5 МПа ХЛ1, корпус ст. 20ХНЗА, класс герметичности «А» по ГОСТ 9544-2015;Клапаны регулирующие;15лс92бк;"Жидкий и газообразный аммиак с маслами ХА; ХА-23; ХА-30, природный и сжиженный газ";;От -70 до +150;От -40 до +40;ХЛ1;А;ОТК;10;1700;500;12 месяцев со дня ввода в эксплуатацию, но не более 18 месяцев со дня отгрузки потребителю;;;Цапковое;15;25;Хладостойкая сталь;2;По запросу;0;Под заказ
Клапан регулирующий трехходовой фланцевый 27с947нж DN 15 PN 1,6 Мпа У1 с ЭИМ, корпус ст. 25Л;Клапаны регулирующие;27с947нж;Вода, воздух, пар, аммиак, жидкие нефтепродукты и углеводороды, масляные фракции, нефтехимические и другие среды, в которых скорость коррозии материала корпуса не превышает 0,2мм в год;;От -40 до +425;От -40 до +40;У1;C;ОТК;12;70000;10000;12 месяцев со дня ввода в эксплуатацию, но не более 18 месяцев со дня отгрузки потребителю;Трехходовой;;Фланцевое;15;16;Углеродистая сталь;7;По запросу;0;Под заказ
Клапан регулирующий трехходовой фланцевый 27с947нж DN 20 PN 1,6 Мпа У1 с ЭИМ, корпус ст. 25Л;Клапаны регулирующие;27с947нж;Вода, воздух, пар, аммиак, жидкие нефтепродукты и углеводороды, масляные фракции, нефтехимические и другие среды, в которых скорость коррозии материала корпуса не превышает 0,2мм в год;;От -40 до +425;От -40 до +40;У1;C;ОТК;12;70000;10000;12 месяцев со дня ввода в эксплуатацию, но не более 18 месяцев со дня отгрузки потребителю;Трехходовой;;Фланцевое;20;16;Углеродистая сталь;9;По запросу;0;Под заказ
Клапан регулирующий трехходовой фланцевый 27с947нж DN 25 PN 1,6 Мпа У1 с ЭИМ, корпус ст. 25Л;Клапаны регулирующие;27с947нж;Вода, воздух, пар, аммиак, жидкие нефтепродукты и углеводороды, масляные фракции, нефтехимические и другие среды, в которых скорость коррозии материала корпуса не превышает 0,2мм в год;;От -40 до +425;От -40 до +40;У1;C;ОТК;12;70000;10000;12 месяцев со дня ввода в эксплуатацию, но не более 18 месяцев со дня отгрузки потребителю;Трехходовой;;Фланцевое;25;16;Углеродистая сталь;11;По запросу;0;Под заказ
Клапан регулирующий трехходовой фланцевый 27с947нж DN 32 PN 1,6 Мпа У1 с ЭИМ, корпус ст. 25Л;Клапаны регулирующие;27с947нж;Вода, воздух, пар, аммиак, жидкие нефтепродукты и углеводороды, масляные фракции, нефтехимические и другие среды, в которых скорость коррозии материала корпуса не превышает 0,2мм в год;;От -40 до +425;От -40 до +40;У1;C;ОТК;12;70000;10000;12 месяцев со дня ввода в эксплуатацию, но не более 18 месяцев со дня отгрузки потребителю;Трехходовой;;Фланцевое;32;16;Углеродистая сталь;15;По запросу;0;Под заказ
Клапан регулирующий трехходовой фланцевый 27с947нж DN 40 PN 1,6 Мпа У1 с ЭИМ, корпус ст. 25Л;Клапаны регулирующие;27с947нж;Вода, воздух, пар, аммиак, жидкие нефтепродукты и углеводороды, масляные фракции, нефтехимические и другие среды, в которых скорость коррозии материала корпуса не превышает 0,2мм в год;;От -40 до +425;От -40 до +40;У1;C;ОТК;12;70000;10000;12 месяцев со дня ввода в эксплуатацию, но не более 18 месяцев со дня отгрузки потребителю;Трехходовой;;Фланцевое;40;16;Углеродистая сталь;21;По запросу;0;Под заказ
Клапан регулирующий трехходовой фланцевый 27с947нж DN 50 PN 1,6 Мпа У1 с ЭИМ, корпус ст. 25Л;Клапаны регулирующие;27с947нж;Вода, воздух, пар, аммиак, жидкие нефтепродукты и углеводороды, масляные фракции, нефтехимические и другие среды, в которых скорость коррозии материала корпуса не превышает 0,2мм в год;;От -40 до +425;От -40 до +40;У1;C;ОТК;12;70000;10000;12 месяцев со дня ввода в эксплуатацию, но не более 18 месяцев со дня отгрузки потребителю;Трехходовой;;Фланцевое;50;16;Углеродистая сталь;27;По запросу;0;Под заказ
Клапан регулирующий трехходовой фланцевый 27с947нж DN 65 PN 1,6 Мпа У1 с ЭИМ, корпус ст. 25Л;Клапаны регулирующие;27с947нж;Вода, воздух, пар, аммиак, жидкие нефтепродукты и углеводороды, масляные фракции, нефтехимические и другие среды, в которых скорость коррозии материала корпуса не превышает 0,2мм в год;;От -40 до +425;От -40 до +40;У1;C;ОТК;12;70000;10000;12 месяцев со дня ввода в эксплуатацию, но не более 18 месяцев со дня отгрузки потребителю;Трехходовой;;Фланцевое;65;16;Углеродистая сталь;37;По запросу;0;Под заказ
Клапан регулирующий трехходовой фланцевый 27с947нж DN 80 PN 1,6 Мпа У1 с ЭИМ, корпус ст. 25Л;Клапаны регулирующие;27с947нж;Вода, воздух, пар, аммиак, жидкие нефтепродукты и углеводороды, масляные фракции, нефтехимические и другие среды, в которых скорость коррозии материала корпуса не превышает 0,2мм в год;;От -40 до +425;От -40 до +40;У1;C;ОТК;12;70000;10000;12 месяцев со дня ввода в эксплуатацию, но не более 18 месяцев со дня отгрузки потребителю;Трехходовой;;Фланцевое;80;16;Углеродистая сталь;49;По запросу;0;Под заказ
Клапан регулирующий трехходовой фланцевый 27с947нж DN 100 PN 1,6 Мпа У1 с ЭИМ, корпус ст. 25Л;Клапаны регулирующие;27с947нж;Вода, воздух, пар, аммиак, жидкие нефтепродукты и углеводороды, масляные фракции, нефтехимические и другие среды, в которых скорость коррозии материала корпуса не превышает 0,2мм в год;;От -40 до +425;От -40 до +40;У1;C;ОТК;12;70000;10000;12 месяцев со дня ввода в эксплуатацию, но не более 18 месяцев со дня отгрузки потребителю;Трехходовой;;Фланцевое;100;16;Углеродистая сталь;56;По запросу;0;Под заказ
Клапан регулирующий трехходовой фланцевый 27нж947нж DN 15 PN 1,6 Мпа УХЛ1 с ЭИМ, корпус ст. 12Х18Н9ТЛ;Клапаны регулирующие;27нж947нж;Вода, воздух, пар, аммиак, жидкие нефтепродукты и углеводороды, масляные фракции, нефтехимические и другие среды, в которых скорость коррозии материала корпуса не превышает 0,2мм в год;;От -60 до +560;От -50 до +40;УХЛ1;C;ОТК;12;70000;10000;12 месяцев со дня ввода в эксплуатацию, но не более 18 месяцев со дня отгрузки потребителю;Трехходовой;;Фланцевое;15;16;Коррозионностойкая сталь;7;По запросу;0;Под заказ
Клапан регулирующий трехходовой фланцевый 27нж947нж DN 20 PN 1,6 Мпа УХЛ1 с ЭИМ, корпус ст. 12Х18Н9ТЛ;Клапаны регулирующие;27нж947нж;Вода, воздух, пар, аммиак, жидкие нефтепродукты и углеводороды, масляные фракции, нефтехимические и другие среды, в которых скорость коррозии материала корпуса не превышает 0,2мм в год;;От -60 до +560;От -50 до +40;УХЛ1;C;ОТК;12;70000;10000;12 месяцев со дня ввода в эксплуатацию, но не более 18 месяцев со дня отгрузки потребителю;Трехходовой;;Фланцевое;20;16;Коррозионностойкая сталь;9;По запросу;0;Под заказ
Клапан регулирующий трехходовой фланцевый 27нж947нж DN 25 PN 1,6 Мпа УХЛ1 с ЭИМ, корпус ст. 12Х18Н9ТЛ;Клапаны регулирующие;27нж947нж;Вода, воздух, пар, аммиак, жидкие нефтепродукты и углеводороды, масляные фракции, нефтехимические и другие среды, в которых скорость коррозии материала корпуса не превышает 0,2мм в год;;От -60 до +560;От -50 до +40;УХЛ1;C;ОТК;12;70000;10000;12 месяцев со дня ввода в эксплуатацию, но не более 18 месяцев со дня отгрузки потребителю;Трехходовой;;Фланцевое;25;16;Коррозионностойкая сталь;11;По запросу;0;Под заказ
Клапан регулирующий трехходовой фланцевый 27нж947нж DN 32 PN 1,6 Мпа УХЛ1 с ЭИМ, корпус ст. 12Х18Н9ТЛ;Клапаны регулирующие;27нж947нж;Вода, воздух, пар, аммиак, жидкие нефтепродукты и углеводороды, масляные фракции, нефтехимические и другие среды, в которых скорость коррозии материала корпуса не превышает 0,2мм в год;;От -60 до +560;От -50 до +40;УХЛ1;C;ОТК;12;70000;10000;12 месяцев со дня ввода в эксплуатацию, но не более 18 месяцев со дня отгрузки потребителю;Трехходовой;;Фланцевое;32;16;Коррозионностойкая сталь;15;По запросу;0;Под заказ
Клапан регулирующий трехходовой фланцевый 27нж947нж DN 40 PN 1,6 Мпа УХЛ1 с ЭИМ, корпус ст. 12Х18Н9ТЛ;Клапаны регулирующие;27нж947нж;Вода, воздух, пар, аммиак, жидкие нефтепродукты и углеводороды, масляные фракции, нефтехимические и другие среды, в которых скорость коррозии материала корпуса не превышает 0,2мм в год;;От -60 до +560;От -50 до +40;УХЛ1;C;ОТК;12;70000;10000;12 месяцев со дня ввода в эксплуатацию, но не более 18 месяцев со дня отгрузки потребителю;Трехходовой;;Фланцевое;40;16;Коррозионностойкая сталь;21;По запросу;0;Под заказ
Клапан регулирующий трехходовой фланцевый 27нж947нж DN 50 PN 1,6 Мпа УХЛ1 с ЭИМ, корпус ст. 12Х18Н9ТЛ;Клапаны регулирующие;27нж947нж;Вода, воздух, пар, аммиак, жидкие нефтепродукты и углеводороды, масляные фракции, нефтехимические и другие среды, в которых скорость коррозии материала корпуса не превышает 0,2мм в год;;От -60 до +560;От -50 до +40;УХЛ1;C;ОТК;12;70000;10000;12 месяцев со дня ввода в эксплуатацию, но не более 18 месяцев со дня отгрузки потребителю;Трехходовой;;Фланцевое;50;16;Коррозионностойкая сталь;27;По запросу;0;Под заказ
Клапан регулирующий трехходовой фланцевый 27нж947нж DN 65 PN 1,6 Мпа УХЛ1 с ЭИМ, корпус ст. 12Х18Н9ТЛ;Клапаны регулирующие;27нж947нж;Вода, воздух, пар, аммиак, жидкие нефтепродукты и углеводороды, масляные фракции, нефтехимические и другие среды, в которых скорость коррозии материала корпуса не превышает 0,2мм в год;;От -60 до +560;От -50 до +40;УХЛ1;C;ОТК;12;70000;10000;12 месяцев со дня ввода в эксплуатацию, но не более 18 месяцев со дня отгрузки потребителю;Трехходовой;;Фланцевое;65;16;Коррозионностойкая сталь;37;По запросу;0;Под заказ
Клапан регулирующий трехходовой фланцевый 27нж947нж DN 80 PN 1,6 Мпа УХЛ1 с ЭИМ, корпус ст. 12Х18Н9ТЛ;Клапаны регулирующие;27нж947нж;Вода, воздух, пар, аммиак, жидкие нефтепродукты и углеводороды, масляные фракции, нефтехимические и другие среды, в которых скорость коррозии материала корпуса не превышает 0,2мм в год;;От -60 до +560;От -50 до +40;УХЛ1;C;ОТК;12;70000;10000;12 месяцев со дня ввода в эксплуатацию, но не более 18 месяцев со дня отгрузки потребителю;Трехходовой;;Фланцевое;80;16;Коррозионностойкая сталь;49;По запросу;0;Под заказ
Клапан регулирующий трехходовой фланцевый 27нж947нж DN 100 PN 1,6 Мпа УХЛ1 с ЭИМ, корпус ст. 12Х18Н9ТЛ;Клапаны регулирующие;27нж947нж;Вода, воздух, пар, аммиак, жидкие нефтепродукты и углеводороды, масляные фракции, нефтехимические и другие среды, в которых скорость коррозии материала корпуса не превышает 0,2мм в год;;От -60 до +560;От -50 до +40;УХЛ1;C;ОТК;12;70000;10000;12 месяцев со дня ввода в эксплуатацию, но не более 18 месяцев со дня отгрузки потребителю;Трехходовой;;Фланцевое;100;16;Коррозионностойкая сталь;56;По запросу;0;Под заказ
Клапан регулирующий трехходовой фланцевый 23с947нж DN 15 PN 1,6 Мпа У1 с ЭИМ, корпус ст. 25Л;Клапаны регулирующие;23с947нж;Вода, воздух, пар, аммиак, нефть, жидкие нефтепродукты и углеводороды, масляные фракции и другие среды, в которых скорость коррозии материала корпуса не превышает 0,2мм в год;;От -40 до +425;От -40 до +40;У1;C;ОТК;12;70000;10000;12 месяцев со дня ввода в эксплуатацию, но не более 18 месяцев со дня отгрузки потребителю;Трехходовой;;Фланцевое;15;16;Углеродистая сталь;7;По запросу;0;Под заказ
Клапан регулирующий трехходовой фланцевый 23с947нж DN 20 PN 1,6 Мпа У1 с ЭИМ, корпус ст. 25Л;Клапаны регулирующие;23с947нж;Вода, воздух, пар, аммиак, нефть, жидкие нефтепродукты и углеводороды, масляные фракции и другие среды, в которых скорость коррозии материала корпуса не превышает 0,2мм в год;;От -40 до +425;От -40 до +40;У1;C;ОТК;12;70000;10000;12 месяцев со дня ввода в эксплуатацию, но не более 18 месяцев со дня отгрузки потребителю;Трехходовой;;Фланцевое;20;16;Углеродистая сталь;9;По запросу;0;Под заказ
Клапан регулирующий трехходовой фланцевый 23с947нж DN 25 PN 1,6 Мпа У1 с ЭИМ, корпус ст. 25Л;Клапаны регулирующие;23с947нж;Вода, воздух, пар, аммиак, нефть, жидкие нефтепродукты и углеводороды, масляные фракции и другие среды, в которых скорость коррозии материала корпуса не превышает 0,2мм в год;;От -40 до +425;От -40 до +40;У1;C;ОТК;12;70000;10000;12 месяцев со дня ввода в эксплуатацию, но не более 18 месяцев со дня отгрузки потребителю;Трехходовой;;Фланцевое;25;16;Углеродистая сталь;11;По запросу;0;Под заказ
Клапан регулирующий трехходовой фланцевый 23с947нж DN 32 PN 1,6 Мпа У1 с ЭИМ, корпус ст. 25Л;Клапаны регулирующие;23с947нж;Вода, воздух, пар, аммиак, нефть, жидкие нефтепродукты и углеводороды, масляные фракции и другие среды, в которых скорость коррозии материала корпуса не превышает 0,2мм в год;;От -40 до +425;От -40 до +40;У1;C;ОТК;12;70000;10000;12 месяцев со дня ввода в эксплуатацию, но не более 18 месяцев со дня отгрузки потребителю;Трехходовой;;Фланцевое;32;16;Углеродистая сталь;15;По запросу;0;Под заказ
Клапан регулирующий трехходовой фланцевый 23с947нж DN 40 PN 1,6 Мпа У1 с ЭИМ, корпус ст. 25Л;Клапаны регулирующие;23с947нж;Вода, воздух, пар, аммиак, нефть, жидкие нефтепродукты и углеводороды, масляные фракции и другие среды, в которых скорость коррозии материала корпуса не превышает 0,2мм в год;;От -40 до +425;От -40 до +40;У1;C;ОТК;12;70000;10000;12 месяцев со дня ввода в эксплуатацию, но не более 18 месяцев со дня отгрузки потребителю;Трехходовой;;Фланцевое;40;16;Углеродистая сталь;21;По запросу;0;Под заказ
Клапан регулирующий трехходовой фланцевый 23с947нж DN 50 PN 1,6 Мпа У1 с ЭИМ, корпус ст. 25Л;Клапаны регулирующие;23с947нж;Вода, воздух, пар, аммиак, нефть, жидкие нефтепродукты и углеводороды, масляные фракции и другие среды, в которых скорость коррозии материала корпуса не превышает 0,2мм в год;;От -40 до +425;От -40 до +40;У1;C;ОТК;12;70000;10000;12 месяцев со дня ввода в эксплуатацию, но не более 18 месяцев со дня отгрузки потребителю;Трехходовой;;Фланцевое;50;16;Углеродистая сталь;27;По запросу;0;Под заказ
Клапан регулирующий трехходовой фланцевый 23с947нж DN 65 PN 1,6 Мпа У1 с ЭИМ, корпус ст. 25Л;Клапаны регулирующие;23с947нж;Вода, воздух, пар, аммиак, нефть, жидкие нефтепродукты и углеводороды, масляные фракции и другие среды, в которых скорость коррозии материала корпуса не превышает 0,2мм в год;;От -40 до +425;От -40 до +40;У1;C;ОТК;12;70000;10000;12 месяцев со дня ввода в эксплуатацию, но не более 18 месяцев со дня отгрузки потребителю;Трехходовой;;Фланцевое;65;16;Углеродистая сталь;37;По запросу;0;Под заказ
Клапан регулирующий трехходовой фланцевый 23с947нж DN 80 PN 1,6 Мпа У1 с ЭИМ, корпус ст. 25Л;Клапаны регулирующие;23с947нж;Вода, воздух, пар, аммиак, нефть, жидкие нефтепродукты и углеводороды, масляные фракции и другие среды, в которых скорость коррозии материала корпуса не превышает 0,2мм в год;;От -40 до +425;От -40 до +40;У1;C;ОТК;12;70000;10000;12 месяцев со дня ввода в эксплуатацию, но не более 18 месяцев со дня отгрузки потребителю;Трехходовой;;Фланцевое;80;16;Углеродистая сталь;49;По запросу;0;Под заказ
Клапан регулирующий трехходовой фланцевый 23с947нж DN 100 PN 1,6 Мпа У1 с ЭИМ, корпус ст. 25Л;Клапаны регулирующие;23с947нж;Вода, воздух, пар, аммиак, нефть, жидкие нефтепродукты и углеводороды, масляные фракции и другие среды, в которых скорость коррозии материала корпуса не превышает 0,2мм в год;;От -40 до +425;От -40 до +40;У1;C;ОТК;12;70000;10000;12 месяцев со дня ввода в эксплуатацию, но не более 18 месяцев со дня отгрузки потребителю;Трехходовой;;Фланцевое;100;16;Углеродистая сталь;56;По запросу;0;Под заказ
Клапан регулирующий трехходовой фланцевый 23нж947нж DN 15 PN 1,6 Мпа УХЛ1 с ЭИМ, корпус ст. 12Х18Н9ТЛ;Клапаны регулирующие;23нж947нж;Вода, воздух, пар, аммиак, нефть, жидкие нефтепродукты и углеводороды, масляные фракции и другие среды, в которых скорость коррозии материала корпуса не превышает 0,2мм в год;;От -60 до +560;От -50 до +40;УХЛ1;C;ОТК;12;70000;10000;12 месяцев со дня ввода в эксплуатацию, но не более 18 месяцев со дня отгрузки потребителю;Трехходовой;;Фланцевое;15;16;Коррозионностойкая сталь;7;По запросу;0;Под заказ
Клапан регулирующий трехходовой фланцевый 23нж947нж DN 20 PN 1,6 Мпа УХЛ1 с ЭИМ, корпус ст. 12Х18Н9ТЛ;Клапаны регулирующие;23нж947нж;Вода, воздух, пар, аммиак, нефть, жидкие нефтепродукты и углеводороды, масляные фракции и другие среды, в которых скорость коррозии материала корпуса не превышает 0,2мм в год;;От -60 до +560;От -50 до +40;УХЛ1;C;ОТК;12;70000;10000;12 месяцев со дня ввода в эксплуатацию, но не более 18 месяцев со дня отгрузки потребителю;Трехходовой;;Фланцевое;20;16;Коррозионностойкая сталь;9;По запросу;0;Под заказ
Клапан регулирующий трехходовой фланцевый 23нж947нж DN 25 PN 1,6 Мпа УХЛ1 с ЭИМ, корпус ст. 12Х18Н9ТЛ;Клапаны регулирующие;23нж947нж;Вода, воздух, пар, аммиак, нефть, жидкие нефтепродукты и углеводороды, масляные фракции и другие среды, в которых скорость коррозии материала корпуса не превышает 0,2мм в год;;От -60 до +560;От -50 до +40;УХЛ1;C;ОТК;12;70000;10000;12 месяцев со дня ввода в эксплуатацию, но не более 18 месяцев со дня отгрузки потребителю;Трехходовой;;Фланцевое;25;16;Коррозионностойкая сталь;11;По запросу;0;Под заказ
Клапан регулирующий трехходовой фланцевый 23нж947нж DN 32 PN 1,6 Мпа УХЛ1 с ЭИМ, корпус ст. 12Х18Н9ТЛ;Клапаны регулирующие;23нж947нж;Вода, воздух, пар, аммиак, нефть, жидкие нефтепродукты и углеводороды, масляные фракции и другие среды, в которых скорость коррозии материала корпуса не превышает 0,2мм в год;;От -60 до +560;От -50 до +40;УХЛ1;C;ОТК;12;70000;10000;12 месяцев со дня ввода в эксплуатацию, но не более 18 месяцев со дня отгрузки потребителю;Трехходовой;;Фланцевое;32;16;Коррозионностойкая сталь;15;По запросу;0;Под заказ
Клапан регулирующий трехходовой фланцевый 23нж947нж DN 40 PN 1,6 Мпа УХЛ1 с ЭИМ, корпус ст. 12Х18Н9ТЛ;Клапаны регулирующие;23нж947нж;Вода, воздух, пар, аммиак, нефть, жидкие нефтепродукты и углеводороды, масляные фракции и другие среды, в которых скорость коррозии материала корпуса не превышает 0,2мм в год;;От -60 до +560;От -50 до +40;УХЛ1;C;ОТК;12;70000;10000;12 месяцев со дня ввода в эксплуатацию, но не более 18 месяцев со дня отгрузки потребителю;Трехходовой;;Фланцевое;40;16;Коррозионностойкая сталь;21;По запросу;0;Под заказ
Клапан регулирующий трехходовой фланцевый 23нж947нж DN 50 PN 1,6 Мпа УХЛ1 с ЭИМ, корпус ст. 12Х18Н9ТЛ;Клапаны регулирующие;23нж947нж;Вода, воздух, пар, аммиак, нефть, жидкие нефтепродукты и углеводороды, масляные фракции и другие среды, в которых скорость коррозии материала корпуса не превышает 0,2мм в год;;От -60 до +560;От -50 до +40;УХЛ1;C;ОТК;12;70000;10000;12 месяцев со дня ввода в эксплуатацию, но не более 18 месяцев со дня отгрузки потребителю;Трехходовой;;Фланцевое;50;16;Коррозионностойкая сталь;27;По запросу;0;Под заказ
Клапан регулирующий трехходовой фланцевый 23нж947нж DN 65 PN 1,6 Мпа УХЛ1 с ЭИМ, корпус ст. 12Х18Н9ТЛ;Клапаны регулирующие;23нж947нж;Вода, воздух, пар, аммиак, нефть, жидкие нефтепродукты и углеводороды, масляные фракции и другие среды, в которых скорость коррозии материала корпуса не превышает 0,2мм в год;;От -60 до +560;От -50 до +40;УХЛ1;C;ОТК;12;70000;10000;12 месяцев со дня ввода в эксплуатацию, но не более 18 месяцев со дня отгрузки потребителю;Трехходовой;;Фланцевое;65;16;Коррозионностойкая сталь;37;По запросу;0;Под заказ
Клапан регулирующий трехходовой фланцевый 23нж947нж DN 80 PN 1,6 Мпа УХЛ1 с ЭИМ, корпус ст. 12Х18Н9ТЛ;Клапаны регулирующие;23нж947нж;Вода, воздух, пар, аммиак, нефть, жидкие нефтепродукты и углеводороды, масляные фракции и другие среды, в которых скорость коррозии материала корпуса не превышает 0,2мм в год;;От -60 до +560;От -50 до +40;УХЛ1;C;ОТК;12;70000;10000;12 месяцев со дня ввода в эксплуатацию, но не более 18 месяцев со дня отгрузки потребителю;Трехходовой;;Фланцевое;80;16;Коррозионностойкая сталь;49;По запросу;0;Под заказ
Клапан регулирующий трехходовой фланцевый 23нж947нж DN 100 PN 1,6 Мпа УХЛ1 с ЭИМ, корпус ст. 12Х18Н9ТЛ;Клапаны регулирующие;23нж947нж;Вода, воздух, пар, аммиак, нефть, жидкие нефтепродукты и углеводороды, масляные фракции и другие среды, в которых скорость коррозии материала корпуса не превышает 0,2мм в год;;От -60 до +560;От -50 до +40;УХЛ1;C;ОТК;12;70000;10000;12 месяцев со дня ввода в эксплуатацию, но не более 18 месяцев со дня отгрузки потребителю;Трехходовой;;Фланцевое;100;16;Коррозионностойкая сталь;56;По запросу;0;Под заказ
Клапан регулирующий трехходовой фланцевый 27с647нж DN 15 PN 1,6 Мпа У1 с МИМ, корпус ст. 25Л;Клапаны регулирующие;27с647нж;Вода, воздух, пар, аммиак, нефть, жидкие нефтепродукты и углеводороды, масляные фракции и другие среды, в которых скорость коррозии материала корпуса не превышает 0,2мм в год;;От -40 до +425;От -40 до +40;У1;C;ОТК;12;70000;10000;12 месяцев со дня ввода в эксплуатацию, но не более 18 месяцев со дня отгрузки потребителю;Трехходовой;;Фланцевое;15;16;Углеродистая сталь;23;По запросу;0;Под заказ
Клапан регулирующий трехходовой фланцевый 27с647нж DN 20 PN 1,6 Мпа У1 с МИМ, корпус ст. 25Л;Клапаны регулирующие;27с647нж;Вода, воздух, пар, аммиак, нефть, жидкие нефтепродукты и углеводороды, масляные фракции и другие среды, в которых скорость коррозии материала корпуса не превышает 0,2мм в год;;От -40 до +425;От -40 до +40;У1;C;ОТК;12;70000;10000;12 месяцев со дня ввода в эксплуатацию, но не более 18 месяцев со дня отгрузки потребителю;Трехходовой;;Фланцевое;20;16;Углеродистая сталь;25;По запросу;0;Под заказ
Клапан регулирующий трехходовой фланцевый 27с647нж DN 25 PN 1,6 Мпа У1 с МИМ, корпус ст. 25Л;Клапаны регулирующие;27с647нж;Вода, воздух, пар, аммиак, нефть, жидкие нефтепродукты и углеводороды, масляные фракции и другие среды, в которых скорость коррозии материала корпуса не превышает 0,2мм в год;;От -40 до +425;От -40 до +40;У1;C;ОТК;12;70000;10000;12 месяцев со дня ввода в эксплуатацию, но не более 18 месяцев со дня отгрузки потребителю;Трехходовой;;Фланцевое;25;16;Углеродистая сталь;27;По запросу;0;Под заказ
Клапан регулирующий трехходовой фланцевый 27с647нж DN 32 PN 1,6 Мпа У1 с МИМ, корпус ст. 25Л;Клапаны регулирующие;27с647нж;Вода, воздух, пар, аммиак, нефть, жидкие нефтепродукты и углеводороды, масляные фракции и другие среды, в которых скорость коррозии материала корпуса не превышает 0,2мм в год;;От -40 до +425;От -40 до +40;У1;C;ОТК;12;70000;10000;12 месяцев со дня ввода в эксплуатацию, но не более 18 месяцев со дня отгрузки потребителю;Трехходовой;;Фланцевое;32;16;Углеродистая сталь;33;По запросу;0;Под заказ
Клапан регулирующий трехходовой фланцевый 27с647нж DN 40 PN 1,6 Мпа У1 с МИМ, корпус ст. 25Л;Клапаны регулирующие;27с647нж;Вода, воздух, пар, аммиак, нефть, жидкие нефтепродукты и углеводороды, масляные фракции и другие среды, в которых скорость коррозии материала корпуса не превышает 0,2мм в год;;От -40 до +425;От -40 до +40;У1;C;ОТК;12;70000;10000;12 месяцев со дня ввода в эксплуатацию, но не более 18 месяцев со дня отгрузки потребителю;Трехходовой;;Фланцевое;40;16;Углеродистая сталь;39;По запросу;0;Под заказ
Клапан регулирующий трехходовой фланцевый 27с647нж DN 50 PN 1,6 Мпа У1 с МИМ, корпус ст. 25Л;Клапаны регулирующие;27с647нж;Вода, воздух, пар, аммиак, нефть, жидкие нефтепродукты и углеводороды, масляные фракции и другие среды, в которых скорость коррозии материала корпуса не превышает 0,2мм в год;;От -40 до +425;От -40 до +40;У1;C;ОТК;12;70000;10000;12 месяцев со дня ввода в эксплуатацию, но не более 18 месяцев со дня отгрузки потребителю;Трехходовой;;Фланцевое;50;16;Углеродистая сталь;44;По запросу;0;Под заказ
Клапан регулирующий трехходовой фланцевый 27с647нж DN 65 PN 1,6 Мпа У1 с МИМ, корпус ст. 25Л;Клапаны регулирующие;27с647нж;Вода, воздух, пар, аммиак, нефть, жидкие нефтепродукты и углеводороды, масляные фракции и другие среды, в которых скорость коррозии материала корпуса не превышает 0,2мм в год;;От -40 до +425;От -40 до +40;У1;C;ОТК;12;70000;10000;12 месяцев со дня ввода в эксплуатацию, но не более 18 месяцев со дня отгрузки потребителю;Трехходовой;;Фланцевое;65;16;Углеродистая сталь;72;По запросу;0;Под заказ
Клапан регулирующий трехходовой фланцевый 27с647нж DN 80 PN 1,6 Мпа У1 с МИМ, корпус ст. 25Л;Клапаны регулирующие;27с647нж;Вода, воздух, пар, аммиак, нефть, жидкие нефтепродукты и углеводороды, масляные фракции и другие среды, в которых скорость коррозии материала корпуса не превышает 0,2мм в год;;От -40 до +425;От -40 до +40;У1;C;ОТК;12;70000;10000;12 месяцев со дня ввода в эксплуатацию, но не более 18 месяцев со дня отгрузки потребителю;Трехходовой;;Фланцевое;80;16;Углеродистая сталь;79;По запросу;0;Под заказ
Клапан регулирующий трехходовой фланцевый 27с647нж DN 100 PN 1,6 Мпа У1 с МИМ, корпус ст. 25Л;Клапаны регулирующие;27с647нж;Вода, воздух, пар, аммиак, нефть, жидкие нефтепродукты и углеводороды, масляные фракции и другие среды, в которых скорость коррозии материала корпуса не превышает 0,2мм в год;;От -40 до +425;От -40 до +40;У1;C;ОТК;12;70000;10000;12 месяцев со дня ввода в эксплуатацию, но не более 18 месяцев со дня отгрузки потребителю;Трехходовой;;Фланцевое;100;16;Углеродистая сталь;86;По запросу;0;Под заказ
Клапан регулирующий смесительный трехходовой фланцевый 27нж647нж DN 15 PN 1,6 Мпа УХЛ1 с МИМ, корпус ст. 12Х18Н9ТЛ;Клапаны регулирующие;27нж647нж;Вода, воздух, пар, аммиак, нефть, жидкие нефтепродукты и углеводороды, масляные фракции и другие среды, в которых скорость коррозии материала корпуса не превышает 0,2мм в год;;От -60 до +560;От -50 до +40;УХЛ1;C;ОТК;12;70000;10000;12 месяцев со дня ввода в эксплуатацию, но не более 18 месяцев со дня отгрузки потребителю;Трехходовой;;Фланцевое;15;16;Коррозионностойкая сталь;23;По запросу;0;Под заказ
Клапан регулирующий смесительный трехходовой фланцевый 27нж647нж DN 20 PN 1,6 Мпа УХЛ1 с МИМ, корпус ст. 12Х18Н9ТЛ;Клапаны регулирующие;27нж647нж;Вода, воздух, пар, аммиак, нефть, жидкие нефтепродукты и углеводороды, масляные фракции и другие среды, в которых скорость коррозии материала корпуса не превышает 0,2мм в год;;От -60 до +560;От -50 до +40;УХЛ1;C;ОТК;12;70000;10000;12 месяцев со дня ввода в эксплуатацию, но не более 18 месяцев со дня отгрузки потребителю;Трехходовой;;Фланцевое;20;16;Коррозионностойкая сталь;25;По запросу;0;Под заказ
Клапан регулирующий смесительный трехходовой фланцевый 27нж647нж DN 25 PN 1,6 Мпа УХЛ1 с МИМ, корпус ст. 12Х18Н9ТЛ;Клапаны регулирующие;27нж647нж;Вода, воздух, пар, аммиак, нефть, жидкие нефтепродукты и углеводороды, масляные фракции и другие среды, в которых скорость коррозии материала корпуса не превышает 0,2мм в год;;От -60 до +560;От -50 до +40;УХЛ1;C;ОТК;12;70000;10000;12 месяцев со дня ввода в эксплуатацию, но не более 18 месяцев со дня отгрузки потребителю;Трехходовой;;Фланцевое;25;16;Коррозионностойкая сталь;27;По запросу;0;Под заказ
Клапан регулирующий смесительный трехходовой фланцевый 27нж647нж DN 32 PN 1,6 Мпа УХЛ1 с МИМ, корпус ст. 12Х18Н9ТЛ;Клапаны регулирующие;27нж647нж;Вода, воздух, пар, аммиак, нефть, жидкие нефтепродукты и углеводороды, масляные фракции и другие среды, в которых скорость коррозии материала корпуса не превышает 0,2мм в год;;От -60 до +560;От -50 до +40;УХЛ1;C;ОТК;12;70000;10000;12 месяцев со дня ввода в эксплуатацию, но не более 18 месяцев со дня отгрузки потребителю;Трехходовой;;Фланцевое;32;16;Коррозионностойкая сталь;33;По запросу;0;Под заказ
Клапан регулирующий смесительный трехходовой фланцевый 27нж647нж DN 40 PN 1,6 Мпа УХЛ1 с МИМ, корпус ст. 12Х18Н9ТЛ;Клапаны регулирующие;27нж647нж;Вода, воздух, пар, аммиак, нефть, жидкие нефтепродукты и углеводороды, масляные фракции и другие среды, в которых скорость коррозии материала корпуса не превышает 0,2мм в год;;От -60 до +560;От -50 до +40;УХЛ1;C;ОТК;12;70000;10000;12 месяцев со дня ввода в эксплуатацию, но не более 18 месяцев со дня отгрузки потребителю;Трехходовой;;Фланцевое;40;16;Коррозионностойкая сталь;39;По запросу;0;Под заказ
Клапан регулирующий смесительный трехходовой фланцевый 27нж647нж DN 50 PN 1,6 Мпа УХЛ1 с МИМ, корпус ст. 12Х18Н9ТЛ;Клапаны регулирующие;27нж647нж;Вода, воздух, пар, аммиак, нефть, жидкие нефтепродукты и углеводороды, масляные фракции и другие среды, в которых скорость коррозии материала корпуса не превышает 0,2мм в год;;От -60 до +560;От -50 до +40;УХЛ1;C;ОТК;12;70000;10000;12 месяцев со дня ввода в эксплуатацию, но не более 18 месяцев со дня отгрузки потребителю;Трехходовой;;Фланцевое;50;16;Коррозионностойкая сталь;44;По запросу;0;Под заказ
Клапан регулирующий смесительный трехходовой фланцевый 27нж647нж DN 65 PN 1,6 Мпа УХЛ1 с МИМ, корпус ст. 12Х18Н9ТЛ;Клапаны регулирующие;27нж647нж;Вода, воздух, пар, аммиак, нефть, жидкие нефтепродукты и углеводороды, масляные фракции и другие среды, в которых скорость коррозии материала корпуса не превышает 0,2мм в год;;От -60 до +560;От -50 до +40;УХЛ1;C;ОТК;12;70000;10000;12 месяцев со дня ввода в эксплуатацию, но не более 18 месяцев со дня отгрузки потребителю;Трехходовой;;Фланцевое;65;16;Коррозионностойкая сталь;72;По запросу;0;Под заказ
Клапан регулирующий смесительный трехходовой фланцевый 27нж647нж DN 80 PN 1,6 Мпа УХЛ1 с МИМ, корпус ст. 12Х18Н9ТЛ;Клапаны регулирующие;27нж647нж;Вода, воздух, пар, аммиак, нефть, жидкие нефтепродукты и углеводороды, масляные фракции и другие среды, в которых скорость коррозии материала корпуса не превышает 0,2мм в год;;От -60 до +560;От -50 до +40;УХЛ1;C;ОТК;12;70000;10000;12 месяцев со дня ввода в эксплуатацию, но не более 18 месяцев со дня отгрузки потребителю;Трехходовой;;Фланцевое;80;16;Коррозионностойкая сталь;79;По запросу;0;Под заказ
Клапан регулирующий смесительный трехходовой фланцевый 27нж647нж DN 100 PN 1,6 Мпа УХЛ1 с МИМ, корпус ст. 12Х18Н9ТЛ;Клапаны регулирующие;27нж647нж;Вода, воздух, пар, аммиак, нефть, жидкие нефтепродукты и углеводороды, масляные фракции и другие среды, в которых скорость коррозии материала корпуса не превышает 0,2мм в год;;От -60 до +560;От -50 до +40;УХЛ1;C;ОТК;12;70000;10000;12 месяцев со дня ввода в эксплуатацию, но не более 18 месяцев со дня отгрузки потребителю;Трехходовой;;Фланцевое;100;16;Коррозионностойкая сталь;86;По запросу;0;Под заказ
Клапан регулирующий трехходовой фланцевый 23с647нж DN 15 PN 1,6 Мпа У1 с МИМ, корпус ст. 25Л;Клапаны регулирующие;23с647нж;Вода, воздух, пар, аммиак, нефть, жидкие нефтепродукты и углеводороды, масляные фракции и другие среды, в которых скорость коррозии материала корпуса не превышает 0,2мм в год;;От -40 до +425;От -40 до +40;У1;C;ОТК;12;70000;10000;12 месяцев со дня ввода в эксплуатацию, но не более 18 месяцев со дня отгрузки потребителю;Трехходовой;;Фланцевое;15;16;Углеродистая сталь;23;По запросу;0;Под заказ
Клапан регулирующий трехходовой фланцевый 23с647нж DN 20 PN 1,6 Мпа У1 с МИМ, корпус ст. 25Л;Клапаны регулирующие;23с647нж;Вода, воздух, пар, аммиак, нефть, жидкие нефтепродукты и углеводороды, масляные фракции и другие среды, в которых скорость коррозии материала корпуса не превышает 0,2мм в год;;От -40 до +425;От -40 до +40;У1;C;ОТК;12;70000;10000;12 месяцев со дня ввода в эксплуатацию, но не более 18 месяцев со дня отгрузки потребителю;Трехходовой;;Фланцевое;20;16;Углеродистая сталь;25;По запросу;0;Под заказ
Клапан регулирующий трехходовой фланцевый 23с647нж DN 25 PN 1,6 Мпа У1 с МИМ, корпус ст. 25Л;Клапаны регулирующие;23с647нж;Вода, воздух, пар, аммиак, нефть, жидкие нефтепродукты и углеводороды, масляные фракции и другие среды, в которых скорость коррозии материала корпуса не превышает 0,2мм в год;;От -40 до +425;От -40 до +40;У1;C;ОТК;12;70000;10000;12 месяцев со дня ввода в эксплуатацию, но не более 18 месяцев со дня отгрузки потребителю;Трехходовой;;Фланцевое;25;16;Углеродистая сталь;27;По запросу;0;Под заказ
Клапан регулирующий трехходовой фланцевый 23с647нж DN 32 PN 1,6 Мпа У1 с МИМ, корпус ст. 25Л;Клапаны регулирующие;23с647нж;Вода, воздух, пар, аммиак, нефть, жидкие нефтепродукты и углеводороды, масляные фракции и другие среды, в которых скорость коррозии материала корпуса не превышает 0,2мм в год;;От -40 до +425;От -40 до +40;У1;C;ОТК;12;70000;10000;12 месяцев со дня ввода в эксплуатацию, но не более 18 месяцев со дня отгрузки потребителю;Трехходовой;;Фланцевое;32;16;Углеродистая сталь;33;По запросу;0;Под заказ
Клапан регулирующий трехходовой фланцевый 23с647нж DN 40 PN 1,6 Мпа У1 с МИМ, корпус ст. 25Л;Клапаны регулирующие;23с647нж;Вода, воздух, пар, аммиак, нефть, жидкие нефтепродукты и углеводороды, масляные фракции и другие среды, в которых скорость коррозии материала корпуса не превышает 0,2мм в год;;От -40 до +425;От -40 до +40;У1;C;ОТК;12;70000;10000;12 месяцев со дня ввода в эксплуатацию, но не более 18 месяцев со дня отгрузки потребителю;Трехходовой;;Фланцевое;40;16;Углеродистая сталь;39;По запросу;0;Под заказ
Клапан регулирующий трехходовой фланцевый 23с647нж DN 50 PN 1,6 Мпа У1 с МИМ, корпус ст. 25Л;Клапаны регулирующие;23с647нж;Вода, воздух, пар, аммиак, нефть, жидкие нефтепродукты и углеводороды, масляные фракции и другие среды, в которых скорость коррозии материала корпуса не превышает 0,2мм в год;;От -40 до +425;От -40 до +40;У1;C;ОТК;12;70000;10000;12 месяцев со дня ввода в эксплуатацию, но не более 18 месяцев со дня отгрузки потребителю;Трехходовой;;Фланцевое;50;16;Углеродистая сталь;44;По запросу;0;Под заказ
Клапан регулирующий трехходовой фланцевый 23с647нж DN 65 PN 1,6 Мпа У1 с МИМ, корпус ст. 25Л;Клапаны регулирующие;23с647нж;Вода, воздух, пар, аммиак, нефть, жидкие нефтепродукты и углеводороды, масляные фракции и другие среды, в которых скорость коррозии материала корпуса не превышает 0,2мм в год;;От -40 до +425;От -40 до +40;У1;C;ОТК;12;70000;10000;12 месяцев со дня ввода в эксплуатацию, но не более 18 месяцев со дня отгрузки потребителю;Трехходовой;;Фланцевое;65;16;Углеродистая сталь;72;По запросу;0;Под заказ
Клапан регулирующий трехходовой фланцевый 23с647нж DN 80 PN 1,6 Мпа У1 с МИМ, корпус ст. 25Л;Клапаны регулирующие;23с647нж;Вода, воздух, пар, аммиак, нефть, жидкие нефтепродукты и углеводороды, масляные фракции и другие среды, в которых скорость коррозии материала корпуса не превышает 0,2мм в год;;От -40 до +425;От -40 до +40;У1;C;ОТК;12;70000;10000;12 месяцев со дня ввода в эксплуатацию, но не более 18 месяцев со дня отгрузки потребителю;Трехходовой;;Фланцевое;80;16;Углеродистая сталь;79;По запросу;0;Под заказ
Клапан регулирующий трехходовой фланцевый 23с647нж DN 100 PN 1,6 Мпа У1 с МИМ, корпус ст. 25Л;Клапаны регулирующие;23с647нж;Вода, воздух, пар, аммиак, нефть, жидкие нефтепродукты и углеводороды, масляные фракции и другие среды, в которых скорость коррозии материала корпуса не превышает 0,2мм в год;;От -40 до +425;От -40 до +40;У1;C;ОТК;12;70000;10000;12 месяцев со дня ввода в эксплуатацию, но не более 18 месяцев со дня отгрузки потребителю;Трехходовой;;Фланцевое;100;16;Углеродистая сталь;86;По запросу;0;Под заказ
Клапан регулирующий трехходовой фланцевый 23нж647нж DN 15 PN 1,6 Мпа УХЛ1 с МИМ,, корпус ст. 12Х18Н9ТЛ ;Клапаны регулирующие;23нж647нж;Вода, воздух, пар, аммиак, нефть, жидкие нефтепродукты и углеводороды, масляные фракции и другие среды, в которых скорость коррозии материала корпуса не превышает 0,2мм в год;;От -60 до +560;От -50 до +40;УХЛ1;C;ОТК;12;70000;10000;12 месяцев со дня ввода в эксплуатацию, но не более 18 месяцев со дня отгрузки потребителю;Трехходовой;;Фланцевое;15;16;Коррозионностойкая сталь;23;По запросу;0;Под заказ
Клапан регулирующий трехходовой фланцевый 23нж647нж DN 20 PN 1,6 Мпа УХЛ1 с МИМ,, корпус ст. 12Х18Н9ТЛ ;Клапаны регулирующие;23нж647нж;Вода, воздух, пар, аммиак, нефть, жидкие нефтепродукты и углеводороды, масляные фракции и другие среды, в которых скорость коррозии материала корпуса не превышает 0,2мм в год;;От -60 до +560;От -50 до +40;УХЛ1;C;ОТК;12;70000;10000;12 месяцев со дня ввода в эксплуатацию, но не более 18 месяцев со дня отгрузки потребителю;Трехходовой;;Фланцевое;20;16;Коррозионностойкая сталь;25;По запросу;0;Под заказ
Клапан регулирующий трехходовой фланцевый 23нж647нж DN 25 PN 1,6 Мпа УХЛ1 с МИМ,, корпус ст. 12Х18Н9ТЛ ;Клапаны регулирующие;23нж647нж;Вода, воздух, пар, аммиак, нефть, жидкие нефтепродукты и углеводороды, масляные фракции и другие среды, в которых скорость коррозии материала корпуса не превышает 0,2мм в год;;От -60 до +560;От -50 до +40;УХЛ1;C;ОТК;12;70000;10000;12 месяцев со дня ввода в эксплуатацию, но не более 18 месяцев со дня отгрузки потребителю;Трехходовой;;Фланцевое;25;16;Коррозионностойкая сталь;27;По запросу;0;Под заказ
Клапан регулирующий трехходовой фланцевый 23нж647нж DN 32 PN 1,6 Мпа УХЛ1 с МИМ,, корпус ст. 12Х18Н9ТЛ ;Клапаны регулирующие;23нж647нж;Вода, воздух, пар, аммиак, нефть, жидкие нефтепродукты и углеводороды, масляные фракции и другие среды, в которых скорость коррозии материала корпуса не превышает 0,2мм в год;;От -60 до +560;От -50 до +40;УХЛ1;C;ОТК;12;70000;10000;12 месяцев со дня ввода в эксплуатацию, но не более 18 месяцев со дня отгрузки потребителю;Трехходовой;;Фланцевое;32;16;Коррозионностойкая сталь;33;По запросу;0;Под заказ
Клапан регулирующий трехходовой фланцевый 23нж647нж DN 40 PN 1,6 Мпа УХЛ1 с МИМ,, корпус ст. 12Х18Н9ТЛ ;Клапаны регулирующие;23нж647нж;Вода, воздух, пар, аммиак, нефть, жидкие нефтепродукты и углеводороды, масляные фракции и другие среды, в которых скорость коррозии материала корпуса не превышает 0,2мм в год;;От -60 до +560;От -50 до +40;УХЛ1;C;ОТК;12;70000;10000;12 месяцев со дня ввода в эксплуатацию, но не более 18 месяцев со дня отгрузки потребителю;Трехходовой;;Фланцевое;40;16;Коррозионностойкая сталь;39;По запросу;0;Под заказ
Клапан регулирующий трехходовой фланцевый 23нж647нж DN 50 PN 1,6 Мпа УХЛ1 с МИМ,, корпус ст. 12Х18Н9ТЛ ;Клапаны регулирующие;23нж647нж;Вода, воздух, пар, аммиак, нефть, жидкие нефтепродукты и углеводороды, масляные фракции и другие среды, в которых скорость коррозии материала корпуса не превышает 0,2мм в год;;От -60 до +560;От -50 до +40;УХЛ1;C;ОТК;12;70000;10000;12 месяцев со дня ввода в эксплуатацию, но не более 18 месяцев со дня отгрузки потребителю;Трехходовой;;Фланцевое;50;16;Коррозионностойкая сталь;44;По запросу;0;Под заказ
Клапан регулирующий трехходовой фланцевый 23нж647нж DN 65 PN 1,6 Мпа УХЛ1 с МИМ,, корпус ст. 12Х18Н9ТЛ ;Клапаны регулирующие;23нж647нж;Вода, воздух, пар, аммиак, нефть, жидкие нефтепродукты и углеводороды, масляные фракции и другие среды, в которых скорость коррозии материала корпуса не превышает 0,2мм в год;;От -60 до +560;От -50 до +40;УХЛ1;C;ОТК;12;70000;10000;12 месяцев со дня ввода в эксплуатацию, но не более 18 месяцев со дня отгрузки потребителю;Трехходовой;;Фланцевое;65;16;Коррозионностойкая сталь;72;По запросу;0;Под заказ
Клапан регулирующий трехходовой фланцевый 23нж647нж DN 80 PN 1,6 Мпа УХЛ1 с МИМ,, корпус ст. 12Х18Н9ТЛ ;Клапаны регулирующие;23нж647нж;Вода, воздух, пар, аммиак, нефть, жидкие нефтепродукты и углеводороды, масляные фракции и другие среды, в которых скорость коррозии материала корпуса не превышает 0,2мм в год;;От -60 до +560;От -50 до +40;УХЛ1;C;ОТК;12;70000;10000;12 месяцев со дня ввода в эксплуатацию, но не более 18 месяцев со дня отгрузки потребителю;Трехходовой;;Фланцевое;80;16;Коррозионностойкая сталь;79;По запросу;0;Под заказ
Клапан регулирующий трехходовой фланцевый 23нж647нж DN 100 PN 1,6 Мпа УХЛ1 с МИМ,, корпус ст. 12Х18Н9ТЛ ;Клапаны регулирующие;23нж647нж;Вода, воздух, пар, аммиак, нефть, жидкие нефтепродукты и углеводороды, масляные фракции и другие среды, в которых скорость коррозии материала корпуса не превышает 0,2мм в год;;От -60 до +560;От -50 до +40;УХЛ1;C;ОТК;12;70000;10000;12 месяцев со дня ввода в эксплуатацию, но не более 18 месяцев со дня отгрузки потребителю;Трехходовой;;Фланцевое;100;16;Коррозионностойкая сталь;86;По запросу;0;Под заказ
Клапан регулирующий двухседельный фланцевый 25с998нж DN 25 PN 6,3 Мпа У1 с ЭИМ, корпус ст. 25Л;Клапаны регулирующие;25с998нж;Вода, воздух, пар, аммиак, нефть, жидкие нефтепродукты и углеводороды, масляные фракции и другие среды, в которых скорость коррозии материала корпуса не превышает 0,2мм в год;;От -40 до +425;От -40 до +40;У1;C;ОТК;12;70000;10000;12 месяцев со дня ввода в эксплуатацию, но не более 18 месяцев со дня отгрузки потребителю;Двухседельный;;Фланцевое;25;63;Углеродистая сталь;36;По запросу;70510;Под заказ
Клапан регулирующий двухседельный фланцевый 25с998нж DN 40 PN 6,3 Мпа У1 с ЭИМ, корпус ст. 25Л;Клапаны регулирующие;25с998нж;Вода, воздух, пар, аммиак, нефть, жидкие нефтепродукты и углеводороды, масляные фракции и другие среды, в которых скорость коррозии материала корпуса не превышает 0,2мм в год;;От -40 до +425;От -40 до +40;У1;C;ОТК;12;70000;10000;12 месяцев со дня ввода в эксплуатацию, но не более 18 месяцев со дня отгрузки потребителю;Двухседельный;;Фланцевое;40;63;Углеродистая сталь;46;По запросу;90640;Под заказ
Клапан регулирующий двухседельный фланцевый 25с998нж DN 50 PN 6,3 Мпа У1 с ЭИМ, корпус ст. 25Л;Клапаны регулирующие;25с998нж;Вода, воздух, пар, аммиак, нефть, жидкие нефтепродукты и углеводороды, масляные фракции и другие среды, в которых скорость коррозии материала корпуса не превышает 0,2мм в год;;От -40 до +425;От -40 до +40;У1;C;ОТК;12;70000;10000;12 месяцев со дня ввода в эксплуатацию, но не более 18 месяцев со дня отгрузки потребителю;Двухседельный;;Фланцевое;50;63;Углеродистая сталь;51;По запросу;97790;Под заказ
Клапан регулирующий двухседельный фланцевый 25с998нж DN 80 PN 6,3 Мпа У1 с ЭИМ, корпус ст. 25Л;Клапаны регулирующие;25с998нж;Вода, воздух, пар, аммиак, нефть, жидкие нефтепродукты и углеводороды, масляные фракции и другие среды, в которых скорость коррозии материала корпуса не превышает 0,2мм в год;;От -40 до +425;От -40 до +40;У1;C;ОТК;12;70000;10000;12 месяцев со дня ввода в эксплуатацию, но не более 18 месяцев со дня отгрузки потребителю;Двухседельный;;Фланцевое;80;63;Углеродистая сталь;71;По запросу;116490;Под заказ
Клапан регулирующий двухседельный фланцевый 25с998нж DN 100 PN 6,3 Мпа У1 с ЭИМ, корпус ст. 25Л;Клапаны регулирующие;25с998нж;Вода, воздух, пар, аммиак, нефть, жидкие нефтепродукты и углеводороды, масляные фракции и другие среды, в которых скорость коррозии материала корпуса не превышает 0,2мм в год;;От -40 до +425;От -40 до +40;У1;C;ОТК;12;70000;10000;12 месяцев со дня ввода в эксплуатацию, но не более 18 месяцев со дня отгрузки потребителю;Двухседельный;;Фланцевое;100;63;Углеродистая сталь;134;По запросу;163900;Под заказ
Клапан регулирующий двухседельный фланцевый 25нж998нж DN 25 PN 6,3 Мпа УХЛ1 с ЭИМ, корпус ст. 12Х18Н9ТЛ;Клапаны регулирующие;25нж998нж;Вода, воздух, пар, аммиак, нефть, жидкие нефтепродукты и углеводороды, масляные фракции и другие среды, в которых скорость коррозии материала корпуса не превышает 0,2мм в год;;От -60 до +560;От -50 до +40;УХЛ1;C;ОТК;12;70000;10000;12 месяцев со дня ввода в эксплуатацию, но не более 18 месяцев со дня отгрузки потребителю;Двухседельный;;Фланцевое;25;63;Коррозионностойкая сталь;36;По запросу;113630;Под заказ
Клапан регулирующий двухседельный фланцевый 25нж998нж DN 40 PN 6,3 Мпа УХЛ1 с ЭИМ, корпус ст. 12Х18Н9ТЛ;Клапаны регулирующие;25нж998нж;Вода, воздух, пар, аммиак, нефть, жидкие нефтепродукты и углеводороды, масляные фракции и другие среды, в которых скорость коррозии материала корпуса не превышает 0,2мм в год;;От -60 до +560;От -50 до +40;УХЛ1;C;ОТК;12;70000;10000;12 месяцев со дня ввода в эксплуатацию, но не более 18 месяцев со дня отгрузки потребителю;Двухседельный;;Фланцевое;40;63;Коррозионностойкая сталь;46;По запросу;146630;Под заказ
Клапан регулирующий двухседельный фланцевый 25нж998нж DN 50 PN 6,3 Мпа УХЛ1 с ЭИМ, корпус ст. 12Х18Н9ТЛ;Клапаны регулирующие;25нж998нж;Вода, воздух, пар, аммиак, нефть, жидкие нефтепродукты и углеводороды, масляные фракции и другие среды, в которых скорость коррозии материала корпуса не превышает 0,2мм в год;;От -60 до +560;От -50 до +40;УХЛ1;C;ОТК;12;70000;10000;12 месяцев со дня ввода в эксплуатацию, но не более 18 месяцев со дня отгрузки потребителю;Двухседельный;;Фланцевое;50;63;Коррозионностойкая сталь;51;По запросу;165330;Под заказ
Клапан регулирующий двухседельный фланцевый 25нж998нж DN 80 PN 6,3 Мпа УХЛ1 с ЭИМ, корпус ст. 12Х18Н9ТЛ;Клапаны регулирующие;25нж998нж;Вода, воздух, пар, аммиак, нефть, жидкие нефтепродукты и углеводороды, масляные фракции и другие среды, в которых скорость коррозии материала корпуса не превышает 0,2мм в год;;От -60 до +560;От -50 до +40;УХЛ1;C;ОТК;12;70000;10000;12 месяцев со дня ввода в эксплуатацию, но не более 18 месяцев со дня отгрузки потребителю;Двухседельный;;Фланцевое;80;63;Коррозионностойкая сталь;71;По запросу;186890;Под заказ
Клапан регулирующий двухседельный фланцевый 25нж998нж DN 100 PN 6,3 Мпа УХЛ1 с ЭИМ, корпус ст. 12Х18Н9ТЛ;Клапаны регулирующие;25нж998нж;Вода, воздух, пар, аммиак, нефть, жидкие нефтепродукты и углеводороды, масляные фракции и другие среды, в которых скорость коррозии материала корпуса не превышает 0,2мм в год;;От -60 до +560;От -50 до +40;УХЛ1;C;ОТК;12;70000;10000;12 месяцев со дня ввода в эксплуатацию, но не более 18 месяцев со дня отгрузки потребителю;Двухседельный;;Фланцевое;100;63;Коррозионностойкая сталь;134;По запросу;283250;Под заказ
Клапан регулирующий односедельный фланцевый 25нж947нж DN 15 PN 1,6 Мпа УХЛ1 (Kvy - 4,0? м³/ч) с ЭИМ, корпус ст. 12Х18Н9ТЛ;Клапаны регулирующие;25нж947нж;Вода, воздух, пар, аммиак, нефть, жидкие нефтепродукты и углеводороды, масляные фракции и другие среды, в которых скорость коррозии материала корпуса не превышает 0,2мм в год;"0,1; 0,16; 0,25; 0,4; 0,6; 1,0; 1,6; 2,5; 3,2; 4,0";От -60 до +560;От -50 до +40;УХЛ1;С;ОТК;12;70000;10000;12 месяцев со дня ввода в эксплуатацию, но не более 18 месяцев со дня отгрузки потребителю;Односедельный;;Фланцевое;15;16;Коррозионностойкая сталь;10;По запросу;75360;Под заказ
Клапан регулирующий односедельный фланцевый 25нж947нж DN 20 PN 1,6 Мпа УХЛ1 (Kvy - 6,3? м³/ч) с ЭИМ, корпус ст. 12Х18Н9ТЛ;Клапаны регулирующие;25нж947нж;Вода, воздух, пар, аммиак, нефть, жидкие нефтепродукты и углеводороды, масляные фракции и другие среды, в которых скорость коррозии материала корпуса не превышает 0,2мм в год;"1,6; 2,5; 4,0; 6,3";От -60 до +560;От -50 до +40;УХЛ1;С;ОТК;12;70000;10000;12 месяцев со дня ввода в эксплуатацию, но не более 18 месяцев со дня отгрузки потребителю;Односедельный;;Фланцевое;20;16;Коррозионностойкая сталь;11;По запросу;77520;Под заказ
Клапан регулирующий односедельный фланцевый 25нж947нж DN 25 PN 1,6 Мпа УХЛ1 (Kvy - 16? м³/ч) с ЭИМ, корпус ст. 12Х18Н9ТЛ;Клапаны регулирующие;25нж947нж;Вода, воздух, пар, аммиак, нефть, жидкие нефтепродукты и углеводороды, масляные фракции и другие среды, в которых скорость коррозии материала корпуса не превышает 0,2мм в год;"1,6; 2,5; 4,0; 6,3; 10; 16";От -60 до +560;От -50 до +40;УХЛ1;С;ОТК;12;70000;10000;12 месяцев со дня ввода в эксплуатацию, но не более 18 месяцев со дня отгрузки потребителю;Односедельный;;Фланцевое;25;16;Коррозионностойкая сталь;12;По запросу;78480;Под заказ
Клапан регулирующий односедельный фланцевый 25нж947нж DN 32 PN 1,6 Мпа УХЛ1 (Kvy - 25? м³/ч) с ЭИМ, корпус ст. 12Х18Н9ТЛ;Клапаны регулирующие;25нж947нж;Вода, воздух, пар, аммиак, нефть, жидкие нефтепродукты и углеводороды, масляные фракции и другие среды, в которых скорость коррозии материала корпуса не превышает 0,2мм в год;"6,3; 10; 16; 25";От -60 до +560;От -50 до +40;УХЛ1;С;ОТК;12;70000;10000;12 месяцев со дня ввода в эксплуатацию, но не более 18 месяцев со дня отгрузки потребителю;Односедельный;;Фланцевое;32;16;Коррозионностойкая сталь;13;По запросу;83760;Под заказ
Клапан регулирующий односедельный фланцевый 25нж947нж DN 40 PN 1,6 Мпа УХЛ1 (Kvy - 40? м³/ч) с ЭИМ, корпус ст. 12Х18Н9ТЛ;Клапаны регулирующие;25нж947нж;Вода, воздух, пар, аммиак, нефть, жидкие нефтепродукты и углеводороды, масляные фракции и другие среды, в которых скорость коррозии материала корпуса не превышает 0,2мм в год;"10; 16; 25; 40";От -60 до +560;От -50 до +40;УХЛ1;С;ОТК;12;70000;10000;12 месяцев со дня ввода в эксплуатацию, но не более 18 месяцев со дня отгрузки потребителю;Односедельный;;Фланцевое;40;16;Коррозионностойкая сталь;18;По запросу;90600;Под заказ
Клапан регулирующий односедельный фланцевый 25нж947нж DN 50 PN 1,6 Мпа УХЛ1 (Kvy - 63? м³/ч) с ЭИМ, корпус ст. 12Х18Н9ТЛ;Клапаны регулирующие;25нж947нж;Вода, воздух, пар, аммиак, нефть, жидкие нефтепродукты и углеводороды, масляные фракции и другие среды, в которых скорость коррозии материала корпуса не превышает 0,2мм в год;"10; 16; 25; 40; 63";От -60 до +560;От -50 до +40;УХЛ1;С;ОТК;12;70000;10000;12 месяцев со дня ввода в эксплуатацию, но не более 18 месяцев со дня отгрузки потребителю;Односедельный;;Фланцевое;50;16;Коррозионностойкая сталь;20;По запросу;111360;Под заказ
Клапан регулирующий односедельный фланцевый 25нж947нж DN 65 PN 1,6 Мпа УХЛ1 (Kvy - 100? м³/ч) с ЭИМ, корпус ст. 12Х18Н9ТЛ;Клапаны регулирующие;25нж947нж;Вода, воздух, пар, аммиак, нефть, жидкие нефтепродукты и углеводороды, масляные фракции и другие среды, в которых скорость коррозии материала корпуса не превышает 0,2мм в год;"25; 40; 63; 100";От -60 до +560;От -50 до +40;УХЛ1;С;ОТК;12;70000;10000;12 месяцев со дня ввода в эксплуатацию, но не более 18 месяцев со дня отгрузки потребителю;Односедельный;;Фланцевое;65;16;Коррозионностойкая сталь;33;По запросу;126300;Под заказ
Клапан регулирующий односедельный фланцевый 25нж947нж DN 80 PN 1,6 Мпа УХЛ1 (Kvy - 160? м³/ч) с ЭИМ, корпус ст. 12Х18Н9ТЛ;Клапаны регулирующие;25нж947нж;Вода, воздух, пар, аммиак, нефть, жидкие нефтепродукты и углеводороды, масляные фракции и другие среды, в которых скорость коррозии материала корпуса не превышает 0,2мм в год;"40; 63; 100; 160";От -60 до +560;От -50 до +40;УХЛ1;С;ОТК;12;70000;10000;12 месяцев со дня ввода в эксплуатацию, но не более 18 месяцев со дня отгрузки потребителю;Односедельный;;Фланцевое;80;16;Коррозионностойкая сталь;36;По запросу;153600;Под заказ
Клапан регулирующий односедельный фланцевый 25нж947нж DN 100 PN 1,6 Мпа УХЛ1 (Kvy - 250? м³/ч) с ЭИМ, корпус ст. 12Х18Н9ТЛ;Клапаны регулирующие;25нж947нж;Вода, воздух, пар, аммиак, нефть, жидкие нефтепродукты и углеводороды, масляные фракции и другие среды, в которых скорость коррозии материала корпуса не превышает 0,2мм в год;"63; 100; 160; 250";От -60 до +560;От -50 до +40;УХЛ1;С;ОТК;12;70000;10000;12 месяцев со дня ввода в эксплуатацию, но не более 18 месяцев со дня отгрузки потребителю;Односедельный;;Фланцевое;100;16;Коррозионностойкая сталь;46;По запросу;178200;Под заказ
Клапан регулирующий односедельный фланцевый 25нж947нж DN 125 PN 1,6 Мпа УХЛ1 (Kvy - 320? м³/ч) с ЭИМ, корпус ст. 12Х18Н9ТЛ;Клапаны регулирующие;25нж947нж;Вода, воздух, пар, аммиак, нефть, жидкие нефтепродукты и углеводороды, масляные фракции и другие среды, в которых скорость коррозии материала корпуса не превышает 0,2мм в год;"100; 160; 250; 320";От -60 до +560;От -50 до +40;УХЛ1;С;ОТК;12;70000;10000;12 месяцев со дня ввода в эксплуатацию, но не более 18 месяцев со дня отгрузки потребителю;Односедельный;;Фланцевое;125;16;Коррозионностойкая сталь;85;По запросу;294960;Под заказ
Клапан регулирующий односедельный фланцевый 25нж947нж DN 150 PN 1,6 Мпа УХЛ1 (Kvy - 400? м³/ч) с ЭИМ, корпус ст. 12Х18Н9ТЛ;Клапаны регулирующие;25нж947нж;Вода, воздух, пар, аммиак, нефть, жидкие нефтепродукты и углеводороды, масляные фракции и другие среды, в которых скорость коррозии материала корпуса не превышает 0,2мм в год;"160; 250; 400";От -60 до +560;От -50 до +40;УХЛ1;С;ОТК;12;70000;10000;12 месяцев со дня ввода в эксплуатацию, но не более 18 месяцев со дня отгрузки потребителю;Односедельный;;Фланцевое;150;16;Коррозионностойкая сталь;102;По запросу;357600;Под заказ
Клапан регулирующий односедельный фланцевый 25нж947нж DN 200 PN 1,6 Мпа УХЛ1 (Kvy - 630? м³/ч) с ЭИМ, корпус ст. 12Х18Н9ТЛ;Клапаны регулирующие;25нж947нж;Вода, воздух, пар, аммиак, нефть, жидкие нефтепродукты и углеводороды, масляные фракции и другие среды, в которых скорость коррозии материала корпуса не превышает 0,2мм в год;"250; 400; 630";От -60 до +560;От -50 до +40;УХЛ1;С;ОТК;12;70000;10000;12 месяцев со дня ввода в эксплуатацию, но не более 18 месяцев со дня отгрузки потребителю;Односедельный;;Фланцевое;200;16;Коррозионностойкая сталь;140;По запросу;474000;Под заказ
Клапан регулирующий односедельный фланцевый 25нж947нж DN 250 PN 1,6 Мпа УХЛ1 (Kvy - ? м³/ч) с ЭИМ, корпус ст. 12Х18Н9ТЛ;Клапаны регулирующие;25нж947нж;Вода, воздух, пар, аммиак, нефть, жидкие нефтепродукты и углеводороды, масляные фракции и другие среды, в которых скорость коррозии материала корпуса не превышает 0,2мм в год;;От -60 до +560;От -50 до +40;УХЛ1;С;ОТК;12;70000;10000;12 месяцев со дня ввода в эксплуатацию, но не более 18 месяцев со дня отгрузки потребителю;Односедельный;;Фланцевое;250;25;Коррозионностойкая сталь;280;По запросу;0;Под заказ
Клапан регулирующий односедельный фланцевый 25нж947нж DN 300 PN 1,6 Мпа УХЛ1 (Kvy - ? м³/ч) с ЭИМ, корпус ст. 12Х18Н9ТЛ;Клапаны регулирующие;25нж947нж;Вода, воздух, пар, аммиак, нефть, жидкие нефтепродукты и углеводороды, масляные фракции и другие среды, в которых скорость коррозии материала корпуса не превышает 0,2мм в год;;От -60 до +560;От -50 до +40;УХЛ1;С;ОТК;12;70000;10000;12 месяцев со дня ввода в эксплуатацию, но не более 18 месяцев со дня отгрузки потребителю;Односедельный;;Фланцевое;300;25;Коррозионностойкая сталь;350;По запросу;0;Под заказ
Клапан регулирующий односедельный фланцевый 25нж947нж DN 15 PN 2,5 Мпа УХЛ1 (Kvy - 4,0? м³/ч) с ЭИМ, корпус ст. 12Х18Н9ТЛ;Клапаны регулирующие;25нж947нж;Вода, воздух, пар, аммиак, нефть, жидкие нефтепродукты и углеводороды, масляные фракции и другие среды, в которых скорость коррозии материала корпуса не превышает 0,2мм в год;"0,1; 0,16; 0,25; 0,4; 0,6; 1,0; 1,6; 2,5; 3,2; 4,0";От -60 до +560;От -50 до +40;УХЛ1;С;ОТК;12;70000;10000;12 месяцев со дня ввода в эксплуатацию, но не более 18 месяцев со дня отгрузки потребителю;Односедельный;;Фланцевое;15;25;Коррозионностойкая сталь;10;По запросу;75360;Под заказ
Клапан регулирующий односедельный фланцевый 25нж947нж DN 20 PN 2,5 Мпа УХЛ1 (Kvy - 6,3? м³/ч) с ЭИМ, корпус ст. 12Х18Н9ТЛ;Клапаны регулирующие;25нж947нж;Вода, воздух, пар, аммиак, нефть, жидкие нефтепродукты и углеводороды, масляные фракции и другие среды, в которых скорость коррозии материала корпуса не превышает 0,2мм в год;"1,6; 2,5; 4,0; 6,3";От -60 до +560;От -50 до +40;УХЛ1;С;ОТК;12;70000;10000;12 месяцев со дня ввода в эксплуатацию, но не более 18 месяцев со дня отгрузки потребителю;Односедельный;;Фланцевое;20;25;Коррозионностойкая сталь;11;По запросу;77520;Под заказ
Клапан регулирующий односедельный фланцевый 25нж947нж DN 25 PN 2,5 Мпа УХЛ1 (Kvy - 16? м³/ч) с ЭИМ, корпус ст. 12Х18Н9ТЛ;Клапаны регулирующие;25нж947нж;Вода, воздух, пар, аммиак, нефть, жидкие нефтепродукты и углеводороды, масляные фракции и другие среды, в которых скорость коррозии материала корпуса не превышает 0,2мм в год;"1,6; 2,5; 4,0; 6,3; 10; 16";От -60 до +560;От -50 до +40;УХЛ1;С;ОТК;12;70000;10000;12 месяцев со дня ввода в эксплуатацию, но не более 18 месяцев со дня отгрузки потребителю;Односедельный;;Фланцевое;25;25;Коррозионностойкая сталь;12;По запросу;78480;Под заказ
Клапан регулирующий односедельный фланцевый 25нж947нж DN 32 PN 2,5 Мпа УХЛ1 (Kvy - 25? м³/ч) с ЭИМ, корпус ст. 12Х18Н9ТЛ;Клапаны регулирующие;25нж947нж;Вода, воздух, пар, аммиак, нефть, жидкие нефтепродукты и углеводороды, масляные фракции и другие среды, в которых скорость коррозии материала корпуса не превышает 0,2мм в год;"6,3; 10; 16; 25";От -60 до +560;От -50 до +40;УХЛ1;С;ОТК;12;70000;10000;12 месяцев со дня ввода в эксплуатацию, но не более 18 месяцев со дня отгрузки потребителю;Односедельный;;Фланцевое;32;25;Коррозионностойкая сталь;13;По запросу;83760;Под заказ
Клапан регулирующий односедельный фланцевый 25нж947нж DN 40 PN 2,5 Мпа УХЛ1 (Kvy - 40? м³/ч) с ЭИМ, корпус ст. 12Х18Н9ТЛ;Клапаны регулирующие;25нж947нж;Вода, воздух, пар, аммиак, нефть, жидкие нефтепродукты и углеводороды, масляные фракции и другие среды, в которых скорость коррозии материала корпуса не превышает 0,2мм в год;"10; 16; 25; 40";От -60 до +560;От -50 до +40;УХЛ1;С;ОТК;12;70000;10000;12 месяцев со дня ввода в эксплуатацию, но не более 18 месяцев со дня отгрузки потребителю;Односедельный;;Фланцевое;40;25;Коррозионностойкая сталь;18;По запросу;90600;Под заказ
Клапан регулирующий односедельный фланцевый 25нж947нж DN 50 PN 2,5 Мпа УХЛ1 (Kvy - 63? м³/ч) с ЭИМ, корпус ст. 12Х18Н9ТЛ;Клапаны регулирующие;25нж947нж;Вода, воздух, пар, аммиак, нефть, жидкие нефтепродукты и углеводороды, масляные фракции и другие среды, в которых скорость коррозии материала корпуса не превышает 0,2мм в год;"10; 16; 25; 40; 63";От -60 до +560;От -50 до +40;УХЛ1;С;ОТК;12;70000;10000;12 месяцев со дня ввода в эксплуатацию, но не более 18 месяцев со дня отгрузки потребителю;Односедельный;;Фланцевое;50;25;Коррозионностойкая сталь;20;По запросу;111360;Под заказ
Клапан регулирующий односедельный фланцевый 25нж947нж DN 65 PN 2,5 Мпа УХЛ1 (Kvy - 100? м³/ч) с ЭИМ, корпус ст. 12Х18Н9ТЛ;Клапаны регулирующие;25нж947нж;Вода, воздух, пар, аммиак, нефть, жидкие нефтепродукты и углеводороды, масляные фракции и другие среды, в которых скорость коррозии материала корпуса не превышает 0,2мм в год;"25; 40; 63; 100";От -60 до +560;От -50 до +40;УХЛ1;С;ОТК;12;70000;10000;12 месяцев со дня ввода в эксплуатацию, но не более 18 месяцев со дня отгрузки потребителю;Односедельный;;Фланцевое;65;25;Коррозионностойкая сталь;33;По запросу;126300;Под заказ
Клапан регулирующий односедельный фланцевый 25нж947нж DN 80 PN 2,5 Мпа УХЛ1 (Kvy - 160? м³/ч) с ЭИМ, корпус ст. 12Х18Н9ТЛ;Клапаны регулирующие;25нж947нж;Вода, воздух, пар, аммиак, нефть, жидкие нефтепродукты и углеводороды, масляные фракции и другие среды, в которых скорость коррозии материала корпуса не превышает 0,2мм в год;"40; 63; 100; 160";От -60 до +560;От -50 до +40;УХЛ1;С;ОТК;12;70000;10000;12 месяцев со дня ввода в эксплуатацию, но не более 18 месяцев со дня отгрузки потребителю;Односедельный;;Фланцевое;80;25;Коррозионностойкая сталь;36;По запросу;153600;Под заказ
Клапан регулирующий односедельный фланцевый 25нж947нж DN 100 PN 2,5 Мпа УХЛ1 (Kvy - 250? м³/ч) с ЭИМ, корпус ст. 12Х18Н9ТЛ;Клапаны регулирующие;25нж947нж;Вода, воздух, пар, аммиак, нефть, жидкие нефтепродукты и углеводороды, масляные фракции и другие среды, в которых скорость коррозии материала корпуса не превышает 0,2мм в год;"63; 100; 160; 250";От -60 до +560;От -50 до +40;УХЛ1;С;ОТК;12;70000;10000;12 месяцев со дня ввода в эксплуатацию, но не более 18 месяцев со дня отгрузки потребителю;Односедельный;;Фланцевое;100;25;Коррозионностойкая сталь;46;По запросу;178200;Под заказ
Клапан регулирующий односедельный фланцевый 25нж947нж DN 125 PN 2,5 Мпа УХЛ1 (Kvy - 320? м³/ч) с ЭИМ, корпус ст. 12Х18Н9ТЛ;Клапаны регулирующие;25нж947нж;Вода, воздух, пар, аммиак, нефть, жидкие нефтепродукты и углеводороды, масляные фракции и другие среды, в которых скорость коррозии материала корпуса не превышает 0,2мм в год;"100; 160; 250; 320";От -60 до +560;От -50 до +40;УХЛ1;С;ОТК;12;70000;10000;12 месяцев со дня ввода в эксплуатацию, но не более 18 месяцев со дня отгрузки потребителю;Односедельный;;Фланцевое;125;25;Коррозионностойкая сталь;85;По запросу;294960;Под заказ
Клапан регулирующий односедельный фланцевый 25нж947нж DN 150 PN 2,5 Мпа УХЛ1 (Kvy - 400? м³/ч) с ЭИМ, корпус ст. 12Х18Н9ТЛ;Клапаны регулирующие;25нж947нж;Вода, воздух, пар, аммиак, нефть, жидкие нефтепродукты и углеводороды, масляные фракции и другие среды, в которых скорость коррозии материала корпуса не превышает 0,2мм в год;"160; 250; 400";От -60 до +560;От -50 до +40;УХЛ1;С;ОТК;12;70000;10000;12 месяцев со дня ввода в эксплуатацию, но не более 18 месяцев со дня отгрузки потребителю;Односедельный;;Фланцевое;150;25;Коррозионностойкая сталь;102;По запросу;357600;Под заказ
Клапан регулирующий односедельный фланцевый 25нж947нж DN 200 PN 2,5 Мпа УХЛ1 (Kvy - 630? м³/ч) с ЭИМ, корпус ст. 12Х18Н9ТЛ;Клапаны регулирующие;25нж947нж;Вода, воздух, пар, аммиак, нефть, жидкие нефтепродукты и углеводороды, масляные фракции и другие среды, в которых скорость коррозии материала корпуса не превышает 0,2мм в год;"250; 400; 630";От -60 до +560;От -50 до +40;УХЛ1;С;ОТК;12;70000;10000;12 месяцев со дня ввода в эксплуатацию, но не более 18 месяцев со дня отгрузки потребителю;Односедельный;;Фланцевое;200;25;Коррозионностойкая сталь;140;По запросу;474000;Под заказ
Клапан регулирующий односедельный фланцевый 25нж947нж DN 15 PN 4,0 Мпа УХЛ1 (Kvy - 4,0? м³/ч) с ЭИМ, корпус ст. 12Х18Н9ТЛ;Клапаны регулирующие;25нж947нж;Вода, воздух, пар, аммиак, нефть, жидкие нефтепродукты и углеводороды, масляные фракции и другие среды, в которых скорость коррозии материала корпуса не превышает 0,2мм в год;"0,1; 0,16; 0,25; 0,4; 0,6; 1,0; 1,6; 2,5; 3,2; 4,0";От -60 до +560;От -50 до +40;УХЛ1;С;ОТК;12;70000;10000;12 месяцев со дня ввода в эксплуатацию, но не более 18 месяцев со дня отгрузки потребителю;Односедельный;;Фланцевое;15;40;Коррозионностойкая сталь;10;По запросу;75360;Под заказ
Клапан регулирующий односедельный фланцевый 25нж947нж DN 20 PN 4,0 Мпа УХЛ1 (Kvy - 6,3? м³/ч) с ЭИМ, корпус ст. 12Х18Н9ТЛ;Клапаны регулирующие;25нж947нж;Вода, воздух, пар, аммиак, нефть, жидкие нефтепродукты и углеводороды, масляные фракции и другие среды, в которых скорость коррозии материала корпуса не превышает 0,2мм в год;"1,6; 2,5; 4,0; 6,3";От -60 до +560;От -50 до +40;УХЛ1;С;ОТК;12;70000;10000;12 месяцев со дня ввода в эксплуатацию, но не более 18 месяцев со дня отгрузки потребителю;Односедельный;;Фланцевое;20;40;Коррозионностойкая сталь;11;По запросу;77520;Под заказ
Клапан регулирующий односедельный фланцевый 25нж947нж DN 25 PN 4,0 Мпа УХЛ1 (Kvy - 16? м³/ч) с ЭИМ, корпус ст. 12Х18Н9ТЛ;Клапаны регулирующие;25нж947нж;Вода, воздух, пар, аммиак, нефть, жидкие нефтепродукты и углеводороды, масляные фракции и другие среды, в которых скорость коррозии материала корпуса не превышает 0,2мм в год;"1,6; 2,5; 4,0; 6,3; 10; 16";От -60 до +560;От -50 до +40;УХЛ1;С;ОТК;12;70000;10000;12 месяцев со дня ввода в эксплуатацию, но не более 18 месяцев со дня отгрузки потребителю;Односедельный;;Фланцевое;25;40;Коррозионностойкая сталь;12;По запросу;78480;Под заказ
Клапан регулирующий односедельный фланцевый 25нж947нж DN 32 PN 4,0 Мпа УХЛ1 (Kvy - 25? м³/ч) с ЭИМ, корпус ст. 12Х18Н9ТЛ;Клапаны регулирующие;25нж947нж;Вода, воздух, пар, аммиак, нефть, жидкие нефтепродукты и углеводороды, масляные фракции и другие среды, в которых скорость коррозии материала корпуса не превышает 0,2мм в год;"6,3; 10; 16; 25";От -60 до +560;От -50 до +40;УХЛ1;С;ОТК;12;70000;10000;12 месяцев со дня ввода в эксплуатацию, но не более 18 месяцев со дня отгрузки потребителю;Односедельный;;Фланцевое;32;40;Коррозионностойкая сталь;13;По запросу;83760;Под заказ
Клапан регулирующий односедельный фланцевый 25нж947нж DN 40 PN 4,0 Мпа УХЛ1 (Kvy - 40? м³/ч) с ЭИМ, корпус ст. 12Х18Н9ТЛ;Клапаны регулирующие;25нж947нж;Вода, воздух, пар, аммиак, нефть, жидкие нефтепродукты и углеводороды, масляные фракции и другие среды, в которых скорость коррозии материала корпуса не превышает 0,2мм в год;"10; 16; 25; 40";От -60 до +560;От -50 до +40;УХЛ1;С;ОТК;12;70000;10000;12 месяцев со дня ввода в эксплуатацию, но не более 18 месяцев со дня отгрузки потребителю;Односедельный;;Фланцевое;40;40;Коррозионностойкая сталь;18;По запросу;90600;Под заказ
Клапан регулирующий односедельный фланцевый 25нж947нж DN 50 PN 4,0 Мпа УХЛ1 (Kvy - 63? м³/ч) с ЭИМ, корпус ст. 12Х18Н9ТЛ;Клапаны регулирующие;25нж947нж;Вода, воздух, пар, аммиак, нефть, жидкие нефтепродукты и углеводороды, масляные фракции и другие среды, в которых скорость коррозии материала корпуса не превышает 0,2мм в год;"10; 16; 25; 40; 63";От -60 до +560;От -50 до +40;УХЛ1;С;ОТК;12;70000;10000;12 месяцев со дня ввода в эксплуатацию, но не более 18 месяцев со дня отгрузки потребителю;Односедельный;;Фланцевое;50;40;Коррозионностойкая сталь;20;По запросу;111360;Под заказ
Клапан регулирующий односедельный фланцевый 25нж947нж DN 65 PN 4,0 Мпа УХЛ1 (Kvy - 100? м³/ч) с ЭИМ, корпус ст. 12Х18Н9ТЛ;Клапаны регулирующие;25нж947нж;Вода, воздух, пар, аммиак, нефть, жидкие нефтепродукты и углеводороды, масляные фракции и другие среды, в которых скорость коррозии материала корпуса не превышает 0,2мм в год;"25; 40; 63; 100";От -60 до +560;От -50 до +40;УХЛ1;С;ОТК;12;70000;10000;12 месяцев со дня ввода в эксплуатацию, но не более 18 месяцев со дня отгрузки потребителю;Односедельный;;Фланцевое;65;40;Коррозионностойкая сталь;33;По запросу;126300;Под заказ
Клапан регулирующий односедельный фланцевый 25нж947нж DN 80 PN 4,0 Мпа УХЛ1 (Kvy - 160? м³/ч) с ЭИМ, корпус ст. 12Х18Н9ТЛ;Клапаны регулирующие;25нж947нж;Вода, воздух, пар, аммиак, нефть, жидкие нефтепродукты и углеводороды, масляные фракции и другие среды, в которых скорость коррозии материала корпуса не превышает 0,2мм в год;"40; 63; 100; 160";От -60 до +560;От -50 до +40;УХЛ1;С;ОТК;12;70000;10000;12 месяцев со дня ввода в эксплуатацию, но не более 18 месяцев со дня отгрузки потребителю;Односедельный;;Фланцевое;80;40;Коррозионностойкая сталь;36;По запросу;153600;Под заказ
Клапан регулирующий односедельный фланцевый 25нж947нж DN 100 PN 4,0 Мпа УХЛ1 (Kvy - 250? м³/ч) с ЭИМ, корпус ст. 12Х18Н9ТЛ;Клапаны регулирующие;25нж947нж;Вода, воздух, пар, аммиак, нефть, жидкие нефтепродукты и углеводороды, масляные фракции и другие среды, в которых скорость коррозии материала корпуса не превышает 0,2мм в год;"63; 100; 160; 250";От -60 до +560;От -50 до +40;УХЛ1;С;ОТК;12;70000;10000;12 месяцев со дня ввода в эксплуатацию, но не более 18 месяцев со дня отгрузки потребителю;Односедельный;;Фланцевое;100;40;Коррозионностойкая сталь;46;По запросу;178200;Под заказ
Клапан регулирующий односедельный фланцевый 25нж947нж DN 125 PN 4,0 Мпа УХЛ1 (Kvy - 320? м³/ч) с ЭИМ, корпус ст. 12Х18Н9ТЛ;Клапаны регулирующие;25нж947нж;Вода, воздух, пар, аммиак, нефть, жидкие нефтепродукты и углеводороды, масляные фракции и другие среды, в которых скорость коррозии материала корпуса не превышает 0,2мм в год;"100; 160; 250; 320";От -60 до +560;От -50 до +40;УХЛ1;С;ОТК;12;70000;10000;12 месяцев со дня ввода в эксплуатацию, но не более 18 месяцев со дня отгрузки потребителю;Односедельный;;Фланцевое;125;40;Коррозионностойкая сталь;85;По запросу;294960;Под заказ
Клапан регулирующий односедельный фланцевый 25нж947нж DN 150 PN 4,0 Мпа УХЛ1 (Kvy - 400? м³/ч) с ЭИМ, корпус ст. 12Х18Н9ТЛ;Клапаны регулирующие;25нж947нж;Вода, воздух, пар, аммиак, нефть, жидкие нефтепродукты и углеводороды, масляные фракции и другие среды, в которых скорость коррозии материала корпуса не превышает 0,2мм в год;"160; 250; 400";От -60 до +560;От -50 до +40;УХЛ1;С;ОТК;12;70000;10000;12 месяцев со дня ввода в эксплуатацию, но не более 18 месяцев со дня отгрузки потребителю;Односедельный;;Фланцевое;150;40;Коррозионностойкая сталь;102;По запросу;357600;Под заказ
Клапан регулирующий односедельный фланцевый 25нж947нж DN 200 PN 4,0 Мпа УХЛ1 (Kvy - 630? м³/ч) с ЭИМ, корпус ст. 12Х18Н9ТЛ;Клапаны регулирующие;25нж947нж;Вода, воздух, пар, аммиак, нефть, жидкие нефтепродукты и углеводороды, масляные фракции и другие среды, в которых скорость коррозии материала корпуса не превышает 0,2мм в год;"250; 400; 630";От -60 до +560;От -50 до +40;УХЛ1;С;ОТК;12;70000;10000;12 месяцев со дня ввода в эксплуатацию, но не более 18 месяцев со дня отгрузки потребителю;Односедельный;;Фланцевое;200;40;Коррозионностойкая сталь;140;По запросу;474000;Под заказ
Клапан регулирующий односедельный фланцевый 25нж947п DN 15 PN 1,6 Мпа УХЛ1 (Kvy - 4,0? м³/ч) с ЭИМ, корпус ст. 12Х18Н9ТЛ;Клапаны регулирующие;25нж947п;Вода, воздух, пар, аммиак, нефть, жидкие нефтепродукты и углеводороды, масляные фракции и другие среды, в которых скорость коррозии материала корпуса не превышает 0,2мм в год;"0,1; 0,16; 0,25; 0,4; 0,6; 1,0; 1,6; 2,5; 3,2; 4,0";От -60 до +560;От -50 до +40;УХЛ1;A;ОТК;12;70000;10000;12 месяцев со дня ввода в эксплуатацию, но не более 18 месяцев со дня отгрузки потребителю;Односедельный;;Фланцевое;15;16;Коррозионностойкая сталь;10;По запросу;75360;Под заказ
Клапан регулирующий односедельный фланцевый 25нж947п DN 20 PN 1,6 Мпа УХЛ1 (Kvy - 6,3? м³/ч) с ЭИМ, корпус ст. 12Х18Н9ТЛ;Клапаны регулирующие;25нж947п;Вода, воздух, пар, аммиак, нефть, жидкие нефтепродукты и углеводороды, масляные фракции и другие среды, в которых скорость коррозии материала корпуса не превышает 0,2мм в год;"1,6; 2,5; 4,0; 6,3";От -60 до +560;От -50 до +40;УХЛ1;A;ОТК;12;70000;10000;12 месяцев со дня ввода в эксплуатацию, но не более 18 месяцев со дня отгрузки потребителю;Односедельный;;Фланцевое;20;16;Коррозионностойкая сталь;11;По запросу;77520;Под заказ
Клапан регулирующий односедельный фланцевый 25нж947п DN 25 PN 1,6 Мпа УХЛ1 (Kvy - 16? м³/ч) с ЭИМ, корпус ст. 12Х18Н9ТЛ;Клапаны регулирующие;25нж947п;Вода, воздух, пар, аммиак, нефть, жидкие нефтепродукты и углеводороды, масляные фракции и другие среды, в которых скорость коррозии материала корпуса не превышает 0,2мм в год;"1,6; 2,5; 4,0; 6,3; 10; 16";От -60 до +560;От -50 до +40;УХЛ1;A;ОТК;12;70000;10000;12 месяцев со дня ввода в эксплуатацию, но не более 18 месяцев со дня отгрузки потребителю;Односедельный;;Фланцевое;25;16;Коррозионностойкая сталь;12;По запросу;78480;Под заказ
Клапан регулирующий односедельный фланцевый 25нж947п DN 32 PN 1,6 Мпа УХЛ1 (Kvy - 25? м³/ч) с ЭИМ, корпус ст. 12Х18Н9ТЛ;Клапаны регулирующие;25нж947п;Вода, воздух, пар, аммиак, нефть, жидкие нефтепродукты и углеводороды, масляные фракции и другие среды, в которых скорость коррозии материала корпуса не превышает 0,2мм в год;"6,3; 10; 16; 25";От -60 до +560;От -50 до +40;УХЛ1;A;ОТК;12;70000;10000;12 месяцев со дня ввода в эксплуатацию, но не более 18 месяцев со дня отгрузки потребителю;Односедельный;;Фланцевое;32;16;Коррозионностойкая сталь;13;По запросу;83760;Под заказ
Клапан регулирующий односедельный фланцевый 25нж947п DN 40 PN 1,6 Мпа УХЛ1 (Kvy - 40? м³/ч) с ЭИМ, корпус ст. 12Х18Н9ТЛ;Клапаны регулирующие;25нж947п;Вода, воздух, пар, аммиак, нефть, жидкие нефтепродукты и углеводороды, масляные фракции и другие среды, в которых скорость коррозии материала корпуса не превышает 0,2мм в год;"10; 16; 25; 40";От -60 до +560;От -50 до +40;УХЛ1;A;ОТК;12;70000;10000;12 месяцев со дня ввода в эксплуатацию, но не более 18 месяцев со дня отгрузки потребителю;Односедельный;;Фланцевое;40;16;Коррозионностойкая сталь;18;По запросу;90600;Под заказ
Клапан регулирующий односедельный фланцевый 25нж947п DN 50 PN 1,6 Мпа УХЛ1 (Kvy - 63? м³/ч) с ЭИМ, корпус ст. 12Х18Н9ТЛ;Клапаны регулирующие;25нж947п;Вода, воздух, пар, аммиак, нефть, жидкие нефтепродукты и углеводороды, масляные фракции и другие среды, в которых скорость коррозии материала корпуса не превышает 0,2мм в год;"10; 16; 25; 40; 63";От -60 до +560;От -50 до +40;УХЛ1;A;ОТК;12;70000;10000;12 месяцев со дня ввода в эксплуатацию, но не более 18 месяцев со дня отгрузки потребителю;Односедельный;;Фланцевое;50;16;Коррозионностойкая сталь;20;По запросу;111360;Под заказ
Клапан регулирующий односедельный фланцевый 25нж947п DN 65 PN 1,6 Мпа УХЛ1 (Kvy - 100? м³/ч) с ЭИМ, корпус ст. 12Х18Н9ТЛ;Клапаны регулирующие;25нж947п;Вода, воздух, пар, аммиак, нефть, жидкие нефтепродукты и углеводороды, масляные фракции и другие среды, в которых скорость коррозии материала корпуса не превышает 0,2мм в год;"25; 40; 63; 100";От -60 до +560;От -50 до +40;УХЛ1;A;ОТК;12;70000;10000;12 месяцев со дня ввода в эксплуатацию, но не более 18 месяцев со дня отгрузки потребителю;Односедельный;;Фланцевое;65;16;Коррозионностойкая сталь;33;По запросу;126300;Под заказ
Клапан регулирующий односедельный фланцевый 25нж947п DN 80 PN 1,6 Мпа УХЛ1 (Kvy - 160? м³/ч) с ЭИМ, корпус ст. 12Х18Н9ТЛ;Клапаны регулирующие;25нж947п;Вода, воздух, пар, аммиак, нефть, жидкие нефтепродукты и углеводороды, масляные фракции и другие среды, в которых скорость коррозии материала корпуса не превышает 0,2мм в год;"40; 63; 100; 160";От -60 до +560;От -50 до +40;УХЛ1;A;ОТК;12;70000;10000;12 месяцев со дня ввода в эксплуатацию, но не более 18 месяцев со дня отгрузки потребителю;Односедельный;;Фланцевое;80;16;Коррозионностойкая сталь;36;По запросу;153600;Под заказ
Клапан регулирующий односедельный фланцевый 25нж947п DN 100 PN 1,6 Мпа УХЛ1 (Kvy - 250? м³/ч) с ЭИМ, корпус ст. 12Х18Н9ТЛ;Клапаны регулирующие;25нж947п;Вода, воздух, пар, аммиак, нефть, жидкие нефтепродукты и углеводороды, масляные фракции и другие среды, в которых скорость коррозии материала корпуса не превышает 0,2мм в год;"63; 100; 160; 250";От -60 до +560;От -50 до +40;УХЛ1;A;ОТК;12;70000;10000;12 месяцев со дня ввода в эксплуатацию, но не более 18 месяцев со дня отгрузки потребителю;Односедельный;;Фланцевое;100;16;Коррозионностойкая сталь;46;По запросу;178200;Под заказ
Клапан регулирующий односедельный фланцевый 25нж947п DN 125 PN 1,6 Мпа УХЛ1 (Kvy - 320? м³/ч) с ЭИМ, корпус ст. 12Х18Н9ТЛ;Клапаны регулирующие;25нж947п;Вода, воздух, пар, аммиак, нефть, жидкие нефтепродукты и углеводороды, масляные фракции и другие среды, в которых скорость коррозии материала корпуса не превышает 0,2мм в год;"100; 160; 250; 320";От -60 до +560;От -50 до +40;УХЛ1;A;ОТК;12;70000;10000;12 месяцев со дня ввода в эксплуатацию, но не более 18 месяцев со дня отгрузки потребителю;Односедельный;;Фланцевое;125;16;Коррозионностойкая сталь;85;По запросу;294960;Под заказ
Клапан регулирующий односедельный фланцевый 25нж947п DN 150 PN 1,6 Мпа УХЛ1 (Kvy - 400? м³/ч) с ЭИМ, корпус ст. 12Х18Н9ТЛ;Клапаны регулирующие;25нж947п;Вода, воздух, пар, аммиак, нефть, жидкие нефтепродукты и углеводороды, масляные фракции и другие среды, в которых скорость коррозии материала корпуса не превышает 0,2мм в год;"160; 250; 400";От -60 до +560;От -50 до +40;УХЛ1;A;ОТК;12;70000;10000;12 месяцев со дня ввода в эксплуатацию, но не более 18 месяцев со дня отгрузки потребителю;Односедельный;;Фланцевое;150;16;Коррозионностойкая сталь;102;По запросу;357600;Под заказ
Клапан регулирующий односедельный фланцевый 25нж947п DN 200 PN 1,6 Мпа УХЛ1 (Kvy - 630? м³/ч) с ЭИМ, корпус ст. 12Х18Н9ТЛ;Клапаны регулирующие;25нж947п;Вода, воздух, пар, аммиак, нефть, жидкие нефтепродукты и углеводороды, масляные фракции и другие среды, в которых скорость коррозии материала корпуса не превышает 0,2мм в год;"250; 400; 630";От -60 до +560;От -50 до +40;УХЛ1;A;ОТК;12;70000;10000;12 месяцев со дня ввода в эксплуатацию, но не более 18 месяцев со дня отгрузки потребителю;Односедельный;;Фланцевое;200;16;Коррозионностойкая сталь;140;По запросу;474000;Под заказ
Клапан регулирующий односедельный фланцевый 25нж947п DN 250 PN 1,6 Мпа УХЛ1 (Kvy - ? м³/ч) с ЭИМ, корпус ст. 12Х18Н9ТЛ;Клапаны регулирующие;25нж947п;Вода, воздух, пар, аммиак, нефть, жидкие нефтепродукты и углеводороды, масляные фракции и другие среды, в которых скорость коррозии материала корпуса не превышает 0,2мм в год;;От -60 до +560;От -50 до +40;УХЛ1;A;ОТК;12;70000;10000;12 месяцев со дня ввода в эксплуатацию, но не более 18 месяцев со дня отгрузки потребителю;Односедельный;;Фланцевое;250;25;Коррозионностойкая сталь;280;По запросу;0;Под заказ
Клапан регулирующий односедельный фланцевый 25нж947п DN 300 PN 1,6 Мпа УХЛ1 (Kvy - ? м³/ч) с ЭИМ, корпус ст. 12Х18Н9ТЛ;Клапаны регулирующие;25нж947п;Вода, воздух, пар, аммиак, нефть, жидкие нефтепродукты и углеводороды, масляные фракции и другие среды, в которых скорость коррозии материала корпуса не превышает 0,2мм в год;;От -60 до +560;От -50 до +40;УХЛ1;A;ОТК;12;70000;10000;12 месяцев со дня ввода в эксплуатацию, но не более 18 месяцев со дня отгрузки потребителю;Односедельный;;Фланцевое;300;25;Коррозионностойкая сталь;350;По запросу;0;Под заказ
Клапан регулирующий односедельный фланцевый 25нж947п DN 15 PN 2,5 Мпа УХЛ1 (Kvy - 4,0? м³/ч) с ЭИМ, корпус ст. 12Х18Н9ТЛ;Клапаны регулирующие;25нж947п;Вода, воздух, пар, аммиак, нефть, жидкие нефтепродукты и углеводороды, масляные фракции и другие среды, в которых скорость коррозии материала корпуса не превышает 0,2мм в год;"0,1; 0,16; 0,25; 0,4; 0,6; 1,0; 1,6; 2,5; 3,2; 4,0";От -60 до +560;От -50 до +40;УХЛ1;A;ОТК;12;70000;10000;12 месяцев со дня ввода в эксплуатацию, но не более 18 месяцев со дня отгрузки потребителю;Односедельный;;Фланцевое;15;25;Коррозионностойкая сталь;10;По запросу;75360;Под заказ
Клапан регулирующий односедельный фланцевый 25нж947п DN 20 PN 2,5 Мпа УХЛ1 (Kvy - 6,3? м³/ч) с ЭИМ, корпус ст. 12Х18Н9ТЛ;Клапаны регулирующие;25нж947п;Вода, воздух, пар, аммиак, нефть, жидкие нефтепродукты и углеводороды, масляные фракции и другие среды, в которых скорость коррозии материала корпуса не превышает 0,2мм в год;"1,6; 2,5; 4,0; 6,3";От -60 до +560;От -50 до +40;УХЛ1;A;ОТК;12;70000;10000;12 месяцев со дня ввода в эксплуатацию, но не более 18 месяцев со дня отгрузки потребителю;Односедельный;;Фланцевое;20;25;Коррозионностойкая сталь;11;По запросу;77520;Под заказ
Клапан регулирующий односедельный фланцевый 25нж947п DN 25 PN 2,5 Мпа УХЛ1 (Kvy - 16? м³/ч) с ЭИМ, корпус ст. 12Х18Н9ТЛ;Клапаны регулирующие;25нж947п;Вода, воздух, пар, аммиак, нефть, жидкие нефтепродукты и углеводороды, масляные фракции и другие среды, в которых скорость коррозии материала корпуса не превышает 0,2мм в год;"1,6; 2,5; 4,0; 6,3; 10; 16";От -60 до +560;От -50 до +40;УХЛ1;A;ОТК;12;70000;10000;12 месяцев со дня ввода в эксплуатацию, но не более 18 месяцев со дня отгрузки потребителю;Односедельный;;Фланцевое;25;25;Коррозионностойкая сталь;12;По запросу;78480;Под заказ
Клапан регулирующий односедельный фланцевый 25нж947п DN 32 PN 2,5 Мпа УХЛ1 (Kvy - 25? м³/ч) с ЭИМ, корпус ст. 12Х18Н9ТЛ;Клапаны регулирующие;25нж947п;Вода, воздух, пар, аммиак, нефть, жидкие нефтепродукты и углеводороды, масляные фракции и другие среды, в которых скорость коррозии материала корпуса не превышает 0,2мм в год;"6,3; 10; 16; 25";От -60 до +560;От -50 до +40;УХЛ1;A;ОТК;12;70000;10000;12 месяцев со дня ввода в эксплуатацию, но не более 18 месяцев со дня отгрузки потребителю;Односедельный;;Фланцевое;32;25;Коррозионностойкая сталь;13;По запросу;83760;Под заказ
Клапан регулирующий односедельный фланцевый 25нж947п DN 40 PN 2,5 Мпа УХЛ1 (Kvy - 40? м³/ч) с ЭИМ, корпус ст. 12Х18Н9ТЛ;Клапаны регулирующие;25нж947п;Вода, воздух, пар, аммиак, нефть, жидкие нефтепродукты и углеводороды, масляные фракции и другие среды, в которых скорость коррозии материала корпуса не превышает 0,2мм в год;"10; 16; 25; 40";От -60 до +560;От -50 до +40;УХЛ1;A;ОТК;12;70000;10000;12 месяцев со дня ввода в эксплуатацию, но не более 18 месяцев со дня отгрузки потребителю;Односедельный;;Фланцевое;40;25;Коррозионностойкая сталь;18;По запросу;90600;Под заказ
Клапан регулирующий односедельный фланцевый 25нж947п DN 50 PN 2,5 Мпа УХЛ1 (Kvy - 63? м³/ч) с ЭИМ, корпус ст. 12Х18Н9ТЛ;Клапаны регулирующие;25нж947п;Вода, воздух, пар, аммиак, нефть, жидкие нефтепродукты и углеводороды, масляные фракции и другие среды, в которых скорость коррозии материала корпуса не превышает 0,2мм в год;"10; 16; 25; 40; 63";От -60 до +560;От -50 до +40;УХЛ1;A;ОТК;12;70000;10000;12 месяцев со дня ввода в эксплуатацию, но не более 18 месяцев со дня отгрузки потребителю;Односедельный;;Фланцевое;50;25;Коррозионностойкая сталь;20;По запросу;111360;Под заказ
Клапан регулирующий односедельный фланцевый 25нж947п DN 65 PN 2,5 Мпа УХЛ1 (Kvy - 100? м³/ч) с ЭИМ, корпус ст. 12Х18Н9ТЛ;Клапаны регулирующие;25нж947п;Вода, воздух, пар, аммиак, нефть, жидкие нефтепродукты и углеводороды, масляные фракции и другие среды, в которых скорость коррозии материала корпуса не превышает 0,2мм в год;"25; 40; 63; 100";От -60 до +560;От -50 до +40;УХЛ1;A;ОТК;12;70000;10000;12 месяцев со дня ввода в эксплуатацию, но не более 18 месяцев со дня отгрузки потребителю;Односедельный;;Фланцевое;65;25;Коррозионностойкая сталь;33;По запросу;126300;Под заказ
Клапан регулирующий односедельный фланцевый 25нж947п DN 80 PN 2,5 Мпа УХЛ1 (Kvy - 160? м³/ч) с ЭИМ, корпус ст. 12Х18Н9ТЛ;Клапаны регулирующие;25нж947п;Вода, воздух, пар, аммиак, нефть, жидкие нефтепродукты и углеводороды, масляные фракции и другие среды, в которых скорость коррозии материала корпуса не превышает 0,2мм в год;"40; 63; 100; 160";От -60 до +560;От -50 до +40;УХЛ1;A;ОТК;12;70000;10000;12 месяцев со дня ввода в эксплуатацию, но не более 18 месяцев со дня отгрузки потребителю;Односедельный;;Фланцевое;80;25;Коррозионностойкая сталь;36;По запросу;153600;Под заказ
Клапан регулирующий односедельный фланцевый 25нж947п DN 100 PN 2,5 Мпа УХЛ1 (Kvy - 250? м³/ч) с ЭИМ, корпус ст. 12Х18Н9ТЛ;Клапаны регулирующие;25нж947п;Вода, воздух, пар, аммиак, нефть, жидкие нефтепродукты и углеводороды, масляные фракции и другие среды, в которых скорость коррозии материала корпуса не превышает 0,2мм в год;"63; 100; 160; 250";От -60 до +560;От -50 до +40;УХЛ1;A;ОТК;12;70000;10000;12 месяцев со дня ввода в эксплуатацию, но не более 18 месяцев со дня отгрузки потребителю;Односедельный;;Фланцевое;100;25;Коррозионностойкая сталь;46;По запросу;178200;Под заказ
Клапан регулирующий односедельный фланцевый 25нж947п DN 125 PN 2,5 Мпа УХЛ1 (Kvy - 320? м³/ч) с ЭИМ, корпус ст. 12Х18Н9ТЛ;Клапаны регулирующие;25нж947п;Вода, воздух, пар, аммиак, нефть, жидкие нефтепродукты и углеводороды, масляные фракции и другие среды, в которых скорость коррозии материала корпуса не превышает 0,2мм в год;"100; 160; 250; 320";От -60 до +560;От -50 до +40;УХЛ1;A;ОТК;12;70000;10000;12 месяцев со дня ввода в эксплуатацию, но не более 18 месяцев со дня отгрузки потребителю;Односедельный;;Фланцевое;125;25;Коррозионностойкая сталь;85;По запросу;294960;Под заказ
Клапан регулирующий односедельный фланцевый 25нж947п DN 150 PN 2,5 Мпа УХЛ1 (Kvy - 400? м³/ч) с ЭИМ, корпус ст. 12Х18Н9ТЛ;Клапаны регулирующие;25нж947п;Вода, воздух, пар, аммиак, нефть, жидкие нефтепродукты и углеводороды, масляные фракции и другие среды, в которых скорость коррозии материала корпуса не превышает 0,2мм в год;"160; 250; 400";От -60 до +560;От -50 до +40;УХЛ1;A;ОТК;12;70000;10000;12 месяцев со дня ввода в эксплуатацию, но не более 18 месяцев со дня отгрузки потребителю;Односедельный;;Фланцевое;150;25;Коррозионностойкая сталь;102;По запросу;357600;Под заказ
Клапан регулирующий односедельный фланцевый 25нж947п DN 200 PN 2,5 Мпа УХЛ1 (Kvy - 630? м³/ч) с ЭИМ, корпус ст. 12Х18Н9ТЛ;Клапаны регулирующие;25нж947п;Вода, воздух, пар, аммиак, нефть, жидкие нефтепродукты и углеводороды, масляные фракции и другие среды, в которых скорость коррозии материала корпуса не превышает 0,2мм в год;"250; 400; 630";От -60 до +560;От -50 до +40;УХЛ1;A;ОТК;12;70000;10000;12 месяцев со дня ввода в эксплуатацию, но не более 18 месяцев со дня отгрузки потребителю;Односедельный;;Фланцевое;200;25;Коррозионностойкая сталь;140;По запросу;474000;Под заказ
 ;Клапаны регулирующие;25нж947п;Вода, воздух, пар, аммиак, нефть, жидкие нефтепродукты и углеводороды, масляные фракции и другие среды, в которых скорость коррозии материала корпуса не превышает 0,2мм в год;"0,1; 0,16; 0,25; 0,4; 0,6; 1,0; 1,6; 2,5; 3,2; 4,0";От -60 до +560;От -50 до +40;УХЛ1;A;ОТК;12;70000;10000;12 месяцев со дня ввода в эксплуатацию, но не более 18 месяцев со дня отгрузки потребителю;Односедельный;;Фланцевое;15;40;Коррозионностойкая сталь;10;По запросу;75360;Под заказ
Клапан регулирующий односедельный фланцевый 25нж947п DN 20 PN 4,0 Мпа УХЛ1 (Kvy - 6,3,0? м³/ч) с ЭИМ, корпус ст. 12Х18Н9ТЛ;Клапаны регулирующие;25нж947п;Вода, воздух, пар, аммиак, нефть, жидкие нефтепродукты и углеводороды, масляные фракции и другие среды, в которых скорость коррозии материала корпуса не превышает 0,2мм в год;"1,6; 2,5; 4,0; 6,3";От -60 до +560;От -50 до +40;УХЛ1;A;ОТК;12;70000;10000;12 месяцев со дня ввода в эксплуатацию, но не более 18 месяцев со дня отгрузки потребителю;Односедельный;;Фланцевое;20;40;Коррозионностойкая сталь;11;По запросу;77520;Под заказ
Клапан регулирующий односедельный фланцевый 25нж947п DN 25 PN 4,0 Мпа УХЛ1 (Kvy - 16? м³/ч) с ЭИМ, корпус ст. 12Х18Н9ТЛ;Клапаны регулирующие;25нж947п;Вода, воздух, пар, аммиак, нефть, жидкие нефтепродукты и углеводороды, масляные фракции и другие среды, в которых скорость коррозии материала корпуса не превышает 0,2мм в год;"1,6; 2,5; 4,0; 6,3; 10; 16";От -60 до +560;От -50 до +40;УХЛ1;A;ОТК;12;70000;10000;12 месяцев со дня ввода в эксплуатацию, но не более 18 месяцев со дня отгрузки потребителю;Односедельный;;Фланцевое;25;40;Коррозионностойкая сталь;12;По запросу;78480;Под заказ
Клапан регулирующий односедельный фланцевый 25нж947п DN 32 PN 4,0 Мпа УХЛ1 (Kvy - 25? м³/ч) с ЭИМ, корпус ст. 12Х18Н9ТЛ;Клапаны регулирующие;25нж947п;Вода, воздух, пар, аммиак, нефть, жидкие нефтепродукты и углеводороды, масляные фракции и другие среды, в которых скорость коррозии материала корпуса не превышает 0,2мм в год;"6,3; 10; 16; 25";От -60 до +560;От -50 до +40;УХЛ1;A;ОТК;12;70000;10000;12 месяцев со дня ввода в эксплуатацию, но не более 18 месяцев со дня отгрузки потребителю;Односедельный;;Фланцевое;32;40;Коррозионностойкая сталь;13;По запросу;83760;Под заказ
Клапан регулирующий односедельный фланцевый 25нж947п DN 40 PN 4,0 Мпа УХЛ1 (Kvy - 40? м³/ч) с ЭИМ, корпус ст. 12Х18Н9ТЛ;Клапаны регулирующие;25нж947п;Вода, воздух, пар, аммиак, нефть, жидкие нефтепродукты и углеводороды, масляные фракции и другие среды, в которых скорость коррозии материала корпуса не превышает 0,2мм в год;"10; 16; 25; 40";От -60 до +560;От -50 до +40;УХЛ1;A;ОТК;12;70000;10000;12 месяцев со дня ввода в эксплуатацию, но не более 18 месяцев со дня отгрузки потребителю;Односедельный;;Фланцевое;40;40;Коррозионностойкая сталь;18;По запросу;90600;Под заказ
Клапан регулирующий односедельный фланцевый 25нж947п DN 50 PN 4,0 Мпа УХЛ1 (Kvy - 63? м³/ч) с ЭИМ, корпус ст. 12Х18Н9ТЛ;Клапаны регулирующие;25нж947п;Вода, воздух, пар, аммиак, нефть, жидкие нефтепродукты и углеводороды, масляные фракции и другие среды, в которых скорость коррозии материала корпуса не превышает 0,2мм в год;"10; 16; 25; 40; 63";От -60 до +560;От -50 до +40;УХЛ1;A;ОТК;12;70000;10000;12 месяцев со дня ввода в эксплуатацию, но не более 18 месяцев со дня отгрузки потребителю;Односедельный;;Фланцевое;50;40;Коррозионностойкая сталь;20;По запросу;111360;Под заказ
Клапан регулирующий односедельный фланцевый 25нж947п DN 65 PN 4,0 Мпа УХЛ1 (Kvy - 100? м³/ч) с ЭИМ, корпус ст. 12Х18Н9ТЛ;Клапаны регулирующие;25нж947п;Вода, воздух, пар, аммиак, нефть, жидкие нефтепродукты и углеводороды, масляные фракции и другие среды, в которых скорость коррозии материала корпуса не превышает 0,2мм в год;"25; 40; 63; 100";От -60 до +560;От -50 до +40;УХЛ1;A;ОТК;12;70000;10000;12 месяцев со дня ввода в эксплуатацию, но не более 18 месяцев со дня отгрузки потребителю;Односедельный;;Фланцевое;65;40;Коррозионностойкая сталь;33;По запросу;126300;Под заказ
Клапан регулирующий односедельный фланцевый 25нж947п DN 80 PN 4,0 Мпа УХЛ1 (Kvy - 160? м³/ч) с ЭИМ, корпус ст. 12Х18Н9ТЛ;Клапаны регулирующие;25нж947п;Вода, воздух, пар, аммиак, нефть, жидкие нефтепродукты и углеводороды, масляные фракции и другие среды, в которых скорость коррозии материала корпуса не превышает 0,2мм в год;"40; 63; 100; 160";От -60 до +560;От -50 до +40;УХЛ1;A;ОТК;12;70000;10000;12 месяцев со дня ввода в эксплуатацию, но не более 18 месяцев со дня отгрузки потребителю;Односедельный;;Фланцевое;80;40;Коррозионностойкая сталь;36;По запросу;153600;Под заказ
Клапан регулирующий односедельный фланцевый 25нж947п DN 100 PN 4,0 Мпа УХЛ1 (Kvy - 250? м³/ч) с ЭИМ, корпус ст. 12Х18Н9ТЛ;Клапаны регулирующие;25нж947п;Вода, воздух, пар, аммиак, нефть, жидкие нефтепродукты и углеводороды, масляные фракции и другие среды, в которых скорость коррозии материала корпуса не превышает 0,2мм в год;"63; 100; 160; 250";От -60 до +560;От -50 до +40;УХЛ1;A;ОТК;12;70000;10000;12 месяцев со дня ввода в эксплуатацию, но не более 18 месяцев со дня отгрузки потребителю;Односедельный;;Фланцевое;100;40;Коррозионностойкая сталь;46;По запросу;178200;Под заказ
Клапан регулирующий односедельный фланцевый 25нж947п DN 125 PN 4,0 Мпа УХЛ1 (Kvy - 320? м³/ч) с ЭИМ, корпус ст. 12Х18Н9ТЛ;Клапаны регулирующие;25нж947п;Вода, воздух, пар, аммиак, нефть, жидкие нефтепродукты и углеводороды, масляные фракции и другие среды, в которых скорость коррозии материала корпуса не превышает 0,2мм в год;"100; 160; 250; 320";От -60 до +560;От -50 до +40;УХЛ1;A;ОТК;12;70000;10000;12 месяцев со дня ввода в эксплуатацию, но не более 18 месяцев со дня отгрузки потребителю;Односедельный;;Фланцевое;125;40;Коррозионностойкая сталь;85;По запросу;294960;Под заказ
Клапан регулирующий односедельный фланцевый 25нж947п DN 150 PN 4,0 Мпа УХЛ1 (Kvy - 400? м³/ч) с ЭИМ, корпус ст. 12Х18Н9ТЛ;Клапаны регулирующие;25нж947п;Вода, воздух, пар, аммиак, нефть, жидкие нефтепродукты и углеводороды, масляные фракции и другие среды, в которых скорость коррозии материала корпуса не превышает 0,2мм в год;"160; 250; 400";От -60 до +560;От -50 до +40;УХЛ1;A;ОТК;12;70000;10000;12 месяцев со дня ввода в эксплуатацию, но не более 18 месяцев со дня отгрузки потребителю;Односедельный;;Фланцевое;150;40;Коррозионностойкая сталь;102;По запросу;357600;Под заказ
Клапан регулирующий односедельный фланцевый 25нж947п DN 200 PN 4,0 Мпа УХЛ1 (Kvy - 630? м³/ч) с ЭИМ, корпус ст. 12Х18Н9ТЛ;Клапаны регулирующие;25нж947п;Вода, воздух, пар, аммиак, нефть, жидкие нефтепродукты и углеводороды, масляные фракции и другие среды, в которых скорость коррозии материала корпуса не превышает 0,2мм в год;"250; 400; 630";От -60 до +560;От -50 до +40;УХЛ1;A;ОТК;12;70000;10000;12 месяцев со дня ввода в эксплуатацию, но не более 18 месяцев со дня отгрузки потребителю;Односедельный;;Фланцевое;200;40;Коррозионностойкая сталь;140;По запросу;474000;Под заказ
"Клапан регулирующий односедельный ""после себя"" нормально открытый фланцевый 25ч41п DN 15 PN 1,6 Мпа У3 (Kvy - 4,0? м³/ч) с МИМ, корпус чугун";Клапаны регулирующие;25ч41п;Вода, воздух, пар, аммиак, нефть, жидкие нефтепродукты и углеводороды, масляные фракции и другие среды, в которых скорость коррозии материала корпуса не превышает 0,2мм в год;"0,1; 0,16; 0,25; 0,4; 0,6; 1,0; 1,6; 2,5; 3,2; 4,0";От -15 до +150;От -15 до +50;У3;A;ОТК;12;70000;10000;12 месяцев со дня ввода в эксплуатацию, но не более 18 месяцев со дня отгрузки потребителю;Односедельный;Нормально открытый;Фланцевое;15;16;Чугун;22;По запросу;36120;Под заказ
"Клапан регулирующий односедельный ""после себя"" нормально открытый фланцевый 25ч41п DN 20 PN 1,6 Мпа У3 (Kvy - 6,3? м³/ч) с МИМ, корпус чугун";Клапаны регулирующие;25ч41п;Вода, воздух, пар, аммиак, нефть, жидкие нефтепродукты и углеводороды, масляные фракции и другие среды, в которых скорость коррозии материала корпуса не превышает 0,2мм в год;"1,6; 2,5; 4,0; 6,3";От -15 до +150;От -15 до +50;У3;A;ОТК;12;70000;10000;12 месяцев со дня ввода в эксплуатацию, но не более 18 месяцев со дня отгрузки потребителю;Односедельный;Нормально открытый;Фланцевое;20;16;Чугун;23;По запросу;36480;Под заказ
"Клапан регулирующий односедельный ""после себя"" нормально открытый фланцевый 25ч41п DN 25 PN 1,6 Мпа У3 (Kvy - 16? м³/ч) с МИМ, корпус чугун";Клапаны регулирующие;25ч41п;Вода, воздух, пар, аммиак, нефть, жидкие нефтепродукты и углеводороды, масляные фракции и другие среды, в которых скорость коррозии материала корпуса не превышает 0,2мм в год;"1,6; 2,5; 4,0; 6,3; 10; 16";От -15 до +150;От -15 до +50;У3;A;ОТК;12;70000;10000;12 месяцев со дня ввода в эксплуатацию, но не более 18 месяцев со дня отгрузки потребителю;Односедельный;Нормально открытый;Фланцевое;25;16;Чугун;24;По запросу;38040;Под заказ
"Клапан регулирующий односедельный ""после себя"" нормально открытый фланцевый 25ч41п DN 32 PN 1,6 Мпа У3 (Kvy - 25? м³/ч) с МИМ, корпус чугун";Клапаны регулирующие;25ч41п;Вода, воздух, пар, аммиак, нефть, жидкие нефтепродукты и углеводороды, масляные фракции и другие среды, в которых скорость коррозии материала корпуса не превышает 0,2мм в год;"6,3; 10; 16; 25";От -15 до +150;От -15 до +50;У3;A;ОТК;12;70000;10000;12 месяцев со дня ввода в эксплуатацию, но не более 18 месяцев со дня отгрузки потребителю;Односедельный;Нормально открытый;Фланцевое;32;16;Чугун;27;По запросу;5040;Под заказ
"Клапан регулирующий односедельный ""после себя"" нормально открытый фланцевый 25ч41п DN 40 PN 1,6 Мпа У3 (Kvy - 40? м³/ч) с МИМ, корпус чугун";Клапаны регулирующие;25ч41п;Вода, воздух, пар, аммиак, нефть, жидкие нефтепродукты и углеводороды, масляные фракции и другие среды, в которых скорость коррозии материала корпуса не превышает 0,2мм в год;"10; 16; 25; 40";От -15 до +150;От -15 до +50;У3;A;ОТК;12;70000;10000;12 месяцев со дня ввода в эксплуатацию, но не более 18 месяцев со дня отгрузки потребителю;Односедельный;Нормально открытый;Фланцевое;40;16;Чугун;30;По запросу;50520;Под заказ
"Клапан регулирующий односедельный ""после себя"" нормально открытый фланцевый 25ч41п DN 50 PN 1,6 Мпа У3 (Kvy - 63? м³/ч) с МИМ, корпус чугун";Клапаны регулирующие;25ч41п;Вода, воздух, пар, аммиак, нефть, жидкие нефтепродукты и углеводороды, масляные фракции и другие среды, в которых скорость коррозии материала корпуса не превышает 0,2мм в год;"10; 16; 25; 40; 63";От -15 до +150;От -15 до +50;У3;A;ОТК;12;70000;10000;12 месяцев со дня ввода в эксплуатацию, но не более 18 месяцев со дня отгрузки потребителю;Односедельный;Нормально открытый;Фланцевое;50;16;Чугун;32;По запросу;53400;Под заказ
"Клапан регулирующий односедельный ""после себя"" нормально открытый фланцевый 25ч41п DN 65 PN 1,6 Мпа У3 (Kvy - 100? м³/ч) с МИМ, корпус чугун";Клапаны регулирующие;25ч41п;Вода, воздух, пар, аммиак, нефть, жидкие нефтепродукты и углеводороды, масляные фракции и другие среды, в которых скорость коррозии материала корпуса не превышает 0,2мм в год;"25; 40; 63; 100";От -15 до +150;От -15 до +50;У3;A;ОТК;12;70000;10000;12 месяцев со дня ввода в эксплуатацию, но не более 18 месяцев со дня отгрузки потребителю;Односедельный;Нормально открытый;Фланцевое;65;16;Чугун;55;По запросу;76920;Под заказ
"Клапан регулирующий односедельный ""после себя"" нормально открытый фланцевый 25ч41п DN 80 PN 1,6 Мпа У3 (Kvy - 160? м³/ч) с МИМ, корпус чугун";Клапаны регулирующие;25ч41п;Вода, воздух, пар, аммиак, нефть, жидкие нефтепродукты и углеводороды, масляные фракции и другие среды, в которых скорость коррозии материала корпуса не превышает 0,2мм в год;"40; 63; 100; 160";От -15 до +150;От -15 до +50;У3;A;ОТК;12;70000;10000;12 месяцев со дня ввода в эксплуатацию, но не более 18 месяцев со дня отгрузки потребителю;Односедельный;Нормально открытый;Фланцевое;80;16;Чугун;63;По запросу;86280;Под заказ
"Клапан регулирующий односедельный ""после себя"" нормально открытый фланцевый 25ч41п DN 100 PN 1,6 Мпа У3 (Kvy - 250? м³/ч) с МИМ, корпус чугун";Клапаны регулирующие;25ч41п;Вода, воздух, пар, аммиак, нефть, жидкие нефтепродукты и углеводороды, масляные фракции и другие среды, в которых скорость коррозии материала корпуса не превышает 0,2мм в год;"63; 100; 160; 250";От -15 до +150;От -15 до +50;У3;A;ОТК;12;70000;10000;12 месяцев со дня ввода в эксплуатацию, но не более 18 месяцев со дня отгрузки потребителю;Односедельный;Нормально открытый;Фланцевое;100;16;Чугун;72;По запросу;102000;Под заказ
"Клапан регулирующий односедельный ""после себя"" нормально открытый фланцевый 25ч41п DN 125 PN 1,6 Мпа У3 (Kvy - 320? м³/ч) с МИМ, корпус чугун";Клапаны регулирующие;25ч41п;Вода, воздух, пар, аммиак, нефть, жидкие нефтепродукты и углеводороды, масляные фракции и другие среды, в которых скорость коррозии материала корпуса не превышает 0,2мм в год;"100; 160; 250; 320";От -15 до +150;От -15 до +50;У3;A;ОТК;12;70000;10000;12 месяцев со дня ввода в эксплуатацию, но не более 18 месяцев со дня отгрузки потребителю;Односедельный;Нормально открытый;Фланцевое;125;16;Чугун;126;По запросу;124680;Под заказ
"Клапан регулирующий односедельный ""после себя"" нормально открытый фланцевый 25ч41п DN 150 PN 1,6 Мпа У3 (Kvy - 400? м³/ч) с МИМ, корпус чугун";Клапаны регулирующие;25ч41п;Вода, воздух, пар, аммиак, нефть, жидкие нефтепродукты и углеводороды, масляные фракции и другие среды, в которых скорость коррозии материала корпуса не превышает 0,2мм в год;"160; 250; 400";От -15 до +150;От -15 до +50;У3;A;ОТК;12;70000;10000;12 месяцев со дня ввода в эксплуатацию, но не более 18 месяцев со дня отгрузки потребителю;Односедельный;Нормально открытый;Фланцевое;150;16;Чугун;152;По запросу;181920;Под заказ
"Клапан регулирующий односедельный ""после себя"" нормально открытый фланцевый 25ч41п DN 200 PN 1,6 Мпа У3 (Kvy - 630? м³/ч) с МИМ, корпус чугун";Клапаны регулирующие;25ч41п;Вода, воздух, пар, аммиак, нефть, жидкие нефтепродукты и углеводороды, масляные фракции и другие среды, в которых скорость коррозии материала корпуса не превышает 0,2мм в год;"250; 400; 630";От -15 до +150;От -15 до +50;У3;A;ОТК;12;70000;10000;12 месяцев со дня ввода в эксплуатацию, но не более 18 месяцев со дня отгрузки потребителю;Односедельный;Нормально открытый;Фланцевое;200;16;Чугун;190;По запросу;235320;Под заказ
"Клапан регулирующий односедельный ""после себя"" нормально открытый фланцевый 25ч41п DN 250 PN 1,6 Мпа У3 (Kvy - ? м³/ч) с МИМ, корпус чугун";Клапаны регулирующие;25ч41п;Вода, воздух, пар, аммиак, нефть, жидкие нефтепродукты и углеводороды, масляные фракции и другие среды, в которых скорость коррозии материала корпуса не превышает 0,2мм в год;;От -15 до +150;От -15 до +50;У3;A;ОТК;12;70000;10000;12 месяцев со дня ввода в эксплуатацию, но не более 18 месяцев со дня отгрузки потребителю;Односедельный;Нормально открытый;Фланцевое;250;16;Чугун;320;По запросу;0;Под заказ
"Клапан регулирующий односедельный ""после себя"" нормально открытый фланцевый 25ч41п DN 300 PN 1,6 Мпа У3 (Kvy - ? м³/ч) с МИМ, корпус чугун";Клапаны регулирующие;25ч41п;Вода, воздух, пар, аммиак, нефть, жидкие нефтепродукты и углеводороды, масляные фракции и другие среды, в которых скорость коррозии материала корпуса не превышает 0,2мм в год;;От -15 до +150;От -15 до +50;У3;A;ОТК;12;70000;10000;12 месяцев со дня ввода в эксплуатацию, но не более 18 месяцев со дня отгрузки потребителю;Односедельный;Нормально открытый;Фланцевое;300;16;Чугун;390;По запросу;0;Под заказ
"Клапан регулирующий односедельный ""до себя"" нормально закрытый фланцевый 25ч42п DN 15 PN 1,6 Мпа У3 (Kvy - 4,0? м³/ч) с МИМ, корпус чугун";Клапаны регулирующие;25ч42п;Вода, воздух, пар, аммиак, нефть, жидкие нефтепродукты и углеводороды, масляные фракции и другие среды, в которых скорость коррозии материала корпуса не превышает 0,2мм в год;"0,1; 0,16; 0,25; 0,4; 0,6; 1,0; 1,6; 2,5; 3,2; 4,0";От -15 до +150;От -15 до +50;У3;A;ОТК;12;70000;10000;12 месяцев со дня ввода в эксплуатацию, но не более 18 месяцев со дня отгрузки потребителю;Односедельный;Нормально закрытый;Фланцевое;15;16;Чугун;22;По запросу;36120;Под заказ
"Клапан регулирующий односедельный ""до себя"" нормально закрытый фланцевый 25ч42п DN 20 PN 1,6 Мпа У3 (Kvy - 6,3? м³/ч) с МИМ, корпус чугун";Клапаны регулирующие;25ч42п;Вода, воздух, пар, аммиак, нефть, жидкие нефтепродукты и углеводороды, масляные фракции и другие среды, в которых скорость коррозии материала корпуса не превышает 0,2мм в год;"1,6; 2,5; 4,0; 6,3";От -15 до +150;От -15 до +50;У3;A;ОТК;12;70000;10000;12 месяцев со дня ввода в эксплуатацию, но не более 18 месяцев со дня отгрузки потребителю;Односедельный;Нормально закрытый;Фланцевое;20;16;Чугун;23;По запросу;36480;Под заказ
"Клапан регулирующий односедельный ""до себя"" нормально закрытый фланцевый 25ч42п DN 25 PN 1,6 Мпа У3 (Kvy - 16? м³/ч) с МИМ, корпус чугун";Клапаны регулирующие;25ч42п;Вода, воздух, пар, аммиак, нефть, жидкие нефтепродукты и углеводороды, масляные фракции и другие среды, в которых скорость коррозии материала корпуса не превышает 0,2мм в год;"1,6; 2,5; 4,0; 6,3; 10; 16";От -15 до +150;От -15 до +50;У3;A;ОТК;12;70000;10000;12 месяцев со дня ввода в эксплуатацию, но не более 18 месяцев со дня отгрузки потребителю;Односедельный;Нормально закрытый;Фланцевое;25;16;Чугун;24;По запросу;38040;Под заказ
"Клапан регулирующий односедельный ""до себя"" нормально закрытый фланцевый 25ч42п DN 32 PN 1,6 Мпа У3 (Kvy - 25? м³/ч) с МИМ, корпус чугун";Клапаны регулирующие;25ч42п;Вода, воздух, пар, аммиак, нефть, жидкие нефтепродукты и углеводороды, масляные фракции и другие среды, в которых скорость коррозии материала корпуса не превышает 0,2мм в год;"6,3; 10; 16; 25";От -15 до +150;От -15 до +50;У3;A;ОТК;12;70000;10000;12 месяцев со дня ввода в эксплуатацию, но не более 18 месяцев со дня отгрузки потребителю;Односедельный;Нормально закрытый;Фланцевое;32;16;Чугун;27;По запросу;5040;Под заказ
"Клапан регулирующий односедельный ""до себя"" нормально закрытый фланцевый 25ч42п DN 40 PN 1,6 Мпа У3 (Kvy - 40? м³/ч) с МИМ, корпус чугун";Клапаны регулирующие;25ч42п;Вода, воздух, пар, аммиак, нефть, жидкие нефтепродукты и углеводороды, масляные фракции и другие среды, в которых скорость коррозии материала корпуса не превышает 0,2мм в год;"10; 16; 25; 40";От -15 до +150;От -15 до +50;У3;A;ОТК;12;70000;10000;12 месяцев со дня ввода в эксплуатацию, но не более 18 месяцев со дня отгрузки потребителю;Односедельный;Нормально закрытый;Фланцевое;40;16;Чугун;30;По запросу;50520;Под заказ
"Клапан регулирующий односедельный ""до себя"" нормально закрытый фланцевый 25ч42п DN 50 PN 1,6 Мпа У3 (Kvy - 63? м³/ч) с МИМ, корпус чугун";Клапаны регулирующие;25ч42п;Вода, воздух, пар, аммиак, нефть, жидкие нефтепродукты и углеводороды, масляные фракции и другие среды, в которых скорость коррозии материала корпуса не превышает 0,2мм в год;"10; 16; 25; 40; 63";От -15 до +150;От -15 до +50;У3;A;ОТК;12;70000;10000;12 месяцев со дня ввода в эксплуатацию, но не более 18 месяцев со дня отгрузки потребителю;Односедельный;Нормально закрытый;Фланцевое;50;16;Чугун;32;По запросу;53400;Под заказ
"Клапан регулирующий односедельный ""до себя"" нормально закрытый фланцевый 25ч42п DN 65 PN 1,6 Мпа У3 (Kvy - 100? м³/ч) с МИМ, корпус чугун";Клапаны регулирующие;25ч42п;Вода, воздух, пар, аммиак, нефть, жидкие нефтепродукты и углеводороды, масляные фракции и другие среды, в которых скорость коррозии материала корпуса не превышает 0,2мм в год;"25; 40; 63; 100";От -15 до +150;От -15 до +50;У3;A;ОТК;12;70000;10000;12 месяцев со дня ввода в эксплуатацию, но не более 18 месяцев со дня отгрузки потребителю;Односедельный;Нормально закрытый;Фланцевое;65;16;Чугун;55;По запросу;76920;Под заказ
"Клапан регулирующий односедельный ""до себя"" нормально закрытый фланцевый 25ч42п DN 80 PN 1,6 Мпа У3 (Kvy - 160? м³/ч) с МИМ, корпус чугун";Клапаны регулирующие;25ч42п;Вода, воздух, пар, аммиак, нефть, жидкие нефтепродукты и углеводороды, масляные фракции и другие среды, в которых скорость коррозии материала корпуса не превышает 0,2мм в год;"40; 63; 100; 160";От -15 до +150;От -15 до +50;У3;A;ОТК;12;70000;10000;12 месяцев со дня ввода в эксплуатацию, но не более 18 месяцев со дня отгрузки потребителю;Односедельный;Нормально закрытый;Фланцевое;80;16;Чугун;63;По запросу;86280;Под заказ
"Клапан регулирующий односедельный ""до себя"" нормально закрытый фланцевый 25ч42п DN 100 PN 1,6 Мпа У3 (Kvy - 250? м³/ч) с МИМ, корпус чугун";Клапаны регулирующие;25ч42п;Вода, воздух, пар, аммиак, нефть, жидкие нефтепродукты и углеводороды, масляные фракции и другие среды, в которых скорость коррозии материала корпуса не превышает 0,2мм в год;"63; 100; 160; 250";От -15 до +150;От -15 до +50;У3;A;ОТК;12;70000;10000;12 месяцев со дня ввода в эксплуатацию, но не более 18 месяцев со дня отгрузки потребителю;Односедельный;Нормально закрытый;Фланцевое;100;16;Чугун;72;По запросу;102000;Под заказ
"Клапан регулирующий односедельный ""до себя"" нормально закрытый фланцевый 25ч42п DN 125 PN 1,6 Мпа У3 (Kvy - 320? м³/ч) с МИМ, корпус чугун";Клапаны регулирующие;25ч42п;Вода, воздух, пар, аммиак, нефть, жидкие нефтепродукты и углеводороды, масляные фракции и другие среды, в которых скорость коррозии материала корпуса не превышает 0,2мм в год;"100; 160; 250; 320";От -15 до +150;От -15 до +50;У3;A;ОТК;12;70000;10000;12 месяцев со дня ввода в эксплуатацию, но не более 18 месяцев со дня отгрузки потребителю;Односедельный;Нормально закрытый;Фланцевое;125;16;Чугун;126;По запросу;124680;Под заказ
"Клапан регулирующий односедельный ""до себя"" нормально закрытый фланцевый 25ч42п DN 150 PN 1,6 Мпа У3 (Kvy - 400? м³/ч) с МИМ, корпус чугун";Клапаны регулирующие;25ч42п;Вода, воздух, пар, аммиак, нефть, жидкие нефтепродукты и углеводороды, масляные фракции и другие среды, в которых скорость коррозии материала корпуса не превышает 0,2мм в год;"160; 250; 400";От -15 до +150;От -15 до +50;У3;A;ОТК;12;70000;10000;12 месяцев со дня ввода в эксплуатацию, но не более 18 месяцев со дня отгрузки потребителю;Односедельный;Нормально закрытый;Фланцевое;150;16;Чугун;152;По запросу;181920;Под заказ
"Клапан регулирующий односедельный ""до себя"" нормально закрытый фланцевый 25ч42п DN 200 PN 1,6 Мпа У3 (Kvy - 630? м³/ч) с МИМ, корпус чугун";Клапаны регулирующие;25ч42п;Вода, воздух, пар, аммиак, нефть, жидкие нефтепродукты и углеводороды, масляные фракции и другие среды, в которых скорость коррозии материала корпуса не превышает 0,2мм в год;"250; 400; 630";От -15 до +150;От -15 до +50;У3;A;ОТК;12;70000;10000;12 месяцев со дня ввода в эксплуатацию, но не более 18 месяцев со дня отгрузки потребителю;Односедельный;Нормально закрытый;Фланцевое;200;16;Чугун;190;По запросу;235320;Под заказ
"Клапан регулирующий односедельный ""до себя"" нормально закрытый фланцевый 25ч42п DN 250 PN 1,6 Мпа У3 (Kvy - ? м³/ч) с МИМ, корпус чугун";Клапаны регулирующие;25ч42п;Вода, воздух, пар, аммиак, нефть, жидкие нефтепродукты и углеводороды, масляные фракции и другие среды, в которых скорость коррозии материала корпуса не превышает 0,2мм в год;;От -15 до +150;От -15 до +50;У3;A;ОТК;12;70000;10000;12 месяцев со дня ввода в эксплуатацию, но не более 18 месяцев со дня отгрузки потребителю;Односедельный;Нормально закрытый;Фланцевое;250;16;Чугун;320;По запросу;0;Под заказ
"Клапан регулирующий односедельный ""до себя"" нормально закрытый фланцевый 25ч42п DN 300 PN 1,6 Мпа У3 (Kvy - ? м³/ч) с МИМ, корпус чугун";Клапаны регулирующие;25ч42п;Вода, воздух, пар, аммиак, нефть, жидкие нефтепродукты и углеводороды, масляные фракции и другие среды, в которых скорость коррозии материала корпуса не превышает 0,2мм в год;;От -15 до +150;От -15 до +50;У3;A;ОТК;12;70000;10000;12 месяцев со дня ввода в эксплуатацию, но не более 18 месяцев со дня отгрузки потребителю;Односедельный;Нормально закрытый;Фланцевое;300;16;Чугун;390;По запросу;0;Под заказ
"Клапан регулирующий односедельный ""после себя"" нормально открытый фланцевый 25ч41нж DN 15 PN 1,6 Мпа У3 (Kvy - 4,0? м³/ч) с МИМ, корпус чугун";Клапаны регулирующие;25ч41нж;Вода, воздух, пар, аммиак, нефть, жидкие нефтепродукты и углеводороды, масляные фракции и другие среды, в которых скорость коррозии материала корпуса не превышает 0,2мм в год;"0,1; 0,16; 0,25; 0,4; 0,6; 1,0; 1,6; 2,5; 3,2; 4,0";От -15 до +300;От -15 до +50;У3;C;ОТК;12;70000;10000;12 месяцев со дня ввода в эксплуатацию, но не более 18 месяцев со дня отгрузки потребителю;Односедельный;Нормально открытый;Фланцевое;15;16;Чугун;22;По запросу;36120;Под заказ
"Клапан регулирующий односедельный ""после себя"" нормально открытый фланцевый 25ч41нж DN 20 PN 1,6 Мпа У3 (Kvy - 6,3? м³/ч) с МИМ, корпус чугун";Клапаны регулирующие;25ч41нж;Вода, воздух, пар, аммиак, нефть, жидкие нефтепродукты и углеводороды, масляные фракции и другие среды, в которых скорость коррозии материала корпуса не превышает 0,2мм в год;"1,6; 2,5; 4,0; 6,3";От -15 до +300;От -15 до +50;У3;C;ОТК;12;70000;10000;12 месяцев со дня ввода в эксплуатацию, но не более 18 месяцев со дня отгрузки потребителю;Односедельный;Нормально открытый;Фланцевое;20;16;Чугун;23;По запросу;36480;Под заказ
"Клапан регулирующий односедельный ""после себя"" нормально открытый фланцевый 25ч41нж DN 25 PN 1,6 Мпа У3 (Kvy - 16? м³/ч) с МИМ, корпус чугун";Клапаны регулирующие;25ч41нж;Вода, воздух, пар, аммиак, нефть, жидкие нефтепродукты и углеводороды, масляные фракции и другие среды, в которых скорость коррозии материала корпуса не превышает 0,2мм в год;"1,6; 2,5; 4,0; 6,3; 10; 16";От -15 до +300;От -15 до +50;У3;C;ОТК;12;70000;10000;12 месяцев со дня ввода в эксплуатацию, но не более 18 месяцев со дня отгрузки потребителю;Односедельный;Нормально открытый;Фланцевое;25;16;Чугун;24;По запросу;38040;Под заказ
"Клапан регулирующий односедельный ""после себя"" нормально открытый фланцевый 25ч41нж DN 32 PN 1,6 Мпа У3 (Kvy - 25? м³/ч) с МИМ, корпус чугун";Клапаны регулирующие;25ч41нж;Вода, воздух, пар, аммиак, нефть, жидкие нефтепродукты и углеводороды, масляные фракции и другие среды, в которых скорость коррозии материала корпуса не превышает 0,2мм в год;"6,3; 10; 16; 25";От -15 до +300;От -15 до +50;У3;C;ОТК;12;70000;10000;12 месяцев со дня ввода в эксплуатацию, но не более 18 месяцев со дня отгрузки потребителю;Односедельный;Нормально открытый;Фланцевое;32;16;Чугун;27;По запросу;5040;Под заказ
"Клапан регулирующий односедельный ""после себя"" нормально открытый фланцевый 25ч41нж DN 40 PN 1,6 Мпа У3 (Kvy - 40? м³/ч) с МИМ, корпус чугун";Клапаны регулирующие;25ч41нж;Вода, воздух, пар, аммиак, нефть, жидкие нефтепродукты и углеводороды, масляные фракции и другие среды, в которых скорость коррозии материала корпуса не превышает 0,2мм в год;"10; 16; 25; 40";От -15 до +300;От -15 до +50;У3;C;ОТК;12;70000;10000;12 месяцев со дня ввода в эксплуатацию, но не более 18 месяцев со дня отгрузки потребителю;Односедельный;Нормально открытый;Фланцевое;40;16;Чугун;30;По запросу;50520;Под заказ
"Клапан регулирующий односедельный ""после себя"" нормально открытый фланцевый 25ч41нж DN 50 PN 1,6 Мпа У3 (Kvy - 63? м³/ч) с МИМ, корпус чугун";Клапаны регулирующие;25ч41нж;Вода, воздух, пар, аммиак, нефть, жидкие нефтепродукты и углеводороды, масляные фракции и другие среды, в которых скорость коррозии материала корпуса не превышает 0,2мм в год;"10; 16; 25; 40; 63";От -15 до +300;От -15 до +50;У3;C;ОТК;12;70000;10000;12 месяцев со дня ввода в эксплуатацию, но не более 18 месяцев со дня отгрузки потребителю;Односедельный;Нормально открытый;Фланцевое;50;16;Чугун;32;По запросу;53400;Под заказ
"Клапан регулирующий односедельный ""после себя"" нормально открытый фланцевый 25ч41нж DN 65 PN 1,6 Мпа У3 (Kvy - 100? м³/ч) с МИМ, корпус чугун";Клапаны регулирующие;25ч41нж;Вода, воздух, пар, аммиак, нефть, жидкие нефтепродукты и углеводороды, масляные фракции и другие среды, в которых скорость коррозии материала корпуса не превышает 0,2мм в год;"25; 40; 63; 100";От -15 до +300;От -15 до +50;У3;C;ОТК;12;70000;10000;12 месяцев со дня ввода в эксплуатацию, но не более 18 месяцев со дня отгрузки потребителю;Односедельный;Нормально открытый;Фланцевое;65;16;Чугун;55;По запросу;76920;Под заказ
"Клапан регулирующий односедельный ""после себя"" нормально открытый фланцевый 25ч41нж DN 80 PN 1,6 Мпа У3 (Kvy - 160? м³/ч) с МИМ, корпус чугун";Клапаны регулирующие;25ч41нж;Вода, воздух, пар, аммиак, нефть, жидкие нефтепродукты и углеводороды, масляные фракции и другие среды, в которых скорость коррозии материала корпуса не превышает 0,2мм в год;"40; 63; 100; 160";От -15 до +300;От -15 до +50;У3;C;ОТК;12;70000;10000;12 месяцев со дня ввода в эксплуатацию, но не более 18 месяцев со дня отгрузки потребителю;Односедельный;Нормально открытый;Фланцевое;80;16;Чугун;63;По запросу;86280;Под заказ
"Клапан регулирующий односедельный ""после себя"" нормально открытый фланцевый 25ч41нж DN 100 PN 1,6 Мпа У3 (Kvy - 250? м³/ч) с МИМ, корпус чугун";Клапаны регулирующие;25ч41нж;Вода, воздух, пар, аммиак, нефть, жидкие нефтепродукты и углеводороды, масляные фракции и другие среды, в которых скорость коррозии материала корпуса не превышает 0,2мм в год;"63; 100; 160; 250";От -15 до +300;От -15 до +50;У3;C;ОТК;12;70000;10000;12 месяцев со дня ввода в эксплуатацию, но не более 18 месяцев со дня отгрузки потребителю;Односедельный;Нормально открытый;Фланцевое;100;16;Чугун;72;По запросу;102000;Под заказ
"Клапан регулирующий односедельный ""после себя"" нормально открытый фланцевый 25ч41нж DN 125 PN 1,6 Мпа У3 (Kvy - 320? м³/ч) с МИМ, корпус чугун";Клапаны регулирующие;25ч41нж;Вода, воздух, пар, аммиак, нефть, жидкие нефтепродукты и углеводороды, масляные фракции и другие среды, в которых скорость коррозии материала корпуса не превышает 0,2мм в год;"100; 160; 250; 320";От -15 до +300;От -15 до +50;У3;C;ОТК;12;70000;10000;12 месяцев со дня ввода в эксплуатацию, но не более 18 месяцев со дня отгрузки потребителю;Односедельный;Нормально открытый;Фланцевое;125;16;Чугун;126;По запросу;124680;Под заказ
"Клапан регулирующий односедельный ""после себя"" нормально открытый фланцевый 25ч41нж DN 150 PN 1,6 Мпа У3 (Kvy - 400? м³/ч) с МИМ, корпус чугун";Клапаны регулирующие;25ч41нж;Вода, воздух, пар, аммиак, нефть, жидкие нефтепродукты и углеводороды, масляные фракции и другие среды, в которых скорость коррозии материала корпуса не превышает 0,2мм в год;"160; 250; 400";От -15 до +300;От -15 до +50;У3;C;ОТК;12;70000;10000;12 месяцев со дня ввода в эксплуатацию, но не более 18 месяцев со дня отгрузки потребителю;Односедельный;Нормально открытый;Фланцевое;150;16;Чугун;152;По запросу;181920;Под заказ
"Клапан регулирующий односедельный ""после себя"" нормально открытый фланцевый 25ч41нж DN 200 PN 1,6 Мпа У3 (Kvy - 630? м³/ч) с МИМ, корпус чугун";Клапаны регулирующие;25ч41нж;Вода, воздух, пар, аммиак, нефть, жидкие нефтепродукты и углеводороды, масляные фракции и другие среды, в которых скорость коррозии материала корпуса не превышает 0,2мм в год;"250; 400; 630";От -15 до +300;От -15 до +50;У3;C;ОТК;12;70000;10000;12 месяцев со дня ввода в эксплуатацию, но не более 18 месяцев со дня отгрузки потребителю;Односедельный;Нормально открытый;Фланцевое;200;16;Чугун;190;По запросу;235320;Под заказ
"Клапан регулирующий односедельный ""после себя"" нормально открытый фланцевый 25ч41нж DN 250 PN 1,6 Мпа У3 (Kvy - ? м³/ч) с МИМ, корпус чугун";Клапаны регулирующие;25ч41нж;Вода, воздух, пар, аммиак, нефть, жидкие нефтепродукты и углеводороды, масляные фракции и другие среды, в которых скорость коррозии материала корпуса не превышает 0,2мм в год;;От -15 до +300;От -15 до +50;У3;C;ОТК;12;70000;10000;12 месяцев со дня ввода в эксплуатацию, но не более 18 месяцев со дня отгрузки потребителю;Односедельный;Нормально открытый;Фланцевое;250;16;Чугун;320;По запросу;0;Под заказ
"Клапан регулирующий односедельный ""после себя"" нормально открытый фланцевый 25ч41нж DN 300 PN 1,6 Мпа У3 (Kvy - ? м³/ч) с МИМ, корпус чугун";Клапаны регулирующие;25ч41нж;Вода, воздух, пар, аммиак, нефть, жидкие нефтепродукты и углеводороды, масляные фракции и другие среды, в которых скорость коррозии материала корпуса не превышает 0,2мм в год;;От -15 до +300;От -15 до +50;У3;C;ОТК;12;70000;10000;12 месяцев со дня ввода в эксплуатацию, но не более 18 месяцев со дня отгрузки потребителю;Односедельный;Нормально открытый;Фланцевое;300;16;Чугун;390;По запросу;0;Под заказ
"Клапан регулирующий односедельный ""до себя"" нормально закрытый фланцевый 25ч42нж DN 15 PN 1,6 Мпа У3 (Kvy - ? м³/ч) с МИМ, корпус чугун";Клапаны регулирующие;25ч42нж;Вода, воздух, пар, аммиак, нефть, жидкие нефтепродукты и углеводороды, масляные фракции и другие среды, в которых скорость коррозии материала корпуса не превышает 0,2мм в год;"0,1; 0,16; 0,25; 0,4; 0,6; 1,0; 1,6; 2,5; 3,2; 4,0";От -15 до +300;От -15 до +50;У3;C;ОТК;12;70000;10000;12 месяцев со дня ввода в эксплуатацию, но не более 18 месяцев со дня отгрузки потребителю;Односедельный;Нормально закрытый;Фланцевое;15;16;Чугун;22;По запросу;36120;Под заказ
"Клапан регулирующий односедельный ""до себя"" нормально закрытый фланцевый 25ч42нж DN 20 PN 1,6 Мпа У3 (Kvy - 4,0? м³/ч) с МИМ, корпус чугун";Клапаны регулирующие;25ч42нж;Вода, воздух, пар, аммиак, нефть, жидкие нефтепродукты и углеводороды, масляные фракции и другие среды, в которых скорость коррозии материала корпуса не превышает 0,2мм в год;"1,6; 2,5; 4,0; 6,3";От -15 до +300;От -15 до +50;У3;C;ОТК;12;70000;10000;12 месяцев со дня ввода в эксплуатацию, но не более 18 месяцев со дня отгрузки потребителю;Односедельный;Нормально закрытый;Фланцевое;20;16;Чугун;23;По запросу;36480;Под заказ
"Клапан регулирующий односедельный ""до себя"" нормально закрытый фланцевый 25ч42нж DN 25 PN 1,6 Мпа У3 (Kvy - 6,3? м³/ч) с МИМ, корпус чугун";Клапаны регулирующие;25ч42нж;Вода, воздух, пар, аммиак, нефть, жидкие нефтепродукты и углеводороды, масляные фракции и другие среды, в которых скорость коррозии материала корпуса не превышает 0,2мм в год;"1,6; 2,5; 4,0; 6,3; 10; 16";От -15 до +300;От -15 до +50;У3;C;ОТК;12;70000;10000;12 месяцев со дня ввода в эксплуатацию, но не более 18 месяцев со дня отгрузки потребителю;Односедельный;Нормально закрытый;Фланцевое;25;16;Чугун;24;По запросу;38040;Под заказ
"Клапан регулирующий односедельный ""до себя"" нормально закрытый фланцевый 25ч42нж DN 32 PN 1,6 Мпа У3 (Kvy - 16? м³/ч) с МИМ, корпус чугун";Клапаны регулирующие;25ч42нж;Вода, воздух, пар, аммиак, нефть, жидкие нефтепродукты и углеводороды, масляные фракции и другие среды, в которых скорость коррозии материала корпуса не превышает 0,2мм в год;"6,3; 10; 16; 25";От -15 до +300;От -15 до +50;У3;C;ОТК;12;70000;10000;12 месяцев со дня ввода в эксплуатацию, но не более 18 месяцев со дня отгрузки потребителю;Односедельный;Нормально закрытый;Фланцевое;32;16;Чугун;27;По запросу;5040;Под заказ
"Клапан регулирующий односедельный ""до себя"" нормально закрытый фланцевый 25ч42нж DN 40 PN 1,6 Мпа У3 (Kvy - 40? м³/ч) с МИМ, корпус чугун";Клапаны регулирующие;25ч42нж;Вода, воздух, пар, аммиак, нефть, жидкие нефтепродукты и углеводороды, масляные фракции и другие среды, в которых скорость коррозии материала корпуса не превышает 0,2мм в год;"10; 16; 25; 40";От -15 до +300;От -15 до +50;У3;C;ОТК;12;70000;10000;12 месяцев со дня ввода в эксплуатацию, но не более 18 месяцев со дня отгрузки потребителю;Односедельный;Нормально закрытый;Фланцевое;40;16;Чугун;30;По запросу;50520;Под заказ
"Клапан регулирующий односедельный ""до себя"" нормально закрытый фланцевый 25ч42нж DN 50 PN 1,6 Мпа У3 (Kvy - 63? м³/ч) с МИМ, корпус чугун";Клапаны регулирующие;25ч42нж;Вода, воздух, пар, аммиак, нефть, жидкие нефтепродукты и углеводороды, масляные фракции и другие среды, в которых скорость коррозии материала корпуса не превышает 0,2мм в год;"10; 16; 25; 40; 63";От -15 до +300;От -15 до +50;У3;C;ОТК;12;70000;10000;12 месяцев со дня ввода в эксплуатацию, но не более 18 месяцев со дня отгрузки потребителю;Односедельный;Нормально закрытый;Фланцевое;50;16;Чугун;32;По запросу;53400;Под заказ
"Клапан регулирующий односедельный ""до себя"" нормально закрытый фланцевый 25ч42нж DN 65 PN 1,6 Мпа У3 (Kvy - 100? м³/ч) с МИМ, корпус чугун";Клапаны регулирующие;25ч42нж;Вода, воздух, пар, аммиак, нефть, жидкие нефтепродукты и углеводороды, масляные фракции и другие среды, в которых скорость коррозии материала корпуса не превышает 0,2мм в год;"25; 40; 63; 100";От -15 до +300;От -15 до +50;У3;C;ОТК;12;70000;10000;12 месяцев со дня ввода в эксплуатацию, но не более 18 месяцев со дня отгрузки потребителю;Односедельный;Нормально закрытый;Фланцевое;65;16;Чугун;55;По запросу;76920;Под заказ
"Клапан регулирующий односедельный ""до себя"" нормально закрытый фланцевый 25ч42нж DN 80 PN 1,6 Мпа У3 (Kvy - 160? м³/ч) с МИМ, корпус чугун";Клапаны регулирующие;25ч42нж;Вода, воздух, пар, аммиак, нефть, жидкие нефтепродукты и углеводороды, масляные фракции и другие среды, в которых скорость коррозии материала корпуса не превышает 0,2мм в год;"40; 63; 100; 160";От -15 до +300;От -15 до +50;У3;C;ОТК;12;70000;10000;12 месяцев со дня ввода в эксплуатацию, но не более 18 месяцев со дня отгрузки потребителю;Односедельный;Нормально закрытый;Фланцевое;80;16;Чугун;63;По запросу;86280;Под заказ
"Клапан регулирующий односедельный ""до себя"" нормально закрытый фланцевый 25ч42нж DN 100 PN 1,6 Мпа У3 (Kvy - 250? м³/ч) с МИМ, корпус чугун";Клапаны регулирующие;25ч42нж;Вода, воздух, пар, аммиак, нефть, жидкие нефтепродукты и углеводороды, масляные фракции и другие среды, в которых скорость коррозии материала корпуса не превышает 0,2мм в год;"63; 100; 160; 250";От -15 до +300;От -15 до +50;У3;C;ОТК;12;70000;10000;12 месяцев со дня ввода в эксплуатацию, но не более 18 месяцев со дня отгрузки потребителю;Односедельный;Нормально закрытый;Фланцевое;100;16;Чугун;72;По запросу;102000;Под заказ
"Клапан регулирующий односедельный ""до себя"" нормально закрытый фланцевый 25ч42нж DN 125 PN 1,6 Мпа У3 (Kvy - 320? м³/ч) с МИМ, корпус чугун";Клапаны регулирующие;25ч42нж;Вода, воздух, пар, аммиак, нефть, жидкие нефтепродукты и углеводороды, масляные фракции и другие среды, в которых скорость коррозии материала корпуса не превышает 0,2мм в год;"100; 160; 250; 320";От -15 до +300;От -15 до +50;У3;C;ОТК;12;70000;10000;12 месяцев со дня ввода в эксплуатацию, но не более 18 месяцев со дня отгрузки потребителю;Односедельный;Нормально закрытый;Фланцевое;125;16;Чугун;126;По запросу;124680;Под заказ
"Клапан регулирующий односедельный ""до себя"" нормально закрытый фланцевый 25ч42нж DN 150 PN 1,6 Мпа У3 (Kvy - 400? м³/ч) с МИМ, корпус чугун";Клапаны регулирующие;25ч42нж;Вода, воздух, пар, аммиак, нефть, жидкие нефтепродукты и углеводороды, масляные фракции и другие среды, в которых скорость коррозии материала корпуса не превышает 0,2мм в год;"160; 250; 400";От -15 до +300;От -15 до +50;У3;C;ОТК;12;70000;10000;12 месяцев со дня ввода в эксплуатацию, но не более 18 месяцев со дня отгрузки потребителю;Односедельный;Нормально закрытый;Фланцевое;150;16;Чугун;152;По запросу;181920;Под заказ
"Клапан регулирующий односедельный ""до себя"" нормально закрытый фланцевый 25ч42нж DN 200 PN 1,6 Мпа У3 (Kvy - 630? м³/ч) с МИМ, корпус чугун";Клапаны регулирующие;25ч42нж;Вода, воздух, пар, аммиак, нефть, жидкие нефтепродукты и углеводороды, масляные фракции и другие среды, в которых скорость коррозии материала корпуса не превышает 0,2мм в год;"250; 400; 630";От -15 до +300;От -15 до +50;У3;C;ОТК;12;70000;10000;12 месяцев со дня ввода в эксплуатацию, но не более 18 месяцев со дня отгрузки потребителю;Односедельный;Нормально закрытый;Фланцевое;200;16;Чугун;190;По запросу;235320;Под заказ
"Клапан регулирующий односедельный ""до себя"" нормально закрытый фланцевый 25ч42нж DN 250 PN 1,6 Мпа У3 (Kvy - ? м³/ч) с МИМ, корпус чугун";Клапаны регулирующие;25ч42нж;Вода, воздух, пар, аммиак, нефть, жидкие нефтепродукты и углеводороды, масляные фракции и другие среды, в которых скорость коррозии материала корпуса не превышает 0,2мм в год;;От -15 до +300;От -15 до +50;У3;C;ОТК;12;70000;10000;12 месяцев со дня ввода в эксплуатацию, но не более 18 месяцев со дня отгрузки потребителю;Односедельный;Нормально закрытый;Фланцевое;250;16;Чугун;320;По запросу;0;Под заказ
"Клапан регулирующий односедельный ""до себя"" нормально закрытый фланцевый 25ч42нж DN 300 PN 1,6 Мпа У3 (Kvy - ? м³/ч) с МИМ, корпус чугун";Клапаны регулирующие;25ч42нж;Вода, воздух, пар, аммиак, нефть, жидкие нефтепродукты и углеводороды, масляные фракции и другие среды, в которых скорость коррозии материала корпуса не превышает 0,2мм в год;;От -15 до +300;От -15 до +50;У3;C;ОТК;12;70000;10000;12 месяцев со дня ввода в эксплуатацию, но не более 18 месяцев со дня отгрузки потребителю;Односедельный;Нормально закрытый;Фланцевое;300;16;Чугун;390;По запросу;0;Под заказ
"Клапан регулирующий односедельный  ""после себя"" нормально открытый фланцевый 25с47п DN 15 PN 1,6 Мпа У1 (Kvy - 4,0? м³/ч) с МИМ, корпус ст. 25Л";Клапаны регулирующие;25с47п;Жидкие и газообразные среды, нейтральные к материалам деталей, соприкасающихся со средой (вода, пар, воздух, природный газ, мазут и другие жидкие нефтепродукты, газообразные и жидкие углеводородные смеси, масляные фракции и другие среды);"0,1; 0,16; 0,25; 0,4; 0,6; 1,0; 1,6; 2,5; 3,2; 4,0";От -15 до +150;От -30 до +50;У1;A;ОТК;12;70000;10000;12 месяцев со дня ввода в эксплуатацию, но не более 18 месяцев со дня отгрузки потребителю;Односедельный;Нормально открытый;Фланцевое;15;16;Углеродистая сталь;22;По запросу;37840;Под заказ
"Клапан регулирующий односедельный  ""после себя"" нормально открытый фланцевый 25с47п DN 20 PN 1,6 Мпа У1 (Kvy - 6,3? м³/ч) с МИМ, корпус ст. 25Л";Клапаны регулирующие;25с47п;Жидкие и газообразные среды, нейтральные к материалам деталей, соприкасающихся со средой (вода, пар, воздух, природный газ, мазут и другие жидкие нефтепродукты, газообразные и жидкие углеводородные смеси, масляные фракции и другие среды);"1,6; 2,5; 4,0; 6,3";От -15 до +150;От -30 до +50;У1;A;ОТК;12;70000;10000;12 месяцев со дня ввода в эксплуатацию, но не более 18 месяцев со дня отгрузки потребителю;Односедельный;Нормально открытый;Фланцевое;20;16;Углеродистая сталь;23;По запросу;38060;Под заказ
"Клапан регулирующий односедельный  ""после себя"" нормально открытый фланцевый 25с47п DN 25 PN 1,6 Мпа У1 (Kvy - 16? м³/ч) с МИМ, корпус ст. 25Л";Клапаны регулирующие;25с47п;Жидкие и газообразные среды, нейтральные к материалам деталей, соприкасающихся со средой (вода, пар, воздух, природный газ, мазут и другие жидкие нефтепродукты, газообразные и жидкие углеводородные смеси, масляные фракции и другие среды);"1,6; 2,5; 4,0; 6,3; 10; 16";От -15 до +150;От -30 до +50;У1;A;ОТК;12;70000;10000;12 месяцев со дня ввода в эксплуатацию, но не более 18 месяцев со дня отгрузки потребителю;Односедельный;Нормально открытый;Фланцевое;25;16;Углеродистая сталь;24;По запросу;40260;Под заказ
"Клапан регулирующий односедельный  ""после себя"" нормально открытый фланцевый 25с47п DN 32 PN 1,6 Мпа У1 (Kvy - 25? м³/ч) с МИМ, корпус ст. 25Л";Клапаны регулирующие;25с47п;Жидкие и газообразные среды, нейтральные к материалам деталей, соприкасающихся со средой (вода, пар, воздух, природный газ, мазут и другие жидкие нефтепродукты, газообразные и жидкие углеводородные смеси, масляные фракции и другие среды);"6,3; 10; 16; 25";От -15 до +150;От -30 до +50;У1;A;ОТК;12;70000;10000;12 месяцев со дня ввода в эксплуатацию, но не более 18 месяцев со дня отгрузки потребителю;Односедельный;Нормально открытый;Фланцевое;32;16;Углеродистая сталь;27;По запросу;50380;Под заказ
"Клапан регулирующий односедельный  ""после себя"" нормально открытый фланцевый 25с47п DN 40 PN 1,6 Мпа У1 (Kvy - 40? м³/ч) с МИМ, корпус ст. 25Л";Клапаны регулирующие;25с47п;Жидкие и газообразные среды, нейтральные к материалам деталей, соприкасающихся со средой (вода, пар, воздух, природный газ, мазут и другие жидкие нефтепродукты, газообразные и жидкие углеводородные смеси, масляные фракции и другие среды);"10; 16; 25; 40";От -15 до +150;От -30 до +50;У1;A;ОТК;12;70000;10000;12 месяцев со дня ввода в эксплуатацию, но не более 18 месяцев со дня отгрузки потребителю;Односедельный;Нормально открытый;Фланцевое;40;16;Углеродистая сталь;30;По запросу;51260;Под заказ
"Клапан регулирующий односедельный  ""после себя"" нормально открытый фланцевый 25с47п DN 50 PN 1,6 Мпа У1 (Kvy - 63? м³/ч) с МИМ, корпус ст. 25Л";Клапаны регулирующие;25с47п;Жидкие и газообразные среды, нейтральные к материалам деталей, соприкасающихся со средой (вода, пар, воздух, природный газ, мазут и другие жидкие нефтепродукты, газообразные и жидкие углеводородные смеси, масляные фракции и другие среды);"10; 16; 25; 40; 63";От -15 до +150;От -30 до +50;У1;A;ОТК;12;70000;10000;12 месяцев со дня ввода в эксплуатацию, но не более 18 месяцев со дня отгрузки потребителю;Односедельный;Нормально открытый;Фланцевое;50;16;Углеродистая сталь;32;По запросу;56100;Под заказ
"Клапан регулирующий односедельный  ""после себя"" нормально открытый фланцевый 25с47п DN 65 PN 1,6 Мпа У1 (Kvy - 100? м³/ч) с МИМ, корпус ст. 25Л";Клапаны регулирующие;25с47п;Жидкие и газообразные среды, нейтральные к материалам деталей, соприкасающихся со средой (вода, пар, воздух, природный газ, мазут и другие жидкие нефтепродукты, газообразные и жидкие углеводородные смеси, масляные фракции и другие среды);"25; 40; 63; 100";От -15 до +150;От -30 до +50;У1;A;ОТК;12;70000;10000;12 месяцев со дня ввода в эксплуатацию, но не более 18 месяцев со дня отгрузки потребителю;Односедельный;Нормально открытый;Фланцевое;65;16;Углеродистая сталь;55;По запросу;80520;Под заказ
"Клапан регулирующий односедельный  ""после себя"" нормально открытый фланцевый 25с47п DN 80 PN 1,6 Мпа У1 (Kvy - 160? м³/ч) с МИМ, корпус ст. 25Л";Клапаны регулирующие;25с47п;Жидкие и газообразные среды, нейтральные к материалам деталей, соприкасающихся со средой (вода, пар, воздух, природный газ, мазут и другие жидкие нефтепродукты, газообразные и жидкие углеводородные смеси, масляные фракции и другие среды);"40; 63; 100; 160";От -15 до +150;От -30 до +50;У1;A;ОТК;12;70000;10000;12 месяцев со дня ввода в эксплуатацию, но не более 18 месяцев со дня отгрузки потребителю;Односедельный;Нормально открытый;Фланцевое;80;16;Углеродистая сталь;63;По запросу;92070;Под заказ
"Клапан регулирующий односедельный  ""после себя"" нормально открытый фланцевый 25с47п DN 100 PN 1,6 Мпа У1 (Kvy - 250? м³/ч) с МИМ, корпус ст. 25Л";Клапаны регулирующие;25с47п;Жидкие и газообразные среды, нейтральные к материалам деталей, соприкасающихся со средой (вода, пар, воздух, природный газ, мазут и другие жидкие нефтепродукты, газообразные и жидкие углеводородные смеси, масляные фракции и другие среды);"63; 100; 160; 250";От -15 до +150;От -30 до +50;У1;A;ОТК;12;70000;10000;12 месяцев со дня ввода в эксплуатацию, но не более 18 месяцев со дня отгрузки потребителю;Односедельный;Нормально открытый;Фланцевое;100;16;Углеродистая сталь;72;По запросу;107030;Под заказ
"Клапан регулирующий односедельный  ""после себя"" нормально открытый фланцевый 25с47п DN 125 PN 1,6 Мпа У1 (Kvy - 320? м³/ч) с МИМ, корпус ст. 25Л";Клапаны регулирующие;25с47п;Жидкие и газообразные среды, нейтральные к материалам деталей, соприкасающихся со средой (вода, пар, воздух, природный газ, мазут и другие жидкие нефтепродукты, газообразные и жидкие углеводородные смеси, масляные фракции и другие среды);"100; 160; 250; 320";От -15 до +150;От -30 до +50;У1;A;ОТК;12;70000;10000;12 месяцев со дня ввода в эксплуатацию, но не более 18 месяцев со дня отгрузки потребителю;Односедельный;Нормально открытый;Фланцевое;125;16;Углеродистая сталь;126;По запросу;162800;Под заказ
"Клапан регулирующий односедельный  ""после себя"" нормально открытый фланцевый 25с47п DN 150 PN 1,6 Мпа У1 (Kvy - 400? м³/ч) с МИМ, корпус ст. 25Л";Клапаны регулирующие;25с47п;Жидкие и газообразные среды, нейтральные к материалам деталей, соприкасающихся со средой (вода, пар, воздух, природный газ, мазут и другие жидкие нефтепродукты, газообразные и жидкие углеводородные смеси, масляные фракции и другие среды);"160; 250; 400";От -15 до +150;От -30 до +50;У1;A;ОТК;12;70000;10000;12 месяцев со дня ввода в эксплуатацию, но не более 18 месяцев со дня отгрузки потребителю;Односедельный;Нормально открытый;Фланцевое;150;16;Углеродистая сталь;152;По запросу;191840;Под заказ
"Клапан регулирующий односедельный  ""после себя"" нормально открытый фланцевый 25с47п DN 200 PN 1,6 Мпа У1 (Kvy - 630? м³/ч) с МИМ, корпус ст. 25Л";Клапаны регулирующие;25с47п;Жидкие и газообразные среды, нейтральные к материалам деталей, соприкасающихся со средой (вода, пар, воздух, природный газ, мазут и другие жидкие нефтепродукты, газообразные и жидкие углеводородные смеси, масляные фракции и другие среды);"250; 400; 630";От -15 до +150;От -30 до +50;У1;A;ОТК;12;70000;10000;12 месяцев со дня ввода в эксплуатацию, но не более 18 месяцев со дня отгрузки потребителю;Односедельный;Нормально открытый;Фланцевое;200;16;Углеродистая сталь;190;По запросу;248160;Под заказ
"Клапан регулирующий односедельный  ""после себя"" нормально открытый фланцевый 25с47п DN 250 PN 1,6 Мпа У1 (Kvy - ? м³/ч) с МИМ, корпус ст. 25Л";Клапаны регулирующие;25с47п;Жидкие и газообразные среды, нейтральные к материалам деталей, соприкасающихся со средой (вода, пар, воздух, природный газ, мазут и другие жидкие нефтепродукты, газообразные и жидкие углеводородные смеси, масляные фракции и другие среды);;От -15 до +150;От -30 до +50;У1;A;ОТК;12;70000;10000;12 месяцев со дня ввода в эксплуатацию, но не более 18 месяцев со дня отгрузки потребителю;Односедельный;Нормально открытый;Фланцевое;250;16;Углеродистая сталь;320;По запросу;0;Под заказ
"Клапан регулирующий односедельный  ""после себя"" нормально открытый фланцевый 25с47п DN 300 PN 1,6 Мпа У1 (Kvy - ? м³/ч) с МИМ, корпус ст. 25Л";Клапаны регулирующие;25с47п;Жидкие и газообразные среды, нейтральные к материалам деталей, соприкасающихся со средой (вода, пар, воздух, природный газ, мазут и другие жидкие нефтепродукты, газообразные и жидкие углеводородные смеси, масляные фракции и другие среды);;От -15 до +150;От -30 до +50;У1;A;ОТК;12;70000;10000;12 месяцев со дня ввода в эксплуатацию, но не более 18 месяцев со дня отгрузки потребителю;Односедельный;Нормально открытый;Фланцевое;300;16;Углеродистая сталь;390;По запросу;0;Под заказ
"Клапан регулирующий односедельный  ""после себя"" нормально открытый фланцевый 25с47п DN 15 PN 2,5 Мпа У1 (Kvy - 4,0? м³/ч) с МИМ, корпус ст. 25Л";Клапаны регулирующие;25с47п;Жидкие и газообразные среды, нейтральные к материалам деталей, соприкасающихся со средой (вода, пар, воздух, природный газ, мазут и другие жидкие нефтепродукты, газообразные и жидкие углеводородные смеси, масляные фракции и другие среды);"0,1; 0,16; 0,25; 0,4; 0,6; 1,0; 1,6; 2,5; 3,2; 4,0";От -15 до +150;От -30 до +50;У1;A;ОТК;12;70000;10000;12 месяцев со дня ввода в эксплуатацию, но не более 18 месяцев со дня отгрузки потребителю;Односедельный;Нормально открытый;Фланцевое;15;25;Углеродистая сталь;22;По запросу;37840;Под заказ
"Клапан регулирующий односедельный  ""после себя"" нормально открытый фланцевый 25с47п DN 20 PN 2,5 Мпа У1 (Kvy - 6,3? м³/ч) с МИМ, корпус ст. 25Л";Клапаны регулирующие;25с47п;Жидкие и газообразные среды, нейтральные к материалам деталей, соприкасающихся со средой (вода, пар, воздух, природный газ, мазут и другие жидкие нефтепродукты, газообразные и жидкие углеводородные смеси, масляные фракции и другие среды);"1,6; 2,5; 4,0; 6,3";От -15 до +150;От -30 до +50;У1;A;ОТК;12;70000;10000;12 месяцев со дня ввода в эксплуатацию, но не более 18 месяцев со дня отгрузки потребителю;Односедельный;Нормально открытый;Фланцевое;20;25;Углеродистая сталь;23;По запросу;38060;Под заказ
"Клапан регулирующий односедельный  ""после себя"" нормально открытый фланцевый 25с47п DN 25 PN 2,5 Мпа У1 (Kvy - 16? м³/ч) с МИМ, корпус ст. 25Л";Клапаны регулирующие;25с47п;Жидкие и газообразные среды, нейтральные к материалам деталей, соприкасающихся со средой (вода, пар, воздух, природный газ, мазут и другие жидкие нефтепродукты, газообразные и жидкие углеводородные смеси, масляные фракции и другие среды);"1,6; 2,5; 4,0; 6,3; 10; 16";От -15 до +150;От -30 до +50;У1;A;ОТК;12;70000;10000;12 месяцев со дня ввода в эксплуатацию, но не более 18 месяцев со дня отгрузки потребителю;Односедельный;Нормально открытый;Фланцевое;25;25;Углеродистая сталь;24;По запросу;40260;Под заказ
"Клапан регулирующий односедельный  ""после себя"" нормально открытый фланцевый 25с47п DN 32 PN 2,5 Мпа У1 (Kvy - 25? м³/ч) с МИМ, корпус ст. 25Л";Клапаны регулирующие;25с47п;Жидкие и газообразные среды, нейтральные к материалам деталей, соприкасающихся со средой (вода, пар, воздух, природный газ, мазут и другие жидкие нефтепродукты, газообразные и жидкие углеводородные смеси, масляные фракции и другие среды);"6,3; 10; 16; 25";От -15 до +150;От -30 до +50;У1;A;ОТК;12;70000;10000;12 месяцев со дня ввода в эксплуатацию, но не более 18 месяцев со дня отгрузки потребителю;Односедельный;Нормально открытый;Фланцевое;32;25;Углеродистая сталь;27;По запросу;50380;Под заказ
"Клапан регулирующий односедельный  ""после себя"" нормально открытый фланцевый 25с47п DN 40 PN 2,5 Мпа У1 (Kvy - 40? м³/ч) с МИМ, корпус ст. 25Л";Клапаны регулирующие;25с47п;Жидкие и газообразные среды, нейтральные к материалам деталей, соприкасающихся со средой (вода, пар, воздух, природный газ, мазут и другие жидкие нефтепродукты, газообразные и жидкие углеводородные смеси, масляные фракции и другие среды);"10; 16; 25; 40";От -15 до +150;От -30 до +50;У1;A;ОТК;12;70000;10000;12 месяцев со дня ввода в эксплуатацию, но не более 18 месяцев со дня отгрузки потребителю;Односедельный;Нормально открытый;Фланцевое;40;25;Углеродистая сталь;30;По запросу;51260;Под заказ
"Клапан регулирующий односедельный  ""после себя"" нормально открытый фланцевый 25с47п DN 50 PN 2,5 Мпа У1 (Kvy - 63? м³/ч) с МИМ, корпус ст. 25Л";Клапаны регулирующие;25с47п;Жидкие и газообразные среды, нейтральные к материалам деталей, соприкасающихся со средой (вода, пар, воздух, природный газ, мазут и другие жидкие нефтепродукты, газообразные и жидкие углеводородные смеси, масляные фракции и другие среды);"10; 16; 25; 40; 63";От -15 до +150;От -30 до +50;У1;A;ОТК;12;70000;10000;12 месяцев со дня ввода в эксплуатацию, но не более 18 месяцев со дня отгрузки потребителю;Односедельный;Нормально открытый;Фланцевое;50;25;Углеродистая сталь;32;По запросу;56100;Под заказ
"Клапан регулирующий односедельный  ""после себя"" нормально открытый фланцевый 25с47п DN 65 PN 2,5 Мпа У1 (Kvy - 100? м³/ч) с МИМ, корпус ст. 25Л";Клапаны регулирующие;25с47п;Жидкие и газообразные среды, нейтральные к материалам деталей, соприкасающихся со средой (вода, пар, воздух, природный газ, мазут и другие жидкие нефтепродукты, газообразные и жидкие углеводородные смеси, масляные фракции и другие среды);"25; 40; 63; 100";От -15 до +150;От -30 до +50;У1;A;ОТК;12;70000;10000;12 месяцев со дня ввода в эксплуатацию, но не более 18 месяцев со дня отгрузки потребителю;Односедельный;Нормально открытый;Фланцевое;65;25;Углеродистая сталь;55;По запросу;80520;Под заказ
"Клапан регулирующий односедельный  ""после себя"" нормально открытый фланцевый 25с47п DN 80 PN 2,5 Мпа У1 (Kvy - 160? м³/ч) с МИМ, корпус ст. 25Л";Клапаны регулирующие;25с47п;Жидкие и газообразные среды, нейтральные к материалам деталей, соприкасающихся со средой (вода, пар, воздух, природный газ, мазут и другие жидкие нефтепродукты, газообразные и жидкие углеводородные смеси, масляные фракции и другие среды);"40; 63; 100; 160";От -15 до +150;От -30 до +50;У1;A;ОТК;12;70000;10000;12 месяцев со дня ввода в эксплуатацию, но не более 18 месяцев со дня отгрузки потребителю;Односедельный;Нормально открытый;Фланцевое;80;25;Углеродистая сталь;63;По запросу;92070;Под заказ
"Клапан регулирующий односедельный  ""после себя"" нормально открытый фланцевый 25с47п DN 100 PN 2,5 Мпа У1 (Kvy - 250? м³/ч) с МИМ, корпус ст. 25Л";Клапаны регулирующие;25с47п;Жидкие и газообразные среды, нейтральные к материалам деталей, соприкасающихся со средой (вода, пар, воздух, природный газ, мазут и другие жидкие нефтепродукты, газообразные и жидкие углеводородные смеси, масляные фракции и другие среды);"63; 100; 160; 250";От -15 до +150;От -30 до +50;У1;A;ОТК;12;70000;10000;12 месяцев со дня ввода в эксплуатацию, но не более 18 месяцев со дня отгрузки потребителю;Односедельный;Нормально открытый;Фланцевое;100;25;Углеродистая сталь;72;По запросу;107030;Под заказ
"Клапан регулирующий односедельный  ""после себя"" нормально открытый фланцевый 25с47п DN 15 PN 4,0 Мпа У1 (Kvy - 4,0? м³/ч) с МИМ, корпус ст. 25Л";Клапаны регулирующие;25с47п;Жидкие и газообразные среды, нейтральные к материалам деталей, соприкасающихся со средой (вода, пар, воздух, природный газ, мазут и другие жидкие нефтепродукты, газообразные и жидкие углеводородные смеси, масляные фракции и другие среды);"0,1; 0,16; 0,25; 0,4; 0,6; 1,0; 1,6; 2,5; 3,2; 4,0";От -15 до +150;От -30 до +50;У1;A;ОТК;12;70000;10000;12 месяцев со дня ввода в эксплуатацию, но не более 18 месяцев со дня отгрузки потребителю;Односедельный;Нормально открытый;Фланцевое;15;40;Углеродистая сталь;22;По запросу;37840;Под заказ
"Клапан регулирующий односедельный  ""после себя"" нормально открытый фланцевый 25с47п DN 20 PN 4,0 Мпа У1 (Kvy - 6,3? м³/ч) с МИМ, корпус ст. 25Л";Клапаны регулирующие;25с47п;Жидкие и газообразные среды, нейтральные к материалам деталей, соприкасающихся со средой (вода, пар, воздух, природный газ, мазут и другие жидкие нефтепродукты, газообразные и жидкие углеводородные смеси, масляные фракции и другие среды);"1,6; 2,5; 4,0; 6,3";От -15 до +150;От -30 до +50;У1;A;ОТК;12;70000;10000;12 месяцев со дня ввода в эксплуатацию, но не более 18 месяцев со дня отгрузки потребителю;Односедельный;Нормально открытый;Фланцевое;20;40;Углеродистая сталь;23;По запросу;38060;Под заказ
"Клапан регулирующий односедельный  ""после себя"" нормально открытый фланцевый 25с47п DN 25 PN 4,0 Мпа У1 (Kvy - 16? м³/ч) с МИМ, корпус ст. 25Л";Клапаны регулирующие;25с47п;Жидкие и газообразные среды, нейтральные к материалам деталей, соприкасающихся со средой (вода, пар, воздух, природный газ, мазут и другие жидкие нефтепродукты, газообразные и жидкие углеводородные смеси, масляные фракции и другие среды);"1,6; 2,5; 4,0; 6,3; 10; 16";От -15 до +150;От -30 до +50;У1;A;ОТК;12;70000;10000;12 месяцев со дня ввода в эксплуатацию, но не более 18 месяцев со дня отгрузки потребителю;Односедельный;Нормально открытый;Фланцевое;25;40;Углеродистая сталь;24;По запросу;40260;Под заказ
"Клапан регулирующий односедельный  ""после себя"" нормально открытый фланцевый 25с47п DN 32 PN 4,0 Мпа У1 (Kvy - 25? м³/ч) с МИМ, корпус ст. 25Л";Клапаны регулирующие;25с47п;Жидкие и газообразные среды, нейтральные к материалам деталей, соприкасающихся со средой (вода, пар, воздух, природный газ, мазут и другие жидкие нефтепродукты, газообразные и жидкие углеводородные смеси, масляные фракции и другие среды);"6,3; 10; 16; 25";От -15 до +150;От -30 до +50;У1;A;ОТК;12;70000;10000;12 месяцев со дня ввода в эксплуатацию, но не более 18 месяцев со дня отгрузки потребителю;Односедельный;Нормально открытый;Фланцевое;32;40;Углеродистая сталь;27;По запросу;50380;Под заказ
"Клапан регулирующий односедельный  ""после себя"" нормально открытый фланцевый 25с47п DN 40 PN 4,0 Мпа У1 (Kvy - 40? м³/ч) с МИМ, корпус ст. 25Л";Клапаны регулирующие;25с47п;Жидкие и газообразные среды, нейтральные к материалам деталей, соприкасающихся со средой (вода, пар, воздух, природный газ, мазут и другие жидкие нефтепродукты, газообразные и жидкие углеводородные смеси, масляные фракции и другие среды);"10; 16; 25; 40";От -15 до +150;От -30 до +50;У1;A;ОТК;12;70000;10000;12 месяцев со дня ввода в эксплуатацию, но не более 18 месяцев со дня отгрузки потребителю;Односедельный;Нормально открытый;Фланцевое;40;40;Углеродистая сталь;30;По запросу;51260;Под заказ
"Клапан регулирующий односедельный  ""после себя"" нормально открытый фланцевый 25с47п DN 50 PN 4,0 Мпа У1 (Kvy - 63? м³/ч) с МИМ, корпус ст. 25Л";Клапаны регулирующие;25с47п;Жидкие и газообразные среды, нейтральные к материалам деталей, соприкасающихся со средой (вода, пар, воздух, природный газ, мазут и другие жидкие нефтепродукты, газообразные и жидкие углеводородные смеси, масляные фракции и другие среды);"10; 16; 25; 40; 63";От -15 до +150;От -30 до +50;У1;A;ОТК;12;70000;10000;12 месяцев со дня ввода в эксплуатацию, но не более 18 месяцев со дня отгрузки потребителю;Односедельный;Нормально открытый;Фланцевое;50;40;Углеродистая сталь;32;По запросу;56100;Под заказ
"Клапан регулирующий односедельный  ""после себя"" нормально открытый фланцевый 25с47п DN 65 PN 4,0 Мпа У1 (Kvy - 100? м³/ч) с МИМ, корпус ст. 25Л";Клапаны регулирующие;25с47п;Жидкие и газообразные среды, нейтральные к материалам деталей, соприкасающихся со средой (вода, пар, воздух, природный газ, мазут и другие жидкие нефтепродукты, газообразные и жидкие углеводородные смеси, масляные фракции и другие среды);"25; 40; 63; 100";От -15 до +150;От -30 до +50;У1;A;ОТК;12;70000;10000;12 месяцев со дня ввода в эксплуатацию, но не более 18 месяцев со дня отгрузки потребителю;Односедельный;Нормально открытый;Фланцевое;65;40;Углеродистая сталь;55;По запросу;80520;Под заказ
"Клапан регулирующий односедельный  ""после себя"" нормально открытый фланцевый 25с47п DN 80 PN 4,0 Мпа У1 (Kvy - 160? м³/ч) с МИМ, корпус ст. 25Л";Клапаны регулирующие;25с47п;Жидкие и газообразные среды, нейтральные к материалам деталей, соприкасающихся со средой (вода, пар, воздух, природный газ, мазут и другие жидкие нефтепродукты, газообразные и жидкие углеводородные смеси, масляные фракции и другие среды);"40; 63; 100; 160";От -15 до +150;От -30 до +50;У1;A;ОТК;12;70000;10000;12 месяцев со дня ввода в эксплуатацию, но не более 18 месяцев со дня отгрузки потребителю;Односедельный;Нормально открытый;Фланцевое;80;40;Углеродистая сталь;63;По запросу;92070;Под заказ
"Клапан регулирующий односедельный  ""после себя"" нормально открытый фланцевый 25с47п DN 100 PN 4,0 Мпа У1 (Kvy - 250? м³/ч) с МИМ, корпус ст. 25Л";Клапаны регулирующие;25с47п;Жидкие и газообразные среды, нейтральные к материалам деталей, соприкасающихся со средой (вода, пар, воздух, природный газ, мазут и другие жидкие нефтепродукты, газообразные и жидкие углеводородные смеси, масляные фракции и другие среды);"63; 100; 160; 250";От -15 до +150;От -30 до +50;У1;A;ОТК;12;70000;10000;12 месяцев со дня ввода в эксплуатацию, но не более 18 месяцев со дня отгрузки потребителю;Односедельный;Нормально открытый;Фланцевое;100;40;Углеродистая сталь;72;По запросу;107030;Под заказ
"Клапан регулирующий односедельный ""до себя"" нормально закрытый фланцевый 25с52п DN 15 PN 1,6 Мпа У1 (Kvy - 4,0? м³/ч) с МИМ, корпус ст. 25Л";Клапаны регулирующие;25с52п;Жидкие и газообразные среды, нейтральные к материалам деталей, соприкасающихся со средой (вода, пар, воздух, природный газ, мазут и другие жидкие нефтепродукты, газообразные и жидкие углеводородные смеси, масляные фракции и другие среды);"0,1; 0,16; 0,25; 0,4; 0,6; 1,0; 1,6; 2,5; 3,2; 4,0";От -15 до +150;От -30 до +50;У1;A;ОТК;12;70000;10000;12 месяцев со дня ввода в эксплуатацию, но не более 18 месяцев со дня отгрузки потребителю;Односедельный;Нормально закрытый;Фланцевое;15;16;Углеродистая сталь;22;По запросу;37400;Под заказ
"Клапан регулирующий односедельный ""до себя"" нормально закрытый фланцевый 25с52п DN 20 PN 1,6 Мпа У1 (Kvy - 6,3? м³/ч) с МИМ, корпус ст. 25Л";Клапаны регулирующие;25с52п;Жидкие и газообразные среды, нейтральные к материалам деталей, соприкасающихся со средой (вода, пар, воздух, природный газ, мазут и другие жидкие нефтепродукты, газообразные и жидкие углеводородные смеси, масляные фракции и другие среды);"1,6; 2,5; 4,0; 6,3";От -15 до +150;От -30 до +50;У1;A;ОТК;12;70000;10000;12 месяцев со дня ввода в эксплуатацию, но не более 18 месяцев со дня отгрузки потребителю;Односедельный;Нормально закрытый;Фланцевое;20;16;Углеродистая сталь;23;По запросу;38060;Под заказ
"Клапан регулирующий односедельный ""до себя"" нормально закрытый фланцевый 25с52п DN 25 PN 1,6 Мпа У1 (Kvy - 16? м³/ч) с МИМ, корпус ст. 25Л";Клапаны регулирующие;25с52п;Жидкие и газообразные среды, нейтральные к материалам деталей, соприкасающихся со средой (вода, пар, воздух, природный газ, мазут и другие жидкие нефтепродукты, газообразные и жидкие углеводородные смеси, масляные фракции и другие среды);"1,6; 2,5; 4,0; 6,3; 10; 16";От -15 до +150;От -30 до +50;У1;A;ОТК;12;70000;10000;12 месяцев со дня ввода в эксплуатацию, но не более 18 месяцев со дня отгрузки потребителю;Односедельный;Нормально закрытый;Фланцевое;25;16;Углеродистая сталь;24;По запросу;40260;Под заказ
"Клапан регулирующий односедельный ""до себя"" нормально закрытый фланцевый 25с52п DN 32 PN 1,6 Мпа У1 (Kvy - 25? м³/ч) с МИМ, корпус ст. 25Л";Клапаны регулирующие;25с52п;Жидкие и газообразные среды, нейтральные к материалам деталей, соприкасающихся со средой (вода, пар, воздух, природный газ, мазут и другие жидкие нефтепродукты, газообразные и жидкие углеводородные смеси, масляные фракции и другие среды);"6,3; 10; 16; 25";От -15 до +150;От -30 до +50;У1;A;ОТК;12;70000;10000;12 месяцев со дня ввода в эксплуатацию, но не более 18 месяцев со дня отгрузки потребителю;Односедельный;Нормально закрытый;Фланцевое;32;16;Углеродистая сталь;27;По запросу;50380;Под заказ
"Клапан регулирующий односедельный ""до себя"" нормально закрытый фланцевый 25с52п DN 40 PN 1,6 Мпа У1 (Kvy - 40? м³/ч) с МИМ, корпус ст. 25Л";Клапаны регулирующие;25с52п;Жидкие и газообразные среды, нейтральные к материалам деталей, соприкасающихся со средой (вода, пар, воздух, природный газ, мазут и другие жидкие нефтепродукты, газообразные и жидкие углеводородные смеси, масляные фракции и другие среды);"10; 16; 25; 40";От -15 до +150;От -30 до +50;У1;A;ОТК;12;70000;10000;12 месяцев со дня ввода в эксплуатацию, но не более 18 месяцев со дня отгрузки потребителю;Односедельный;Нормально закрытый;Фланцевое;40;16;Углеродистая сталь;30;По запросу;51810;Под заказ
"Клапан регулирующий односедельный ""до себя"" нормально закрытый фланцевый 25с52п DN 50 PN 1,6 Мпа У1 (Kvy - 63? м³/ч) с МИМ, корпус ст. 25Л";Клапаны регулирующие;25с52п;Жидкие и газообразные среды, нейтральные к материалам деталей, соприкасающихся со средой (вода, пар, воздух, природный газ, мазут и другие жидкие нефтепродукты, газообразные и жидкие углеводородные смеси, масляные фракции и другие среды);"10; 16; 25; 40; 63";От -15 до +150;От -30 до +50;У1;A;ОТК;12;70000;10000;12 месяцев со дня ввода в эксплуатацию, но не более 18 месяцев со дня отгрузки потребителю;Односедельный;Нормально закрытый;Фланцевое;50;16;Углеродистая сталь;32;По запросу;56100;Под заказ
"Клапан регулирующий односедельный ""до себя"" нормально закрытый фланцевый 25с52п DN 65 PN 1,6 Мпа У1 (Kvy - 100? м³/ч) с МИМ, корпус ст. 25Л";Клапаны регулирующие;25с52п;Жидкие и газообразные среды, нейтральные к материалам деталей, соприкасающихся со средой (вода, пар, воздух, природный газ, мазут и другие жидкие нефтепродукты, газообразные и жидкие углеводородные смеси, масляные фракции и другие среды);"25; 40; 63; 100";От -15 до +150;От -30 до +50;У1;A;ОТК;12;70000;10000;12 месяцев со дня ввода в эксплуатацию, но не более 18 месяцев со дня отгрузки потребителю;Односедельный;Нормально закрытый;Фланцевое;65;16;Углеродистая сталь;55;По запросу;80520;Под заказ
"Клапан регулирующий односедельный ""до себя"" нормально закрытый фланцевый 25с52п DN 80 PN 1,6 Мпа У1 (Kvy - 160? м³/ч) с МИМ, корпус ст. 25Л";Клапаны регулирующие;25с52п;Жидкие и газообразные среды, нейтральные к материалам деталей, соприкасающихся со средой (вода, пар, воздух, природный газ, мазут и другие жидкие нефтепродукты, газообразные и жидкие углеводородные смеси, масляные фракции и другие среды);"40; 63; 100; 160";От -15 до +150;От -30 до +50;У1;A;ОТК;12;70000;10000;12 месяцев со дня ввода в эксплуатацию, но не более 18 месяцев со дня отгрузки потребителю;Односедельный;Нормально закрытый;Фланцевое;80;16;Углеродистая сталь;63;По запросу;92070;Под заказ
"Клапан регулирующий односедельный ""до себя"" нормально закрытый фланцевый 25с52п DN 100 PN 1,6 Мпа У1 (Kvy - 250? м³/ч) с МИМ, корпус ст. 25Л";Клапаны регулирующие;25с52п;Жидкие и газообразные среды, нейтральные к материалам деталей, соприкасающихся со средой (вода, пар, воздух, природный газ, мазут и другие жидкие нефтепродукты, газообразные и жидкие углеводородные смеси, масляные фракции и другие среды);"63; 100; 160; 250";От -15 до +150;От -30 до +50;У1;A;ОТК;12;70000;10000;12 месяцев со дня ввода в эксплуатацию, но не более 18 месяцев со дня отгрузки потребителю;Односедельный;Нормально закрытый;Фланцевое;100;16;Углеродистая сталь;72;По запросу;107910;Под заказ
"Клапан регулирующий односедельный ""до себя"" нормально закрытый фланцевый 25с52п DN 125 PN 1,6 Мпа У1 (Kvy - 320? м³/ч) с МИМ, корпус ст. 25Л";Клапаны регулирующие;25с52п;Жидкие и газообразные среды, нейтральные к материалам деталей, соприкасающихся со средой (вода, пар, воздух, природный газ, мазут и другие жидкие нефтепродукты, газообразные и жидкие углеводородные смеси, масляные фракции и другие среды);"100; 160; 250; 320";От -15 до +150;От -30 до +50;У1;A;ОТК;12;70000;10000;12 месяцев со дня ввода в эксплуатацию, но не более 18 месяцев со дня отгрузки потребителю;Односедельный;Нормально закрытый;Фланцевое;125;16;Углеродистая сталь;126;По запросу;162470;Под заказ
"Клапан регулирующий односедельный ""до себя"" нормально закрытый фланцевый 25с52п DN 150 PN 1,6 Мпа У1 (Kvy - 400? м³/ч) с МИМ, корпус ст. 25Л";Клапаны регулирующие;25с52п;Жидкие и газообразные среды, нейтральные к материалам деталей, соприкасающихся со средой (вода, пар, воздух, природный газ, мазут и другие жидкие нефтепродукты, газообразные и жидкие углеводородные смеси, масляные фракции и другие среды);"160; 250; 400";От -15 до +150;От -30 до +50;У1;A;ОТК;12;70000;10000;12 месяцев со дня ввода в эксплуатацию, но не более 18 месяцев со дня отгрузки потребителю;Односедельный;Нормально закрытый;Фланцевое;150;16;Углеродистая сталь;152;По запросу;191290;Под заказ
"Клапан регулирующий односедельный ""до себя"" нормально закрытый фланцевый 25с52п DN 200 PN 1,6 Мпа У1 (Kvy - 630? м³/ч) с МИМ, корпус ст. 25Л";Клапаны регулирующие;25с52п;Жидкие и газообразные среды, нейтральные к материалам деталей, соприкасающихся со средой (вода, пар, воздух, природный газ, мазут и другие жидкие нефтепродукты, газообразные и жидкие углеводородные смеси, масляные фракции и другие среды);"250; 400; 630";От -15 до +150;От -30 до +50;У1;A;ОТК;12;70000;10000;12 месяцев со дня ввода в эксплуатацию, но не более 18 месяцев со дня отгрузки потребителю;Односедельный;Нормально закрытый;Фланцевое;200;16;Углеродистая сталь;190;По запросу;248710;Под заказ
"Клапан регулирующий односедельный ""до себя"" нормально закрытый фланцевый 25с52п DN 250 PN 1,6 Мпа У1 (Kvy - ? м³/ч) с МИМ, корпус ст. 25Л";Клапаны регулирующие;25с52п;Жидкие и газообразные среды, нейтральные к материалам деталей, соприкасающихся со средой (вода, пар, воздух, природный газ, мазут и другие жидкие нефтепродукты, газообразные и жидкие углеводородные смеси, масляные фракции и другие среды);;От -15 до +150;От -30 до +50;У1;A;ОТК;12;70000;10000;12 месяцев со дня ввода в эксплуатацию, но не более 18 месяцев со дня отгрузки потребителю;Односедельный;Нормально закрытый;Фланцевое;250;16;Углеродистая сталь;320;По запросу;0;Под заказ
"Клапан регулирующий односедельный ""до себя"" нормально закрытый фланцевый 25с52п DN 300 PN 1,6 Мпа У1 (Kvy - ? м³/ч) с МИМ, корпус ст. 25Л";Клапаны регулирующие;25с52п;Жидкие и газообразные среды, нейтральные к материалам деталей, соприкасающихся со средой (вода, пар, воздух, природный газ, мазут и другие жидкие нефтепродукты, газообразные и жидкие углеводородные смеси, масляные фракции и другие среды);;От -15 до +150;От -30 до +50;У1;A;ОТК;12;70000;10000;12 месяцев со дня ввода в эксплуатацию, но не более 18 месяцев со дня отгрузки потребителю;Односедельный;Нормально закрытый;Фланцевое;300;16;Углеродистая сталь;390;По запросу;0;Под заказ
"Клапан регулирующий односедельный ""до себя"" нормально закрытый фланцевый 25с52п DN 15 PN 2,5 Мпа У1 (Kvy - 4,0? м³/ч) с МИМ, корпус ст. 25Л";Клапаны регулирующие;25с52п;Жидкие и газообразные среды, нейтральные к материалам деталей, соприкасающихся со средой (вода, пар, воздух, природный газ, мазут и другие жидкие нефтепродукты, газообразные и жидкие углеводородные смеси, масляные фракции и другие среды);"0,1; 0,16; 0,25; 0,4; 0,6; 1,0; 1,6; 2,5; 3,2; 4,0";От -15 до +150;От -30 до +50;У1;A;ОТК;12;70000;10000;12 месяцев со дня ввода в эксплуатацию, но не более 18 месяцев со дня отгрузки потребителю;Односедельный;Нормально закрытый;Фланцевое;15;25;Углеродистая сталь;22;По запросу;37400;Под заказ
"Клапан регулирующий односедельный ""до себя"" нормально закрытый фланцевый 25с52п DN 20 PN 2,5 Мпа У1 (Kvy - 6,3? м³/ч) с МИМ, корпус ст. 25Л";Клапаны регулирующие;25с52п;Жидкие и газообразные среды, нейтральные к материалам деталей, соприкасающихся со средой (вода, пар, воздух, природный газ, мазут и другие жидкие нефтепродукты, газообразные и жидкие углеводородные смеси, масляные фракции и другие среды);"1,6; 2,5; 4,0; 6,3";От -15 до +150;От -30 до +50;У1;A;ОТК;12;70000;10000;12 месяцев со дня ввода в эксплуатацию, но не более 18 месяцев со дня отгрузки потребителю;Односедельный;Нормально закрытый;Фланцевое;20;25;Углеродистая сталь;23;По запросу;38060;Под заказ
"Клапан регулирующий односедельный ""до себя"" нормально закрытый фланцевый 25с52п DN 25 PN 2,5 Мпа У1 (Kvy - 16? м³/ч) с МИМ, корпус ст. 25Л";Клапаны регулирующие;25с52п;Жидкие и газообразные среды, нейтральные к материалам деталей, соприкасающихся со средой (вода, пар, воздух, природный газ, мазут и другие жидкие нефтепродукты, газообразные и жидкие углеводородные смеси, масляные фракции и другие среды);"1,6; 2,5; 4,0; 6,3; 10; 16";От -15 до +150;От -30 до +50;У1;A;ОТК;12;70000;10000;12 месяцев со дня ввода в эксплуатацию, но не более 18 месяцев со дня отгрузки потребителю;Односедельный;Нормально закрытый;Фланцевое;25;25;Углеродистая сталь;24;По запросу;40260;Под заказ
"Клапан регулирующий односедельный ""до себя"" нормально закрытый фланцевый 25с52п DN 32 PN 2,5 Мпа У1 (Kvy - 25? м³/ч) с МИМ, корпус ст. 25Л";Клапаны регулирующие;25с52п;Жидкие и газообразные среды, нейтральные к материалам деталей, соприкасающихся со средой (вода, пар, воздух, природный газ, мазут и другие жидкие нефтепродукты, газообразные и жидкие углеводородные смеси, масляные фракции и другие среды);"6,3; 10; 16; 25";От -15 до +150;От -30 до +50;У1;A;ОТК;12;70000;10000;12 месяцев со дня ввода в эксплуатацию, но не более 18 месяцев со дня отгрузки потребителю;Односедельный;Нормально закрытый;Фланцевое;32;25;Углеродистая сталь;27;По запросу;50380;Под заказ
"Клапан регулирующий односедельный ""до себя"" нормально закрытый фланцевый 25с52п DN 40 PN 2,5 Мпа У1 (Kvy - 40? м³/ч) с МИМ, корпус ст. 25Л";Клапаны регулирующие;25с52п;Жидкие и газообразные среды, нейтральные к материалам деталей, соприкасающихся со средой (вода, пар, воздух, природный газ, мазут и другие жидкие нефтепродукты, газообразные и жидкие углеводородные смеси, масляные фракции и другие среды);"10; 16; 25; 40";От -15 до +150;От -30 до +50;У1;A;ОТК;12;70000;10000;12 месяцев со дня ввода в эксплуатацию, но не более 18 месяцев со дня отгрузки потребителю;Односедельный;Нормально закрытый;Фланцевое;40;25;Углеродистая сталь;30;По запросу;51810;Под заказ
"Клапан регулирующий односедельный ""до себя"" нормально закрытый фланцевый 25с52п DN 50 PN 2,5 Мпа У1 (Kvy - 63? м³/ч) с МИМ, корпус ст. 25Л";Клапаны регулирующие;25с52п;Жидкие и газообразные среды, нейтральные к материалам деталей, соприкасающихся со средой (вода, пар, воздух, природный газ, мазут и другие жидкие нефтепродукты, газообразные и жидкие углеводородные смеси, масляные фракции и другие среды);"10; 16; 25; 40; 63";От -15 до +150;От -30 до +50;У1;A;ОТК;12;70000;10000;12 месяцев со дня ввода в эксплуатацию, но не более 18 месяцев со дня отгрузки потребителю;Односедельный;Нормально закрытый;Фланцевое;50;25;Углеродистая сталь;32;По запросу;56100;Под заказ
"Клапан регулирующий односедельный ""до себя"" нормально закрытый фланцевый 25с52п DN 65 PN 2,5 Мпа У1 (Kvy - 100? м³/ч) с МИМ, корпус ст. 25Л";Клапаны регулирующие;25с52п;Жидкие и газообразные среды, нейтральные к материалам деталей, соприкасающихся со средой (вода, пар, воздух, природный газ, мазут и другие жидкие нефтепродукты, газообразные и жидкие углеводородные смеси, масляные фракции и другие среды);"25; 40; 63; 100";От -15 до +150;От -30 до +50;У1;A;ОТК;12;70000;10000;12 месяцев со дня ввода в эксплуатацию, но не более 18 месяцев со дня отгрузки потребителю;Односедельный;Нормально закрытый;Фланцевое;65;25;Углеродистая сталь;55;По запросу;80520;Под заказ
"Клапан регулирующий односедельный ""до себя"" нормально закрытый фланцевый 25с52п DN 80 PN 2,5 Мпа У1 (Kvy - 160? м³/ч) с МИМ, корпус ст. 25Л";Клапаны регулирующие;25с52п;Жидкие и газообразные среды, нейтральные к материалам деталей, соприкасающихся со средой (вода, пар, воздух, природный газ, мазут и другие жидкие нефтепродукты, газообразные и жидкие углеводородные смеси, масляные фракции и другие среды);"40; 63; 100; 160";От -15 до +150;От -30 до +50;У1;A;ОТК;12;70000;10000;12 месяцев со дня ввода в эксплуатацию, но не более 18 месяцев со дня отгрузки потребителю;Односедельный;Нормально закрытый;Фланцевое;80;25;Углеродистая сталь;63;По запросу;92070;Под заказ
"Клапан регулирующий односедельный ""до себя"" нормально закрытый фланцевый 25с52п DN 100 PN 2,5 Мпа У1 (Kvy - 250? м³/ч) с МИМ, корпус ст. 25Л";Клапаны регулирующие;25с52п;Жидкие и газообразные среды, нейтральные к материалам деталей, соприкасающихся со средой (вода, пар, воздух, природный газ, мазут и другие жидкие нефтепродукты, газообразные и жидкие углеводородные смеси, масляные фракции и другие среды);"63; 100; 160; 250";От -15 до +150;От -30 до +50;У1;A;ОТК;12;70000;10000;12 месяцев со дня ввода в эксплуатацию, но не более 18 месяцев со дня отгрузки потребителю;Односедельный;Нормально закрытый;Фланцевое;100;25;Углеродистая сталь;72;По запросу;107910;Под заказ
"Клапан регулирующий односедельный ""до себя"" нормально закрытый фланцевый 25с52п DN 15 PN 4,0 Мпа У1 (Kvy - 4,0? м³/ч) с МИМ, корпус ст. 25Л";Клапаны регулирующие;25с52п;Жидкие и газообразные среды, нейтральные к материалам деталей, соприкасающихся со средой (вода, пар, воздух, природный газ, мазут и другие жидкие нефтепродукты, газообразные и жидкие углеводородные смеси, масляные фракции и другие среды);"0,1; 0,16; 0,25; 0,4; 0,6; 1,0; 1,6; 2,5; 3,2; 4,0";От -15 до +150;От -30 до +50;У1;A;ОТК;12;70000;10000;12 месяцев со дня ввода в эксплуатацию, но не более 18 месяцев со дня отгрузки потребителю;Односедельный;Нормально закрытый;Фланцевое;15;40;Углеродистая сталь;22;По запросу;37400;Под заказ
"Клапан регулирующий односедельный ""до себя"" нормально закрытый фланцевый 25с52п DN 20 PN 4,0 Мпа У1 (Kvy - 6,3? м³/ч) с МИМ, корпус ст. 25Л";Клапаны регулирующие;25с52п;Жидкие и газообразные среды, нейтральные к материалам деталей, соприкасающихся со средой (вода, пар, воздух, природный газ, мазут и другие жидкие нефтепродукты, газообразные и жидкие углеводородные смеси, масляные фракции и другие среды);"1,6; 2,5; 4,0; 6,3";От -15 до +150;От -30 до +50;У1;A;ОТК;12;70000;10000;12 месяцев со дня ввода в эксплуатацию, но не более 18 месяцев со дня отгрузки потребителю;Односедельный;Нормально закрытый;Фланцевое;20;40;Углеродистая сталь;23;По запросу;38060;Под заказ
"Клапан регулирующий односедельный ""до себя"" нормально закрытый фланцевый 25с52п DN 25 PN 4,0 Мпа У1 (Kvy - 16? м³/ч) с МИМ, корпус ст. 25Л";Клапаны регулирующие;25с52п;Жидкие и газообразные среды, нейтральные к материалам деталей, соприкасающихся со средой (вода, пар, воздух, природный газ, мазут и другие жидкие нефтепродукты, газообразные и жидкие углеводородные смеси, масляные фракции и другие среды);"1,6; 2,5; 4,0; 6,3; 10; 16";От -15 до +150;От -30 до +50;У1;A;ОТК;12;70000;10000;12 месяцев со дня ввода в эксплуатацию, но не более 18 месяцев со дня отгрузки потребителю;Односедельный;Нормально закрытый;Фланцевое;25;40;Углеродистая сталь;24;По запросу;40260;Под заказ
"Клапан регулирующий односедельный ""до себя"" нормально закрытый фланцевый 25с52п DN 32 PN 4,0 Мпа У1 (Kvy - 25? м³/ч) с МИМ, корпус ст. 25Л";Клапаны регулирующие;25с52п;Жидкие и газообразные среды, нейтральные к материалам деталей, соприкасающихся со средой (вода, пар, воздух, природный газ, мазут и другие жидкие нефтепродукты, газообразные и жидкие углеводородные смеси, масляные фракции и другие среды);"6,3; 10; 16; 25";От -15 до +150;От -30 до +50;У1;A;ОТК;12;70000;10000;12 месяцев со дня ввода в эксплуатацию, но не более 18 месяцев со дня отгрузки потребителю;Односедельный;Нормально закрытый;Фланцевое;32;40;Углеродистая сталь;27;По запросу;50380;Под заказ
"Клапан регулирующий односедельный ""до себя"" нормально закрытый фланцевый 25с52п DN 40 PN 4,0 Мпа У1 (Kvy - 40? м³/ч) с МИМ, корпус ст. 25Л";Клапаны регулирующие;25с52п;Жидкие и газообразные среды, нейтральные к материалам деталей, соприкасающихся со средой (вода, пар, воздух, природный газ, мазут и другие жидкие нефтепродукты, газообразные и жидкие углеводородные смеси, масляные фракции и другие среды);"10; 16; 25; 40";От -15 до +150;От -30 до +50;У1;A;ОТК;12;70000;10000;12 месяцев со дня ввода в эксплуатацию, но не более 18 месяцев со дня отгрузки потребителю;Односедельный;Нормально закрытый;Фланцевое;40;40;Углеродистая сталь;30;По запросу;51810;Под заказ
"Клапан регулирующий односедельный ""до себя"" нормально закрытый фланцевый 25с52п DN 50 PN 4,0 Мпа У1 (Kvy - 63? м³/ч) с МИМ, корпус ст. 25Л";Клапаны регулирующие;25с52п;Жидкие и газообразные среды, нейтральные к материалам деталей, соприкасающихся со средой (вода, пар, воздух, природный газ, мазут и другие жидкие нефтепродукты, газообразные и жидкие углеводородные смеси, масляные фракции и другие среды);"10; 16; 25; 40; 63";От -15 до +150;От -30 до +50;У1;A;ОТК;12;70000;10000;12 месяцев со дня ввода в эксплуатацию, но не более 18 месяцев со дня отгрузки потребителю;Односедельный;Нормально закрытый;Фланцевое;50;40;Углеродистая сталь;32;По запросу;56100;Под заказ
"Клапан регулирующий односедельный ""до себя"" нормально закрытый фланцевый 25с52п DN 65 PN 4,0 Мпа У1 (Kvy - 100? м³/ч) с МИМ, корпус ст. 25Л";Клапаны регулирующие;25с52п;Жидкие и газообразные среды, нейтральные к материалам деталей, соприкасающихся со средой (вода, пар, воздух, природный газ, мазут и другие жидкие нефтепродукты, газообразные и жидкие углеводородные смеси, масляные фракции и другие среды);"25; 40; 63; 100";От -15 до +150;От -30 до +50;У1;A;ОТК;12;70000;10000;12 месяцев со дня ввода в эксплуатацию, но не более 18 месяцев со дня отгрузки потребителю;Односедельный;Нормально закрытый;Фланцевое;65;40;Углеродистая сталь;55;По запросу;80520;Под заказ
"Клапан регулирующий односедельный ""до себя"" нормально закрытый фланцевый 25с52п DN 80 PN 4,0 Мпа У1 (Kvy - 160? м³/ч) с МИМ, корпус ст. 25Л";Клапаны регулирующие;25с52п;Жидкие и газообразные среды, нейтральные к материалам деталей, соприкасающихся со средой (вода, пар, воздух, природный газ, мазут и другие жидкие нефтепродукты, газообразные и жидкие углеводородные смеси, масляные фракции и другие среды);"40; 63; 100; 160";От -15 до +150;От -30 до +50;У1;A;ОТК;12;70000;10000;12 месяцев со дня ввода в эксплуатацию, но не более 18 месяцев со дня отгрузки потребителю;Односедельный;Нормально закрытый;Фланцевое;80;40;Углеродистая сталь;63;По запросу;92070;Под заказ
"Клапан регулирующий односедельный ""до себя"" нормально закрытый фланцевый 25с52п DN 100 PN 4,0 Мпа У1 (Kvy - 250? м³/ч) с МИМ, корпус ст. 25Л";Клапаны регулирующие;25с52п;Жидкие и газообразные среды, нейтральные к материалам деталей, соприкасающихся со средой (вода, пар, воздух, природный газ, мазут и другие жидкие нефтепродукты, газообразные и жидкие углеводородные смеси, масляные фракции и другие среды);"63; 100; 160; 250";От -15 до +150;От -30 до +50;У1;A;ОТК;12;70000;10000;12 месяцев со дня ввода в эксплуатацию, но не более 18 месяцев со дня отгрузки потребителю;Односедельный;Нормально закрытый;Фланцевое;100;40;Углеродистая сталь;72;По запросу;107910;Под заказ
"Клапан регулирующий односедельный ""после себя"" нормально открытый фланцевый 25с47нж  DN 15 PN 1,6 Мпа У1 (Kvy - 4,0? м³/ч) с МИМ, корпус ст. 25Л";Клапаны регулирующие;25с47нж;Жидкие и газообразные среды, нейтральные к материалам деталей, соприкасающихся со средой (вода, пар, воздух, природный газ, мазут и другие жидкие нефтепродукты, газообразные и жидкие углеводородные смеси, масляные фракции и другие среды);"0,1; 0,16; 0,25; 0,4; 0,6; 1,0; 1,6; 2,5; 3,2; 4,0";От -40 до +425;От -30 до +50;У1;C;ОТК;12;70000;10000;12 месяцев со дня ввода в эксплуатацию, но не более 18 месяцев со дня отгрузки потребителю;Односедельный;Нормально открытый;Фланцевое;15;16;Углеродистая сталь;22;По запросу;37400;Под заказ
"Клапан регулирующий односедельный ""после себя"" нормально открытый фланцевый 25с47нж  DN 20 PN 1,6 Мпа У1 (Kvy - 6,3? м³/ч) с МИМ, корпус ст. 25Л";Клапаны регулирующие;25с47нж;Жидкие и газообразные среды, нейтральные к материалам деталей, соприкасающихся со средой (вода, пар, воздух, природный газ, мазут и другие жидкие нефтепродукты, газообразные и жидкие углеводородные смеси, масляные фракции и другие среды);"1,6; 2,5; 4,0; 6,3";От -40 до +425;От -30 до +50;У1;C;ОТК;12;70000;10000;12 месяцев со дня ввода в эксплуатацию, но не более 18 месяцев со дня отгрузки потребителю;Односедельный;Нормально открытый;Фланцевое;20;16;Углеродистая сталь;23;По запросу;38060;Под заказ
"Клапан регулирующий односедельный ""после себя"" нормально открытый фланцевый 25с47нж  DN 25 PN 1,6 Мпа У1 (Kvy - 16? м³/ч) с МИМ, корпус ст. 25Л";Клапаны регулирующие;25с47нж;Жидкие и газообразные среды, нейтральные к материалам деталей, соприкасающихся со средой (вода, пар, воздух, природный газ, мазут и другие жидкие нефтепродукты, газообразные и жидкие углеводородные смеси, масляные фракции и другие среды);"1,6; 2,5; 4,0; 6,3; 10; 16";От -40 до +425;От -30 до +50;У1;C;ОТК;12;70000;10000;12 месяцев со дня ввода в эксплуатацию, но не более 18 месяцев со дня отгрузки потребителю;Односедельный;Нормально открытый;Фланцевое;25;16;Углеродистая сталь;24;По запросу;40260;Под заказ
"Клапан регулирующий односедельный ""после себя"" нормально открытый фланцевый 25с47нж  DN 32 PN 1,6 Мпа У1 (Kvy - 25? м³/ч) с МИМ, корпус ст. 25Л";Клапаны регулирующие;25с47нж;Жидкие и газообразные среды, нейтральные к материалам деталей, соприкасающихся со средой (вода, пар, воздух, природный газ, мазут и другие жидкие нефтепродукты, газообразные и жидкие углеводородные смеси, масляные фракции и другие среды);"6,3; 10; 16; 25";От -40 до +425;От -30 до +50;У1;C;ОТК;12;70000;10000;12 месяцев со дня ввода в эксплуатацию, но не более 18 месяцев со дня отгрузки потребителю;Односедельный;Нормально открытый;Фланцевое;32;16;Углеродистая сталь;27;По запросу;50380;Под заказ
"Клапан регулирующий односедельный ""после себя"" нормально открытый фланцевый 25с47нж  DN 40 PN 1,6 Мпа У1 (Kvy - 40? м³/ч) с МИМ, корпус ст. 25Л";Клапаны регулирующие;25с47нж;Жидкие и газообразные среды, нейтральные к материалам деталей, соприкасающихся со средой (вода, пар, воздух, природный газ, мазут и другие жидкие нефтепродукты, газообразные и жидкие углеводородные смеси, масляные фракции и другие среды);"10; 16; 25; 40";От -40 до +425;От -30 до +50;У1;C;ОТК;12;70000;10000;12 месяцев со дня ввода в эксплуатацию, но не более 18 месяцев со дня отгрузки потребителю;Односедельный;Нормально открытый;Фланцевое;40;16;Углеродистая сталь;30;По запросу;51810;Под заказ
"Клапан регулирующий односедельный ""после себя"" нормально открытый фланцевый 25с47нж  DN 50 PN 1,6 Мпа У1 (Kvy - 63? м³/ч) с МИМ, корпус ст. 25Л";Клапаны регулирующие;25с47нж;Жидкие и газообразные среды, нейтральные к материалам деталей, соприкасающихся со средой (вода, пар, воздух, природный газ, мазут и другие жидкие нефтепродукты, газообразные и жидкие углеводородные смеси, масляные фракции и другие среды);"10; 16; 25; 40; 63";От -40 до +425;От -30 до +50;У1;C;ОТК;12;70000;10000;12 месяцев со дня ввода в эксплуатацию, но не более 18 месяцев со дня отгрузки потребителю;Односедельный;Нормально открытый;Фланцевое;50;16;Углеродистая сталь;32;По запросу;56100;Под заказ
"Клапан регулирующий односедельный ""после себя"" нормально открытый фланцевый 25с47нж  DN 65 PN 1,6 Мпа У1 (Kvy - 100? м³/ч) с МИМ, корпус ст. 25Л";Клапаны регулирующие;25с47нж;Жидкие и газообразные среды, нейтральные к материалам деталей, соприкасающихся со средой (вода, пар, воздух, природный газ, мазут и другие жидкие нефтепродукты, газообразные и жидкие углеводородные смеси, масляные фракции и другие среды);"25; 40; 63; 100";От -40 до +425;От -30 до +50;У1;C;ОТК;12;70000;10000;12 месяцев со дня ввода в эксплуатацию, но не более 18 месяцев со дня отгрузки потребителю;Односедельный;Нормально открытый;Фланцевое;65;16;Углеродистая сталь;55;По запросу;80520;Под заказ
"Клапан регулирующий односедельный ""после себя"" нормально открытый фланцевый 25с47нж  DN 80 PN 1,6 Мпа У1 (Kvy - 160? м³/ч) с МИМ, корпус ст. 25Л";Клапаны регулирующие;25с47нж;Жидкие и газообразные среды, нейтральные к материалам деталей, соприкасающихся со средой (вода, пар, воздух, природный газ, мазут и другие жидкие нефтепродукты, газообразные и жидкие углеводородные смеси, масляные фракции и другие среды);"40; 63; 100; 160";От -40 до +425;От -30 до +50;У1;C;ОТК;12;70000;10000;12 месяцев со дня ввода в эксплуатацию, но не более 18 месяцев со дня отгрузки потребителю;Односедельный;Нормально открытый;Фланцевое;80;16;Углеродистая сталь;63;По запросу;92070;Под заказ
"Клапан регулирующий односедельный ""после себя"" нормально открытый фланцевый 25с47нж  DN 100 PN 1,6 Мпа У1 (Kvy - 250? м³/ч) с МИМ, корпус ст. 25Л";Клапаны регулирующие;25с47нж;Жидкие и газообразные среды, нейтральные к материалам деталей, соприкасающихся со средой (вода, пар, воздух, природный газ, мазут и другие жидкие нефтепродукты, газообразные и жидкие углеводородные смеси, масляные фракции и другие среды);"63; 100; 160; 250";От -40 до +425;От -30 до +50;У1;C;ОТК;12;70000;10000;12 месяцев со дня ввода в эксплуатацию, но не более 18 месяцев со дня отгрузки потребителю;Односедельный;Нормально открытый;Фланцевое;100;16;Углеродистая сталь;72;По запросу;107910;Под заказ
"Клапан регулирующий односедельный ""после себя"" нормально открытый фланцевый 25с47нж  DN 125 PN 1,6 Мпа У1 (Kvy - 320? м³/ч) с МИМ, корпус ст. 25Л";Клапаны регулирующие;25с47нж;Жидкие и газообразные среды, нейтральные к материалам деталей, соприкасающихся со средой (вода, пар, воздух, природный газ, мазут и другие жидкие нефтепродукты, газообразные и жидкие углеводородные смеси, масляные фракции и другие среды);"100; 160; 250; 320";От -40 до +425;От -30 до +50;У1;C;ОТК;12;70000;10000;12 месяцев со дня ввода в эксплуатацию, но не более 18 месяцев со дня отгрузки потребителю;Односедельный;Нормально открытый;Фланцевое;125;16;Углеродистая сталь;126;По запросу;162470;Под заказ
"Клапан регулирующий односедельный ""после себя"" нормально открытый фланцевый 25с47нж  DN 150 PN 1,6 Мпа У1 (Kvy - 400? м³/ч) с МИМ, корпус ст. 25Л";Клапаны регулирующие;25с47нж;Жидкие и газообразные среды, нейтральные к материалам деталей, соприкасающихся со средой (вода, пар, воздух, природный газ, мазут и другие жидкие нефтепродукты, газообразные и жидкие углеводородные смеси, масляные фракции и другие среды);"160; 250; 400";От -40 до +425;От -30 до +50;У1;C;ОТК;12;70000;10000;12 месяцев со дня ввода в эксплуатацию, но не более 18 месяцев со дня отгрузки потребителю;Односедельный;Нормально открытый;Фланцевое;150;16;Углеродистая сталь;152;По запросу;191290;Под заказ
"Клапан регулирующий односедельный ""после себя"" нормально открытый фланцевый 25с47нж  DN 200 PN 1,6 Мпа У1 (Kvy - 630? м³/ч) с МИМ, корпус ст. 25Л";Клапаны регулирующие;25с47нж;Жидкие и газообразные среды, нейтральные к материалам деталей, соприкасающихся со средой (вода, пар, воздух, природный газ, мазут и другие жидкие нефтепродукты, газообразные и жидкие углеводородные смеси, масляные фракции и другие среды);"250; 400; 630";От -40 до +425;От -30 до +50;У1;C;ОТК;12;70000;10000;12 месяцев со дня ввода в эксплуатацию, но не более 18 месяцев со дня отгрузки потребителю;Односедельный;Нормально открытый;Фланцевое;200;16;Углеродистая сталь;190;По запросу;248710;Под заказ
"Клапан регулирующий односедельный ""после себя"" нормально открытый фланцевый 25с47нж  DN 250 PN 1,6 Мпа У1 (Kvy - ? м³/ч) с МИМ, корпус ст. 25Л";Клапаны регулирующие;25с47нж;Жидкие и газообразные среды, нейтральные к материалам деталей, соприкасающихся со средой (вода, пар, воздух, природный газ, мазут и другие жидкие нефтепродукты, газообразные и жидкие углеводородные смеси, масляные фракции и другие среды);;От -40 до +425;От -30 до +50;У1;C;ОТК;12;70000;10000;12 месяцев со дня ввода в эксплуатацию, но не более 18 месяцев со дня отгрузки потребителю;Односедельный;Нормально открытый;Фланцевое;250;16;Углеродистая сталь;320;По запросу;0;Под заказ
"Клапан регулирующий односедельный ""после себя"" нормально открытый фланцевый 25с47нж  DN 300 PN 1,6 Мпа У1 (Kvy - ? м³/ч) с МИМ, корпус ст. 25Л";Клапаны регулирующие;25с47нж;Жидкие и газообразные среды, нейтральные к материалам деталей, соприкасающихся со средой (вода, пар, воздух, природный газ, мазут и другие жидкие нефтепродукты, газообразные и жидкие углеводородные смеси, масляные фракции и другие среды);;От -40 до +425;От -30 до +50;У1;C;ОТК;12;70000;10000;12 месяцев со дня ввода в эксплуатацию, но не более 18 месяцев со дня отгрузки потребителю;Односедельный;Нормально открытый;Фланцевое;300;16;Углеродистая сталь;390;По запросу;0;Под заказ
"Клапан регулирующий односедельный ""после себя"" нормально открытый фланцевый 25с47нж  DN 15 PN 2,5 Мпа У1 (Kvy - 4,0? м³/ч) с МИМ, корпус ст. 25Л";Клапаны регулирующие;25с47нж;Жидкие и газообразные среды, нейтральные к материалам деталей, соприкасающихся со средой (вода, пар, воздух, природный газ, мазут и другие жидкие нефтепродукты, газообразные и жидкие углеводородные смеси, масляные фракции и другие среды);"0,1; 0,16; 0,25; 0,4; 0,6; 1,0; 1,6; 2,5; 3,2; 4,0";От -40 до +425;От -30 до +50;У1;C;ОТК;12;70000;10000;12 месяцев со дня ввода в эксплуатацию, но не более 18 месяцев со дня отгрузки потребителю;Односедельный;Нормально открытый;Фланцевое;15;25;Углеродистая сталь;22;По запросу;37400;Под заказ
"Клапан регулирующий односедельный ""после себя"" нормально открытый фланцевый 25с47нж  DN 20 PN 2,5 Мпа У1 (Kvy - 6,3? м³/ч) с МИМ, корпус ст. 25Л";Клапаны регулирующие;25с47нж;Жидкие и газообразные среды, нейтральные к материалам деталей, соприкасающихся со средой (вода, пар, воздух, природный газ, мазут и другие жидкие нефтепродукты, газообразные и жидкие углеводородные смеси, масляные фракции и другие среды);"1,6; 2,5; 4,0; 6,3";От -40 до +425;От -30 до +50;У1;C;ОТК;12;70000;10000;12 месяцев со дня ввода в эксплуатацию, но не более 18 месяцев со дня отгрузки потребителю;Односедельный;Нормально открытый;Фланцевое;20;25;Углеродистая сталь;23;По запросу;38060;Под заказ
"Клапан регулирующий односедельный ""после себя"" нормально открытый фланцевый 25с47нж  DN 25 PN 2,5 Мпа У1 (Kvy - 16? м³/ч) с МИМ, корпус ст. 25Л";Клапаны регулирующие;25с47нж;Жидкие и газообразные среды, нейтральные к материалам деталей, соприкасающихся со средой (вода, пар, воздух, природный газ, мазут и другие жидкие нефтепродукты, газообразные и жидкие углеводородные смеси, масляные фракции и другие среды);"1,6; 2,5; 4,0; 6,3; 10; 16";От -40 до +425;От -30 до +50;У1;C;ОТК;12;70000;10000;12 месяцев со дня ввода в эксплуатацию, но не более 18 месяцев со дня отгрузки потребителю;Односедельный;Нормально открытый;Фланцевое;25;25;Углеродистая сталь;24;По запросу;40260;Под заказ
"Клапан регулирующий односедельный ""после себя"" нормально открытый фланцевый 25с47нж  DN 32 PN 2,5 Мпа У1 (Kvy - 25? м³/ч) с МИМ, корпус ст. 25Л";Клапаны регулирующие;25с47нж;Жидкие и газообразные среды, нейтральные к материалам деталей, соприкасающихся со средой (вода, пар, воздух, природный газ, мазут и другие жидкие нефтепродукты, газообразные и жидкие углеводородные смеси, масляные фракции и другие среды);"6,3; 10; 16; 25";От -40 до +425;От -30 до +50;У1;C;ОТК;12;70000;10000;12 месяцев со дня ввода в эксплуатацию, но не более 18 месяцев со дня отгрузки потребителю;Односедельный;Нормально открытый;Фланцевое;32;25;Углеродистая сталь;27;По запросу;50380;Под заказ
"Клапан регулирующий односедельный ""после себя"" нормально открытый фланцевый 25с47нж  DN 40 PN 2,5 Мпа У1 (Kvy - 40? м³/ч) с МИМ, корпус ст. 25Л";Клапаны регулирующие;25с47нж;Жидкие и газообразные среды, нейтральные к материалам деталей, соприкасающихся со средой (вода, пар, воздух, природный газ, мазут и другие жидкие нефтепродукты, газообразные и жидкие углеводородные смеси, масляные фракции и другие среды);"10; 16; 25; 40";От -40 до +425;От -30 до +50;У1;C;ОТК;12;70000;10000;12 месяцев со дня ввода в эксплуатацию, но не более 18 месяцев со дня отгрузки потребителю;Односедельный;Нормально открытый;Фланцевое;40;25;Углеродистая сталь;30;По запросу;51810;Под заказ
"Клапан регулирующий односедельный ""после себя"" нормально открытый фланцевый 25с47нж  DN 50 PN 2,5 Мпа У1 (Kvy - 63? м³/ч) с МИМ, корпус ст. 25Л";Клапаны регулирующие;25с47нж;Жидкие и газообразные среды, нейтральные к материалам деталей, соприкасающихся со средой (вода, пар, воздух, природный газ, мазут и другие жидкие нефтепродукты, газообразные и жидкие углеводородные смеси, масляные фракции и другие среды);"10; 16; 25; 40; 63";От -40 до +425;От -30 до +50;У1;C;ОТК;12;70000;10000;12 месяцев со дня ввода в эксплуатацию, но не более 18 месяцев со дня отгрузки потребителю;Односедельный;Нормально открытый;Фланцевое;50;25;Углеродистая сталь;32;По запросу;56100;Под заказ
"Клапан регулирующий односедельный ""после себя"" нормально открытый фланцевый 25с47нж  DN 65 PN 2,5 Мпа У1 (Kvy - 100? м³/ч) с МИМ, корпус ст. 25Л";Клапаны регулирующие;25с47нж;Жидкие и газообразные среды, нейтральные к материалам деталей, соприкасающихся со средой (вода, пар, воздух, природный газ, мазут и другие жидкие нефтепродукты, газообразные и жидкие углеводородные смеси, масляные фракции и другие среды);"25; 40; 63; 100";От -40 до +425;От -30 до +50;У1;C;ОТК;12;70000;10000;12 месяцев со дня ввода в эксплуатацию, но не более 18 месяцев со дня отгрузки потребителю;Односедельный;Нормально открытый;Фланцевое;65;25;Углеродистая сталь;55;По запросу;80520;Под заказ
"Клапан регулирующий односедельный ""после себя"" нормально открытый фланцевый 25с47нж  DN 80 PN 2,5 Мпа У1 (Kvy - 160? м³/ч) с МИМ, корпус ст. 25Л";Клапаны регулирующие;25с47нж;Жидкие и газообразные среды, нейтральные к материалам деталей, соприкасающихся со средой (вода, пар, воздух, природный газ, мазут и другие жидкие нефтепродукты, газообразные и жидкие углеводородные смеси, масляные фракции и другие среды);"40; 63; 100; 160";От -40 до +425;От -30 до +50;У1;C;ОТК;12;70000;10000;12 месяцев со дня ввода в эксплуатацию, но не более 18 месяцев со дня отгрузки потребителю;Односедельный;Нормально открытый;Фланцевое;80;25;Углеродистая сталь;63;По запросу;92070;Под заказ
"Клапан регулирующий односедельный ""после себя"" нормально открытый фланцевый 25с47нж  DN 100 PN 2,5 Мпа У1 (Kvy - 250? м³/ч) с МИМ, корпус ст. 25Л";Клапаны регулирующие;25с47нж;Жидкие и газообразные среды, нейтральные к материалам деталей, соприкасающихся со средой (вода, пар, воздух, природный газ, мазут и другие жидкие нефтепродукты, газообразные и жидкие углеводородные смеси, масляные фракции и другие среды);"63; 100; 160; 250";От -40 до +425;От -30 до +50;У1;C;ОТК;12;70000;10000;12 месяцев со дня ввода в эксплуатацию, но не более 18 месяцев со дня отгрузки потребителю;Односедельный;Нормально открытый;Фланцевое;100;25;Углеродистая сталь;72;По запросу;107910;Под заказ
"Клапан регулирующий односедельный ""после себя"" нормально открытый фланцевый 25с47нж  DN 15 PN 4,0 Мпа У1 (Kvy - 4,0? м³/ч) с МИМ, корпус ст. 25Л";Клапаны регулирующие;25с47нж;Жидкие и газообразные среды, нейтральные к материалам деталей, соприкасающихся со средой (вода, пар, воздух, природный газ, мазут и другие жидкие нефтепродукты, газообразные и жидкие углеводородные смеси, масляные фракции и другие среды);"0,1; 0,16; 0,25; 0,4; 0,6; 1,0; 1,6; 2,5; 3,2; 4,0";От -40 до +425;От -30 до +50;У1;C;ОТК;12;70000;10000;12 месяцев со дня ввода в эксплуатацию, но не более 18 месяцев со дня отгрузки потребителю;Односедельный;Нормально открытый;Фланцевое;15;40;Углеродистая сталь;22;По запросу;37400;Под заказ
"Клапан регулирующий односедельный ""после себя"" нормально открытый фланцевый 25с47нж  DN 20 PN 4,0 Мпа У1 (Kvy - 6,3? м³/ч) с МИМ, корпус ст. 25Л";Клапаны регулирующие;25с47нж;Жидкие и газообразные среды, нейтральные к материалам деталей, соприкасающихся со средой (вода, пар, воздух, природный газ, мазут и другие жидкие нефтепродукты, газообразные и жидкие углеводородные смеси, масляные фракции и другие среды);"1,6; 2,5; 4,0; 6,3";От -40 до +425;От -30 до +50;У1;C;ОТК;12;70000;10000;12 месяцев со дня ввода в эксплуатацию, но не более 18 месяцев со дня отгрузки потребителю;Односедельный;Нормально открытый;Фланцевое;20;40;Углеродистая сталь;23;По запросу;38060;Под заказ
"Клапан регулирующий односедельный ""после себя"" нормально открытый фланцевый 25с47нж  DN 25 PN 4,0 Мпа У1 (Kvy - 16? м³/ч) с МИМ, корпус ст. 25Л";Клапаны регулирующие;25с47нж;Жидкие и газообразные среды, нейтральные к материалам деталей, соприкасающихся со средой (вода, пар, воздух, природный газ, мазут и другие жидкие нефтепродукты, газообразные и жидкие углеводородные смеси, масляные фракции и другие среды);"1,6; 2,5; 4,0; 6,3; 10; 16";От -40 до +425;От -30 до +50;У1;C;ОТК;12;70000;10000;12 месяцев со дня ввода в эксплуатацию, но не более 18 месяцев со дня отгрузки потребителю;Односедельный;Нормально открытый;Фланцевое;25;40;Углеродистая сталь;24;По запросу;40260;Под заказ
"Клапан регулирующий односедельный ""после себя"" нормально открытый фланцевый 25с47нж  DN 32 PN 4,0 Мпа У1 (Kvy - 25? м³/ч) с МИМ, корпус ст. 25Л";Клапаны регулирующие;25с47нж;Жидкие и газообразные среды, нейтральные к материалам деталей, соприкасающихся со средой (вода, пар, воздух, природный газ, мазут и другие жидкие нефтепродукты, газообразные и жидкие углеводородные смеси, масляные фракции и другие среды);"6,3; 10; 16; 25";От -40 до +425;От -30 до +50;У1;C;ОТК;12;70000;10000;12 месяцев со дня ввода в эксплуатацию, но не более 18 месяцев со дня отгрузки потребителю;Односедельный;Нормально открытый;Фланцевое;32;40;Углеродистая сталь;27;По запросу;50380;Под заказ
"Клапан регулирующий односедельный ""после себя"" нормально открытый фланцевый 25с47нж  DN 40 PN 4,0 Мпа У1 (Kvy - 40? м³/ч) с МИМ, корпус ст. 25Л";Клапаны регулирующие;25с47нж;Жидкие и газообразные среды, нейтральные к материалам деталей, соприкасающихся со средой (вода, пар, воздух, природный газ, мазут и другие жидкие нефтепродукты, газообразные и жидкие углеводородные смеси, масляные фракции и другие среды);"10; 16; 25; 40";От -40 до +425;От -30 до +50;У1;C;ОТК;12;70000;10000;12 месяцев со дня ввода в эксплуатацию, но не более 18 месяцев со дня отгрузки потребителю;Односедельный;Нормально открытый;Фланцевое;40;40;Углеродистая сталь;30;По запросу;51810;Под заказ
"Клапан регулирующий односедельный ""после себя"" нормально открытый фланцевый 25с47нж  DN 50 PN 4,0 Мпа У1 (Kvy - 63? м³/ч) с МИМ, корпус ст. 25Л";Клапаны регулирующие;25с47нж;Жидкие и газообразные среды, нейтральные к материалам деталей, соприкасающихся со средой (вода, пар, воздух, природный газ, мазут и другие жидкие нефтепродукты, газообразные и жидкие углеводородные смеси, масляные фракции и другие среды);"10; 16; 25; 40; 63";От -40 до +425;От -30 до +50;У1;C;ОТК;12;70000;10000;12 месяцев со дня ввода в эксплуатацию, но не более 18 месяцев со дня отгрузки потребителю;Односедельный;Нормально открытый;Фланцевое;50;40;Углеродистая сталь;32;По запросу;56100;Под заказ
"Клапан регулирующий односедельный ""после себя"" нормально открытый фланцевый 25с47нж  DN 65 PN 4,0 Мпа У1 (Kvy - 100? м³/ч) с МИМ, корпус ст. 25Л";Клапаны регулирующие;25с47нж;Жидкие и газообразные среды, нейтральные к материалам деталей, соприкасающихся со средой (вода, пар, воздух, природный газ, мазут и другие жидкие нефтепродукты, газообразные и жидкие углеводородные смеси, масляные фракции и другие среды);"25; 40; 63; 100";От -40 до +425;От -30 до +50;У1;C;ОТК;12;70000;10000;12 месяцев со дня ввода в эксплуатацию, но не более 18 месяцев со дня отгрузки потребителю;Односедельный;Нормально открытый;Фланцевое;65;40;Углеродистая сталь;55;По запросу;80520;Под заказ
"Клапан регулирующий односедельный ""после себя"" нормально открытый фланцевый 25с47нж  DN 80 PN 4,0 Мпа У1 (Kvy - 160? м³/ч) с МИМ, корпус ст. 25Л";Клапаны регулирующие;25с47нж;Жидкие и газообразные среды, нейтральные к материалам деталей, соприкасающихся со средой (вода, пар, воздух, природный газ, мазут и другие жидкие нефтепродукты, газообразные и жидкие углеводородные смеси, масляные фракции и другие среды);"40; 63; 100; 160";От -40 до +425;От -30 до +50;У1;C;ОТК;12;70000;10000;12 месяцев со дня ввода в эксплуатацию, но не более 18 месяцев со дня отгрузки потребителю;Односедельный;Нормально открытый;Фланцевое;80;40;Углеродистая сталь;63;По запросу;92070;Под заказ
"Клапан регулирующий односедельный ""после себя"" нормально открытый фланцевый 25с47нж  DN 100 PN 4,0 Мпа У1 (Kvy - 250? м³/ч) с МИМ, корпус ст. 25Л";Клапаны регулирующие;25с47нж;Жидкие и газообразные среды, нейтральные к материалам деталей, соприкасающихся со средой (вода, пар, воздух, природный газ, мазут и другие жидкие нефтепродукты, газообразные и жидкие углеводородные смеси, масляные фракции и другие среды);"63; 100; 160; 250";От -40 до +425;От -30 до +50;У1;C;ОТК;12;70000;10000;12 месяцев со дня ввода в эксплуатацию, но не более 18 месяцев со дня отгрузки потребителю;Односедельный;Нормально открытый;Фланцевое;100;40;Углеродистая сталь;72;По запросу;107910;Под заказ
"Клапан регулирующий односедельный ""до себя"" нормально закрытый фланцевый 25с52нж  DN 15 PN 1,6 Мпа У1 (Kvy - 4,0? м³/ч) с МИМ, корпус ст. 25Л";Клапаны регулирующие;25с52нж;Жидкие и газообразные среды, нейтральные к материалам деталей, соприкасающихся со средой (вода, пар, воздух, природный газ, мазут и другие жидкие нефтепродукты, газообразные и жидкие углеводородные смеси, масляные фракции и другие среды);"0,1; 0,16; 0,25; 0,4; 0,6; 1,0; 1,6; 2,5; 3,2; 4,0";От -40 до +425;От -30 до +50;У1;C;ОТК;12;70000;10000;12 месяцев со дня ввода в эксплуатацию, но не более 18 месяцев со дня отгрузки потребителю;Односедельный;Нормально закрытый;Фланцевое;15;16;Углеродистая сталь;22;По запросу;37400;Под заказ
"Клапан регулирующий односедельный ""до себя"" нормально закрытый фланцевый 25с52нж  DN 20 PN 1,6 Мпа У1 (Kvy - 6,3? м³/ч) с МИМ, корпус ст. 25Л";Клапаны регулирующие;25с52нж;Жидкие и газообразные среды, нейтральные к материалам деталей, соприкасающихся со средой (вода, пар, воздух, природный газ, мазут и другие жидкие нефтепродукты, газообразные и жидкие углеводородные смеси, масляные фракции и другие среды);"1,6; 2,5; 4,0; 6,3";От -40 до +425;От -30 до +50;У1;C;ОТК;12;70000;10000;12 месяцев со дня ввода в эксплуатацию, но не более 18 месяцев со дня отгрузки потребителю;Односедельный;Нормально закрытый;Фланцевое;20;16;Углеродистая сталь;23;По запросу;38060;Под заказ
"Клапан регулирующий односедельный ""до себя"" нормально закрытый фланцевый 25с52нж  DN 25 PN 1,6 Мпа У1 (Kvy - 16? м³/ч) с МИМ, корпус ст. 25Л";Клапаны регулирующие;25с52нж;Жидкие и газообразные среды, нейтральные к материалам деталей, соприкасающихся со средой (вода, пар, воздух, природный газ, мазут и другие жидкие нефтепродукты, газообразные и жидкие углеводородные смеси, масляные фракции и другие среды);"1,6; 2,5; 4,0; 6,3; 10; 16";От -40 до +425;От -30 до +50;У1;C;ОТК;12;70000;10000;12 месяцев со дня ввода в эксплуатацию, но не более 18 месяцев со дня отгрузки потребителю;Односедельный;Нормально закрытый;Фланцевое;25;16;Углеродистая сталь;24;По запросу;40260;Под заказ
"Клапан регулирующий односедельный ""до себя"" нормально закрытый фланцевый 25с52нж DN 32 PN 1,6 Мпа У1 (Kvy - 25? м³/ч) с МИМ, корпус ст. 25Л";Клапаны регулирующие;25с52нж;Жидкие и газообразные среды, нейтральные к материалам деталей, соприкасающихся со средой (вода, пар, воздух, природный газ, мазут и другие жидкие нефтепродукты, газообразные и жидкие углеводородные смеси, масляные фракции и другие среды);"6,3; 10; 16; 25";От -40 до +425;От -30 до +50;У1;C;ОТК;12;70000;10000;12 месяцев со дня ввода в эксплуатацию, но не более 18 месяцев со дня отгрузки потребителю;Односедельный;Нормально закрытый;Фланцевое;32;16;Углеродистая сталь;27;По запросу;50380;Под заказ
"Клапан регулирующий односедельный ""до себя"" нормально закрытый фланцевый 25с52нж  DN 40 PN 1,6 Мпа У1 (Kvy - 40? м³/ч) с МИМ, корпус ст. 25Л";Клапаны регулирующие;25с52нж;Жидкие и газообразные среды, нейтральные к материалам деталей, соприкасающихся со средой (вода, пар, воздух, природный газ, мазут и другие жидкие нефтепродукты, газообразные и жидкие углеводородные смеси, масляные фракции и другие среды);"10; 16; 25; 40";От -40 до +425;От -30 до +50;У1;C;ОТК;12;70000;10000;12 месяцев со дня ввода в эксплуатацию, но не более 18 месяцев со дня отгрузки потребителю;Односедельный;Нормально закрытый;Фланцевое;40;16;Углеродистая сталь;30;По запросу;51810;Под заказ
"Клапан регулирующий односедельный ""до себя"" нормально закрытый фланцевый 25с52нж  DN 50 PN 1,6 Мпа У1 (Kvy - 63? м³/ч) с МИМ, корпус ст. 25Л";Клапаны регулирующие;25с52нж;Жидкие и газообразные среды, нейтральные к материалам деталей, соприкасающихся со средой (вода, пар, воздух, природный газ, мазут и другие жидкие нефтепродукты, газообразные и жидкие углеводородные смеси, масляные фракции и другие среды);"10; 16; 25; 40; 63";От -40 до +425;От -30 до +50;У1;C;ОТК;12;70000;10000;12 месяцев со дня ввода в эксплуатацию, но не более 18 месяцев со дня отгрузки потребителю;Односедельный;Нормально закрытый;Фланцевое;50;16;Углеродистая сталь;32;По запросу;56100;Под заказ
"Клапан регулирующий односедельный ""до себя"" нормально закрытый фланцевый 25с52нж  DN 65 PN 1,6 Мпа У1 (Kvy - 100? м³/ч) с МИМ, корпус ст. 25Л";Клапаны регулирующие;25с52нж;Жидкие и газообразные среды, нейтральные к материалам деталей, соприкасающихся со средой (вода, пар, воздух, природный газ, мазут и другие жидкие нефтепродукты, газообразные и жидкие углеводородные смеси, масляные фракции и другие среды);"25; 40; 63; 100";От -40 до +425;От -30 до +50;У1;C;ОТК;12;70000;10000;12 месяцев со дня ввода в эксплуатацию, но не более 18 месяцев со дня отгрузки потребителю;Односедельный;Нормально закрытый;Фланцевое;65;16;Углеродистая сталь;55;По запросу;80520;Под заказ
"Клапан регулирующий односедельный ""до себя"" нормально закрытый фланцевый 25с52нж  DN 80 PN 1,6 Мпа У1 (Kvy - 160? м³/ч) с МИМ, корпус ст. 25Л";Клапаны регулирующие;25с52нж;Жидкие и газообразные среды, нейтральные к материалам деталей, соприкасающихся со средой (вода, пар, воздух, природный газ, мазут и другие жидкие нефтепродукты, газообразные и жидкие углеводородные смеси, масляные фракции и другие среды);"40; 63; 100; 160";От -40 до +425;От -30 до +50;У1;C;ОТК;12;70000;10000;12 месяцев со дня ввода в эксплуатацию, но не более 18 месяцев со дня отгрузки потребителю;Односедельный;Нормально закрытый;Фланцевое;80;16;Углеродистая сталь;63;По запросу;92070;Под заказ
"Клапан регулирующий односедельный ""до себя"" нормально закрытый фланцевый 25с52нж DN 100 PN 1,6 Мпа У1 (Kvy - 250? м³/ч) с МИМ, корпус ст. 25Л";Клапаны регулирующие;25с52нж;Жидкие и газообразные среды, нейтральные к материалам деталей, соприкасающихся со средой (вода, пар, воздух, природный газ, мазут и другие жидкие нефтепродукты, газообразные и жидкие углеводородные смеси, масляные фракции и другие среды);"63; 100; 160; 250";От -40 до +425;От -30 до +50;У1;C;ОТК;12;70000;10000;12 месяцев со дня ввода в эксплуатацию, но не более 18 месяцев со дня отгрузки потребителю;Односедельный;Нормально закрытый;Фланцевое;100;16;Углеродистая сталь;72;По запросу;107910;Под заказ
"Клапан регулирующий односедельный ""до себя"" нормально закрытый фланцевый 25с52нж DN 125 PN 1,6 Мпа У1 (Kvy - 320? м³/ч) с МИМ, корпус ст. 25Л";Клапаны регулирующие;25с52нж;Жидкие и газообразные среды, нейтральные к материалам деталей, соприкасающихся со средой (вода, пар, воздух, природный газ, мазут и другие жидкие нефтепродукты, газообразные и жидкие углеводородные смеси, масляные фракции и другие среды);"100; 160; 250; 320";От -40 до +425;От -30 до +50;У1;C;ОТК;12;70000;10000;12 месяцев со дня ввода в эксплуатацию, но не более 18 месяцев со дня отгрузки потребителю;Односедельный;Нормально закрытый;Фланцевое;125;16;Углеродистая сталь;126;По запросу;162470;Под заказ
"Клапан регулирующий односедельный ""до себя"" нормально закрытый фланцевый 25с52нж DN 150 PN 1,6 Мпа У1 (Kvy - 400? м³/ч) с МИМ, корпус ст. 25Л";Клапаны регулирующие;25с52нж;Жидкие и газообразные среды, нейтральные к материалам деталей, соприкасающихся со средой (вода, пар, воздух, природный газ, мазут и другие жидкие нефтепродукты, газообразные и жидкие углеводородные смеси, масляные фракции и другие среды);"160; 250; 400";От -40 до +425;От -30 до +50;У1;C;ОТК;12;70000;10000;12 месяцев со дня ввода в эксплуатацию, но не более 18 месяцев со дня отгрузки потребителю;Односедельный;Нормально закрытый;Фланцевое;150;16;Углеродистая сталь;152;По запросу;191290;Под заказ
"Клапан регулирующий односедельный ""до себя"" нормально закрытый фланцевый 25с52нж DN 200 PN 1,6 Мпа У1 (Kvy - 630? м³/ч) с МИМ, корпус ст. 25Л";Клапаны регулирующие;25с52нж;Жидкие и газообразные среды, нейтральные к материалам деталей, соприкасающихся со средой (вода, пар, воздух, природный газ, мазут и другие жидкие нефтепродукты, газообразные и жидкие углеводородные смеси, масляные фракции и другие среды);"250; 400; 630";От -40 до +425;От -30 до +50;У1;C;ОТК;12;70000;10000;12 месяцев со дня ввода в эксплуатацию, но не более 18 месяцев со дня отгрузки потребителю;Односедельный;Нормально закрытый;Фланцевое;200;16;Углеродистая сталь;190;По запросу;248710;Под заказ
"Клапан регулирующий односедельный ""до себя"" нормально закрытый фланцевый 25с52нж DN 250 PN 1,6 Мпа У1 (Kvy - ? м³/ч) с МИМ, корпус ст. 25Л";Клапаны регулирующие;25с52нж;Жидкие и газообразные среды, нейтральные к материалам деталей, соприкасающихся со средой (вода, пар, воздух, природный газ, мазут и другие жидкие нефтепродукты, газообразные и жидкие углеводородные смеси, масляные фракции и другие среды);;От -40 до +425;От -30 до +50;У1;C;ОТК;12;70000;10000;12 месяцев со дня ввода в эксплуатацию, но не более 18 месяцев со дня отгрузки потребителю;Односедельный;Нормально закрытый;Фланцевое;250;16;Углеродистая сталь;320;По запросу;0;Под заказ
"Клапан регулирующий односедельный ""до себя"" нормально закрытый фланцевый 25с52нж DN 300 PN 1,6 Мпа У1 (Kvy - ? м³/ч) с МИМ, корпус ст. 25Л";Клапаны регулирующие;25с52нж;Жидкие и газообразные среды, нейтральные к материалам деталей, соприкасающихся со средой (вода, пар, воздух, природный газ, мазут и другие жидкие нефтепродукты, газообразные и жидкие углеводородные смеси, масляные фракции и другие среды);;От -40 до +425;От -30 до +50;У1;C;ОТК;12;70000;10000;12 месяцев со дня ввода в эксплуатацию, но не более 18 месяцев со дня отгрузки потребителю;Односедельный;Нормально закрытый;Фланцевое;300;16;Углеродистая сталь;390;По запросу;0;Под заказ
"Клапан регулирующий односедельный ""до себя"" нормально закрытый фланцевый 25с52нж DN 15 PN 2,5 Мпа У1 (Kvy - 4,0? м³/ч) с МИМ, корпус ст. 25Л";Клапаны регулирующие;25с52нж;Жидкие и газообразные среды, нейтральные к материалам деталей, соприкасающихся со средой (вода, пар, воздух, природный газ, мазут и другие жидкие нефтепродукты, газообразные и жидкие углеводородные смеси, масляные фракции и другие среды);"0,1; 0,16; 0,25; 0,4; 0,6; 1,0; 1,6; 2,5; 3,2; 4,0";От -40 до +425;От -30 до +50;У1;C;ОТК;12;70000;10000;12 месяцев со дня ввода в эксплуатацию, но не более 18 месяцев со дня отгрузки потребителю;Односедельный;Нормально закрытый;Фланцевое;15;25;Углеродистая сталь;22;По запросу;37400;Под заказ
"Клапан регулирующий односедельный ""до себя"" нормально закрытый фланцевый 25с52нж DN 20 PN 2,5 Мпа У1 (Kvy - 6,3? м³/ч) с МИМ, корпус ст. 25Л";Клапаны регулирующие;25с52нж;Жидкие и газообразные среды, нейтральные к материалам деталей, соприкасающихся со средой (вода, пар, воздух, природный газ, мазут и другие жидкие нефтепродукты, газообразные и жидкие углеводородные смеси, масляные фракции и другие среды);"1,6; 2,5; 4,0; 6,3";От -40 до +425;От -30 до +50;У1;C;ОТК;12;70000;10000;12 месяцев со дня ввода в эксплуатацию, но не более 18 месяцев со дня отгрузки потребителю;Односедельный;Нормально закрытый;Фланцевое;20;25;Углеродистая сталь;23;По запросу;38060;Под заказ
"Клапан регулирующий односедельный ""до себя"" нормально закрытый фланцевый 25с52нж DN 25 PN 2,5 Мпа У1 (Kvy - 16? м³/ч) с МИМ, корпус ст. 25Л";Клапаны регулирующие;25с52нж;Жидкие и газообразные среды, нейтральные к материалам деталей, соприкасающихся со средой (вода, пар, воздух, природный газ, мазут и другие жидкие нефтепродукты, газообразные и жидкие углеводородные смеси, масляные фракции и другие среды);"1,6; 2,5; 4,0; 6,3; 10; 16";От -40 до +425;От -30 до +50;У1;C;ОТК;12;70000;10000;12 месяцев со дня ввода в эксплуатацию, но не более 18 месяцев со дня отгрузки потребителю;Односедельный;Нормально закрытый;Фланцевое;25;25;Углеродистая сталь;24;По запросу;40260;Под заказ
"Клапан регулирующий односедельный ""до себя"" нормально закрытый фланцевый 25с52нж DN 32 PN 2,5 Мпа У1 (Kvy - 25? м³/ч) с МИМ, корпус ст. 25Л";Клапаны регулирующие;25с52нж;Жидкие и газообразные среды, нейтральные к материалам деталей, соприкасающихся со средой (вода, пар, воздух, природный газ, мазут и другие жидкие нефтепродукты, газообразные и жидкие углеводородные смеси, масляные фракции и другие среды);"6,3; 10; 16; 25";От -40 до +425;От -30 до +50;У1;C;ОТК;12;70000;10000;12 месяцев со дня ввода в эксплуатацию, но не более 18 месяцев со дня отгрузки потребителю;Односедельный;Нормально закрытый;Фланцевое;32;25;Углеродистая сталь;27;По запросу;50380;Под заказ
"Клапан регулирующий односедельный ""до себя"" нормально закрытый фланцевый 25с52нж DN 40 PN 2,5 Мпа У1 (Kvy - 40? м³/ч) с МИМ, корпус ст. 25Л";Клапаны регулирующие;25с52нж;Жидкие и газообразные среды, нейтральные к материалам деталей, соприкасающихся со средой (вода, пар, воздух, природный газ, мазут и другие жидкие нефтепродукты, газообразные и жидкие углеводородные смеси, масляные фракции и другие среды);"10; 16; 25; 40";От -40 до +425;От -30 до +50;У1;C;ОТК;12;70000;10000;12 месяцев со дня ввода в эксплуатацию, но не более 18 месяцев со дня отгрузки потребителю;Односедельный;Нормально закрытый;Фланцевое;40;25;Углеродистая сталь;30;По запросу;51810;Под заказ
"Клапан регулирующий односедельный ""до себя"" нормально закрытый фланцевый 25с52нж DN 50 PN 2,5 Мпа У1 (Kvy - 63? м³/ч) с МИМ, корпус ст. 25Л";Клапаны регулирующие;25с52нж;Жидкие и газообразные среды, нейтральные к материалам деталей, соприкасающихся со средой (вода, пар, воздух, природный газ, мазут и другие жидкие нефтепродукты, газообразные и жидкие углеводородные смеси, масляные фракции и другие среды);"10; 16; 25; 40; 63";От -40 до +425;От -30 до +50;У1;C;ОТК;12;70000;10000;12 месяцев со дня ввода в эксплуатацию, но не более 18 месяцев со дня отгрузки потребителю;Односедельный;Нормально закрытый;Фланцевое;50;25;Углеродистая сталь;32;По запросу;56100;Под заказ
"Клапан регулирующий односедельный ""до себя"" нормально закрытый фланцевый 25с52нж DN 65 PN 2,5 Мпа У1 (Kvy - 100? м³/ч) с МИМ, корпус ст. 25Л";Клапаны регулирующие;25с52нж;Жидкие и газообразные среды, нейтральные к материалам деталей, соприкасающихся со средой (вода, пар, воздух, природный газ, мазут и другие жидкие нефтепродукты, газообразные и жидкие углеводородные смеси, масляные фракции и другие среды);"25; 40; 63; 100";От -40 до +425;От -30 до +50;У1;C;ОТК;12;70000;10000;12 месяцев со дня ввода в эксплуатацию, но не более 18 месяцев со дня отгрузки потребителю;Односедельный;Нормально закрытый;Фланцевое;65;25;Углеродистая сталь;55;По запросу;80520;Под заказ
"Клапан регулирующий односедельный ""до себя"" нормально закрытый фланцевый 25с52нж DN 80 PN 2,5 Мпа У1 (Kvy - 160? м³/ч) с МИМ, корпус ст. 25Л";Клапаны регулирующие;25с52нж;Жидкие и газообразные среды, нейтральные к материалам деталей, соприкасающихся со средой (вода, пар, воздух, природный газ, мазут и другие жидкие нефтепродукты, газообразные и жидкие углеводородные смеси, масляные фракции и другие среды);"40; 63; 100; 160";От -40 до +425;От -30 до +50;У1;C;ОТК;12;70000;10000;12 месяцев со дня ввода в эксплуатацию, но не более 18 месяцев со дня отгрузки потребителю;Односедельный;Нормально закрытый;Фланцевое;80;25;Углеродистая сталь;63;По запросу;92070;Под заказ
"Клапан регулирующий односедельный ""до себя"" нормально закрытый фланцевый 25с52нж DN 100 PN 2,5 Мпа У1 (Kvy - 250? м³/ч) с МИМ, корпус ст. 25Л";Клапаны регулирующие;25с52нж;Жидкие и газообразные среды, нейтральные к материалам деталей, соприкасающихся со средой (вода, пар, воздух, природный газ, мазут и другие жидкие нефтепродукты, газообразные и жидкие углеводородные смеси, масляные фракции и другие среды);"63; 100; 160; 250";От -40 до +425;От -30 до +50;У1;C;ОТК;12;70000;10000;12 месяцев со дня ввода в эксплуатацию, но не более 18 месяцев со дня отгрузки потребителю;Односедельный;Нормально закрытый;Фланцевое;100;25;Углеродистая сталь;72;По запросу;107910;Под заказ
"Клапан регулирующий односедельный ""до себя"" нормально закрытый фланцевый 25с52нж DN 15 PN 4,0 Мпа У1 (Kvy - 4,0? м³/ч) с МИМ, корпус сталь 25Л";Клапаны регулирующие;25с52нж;Жидкие и газообразные среды, нейтральные к материалам деталей, соприкасающихся со средой (вода, пар, воздух, природный газ, мазут и другие жидкие нефтепродукты, газообразные и жидкие углеводородные смеси, масляные фракции и другие среды);"0,1; 0,16; 0,25; 0,4; 0,6; 1,0; 1,6; 2,5; 3,2; 4,0";От -40 до +425;От -30 до +50;У1;C;ОТК;12;70000;10000;12 месяцев со дня ввода в эксплуатацию, но не более 18 месяцев со дня отгрузки потребителю;Односедельный;Нормально закрытый;Фланцевое;15;40;Углеродистая сталь;22;По запросу;37400;Под заказ
"Клапан регулирующий односедельный ""до себя"" нормально закрытый фланцевый 25с52нж DN 20 PN 4,0 Мпа У1 (Kvy - 6,3? м³/ч) с МИМ, корпус сталь 25Л";Клапаны регулирующие;25с52нж;Жидкие и газообразные среды, нейтральные к материалам деталей, соприкасающихся со средой (вода, пар, воздух, природный газ, мазут и другие жидкие нефтепродукты, газообразные и жидкие углеводородные смеси, масляные фракции и другие среды);"1,6; 2,5; 4,0; 6,3";От -40 до +425;От -30 до +50;У1;C;ОТК;12;70000;10000;12 месяцев со дня ввода в эксплуатацию, но не более 18 месяцев со дня отгрузки потребителю;Односедельный;Нормально закрытый;Фланцевое;20;40;Углеродистая сталь;23;По запросу;38060;Под заказ
"Клапан регулирующий односедельный ""до себя"" нормально закрытый фланцевый 25с52нж DN 25 PN 4,0 Мпа У1 (Kvy - 16? м³/ч) с МИМ, корпус сталь 25Л";Клапаны регулирующие;25с52нж;Жидкие и газообразные среды, нейтральные к материалам деталей, соприкасающихся со средой (вода, пар, воздух, природный газ, мазут и другие жидкие нефтепродукты, газообразные и жидкие углеводородные смеси, масляные фракции и другие среды);"1,6; 2,5; 4,0; 6,3; 10; 16";От -40 до +425;От -30 до +50;У1;C;ОТК;12;70000;10000;12 месяцев со дня ввода в эксплуатацию, но не более 18 месяцев со дня отгрузки потребителю;Односедельный;Нормально закрытый;Фланцевое;25;40;Углеродистая сталь;24;По запросу;40260;Под заказ
"Клапан регулирующий односедельный ""до себя"" нормально закрытый фланцевый 25с52нж DN 32 PN 4,0 Мпа У1 (Kvy - 25? м³/ч) с МИМ, корпус сталь 25Л";Клапаны регулирующие;25с52нж;Жидкие и газообразные среды, нейтральные к материалам деталей, соприкасающихся со средой (вода, пар, воздух, природный газ, мазут и другие жидкие нефтепродукты, газообразные и жидкие углеводородные смеси, масляные фракции и другие среды);"6,3; 10; 16; 25";От -40 до +425;От -30 до +50;У1;C;ОТК;12;70000;10000;12 месяцев со дня ввода в эксплуатацию, но не более 18 месяцев со дня отгрузки потребителю;Односедельный;Нормально закрытый;Фланцевое;32;40;Углеродистая сталь;27;По запросу;50380;Под заказ
"Клапан регулирующий односедельный ""до себя"" нормально закрытый фланцевый 25с52нж DN 40 PN 4,0 Мпа У1 (Kvy - 40? м³/ч) с МИМ, корпус сталь 25Л";Клапаны регулирующие;25с52нж;Жидкие и газообразные среды, нейтральные к материалам деталей, соприкасающихся со средой (вода, пар, воздух, природный газ, мазут и другие жидкие нефтепродукты, газообразные и жидкие углеводородные смеси, масляные фракции и другие среды);"10; 16; 25; 40";От -40 до +425;От -30 до +50;У1;C;ОТК;12;70000;10000;12 месяцев со дня ввода в эксплуатацию, но не более 18 месяцев со дня отгрузки потребителю;Односедельный;Нормально закрытый;Фланцевое;40;40;Углеродистая сталь;30;По запросу;51810;Под заказ
"Клапан регулирующий односедельный ""до себя"" нормально закрытый фланцевый 25с52нж DN 50 PN 4,0 Мпа У1 (Kvy - 63? м³/ч) с МИМ, корпус сталь 25Л";Клапаны регулирующие;25с52нж;Жидкие и газообразные среды, нейтральные к материалам деталей, соприкасающихся со средой (вода, пар, воздух, природный газ, мазут и другие жидкие нефтепродукты, газообразные и жидкие углеводородные смеси, масляные фракции и другие среды);"10; 16; 25; 40; 63";От -40 до +425;От -30 до +50;У1;C;ОТК;12;70000;10000;12 месяцев со дня ввода в эксплуатацию, но не более 18 месяцев со дня отгрузки потребителю;Односедельный;Нормально закрытый;Фланцевое;50;40;Углеродистая сталь;32;По запросу;56100;Под заказ
"Клапан регулирующий односедельный ""до себя"" нормально закрытый фланцевый 25с52нж DN 65 PN 4,0 Мпа У1 (Kvy - 100? м³/ч) с МИМ, корпус сталь 25Л";Клапаны регулирующие;25с52нж;Жидкие и газообразные среды, нейтральные к материалам деталей, соприкасающихся со средой (вода, пар, воздух, природный газ, мазут и другие жидкие нефтепродукты, газообразные и жидкие углеводородные смеси, масляные фракции и другие среды);"25; 40; 63; 100";От -40 до +425;От -30 до +50;У1;C;ОТК;12;70000;10000;12 месяцев со дня ввода в эксплуатацию, но не более 18 месяцев со дня отгрузки потребителю;Односедельный;Нормально закрытый;Фланцевое;65;40;Углеродистая сталь;55;По запросу;80520;Под заказ
"Клапан регулирующий односедельный ""до себя"" нормально закрытый фланцевый 25с52нж DN 80 PN 4,0 Мпа У1 (Kvy - 160? м³/ч) с МИМ, корпус сталь 25Л";Клапаны регулирующие;25с52нж;Жидкие и газообразные среды, нейтральные к материалам деталей, соприкасающихся со средой (вода, пар, воздух, природный газ, мазут и другие жидкие нефтепродукты, газообразные и жидкие углеводородные смеси, масляные фракции и другие среды);"40; 63; 100; 160";От -40 до +425;От -30 до +50;У1;C;ОТК;12;70000;10000;12 месяцев со дня ввода в эксплуатацию, но не более 18 месяцев со дня отгрузки потребителю;Односедельный;Нормально закрытый;Фланцевое;80;40;Углеродистая сталь;63;По запросу;92070;Под заказ
"Клапан регулирующий односедельный ""до себя"" нормально закрытый фланцевый 25с52нж DN 100 PN 4,0 Мпа У1 (Kvy - 250? м³/ч) с МИМ, корпус сталь 25Л";Клапаны регулирующие;25с52нж;Жидкие и газообразные среды, нейтральные к материалам деталей, соприкасающихся со средой (вода, пар, воздух, природный газ, мазут и другие жидкие нефтепродукты, газообразные и жидкие углеводородные смеси, масляные фракции и другие среды);"63; 100; 160; 250";От -40 до +425;От -30 до +50;У1;C;ОТК;12;70000;10000;12 месяцев со дня ввода в эксплуатацию, но не более 18 месяцев со дня отгрузки потребителю;Односедельный;Нормально закрытый;Фланцевое;100;40;Углеродистая сталь;72;По запросу;107910;Под заказ
"Клапан регулирующий односедельный  ""после себя"" нормально открытый фланцевый 25нж47п DN 15 PN 1,6 Мпа УХЛ1 (Kvy - 4,0? м³/ч) с МИМ, корпус ст. 12Х18Н9ТЛ";Клапаны регулирующие;25нж47п;Жидкие и газообразные среды, нейтральные к материалам деталей, соприкасающихся со средой (вода, пар, воздух, природный газ, мазут и другие жидкие нефтепродукты, газообразные и жидкие углеводородные смеси, масляные фракции и другие среды);"0,1; 0,16; 0,25; 0,4; 0,6; 1,0; 1,6; 2,5; 3,2; 4,0";От -60 до +560;От -30 до +50;УХЛ1;C;ОТК;12;70000;10000;12 месяцев со дня ввода в эксплуатацию, но не более 18 месяцев со дня отгрузки потребителю;Односедельный;Нормально открытый;Фланцевое;15;16;Коррозионностойкая сталь;22;По запросу;58960;Под заказ
"Клапан регулирующий односедельный  ""после себя"" нормально открытый фланцевый 25нж47п DN 20 PN 1,6 Мпа УХЛ1 (Kvy - 6,3? м³/ч) с МИМ, корпус ст. 12Х18Н9ТЛ";Клапаны регулирующие;25нж47п;Жидкие и газообразные среды, нейтральные к материалам деталей, соприкасающихся со средой (вода, пар, воздух, природный газ, мазут и другие жидкие нефтепродукты, газообразные и жидкие углеводородные смеси, масляные фракции и другие среды);"1,6; 2,5; 4,0; 6,3";От -60 до +560;От -30 до +50;УХЛ1;C;ОТК;12;70000;10000;12 месяцев со дня ввода в эксплуатацию, но не более 18 месяцев со дня отгрузки потребителю;Односедельный;Нормально открытый;Фланцевое;20;16;Коррозионностойкая сталь;23;По запросу;58960;Под заказ
"Клапан регулирующий односедельный  ""после себя"" нормально открытый фланцевый 25нж47п DN 25 PN 1,6 Мпа УХЛ1 (Kvy - 16? м³/ч) с МИМ, корпус ст. 12Х18Н9ТЛ";Клапаны регулирующие;25нж47п;Жидкие и газообразные среды, нейтральные к материалам деталей, соприкасающихся со средой (вода, пар, воздух, природный газ, мазут и другие жидкие нефтепродукты, газообразные и жидкие углеводородные смеси, масляные фракции и другие среды);"1,6; 2,5; 4,0; 6,3; 10; 16";От -60 до +560;От -30 до +50;УХЛ1;C;ОТК;12;70000;10000;12 месяцев со дня ввода в эксплуатацию, но не более 18 месяцев со дня отгрузки потребителю;Односедельный;Нормально открытый;Фланцевое;25;16;Коррозионностойкая сталь;24;По запросу;61820;Под заказ
"Клапан регулирующий односедельный  ""после себя"" нормально открытый фланцевый 25нж47п DN 32 PN 1,6 Мпа УХЛ1 (Kvy - 25? м³/ч) с МИМ, корпус ст. 12Х18Н9ТЛ";Клапаны регулирующие;25нж47п;Жидкие и газообразные среды, нейтральные к материалам деталей, соприкасающихся со средой (вода, пар, воздух, природный газ, мазут и другие жидкие нефтепродукты, газообразные и жидкие углеводородные смеси, масляные фракции и другие среды);"6,3; 10; 16; 25";От -60 до +560;От -30 до +50;УХЛ1;C;ОТК;12;70000;10000;12 месяцев со дня ввода в эксплуатацию, но не более 18 месяцев со дня отгрузки потребителю;Односедельный;Нормально открытый;Фланцевое;32;16;Коррозионностойкая сталь;27;По запросу;76780;Под заказ
"Клапан регулирующий односедельный  ""после себя"" нормально открытый фланцевый 25нж47п DN 40 PN 1,6 Мпа УХЛ1 (Kvy - 40? м³/ч) с МИМ, корпус ст. 12Х18Н9ТЛ";Клапаны регулирующие;25нж47п;Жидкие и газообразные среды, нейтральные к материалам деталей, соприкасающихся со средой (вода, пар, воздух, природный газ, мазут и другие жидкие нефтепродукты, газообразные и жидкие углеводородные смеси, масляные фракции и другие среды);"10; 16; 25; 40";От -60 до +560;От -30 до +50;УХЛ1;C;ОТК;12;70000;10000;12 месяцев со дня ввода в эксплуатацию, но не более 18 месяцев со дня отгрузки потребителю;Односедельный;Нормально открытый;Фланцевое;40;16;Коррозионностойкая сталь;30;По запросу;79090;Под заказ
"Клапан регулирующий односедельный  ""после себя"" нормально открытый фланцевый 25нж47п DN 50 PN 1,6 Мпа УХЛ1 (Kvy - 63? м³/ч) с МИМ, корпус ст. 12Х18Н9ТЛ";Клапаны регулирующие;25нж47п;Жидкие и газообразные среды, нейтральные к материалам деталей, соприкасающихся со средой (вода, пар, воздух, природный газ, мазут и другие жидкие нефтепродукты, газообразные и жидкие углеводородные смеси, масляные фракции и другие среды);"10; 16; 25; 40; 63";От -60 до +560;От -30 до +50;УХЛ1;C;ОТК;12;70000;10000;12 месяцев со дня ввода в эксплуатацию, но не более 18 месяцев со дня отгрузки потребителю;Односедельный;Нормально открытый;Фланцевое;50;16;Коррозионностойкая сталь;32;По запросу;86790;Под заказ
"Клапан регулирующий односедельный  ""после себя"" нормально открытый фланцевый 25нж47п DN 65 PN 1,6 Мпа УХЛ1 (Kvy - 100? м³/ч) с МИМ, корпус ст. 12Х18Н9ТЛ";Клапаны регулирующие;25нж47п;Жидкие и газообразные среды, нейтральные к материалам деталей, соприкасающихся со средой (вода, пар, воздух, природный газ, мазут и другие жидкие нефтепродукты, газообразные и жидкие углеводородные смеси, масляные фракции и другие среды);"25; 40; 63; 100";От -60 до +560;От -30 до +50;УХЛ1;C;ОТК;12;70000;10000;12 месяцев со дня ввода в эксплуатацию, но не более 18 месяцев со дня отгрузки потребителю;Односедельный;Нормально открытый;Фланцевое;65;16;Коррозионностойкая сталь;55;По запросу;123640;Под заказ
"Клапан регулирующий односедельный  ""после себя"" нормально открытый фланцевый 25нж47п DN 80 PN 1,6 Мпа УХЛ1 (Kvy - 160? м³/ч) с МИМ, корпус ст. 12Х18Н9ТЛ";Клапаны регулирующие;25нж47п;Жидкие и газообразные среды, нейтральные к материалам деталей, соприкасающихся со средой (вода, пар, воздух, природный газ, мазут и другие жидкие нефтепродукты, газообразные и жидкие углеводородные смеси, масляные фракции и другие среды);"40; 63; 100; 160";От -60 до +560;От -30 до +50;УХЛ1;C;ОТК;12;70000;10000;12 месяцев со дня ввода в эксплуатацию, но не более 18 месяцев со дня отгрузки потребителю;Односедельный;Нормально открытый;Фланцевое;80;16;Коррозионностойкая сталь;63;По запросу;140910;Под заказ
"Клапан регулирующий односедельный  ""после себя"" нормально открытый фланцевый 25нж47п DN 100 PN 1,6 Мпа УХЛ1 (Kvy - 250? м³/ч) с МИМ, корпус ст. 12Х18Н9ТЛ";Клапаны регулирующие;25нж47п;Жидкие и газообразные среды, нейтральные к материалам деталей, соприкасающихся со средой (вода, пар, воздух, природный газ, мазут и другие жидкие нефтепродукты, газообразные и жидкие углеводородные смеси, масляные фракции и другие среды);"63; 100; 160; 250";От -60 до +560;От -30 до +50;УХЛ1;C;ОТК;12;70000;10000;12 месяцев со дня ввода в эксплуатацию, но не более 18 месяцев со дня отгрузки потребителю;Односедельный;Нормально открытый;Фланцевое;100;16;Коррозионностойкая сталь;72;По запросу;165330;Под заказ
"Клапан регулирующий односедельный  ""после себя"" нормально открытый фланцевый 25нж47п DN 125 PN 1,6 Мпа УХЛ1 (Kvy - 320? м³/ч) с МИМ, корпус ст. 12Х18Н9ТЛ";Клапаны регулирующие;25нж47п;Жидкие и газообразные среды, нейтральные к материалам деталей, соприкасающихся со средой (вода, пар, воздух, природный газ, мазут и другие жидкие нефтепродукты, газообразные и жидкие углеводородные смеси, масляные фракции и другие среды);"100; 160; 250; 320";От -60 до +560;От -30 до +50;УХЛ1;C;ОТК;12;70000;10000;12 месяцев со дня ввода в эксплуатацию, но не более 18 месяцев со дня отгрузки потребителю;Односедельный;Нормально открытый;Фланцевое;125;16;Коррозионностойкая сталь;126;По запросу;251570;Под заказ
"Клапан регулирующий односедельный  ""после себя"" нормально открытый фланцевый 25нж47п DN 150 PN 1,6 Мпа УХЛ1 (Kvy - 400? м³/ч) с МИМ, корпус ст. 12Х18Н9ТЛ";Клапаны регулирующие;25нж47п;Жидкие и газообразные среды, нейтральные к материалам деталей, соприкасающихся со средой (вода, пар, воздух, природный газ, мазут и другие жидкие нефтепродукты, газообразные и жидкие углеводородные смеси, масляные фракции и другие среды);"160; 250; 400";От -60 до +560;От -30 до +50;УХЛ1;C;ОТК;12;70000;10000;12 месяцев со дня ввода в эксплуатацию, но не более 18 месяцев со дня отгрузки потребителю;Односедельный;Нормально открытый;Фланцевое;150;16;Коррозионностойкая сталь;152;По запросу;296230;Под заказ
"Клапан регулирующий односедельный  ""после себя"" нормально открытый фланцевый 25нж47п DN 200 PN 1,6 Мпа УХЛ1 (Kvy - 630? м³/ч) с МИМ, корпус ст. 12Х18Н9ТЛ";Клапаны регулирующие;25нж47п;Жидкие и газообразные среды, нейтральные к материалам деталей, соприкасающихся со средой (вода, пар, воздух, природный газ, мазут и другие жидкие нефтепродукты, газообразные и жидкие углеводородные смеси, масляные фракции и другие среды);"250; 400; 630";От -60 до +560;От -30 до +50;УХЛ1;C;ОТК;12;70000;10000;12 месяцев со дня ввода в эксплуатацию, но не более 18 месяцев со дня отгрузки потребителю;Односедельный;Нормально открытый;Фланцевое;200;16;Коррозионностойкая сталь;190;По запросу;382470;Под заказ
"Клапан регулирующий односедельный  ""после себя"" нормально открытый фланцевый 25нж47п DN 250 PN 1,6 Мпа УХЛ1 (Kvy - ? м³/ч) с МИМ, корпус ст. 12Х18Н9ТЛ";Клапаны регулирующие;25нж47п;Жидкие и газообразные среды, нейтральные к материалам деталей, соприкасающихся со средой (вода, пар, воздух, природный газ, мазут и другие жидкие нефтепродукты, газообразные и жидкие углеводородные смеси, масляные фракции и другие среды);;От -60 до +560;От -30 до +50;УХЛ1;C;ОТК;12;70000;10000;12 месяцев со дня ввода в эксплуатацию, но не более 18 месяцев со дня отгрузки потребителю;Односедельный;Нормально открытый;Фланцевое;250;16;Коррозионностойкая сталь;320;По запросу;0;Под заказ
"Клапан регулирующий односедельный  ""после себя"" нормально открытый фланцевый 25нж47п DN 300 PN 1,6 Мпа УХЛ1 (Kvy - ? м³/ч) с МИМ, корпус ст. 12Х18Н9ТЛ";Клапаны регулирующие;25нж47п;Жидкие и газообразные среды, нейтральные к материалам деталей, соприкасающихся со средой (вода, пар, воздух, природный газ, мазут и другие жидкие нефтепродукты, газообразные и жидкие углеводородные смеси, масляные фракции и другие среды);;От -60 до +560;От -30 до +50;УХЛ1;C;ОТК;12;70000;10000;12 месяцев со дня ввода в эксплуатацию, но не более 18 месяцев со дня отгрузки потребителю;Односедельный;Нормально открытый;Фланцевое;300;16;Коррозионностойкая сталь;390;По запросу;0;Под заказ
"Клапан регулирующий односедельный  ""после себя"" нормально открытый фланцевый 25нж47п DN 15 PN 2,5 Мпа УХЛ1 (Kvy - 4,0? м³/ч) с МИМ, корпус ст. 12Х18Н9ТЛ";Клапаны регулирующие;25нж47п;Жидкие и газообразные среды, нейтральные к материалам деталей, соприкасающихся со средой (вода, пар, воздух, природный газ, мазут и другие жидкие нефтепродукты, газообразные и жидкие углеводородные смеси, масляные фракции и другие среды);"0,1; 0,16; 0,25; 0,4; 0,6; 1,0; 1,6; 2,5; 3,2; 4,0";От -60 до +560;От -30 до +50;УХЛ1;C;ОТК;12;70000;10000;12 месяцев со дня ввода в эксплуатацию, но не более 18 месяцев со дня отгрузки потребителю;Односедельный;Нормально открытый;Фланцевое;15;25;Коррозионностойкая сталь;22;По запросу;58960;Под заказ
"Клапан регулирующий односедельный  ""после себя"" нормально открытый фланцевый 25нж47п DN 20 PN 2,5 Мпа УХЛ1 (Kvy - 6,3? м³/ч) с МИМ, корпус ст. 12Х18Н9ТЛ";Клапаны регулирующие;25нж47п;Жидкие и газообразные среды, нейтральные к материалам деталей, соприкасающихся со средой (вода, пар, воздух, природный газ, мазут и другие жидкие нефтепродукты, газообразные и жидкие углеводородные смеси, масляные фракции и другие среды);"1,6; 2,5; 4,0; 6,3";От -60 до +560;От -30 до +50;УХЛ1;C;ОТК;12;70000;10000;12 месяцев со дня ввода в эксплуатацию, но не более 18 месяцев со дня отгрузки потребителю;Односедельный;Нормально открытый;Фланцевое;20;25;Коррозионностойкая сталь;23;По запросу;58960;Под заказ
"Клапан регулирующий односедельный  ""после себя"" нормально открытый фланцевый 25нж47п DN 25 PN 2,5 Мпа УХЛ1 (Kvy - 16? м³/ч) с МИМ, корпус ст. 12Х18Н9ТЛ";Клапаны регулирующие;25нж47п;Жидкие и газообразные среды, нейтральные к материалам деталей, соприкасающихся со средой (вода, пар, воздух, природный газ, мазут и другие жидкие нефтепродукты, газообразные и жидкие углеводородные смеси, масляные фракции и другие среды);"1,6; 2,5; 4,0; 6,3; 10; 16";От -60 до +560;От -30 до +50;УХЛ1;C;ОТК;12;70000;10000;12 месяцев со дня ввода в эксплуатацию, но не более 18 месяцев со дня отгрузки потребителю;Односедельный;Нормально открытый;Фланцевое;25;25;Коррозионностойкая сталь;24;По запросу;61820;Под заказ
"Клапан регулирующий односедельный  ""после себя"" нормально открытый фланцевый 25нж47п DN 32 PN 2,5 Мпа УХЛ1 (Kvy - 25? м³/ч) с МИМ, корпус ст. 12Х18Н9ТЛ";Клапаны регулирующие;25нж47п;Жидкие и газообразные среды, нейтральные к материалам деталей, соприкасающихся со средой (вода, пар, воздух, природный газ, мазут и другие жидкие нефтепродукты, газообразные и жидкие углеводородные смеси, масляные фракции и другие среды);"6,3; 10; 16; 25";От -60 до +560;От -30 до +50;УХЛ1;C;ОТК;12;70000;10000;12 месяцев со дня ввода в эксплуатацию, но не более 18 месяцев со дня отгрузки потребителю;Односедельный;Нормально открытый;Фланцевое;32;25;Коррозионностойкая сталь;27;По запросу;76780;Под заказ
"Клапан регулирующий односедельный  ""после себя"" нормально открытый фланцевый 25нж47п DN 40 PN 2,5 Мпа УХЛ1 (Kvy - 40? м³/ч) с МИМ, корпус ст. 12Х18Н9ТЛ";Клапаны регулирующие;25нж47п;Жидкие и газообразные среды, нейтральные к материалам деталей, соприкасающихся со средой (вода, пар, воздух, природный газ, мазут и другие жидкие нефтепродукты, газообразные и жидкие углеводородные смеси, масляные фракции и другие среды);"10; 16; 25; 40";От -60 до +560;От -30 до +50;УХЛ1;C;ОТК;12;70000;10000;12 месяцев со дня ввода в эксплуатацию, но не более 18 месяцев со дня отгрузки потребителю;Односедельный;Нормально открытый;Фланцевое;40;25;Коррозионностойкая сталь;30;По запросу;79090;Под заказ
"Клапан регулирующий односедельный  ""после себя"" нормально открытый фланцевый 25нж47п DN 50 PN 2,5 Мпа УХЛ1 (Kvy - 63? м³/ч) с МИМ, корпус ст. 12Х18Н9ТЛ";Клапаны регулирующие;25нж47п;Жидкие и газообразные среды, нейтральные к материалам деталей, соприкасающихся со средой (вода, пар, воздух, природный газ, мазут и другие жидкие нефтепродукты, газообразные и жидкие углеводородные смеси, масляные фракции и другие среды);"10; 16; 25; 40; 63";От -60 до +560;От -30 до +50;УХЛ1;C;ОТК;12;70000;10000;12 месяцев со дня ввода в эксплуатацию, но не более 18 месяцев со дня отгрузки потребителю;Односедельный;Нормально открытый;Фланцевое;50;25;Коррозионностойкая сталь;32;По запросу;86790;Под заказ
"Клапан регулирующий односедельный  ""после себя"" нормально открытый фланцевый 25нж47п DN 65 PN 2,5 Мпа УХЛ1 (Kvy - 100? м³/ч) с МИМ, корпус ст. 12Х18Н9ТЛ";Клапаны регулирующие;25нж47п;Жидкие и газообразные среды, нейтральные к материалам деталей, соприкасающихся со средой (вода, пар, воздух, природный газ, мазут и другие жидкие нефтепродукты, газообразные и жидкие углеводородные смеси, масляные фракции и другие среды);"25; 40; 63; 100";От -60 до +560;От -30 до +50;УХЛ1;C;ОТК;12;70000;10000;12 месяцев со дня ввода в эксплуатацию, но не более 18 месяцев со дня отгрузки потребителю;Односедельный;Нормально открытый;Фланцевое;65;25;Коррозионностойкая сталь;55;По запросу;123640;Под заказ
"Клапан регулирующий односедельный  ""после себя"" нормально открытый фланцевый 25нж47п DN 80 PN 2,5 Мпа УХЛ1 (Kvy - 160? м³/ч) с МИМ, корпус ст. 12Х18Н9ТЛ";Клапаны регулирующие;25нж47п;Жидкие и газообразные среды, нейтральные к материалам деталей, соприкасающихся со средой (вода, пар, воздух, природный газ, мазут и другие жидкие нефтепродукты, газообразные и жидкие углеводородные смеси, масляные фракции и другие среды);"40; 63; 100; 160";От -60 до +560;От -30 до +50;УХЛ1;C;ОТК;12;70000;10000;12 месяцев со дня ввода в эксплуатацию, но не более 18 месяцев со дня отгрузки потребителю;Односедельный;Нормально открытый;Фланцевое;80;25;Коррозионностойкая сталь;63;По запросу;140910;Под заказ
"Клапан регулирующий односедельный  ""после себя"" нормально открытый фланцевый 25нж47п DN 100 PN 2,5 Мпа УХЛ1 (Kvy - 250? м³/ч) с МИМ, корпус ст. 12Х18Н9ТЛ";Клапаны регулирующие;25нж47п;Жидкие и газообразные среды, нейтральные к материалам деталей, соприкасающихся со средой (вода, пар, воздух, природный газ, мазут и другие жидкие нефтепродукты, газообразные и жидкие углеводородные смеси, масляные фракции и другие среды);"63; 100; 160; 250";От -60 до +560;От -30 до +50;УХЛ1;C;ОТК;12;70000;10000;12 месяцев со дня ввода в эксплуатацию, но не более 18 месяцев со дня отгрузки потребителю;Односедельный;Нормально открытый;Фланцевое;100;25;Коррозионностойкая сталь;72;По запросу;165330;Под заказ
"Клапан регулирующий односедельный  ""после себя"" нормально открытый фланцевый 25нж47п DN 15 PN 4,0 Мпа УХЛ1 (Kvy - 4,0? м³/ч) с МИМ, корпус ст. 12Х18Н9ТЛ";Клапаны регулирующие;25нж47п;Жидкие и газообразные среды, нейтральные к материалам деталей, соприкасающихся со средой (вода, пар, воздух, природный газ, мазут и другие жидкие нефтепродукты, газообразные и жидкие углеводородные смеси, масляные фракции и другие среды);"0,1; 0,16; 0,25; 0,4; 0,6; 1,0; 1,6; 2,5; 3,2; 4,0";От -60 до +560;От -30 до +50;УХЛ1;C;ОТК;12;70000;10000;12 месяцев со дня ввода в эксплуатацию, но не более 18 месяцев со дня отгрузки потребителю;Односедельный;Нормально открытый;Фланцевое;15;40;Коррозионностойкая сталь;22;По запросу;58960;Под заказ
"Клапан регулирующий односедельный  ""после себя"" нормально открытый фланцевый 25нж47п DN 20 PN 4,0 Мпа УХЛ1 (Kvy - 6,3? м³/ч) с МИМ, корпус ст. 12Х18Н9ТЛ";Клапаны регулирующие;25нж47п;Жидкие и газообразные среды, нейтральные к материалам деталей, соприкасающихся со средой (вода, пар, воздух, природный газ, мазут и другие жидкие нефтепродукты, газообразные и жидкие углеводородные смеси, масляные фракции и другие среды);"1,6; 2,5; 4,0; 6,3";От -60 до +560;От -30 до +50;УХЛ1;C;ОТК;12;70000;10000;12 месяцев со дня ввода в эксплуатацию, но не более 18 месяцев со дня отгрузки потребителю;Односедельный;Нормально открытый;Фланцевое;20;40;Коррозионностойкая сталь;23;По запросу;58960;Под заказ
"Клапан регулирующий односедельный  ""после себя"" нормально открытый фланцевый 25нж47п DN 25 PN 4,0 Мпа УХЛ1 (Kvy - 16? м³/ч) с МИМ, корпус ст. 12Х18Н9ТЛ";Клапаны регулирующие;25нж47п;Жидкие и газообразные среды, нейтральные к материалам деталей, соприкасающихся со средой (вода, пар, воздух, природный газ, мазут и другие жидкие нефтепродукты, газообразные и жидкие углеводородные смеси, масляные фракции и другие среды);"1,6; 2,5; 4,0; 6,3; 10; 16";От -60 до +560;От -30 до +50;УХЛ1;C;ОТК;12;70000;10000;12 месяцев со дня ввода в эксплуатацию, но не более 18 месяцев со дня отгрузки потребителю;Односедельный;Нормально открытый;Фланцевое;25;40;Коррозионностойкая сталь;24;По запросу;61820;Под заказ
"Клапан регулирующий односедельный  ""после себя"" нормально открытый фланцевый 25нж47п DN 32 PN 4,0 Мпа УХЛ1 (Kvy - 25? м³/ч) с МИМ, корпус ст. 12Х18Н9ТЛ";Клапаны регулирующие;25нж47п;Жидкие и газообразные среды, нейтральные к материалам деталей, соприкасающихся со средой (вода, пар, воздух, природный газ, мазут и другие жидкие нефтепродукты, газообразные и жидкие углеводородные смеси, масляные фракции и другие среды);"6,3; 10; 16; 25";От -60 до +560;От -30 до +50;УХЛ1;C;ОТК;12;70000;10000;12 месяцев со дня ввода в эксплуатацию, но не более 18 месяцев со дня отгрузки потребителю;Односедельный;Нормально открытый;Фланцевое;32;40;Коррозионностойкая сталь;27;По запросу;76780;Под заказ
"Клапан регулирующий односедельный  ""после себя"" нормально открытый фланцевый 25нж47п DN 40 PN 4,0 Мпа УХЛ1 (Kvy - 40? м³/ч) с МИМ, корпус ст. 12Х18Н9ТЛ";Клапаны регулирующие;25нж47п;Жидкие и газообразные среды, нейтральные к материалам деталей, соприкасающихся со средой (вода, пар, воздух, природный газ, мазут и другие жидкие нефтепродукты, газообразные и жидкие углеводородные смеси, масляные фракции и другие среды);"10; 16; 25; 40";От -60 до +560;От -30 до +50;УХЛ1;C;ОТК;12;70000;10000;12 месяцев со дня ввода в эксплуатацию, но не более 18 месяцев со дня отгрузки потребителю;Односедельный;Нормально открытый;Фланцевое;40;40;Коррозионностойкая сталь;30;По запросу;79090;Под заказ
"Клапан регулирующий односедельный  ""после себя"" нормально открытый фланцевый 25нж47п DN 50 PN 4,0 Мпа УХЛ1 (Kvy - 63? м³/ч) с МИМ, корпус ст. 12Х18Н9ТЛ";Клапаны регулирующие;25нж47п;Жидкие и газообразные среды, нейтральные к материалам деталей, соприкасающихся со средой (вода, пар, воздух, природный газ, мазут и другие жидкие нефтепродукты, газообразные и жидкие углеводородные смеси, масляные фракции и другие среды);"10; 16; 25; 40; 63";От -60 до +560;От -30 до +50;УХЛ1;C;ОТК;12;70000;10000;12 месяцев со дня ввода в эксплуатацию, но не более 18 месяцев со дня отгрузки потребителю;Односедельный;Нормально открытый;Фланцевое;50;40;Коррозионностойкая сталь;32;По запросу;86790;Под заказ
"Клапан регулирующий односедельный  ""после себя"" нормально открытый фланцевый 25нж47п DN 65 PN 4,0 Мпа УХЛ1 (Kvy - 100? м³/ч) с МИМ, корпус ст. 12Х18Н9ТЛ";Клапаны регулирующие;25нж47п;Жидкие и газообразные среды, нейтральные к материалам деталей, соприкасающихся со средой (вода, пар, воздух, природный газ, мазут и другие жидкие нефтепродукты, газообразные и жидкие углеводородные смеси, масляные фракции и другие среды);"25; 40; 63; 100";От -60 до +560;От -30 до +50;УХЛ1;C;ОТК;12;70000;10000;12 месяцев со дня ввода в эксплуатацию, но не более 18 месяцев со дня отгрузки потребителю;Односедельный;Нормально открытый;Фланцевое;65;40;Коррозионностойкая сталь;55;По запросу;123640;Под заказ
"Клапан регулирующий односедельный  ""после себя"" нормально открытый фланцевый 25нж47п DN 80 PN 4,0 Мпа УХЛ1 (Kvy - 160? м³/ч) с МИМ, корпус ст. 12Х18Н9ТЛ";Клапаны регулирующие;25нж47п;Жидкие и газообразные среды, нейтральные к материалам деталей, соприкасающихся со средой (вода, пар, воздух, природный газ, мазут и другие жидкие нефтепродукты, газообразные и жидкие углеводородные смеси, масляные фракции и другие среды);"40; 63; 100; 160";От -60 до +560;От -30 до +50;УХЛ1;C;ОТК;12;70000;10000;12 месяцев со дня ввода в эксплуатацию, но не более 18 месяцев со дня отгрузки потребителю;Односедельный;Нормально открытый;Фланцевое;80;40;Коррозионностойкая сталь;63;По запросу;140910;Под заказ
"Клапан регулирующий односедельный  ""после себя"" нормально открытый фланцевый 25нж47п DN 100 PN 4,0 Мпа УХЛ1 (Kvy - 250? м³/ч) с МИМ, корпус ст. 12Х18Н9ТЛ";Клапаны регулирующие;25нж47п;Жидкие и газообразные среды, нейтральные к материалам деталей, соприкасающихся со средой (вода, пар, воздух, природный газ, мазут и другие жидкие нефтепродукты, газообразные и жидкие углеводородные смеси, масляные фракции и другие среды);"63; 100; 160; 250";От -60 до +560;От -30 до +50;УХЛ1;C;ОТК;12;70000;10000;12 месяцев со дня ввода в эксплуатацию, но не более 18 месяцев со дня отгрузки потребителю;Односедельный;Нормально открытый;Фланцевое;100;40;Коррозионностойкая сталь;72;По запросу;165330;Под заказ
"Клапан регулирующий односедельный ""до себя"" нормально закрытый фланцевый 25нж52п DN 15 PN 1,6 Мпа УХЛ1 (Kvy - 4,0? м³/ч) с МИМ, корпус ст. 12Х18Н9ТЛ";Клапаны регулирующие;25нж52п;Жидкие и газообразные среды, нейтральные к материалам деталей, соприкасающихся со средой (вода, пар, воздух, природный газ, мазут и другие жидкие нефтепродукты, газообразные и жидкие углеводородные смеси, масляные фракции и другие среды);"0,1; 0,16; 0,25; 0,4; 0,6; 1,0; 1,6; 2,5; 3,2; 4,0";От -60 до +560;От -30 до +50;УХЛ1;А;ОТК;12;70000;10000;12 месяцев со дня ввода в эксплуатацию, но не более 18 месяцев со дня отгрузки потребителю;Односедельный;Нормально закрытый;Фланцевое;15;16;Коррозионностойкая сталь;22;По запросу;58960;Под заказ
"Клапан регулирующий односедельный ""до себя"" нормально закрытый фланцевый 25нж52п DN 20 PN 1,6 Мпа УХЛ1 (Kvy - 6,3? м³/ч) с МИМ, корпус ст. 12Х18Н9ТЛ";Клапаны регулирующие;25нж52п;Жидкие и газообразные среды, нейтральные к материалам деталей, соприкасающихся со средой (вода, пар, воздух, природный газ, мазут и другие жидкие нефтепродукты, газообразные и жидкие углеводородные смеси, масляные фракции и другие среды);"1,6; 2,5; 4,0; 6,3";От -60 до +560;От -30 до +50;УХЛ1;А;ОТК;12;70000;10000;12 месяцев со дня ввода в эксплуатацию, но не более 18 месяцев со дня отгрузки потребителю;Односедельный;Нормально закрытый;Фланцевое;20;16;Коррозионностойкая сталь;23;По запросу;58960;Под заказ
"Клапан регулирующий односедельный ""до себя"" нормально закрытый фланцевый 25нж52п DN 25 PN 1,6 Мпа УХЛ1 (Kvy - 16? м³/ч) с МИМ, корпус ст. 12Х18Н9ТЛ";Клапаны регулирующие;25нж52п;Жидкие и газообразные среды, нейтральные к материалам деталей, соприкасающихся со средой (вода, пар, воздух, природный газ, мазут и другие жидкие нефтепродукты, газообразные и жидкие углеводородные смеси, масляные фракции и другие среды);"1,6; 2,5; 4,0; 6,3; 10; 16";От -60 до +560;От -30 до +50;УХЛ1;А;ОТК;12;70000;10000;12 месяцев со дня ввода в эксплуатацию, но не более 18 месяцев со дня отгрузки потребителю;Односедельный;Нормально закрытый;Фланцевое;25;16;Коррозионностойкая сталь;24;По запросу;61820;Под заказ
"Клапан регулирующий односедельный ""до себя"" нормально закрытый фланцевый 25нж52п DN 32 PN 1,6 Мпа УХЛ1 (Kvy - 25? м³/ч) с МИМ, корпус ст. 12Х18Н9ТЛ";Клапаны регулирующие;25нж52п;Жидкие и газообразные среды, нейтральные к материалам деталей, соприкасающихся со средой (вода, пар, воздух, природный газ, мазут и другие жидкие нефтепродукты, газообразные и жидкие углеводородные смеси, масляные фракции и другие среды);"6,3; 10; 16; 25";От -60 до +560;От -30 до +50;УХЛ1;А;ОТК;12;70000;10000;12 месяцев со дня ввода в эксплуатацию, но не более 18 месяцев со дня отгрузки потребителю;Односедельный;Нормально закрытый;Фланцевое;32;16;Коррозионностойкая сталь;27;По запросу;76780;Под заказ
"Клапан регулирующий односедельный ""до себя"" нормально закрытый фланцевый 25нж52п DN 40 PN 1,6 Мпа УХЛ1 (Kvy - 40? м³/ч) с МИМ, корпус ст. 12Х18Н9ТЛ";Клапаны регулирующие;25нж52п;Жидкие и газообразные среды, нейтральные к материалам деталей, соприкасающихся со средой (вода, пар, воздух, природный газ, мазут и другие жидкие нефтепродукты, газообразные и жидкие углеводородные смеси, масляные фракции и другие среды);"10; 16; 25; 40";От -60 до +560;От -30 до +50;УХЛ1;А;ОТК;12;70000;10000;12 месяцев со дня ввода в эксплуатацию, но не более 18 месяцев со дня отгрузки потребителю;Односедельный;Нормально закрытый;Фланцевое;40;16;Коррозионностойкая сталь;30;По запросу;79090;Под заказ
"Клапан регулирующий односедельный ""до себя"" нормально закрытый фланцевый 25нж52п DN 50 PN 1,6 Мпа УХЛ1 (Kvy - 63? м³/ч) с МИМ, корпус ст. 12Х18Н9ТЛ";Клапаны регулирующие;25нж52п;Жидкие и газообразные среды, нейтральные к материалам деталей, соприкасающихся со средой (вода, пар, воздух, природный газ, мазут и другие жидкие нефтепродукты, газообразные и жидкие углеводородные смеси, масляные фракции и другие среды);"10; 16; 25; 40; 63";От -60 до +560;От -30 до +50;УХЛ1;А;ОТК;12;70000;10000;12 месяцев со дня ввода в эксплуатацию, но не более 18 месяцев со дня отгрузки потребителю;Односедельный;Нормально закрытый;Фланцевое;50;16;Коррозионностойкая сталь;32;По запросу;86790;Под заказ
"Клапан регулирующий односедельный ""до себя"" нормально закрытый фланцевый 25нж52п DN 65 PN 1,6 Мпа УХЛ1 (Kvy - 100? м³/ч) с МИМ, корпус ст. 12Х18Н9ТЛ";Клапаны регулирующие;25нж52п;Жидкие и газообразные среды, нейтральные к материалам деталей, соприкасающихся со средой (вода, пар, воздух, природный газ, мазут и другие жидкие нефтепродукты, газообразные и жидкие углеводородные смеси, масляные фракции и другие среды);"25; 40; 63; 100";От -60 до +560;От -30 до +50;УХЛ1;А;ОТК;12;70000;10000;12 месяцев со дня ввода в эксплуатацию, но не более 18 месяцев со дня отгрузки потребителю;Односедельный;Нормально закрытый;Фланцевое;65;16;Коррозионностойкая сталь;55;По запросу;123640;Под заказ
"Клапан регулирующий односедельный ""до себя"" нормально закрытый фланцевый 25нж52п DN 80 PN 1,6 Мпа УХЛ1 (Kvy - 160? м³/ч) с МИМ, корпус ст. 12Х18Н9ТЛ";Клапаны регулирующие;25нж52п;Жидкие и газообразные среды, нейтральные к материалам деталей, соприкасающихся со средой (вода, пар, воздух, природный газ, мазут и другие жидкие нефтепродукты, газообразные и жидкие углеводородные смеси, масляные фракции и другие среды);"40; 63; 100; 160";От -60 до +560;От -30 до +50;УХЛ1;А;ОТК;12;70000;10000;12 месяцев со дня ввода в эксплуатацию, но не более 18 месяцев со дня отгрузки потребителю;Односедельный;Нормально закрытый;Фланцевое;80;16;Коррозионностойкая сталь;63;По запросу;140910;Под заказ
"Клапан регулирующий односедельный ""до себя"" нормально закрытый фланцевый 25нж52п DN 100 PN 1,6 Мпа УХЛ1 (Kvy - 250? м³/ч) с МИМ, корпус ст. 12Х18Н9ТЛ";Клапаны регулирующие;25нж52п;Жидкие и газообразные среды, нейтральные к материалам деталей, соприкасающихся со средой (вода, пар, воздух, природный газ, мазут и другие жидкие нефтепродукты, газообразные и жидкие углеводородные смеси, масляные фракции и другие среды);"63; 100; 160; 250";От -60 до +560;От -30 до +50;УХЛ1;А;ОТК;12;70000;10000;12 месяцев со дня ввода в эксплуатацию, но не более 18 месяцев со дня отгрузки потребителю;Односедельный;Нормально закрытый;Фланцевое;100;16;Коррозионностойкая сталь;72;По запросу;165330;Под заказ
"Клапан регулирующий односедельный ""до себя"" нормально закрытый фланцевый 25нж52п DN 125 PN 1,6 Мпа УХЛ1 (Kvy - 320? м³/ч) с МИМ, корпус ст. 12Х18Н9ТЛ";Клапаны регулирующие;25нж52п;Жидкие и газообразные среды, нейтральные к материалам деталей, соприкасающихся со средой (вода, пар, воздух, природный газ, мазут и другие жидкие нефтепродукты, газообразные и жидкие углеводородные смеси, масляные фракции и другие среды);"100; 160; 250; 320";От -60 до +560;От -30 до +50;УХЛ1;А;ОТК;12;70000;10000;12 месяцев со дня ввода в эксплуатацию, но не более 18 месяцев со дня отгрузки потребителю;Односедельный;Нормально закрытый;Фланцевое;125;16;Коррозионностойкая сталь;126;По запросу;251570;Под заказ
"Клапан регулирующий односедельный ""до себя"" нормально закрытый фланцевый 25нж52п DN 150 PN 1,6 Мпа УХЛ1 (Kvy - 400? м³/ч) с МИМ, корпус ст. 12Х18Н9ТЛ";Клапаны регулирующие;25нж52п;Жидкие и газообразные среды, нейтральные к материалам деталей, соприкасающихся со средой (вода, пар, воздух, природный газ, мазут и другие жидкие нефтепродукты, газообразные и жидкие углеводородные смеси, масляные фракции и другие среды);"160; 250; 400";От -60 до +560;От -30 до +50;УХЛ1;А;ОТК;12;70000;10000;12 месяцев со дня ввода в эксплуатацию, но не более 18 месяцев со дня отгрузки потребителю;Односедельный;Нормально закрытый;Фланцевое;150;16;Коррозионностойкая сталь;152;По запросу;296230;Под заказ
"Клапан регулирующий односедельный ""до себя"" нормально закрытый фланцевый 25нж52п DN 200 PN 1,6 Мпа УХЛ1 (Kvy - 630? м³/ч) с МИМ, корпус ст. 12Х18Н9ТЛ";Клапаны регулирующие;25нж52п;Жидкие и газообразные среды, нейтральные к материалам деталей, соприкасающихся со средой (вода, пар, воздух, природный газ, мазут и другие жидкие нефтепродукты, газообразные и жидкие углеводородные смеси, масляные фракции и другие среды);"250; 400; 630";От -60 до +560;От -30 до +50;УХЛ1;А;ОТК;12;70000;10000;12 месяцев со дня ввода в эксплуатацию, но не более 18 месяцев со дня отгрузки потребителю;Односедельный;Нормально закрытый;Фланцевое;200;16;Коррозионностойкая сталь;190;По запросу;382470;Под заказ
"Клапан регулирующий односедельный ""до себя"" нормально закрытый фланцевый 25нж52п DN 250 PN 1,6 Мпа УХЛ1 (Kvy - ? м³/ч) с МИМ, корпус ст. 12Х18Н9ТЛ";Клапаны регулирующие;25нж52п;Жидкие и газообразные среды, нейтральные к материалам деталей, соприкасающихся со средой (вода, пар, воздух, природный газ, мазут и другие жидкие нефтепродукты, газообразные и жидкие углеводородные смеси, масляные фракции и другие среды);;От -60 до +560;От -30 до +50;УХЛ1;А;ОТК;12;70000;10000;12 месяцев со дня ввода в эксплуатацию, но не более 18 месяцев со дня отгрузки потребителю;Односедельный;Нормально закрытый;Фланцевое;250;16;Коррозионностойкая сталь;320;По запросу;0;Под заказ
"Клапан регулирующий односедельный ""до себя"" нормально закрытый фланцевый 25нж52п DN 300 PN 1,6 Мпа УХЛ1 (Kvy - ? м³/ч) с МИМ, корпус ст. 12Х18Н9ТЛ";Клапаны регулирующие;25нж52п;Жидкие и газообразные среды, нейтральные к материалам деталей, соприкасающихся со средой (вода, пар, воздух, природный газ, мазут и другие жидкие нефтепродукты, газообразные и жидкие углеводородные смеси, масляные фракции и другие среды);;От -60 до +560;От -30 до +50;УХЛ1;А;ОТК;12;70000;10000;12 месяцев со дня ввода в эксплуатацию, но не более 18 месяцев со дня отгрузки потребителю;Односедельный;Нормально закрытый;Фланцевое;300;16;Коррозионностойкая сталь;390;По запросу;0;Под заказ
"Клапан регулирующий односедельный ""до себя"" нормально закрытый фланцевый 25нж52п DN 15 PN 2,5 Мпа УХЛ1 (Kvy - 4,0? м³/ч) с МИМ, корпус ст. 12Х18Н9ТЛ";Клапаны регулирующие;25нж52п;Жидкие и газообразные среды, нейтральные к материалам деталей, соприкасающихся со средой (вода, пар, воздух, природный газ, мазут и другие жидкие нефтепродукты, газообразные и жидкие углеводородные смеси, масляные фракции и другие среды);"0,1; 0,16; 0,25; 0,4; 0,6; 1,0; 1,6; 2,5; 3,2; 4,0";От -60 до +560;От -30 до +50;УХЛ1;А;ОТК;12;70000;10000;12 месяцев со дня ввода в эксплуатацию, но не более 18 месяцев со дня отгрузки потребителю;Односедельный;Нормально закрытый;Фланцевое;15;25;Коррозионностойкая сталь;22;По запросу;58960;Под заказ
"Клапан регулирующий односедельный ""до себя"" нормально закрытый фланцевый 25нж52п DN 20 PN 2,5 Мпа УХЛ1 (Kvy - 6,3? м³/ч) с МИМ, корпус ст. 12Х18Н9ТЛ";Клапаны регулирующие;25нж52п;Жидкие и газообразные среды, нейтральные к материалам деталей, соприкасающихся со средой (вода, пар, воздух, природный газ, мазут и другие жидкие нефтепродукты, газообразные и жидкие углеводородные смеси, масляные фракции и другие среды);"1,6; 2,5; 4,0; 6,3";От -60 до +560;От -30 до +50;УХЛ1;А;ОТК;12;70000;10000;12 месяцев со дня ввода в эксплуатацию, но не более 18 месяцев со дня отгрузки потребителю;Односедельный;Нормально закрытый;Фланцевое;20;25;Коррозионностойкая сталь;23;По запросу;58960;Под заказ
"Клапан регулирующий односедельный ""до себя"" нормально закрытый фланцевый 25нж52п DN 25 PN 2,5 Мпа УХЛ1 (Kvy - 16? м³/ч) с МИМ, корпус ст. 12Х18Н9ТЛ";Клапаны регулирующие;25нж52п;Жидкие и газообразные среды, нейтральные к материалам деталей, соприкасающихся со средой (вода, пар, воздух, природный газ, мазут и другие жидкие нефтепродукты, газообразные и жидкие углеводородные смеси, масляные фракции и другие среды);"1,6; 2,5; 4,0; 6,3; 10; 16";От -60 до +560;От -30 до +50;УХЛ1;А;ОТК;12;70000;10000;12 месяцев со дня ввода в эксплуатацию, но не более 18 месяцев со дня отгрузки потребителю;Односедельный;Нормально закрытый;Фланцевое;25;25;Коррозионностойкая сталь;24;По запросу;61820;Под заказ
"Клапан регулирующий односедельный ""до себя"" нормально закрытый фланцевый 25нж52п DN 32 PN 2,5 Мпа УХЛ1 (Kvy - 25? м³/ч) с МИМ, корпус ст. 12Х18Н9ТЛ";Клапаны регулирующие;25нж52п;Жидкие и газообразные среды, нейтральные к материалам деталей, соприкасающихся со средой (вода, пар, воздух, природный газ, мазут и другие жидкие нефтепродукты, газообразные и жидкие углеводородные смеси, масляные фракции и другие среды);"6,3; 10; 16; 25";От -60 до +560;От -30 до +50;УХЛ1;А;ОТК;12;70000;10000;12 месяцев со дня ввода в эксплуатацию, но не более 18 месяцев со дня отгрузки потребителю;Односедельный;Нормально закрытый;Фланцевое;32;25;Коррозионностойкая сталь;27;По запросу;76780;Под заказ
"Клапан регулирующий односедельный ""до себя"" нормально закрытый фланцевый 25нж52п DN 40 PN 2,5 Мпа УХЛ1 (Kvy - 40? м³/ч) с МИМ, корпус ст. 12Х18Н9ТЛ";Клапаны регулирующие;25нж52п;Жидкие и газообразные среды, нейтральные к материалам деталей, соприкасающихся со средой (вода, пар, воздух, природный газ, мазут и другие жидкие нефтепродукты, газообразные и жидкие углеводородные смеси, масляные фракции и другие среды);"10; 16; 25; 40";От -60 до +560;От -30 до +50;УХЛ1;А;ОТК;12;70000;10000;12 месяцев со дня ввода в эксплуатацию, но не более 18 месяцев со дня отгрузки потребителю;Односедельный;Нормально закрытый;Фланцевое;40;25;Коррозионностойкая сталь;30;По запросу;79090;Под заказ
"Клапан регулирующий односедельный ""до себя"" нормально закрытый фланцевый 25нж52п DN 50 PN 2,5 Мпа УХЛ1 (Kvy - 63? м³/ч) с МИМ, корпус ст. 12Х18Н9ТЛ";Клапаны регулирующие;25нж52п;Жидкие и газообразные среды, нейтральные к материалам деталей, соприкасающихся со средой (вода, пар, воздух, природный газ, мазут и другие жидкие нефтепродукты, газообразные и жидкие углеводородные смеси, масляные фракции и другие среды);"10; 16; 25; 40; 63";От -60 до +560;От -30 до +50;УХЛ1;А;ОТК;12;70000;10000;12 месяцев со дня ввода в эксплуатацию, но не более 18 месяцев со дня отгрузки потребителю;Односедельный;Нормально закрытый;Фланцевое;50;25;Коррозионностойкая сталь;32;По запросу;86790;Под заказ
"Клапан регулирующий односедельный ""до себя"" нормально закрытый фланцевый 25нж52п DN 65 PN 2,5 Мпа УХЛ1 (Kvy - 100? м³/ч) с МИМ, корпус ст. 12Х18Н9ТЛ";Клапаны регулирующие;25нж52п;Жидкие и газообразные среды, нейтральные к материалам деталей, соприкасающихся со средой (вода, пар, воздух, природный газ, мазут и другие жидкие нефтепродукты, газообразные и жидкие углеводородные смеси, масляные фракции и другие среды);"25; 40; 63; 100";От -60 до +560;От -30 до +50;УХЛ1;А;ОТК;12;70000;10000;12 месяцев со дня ввода в эксплуатацию, но не более 18 месяцев со дня отгрузки потребителю;Односедельный;Нормально закрытый;Фланцевое;65;25;Коррозионностойкая сталь;55;По запросу;123640;Под заказ
"Клапан регулирующий односедельный ""до себя"" нормально закрытый фланцевый 25нж52п DN 80 PN 2,5 Мпа УХЛ1 (Kvy - 160? м³/ч) с МИМ, корпус ст. 12Х18Н9ТЛ";Клапаны регулирующие;25нж52п;Жидкие и газообразные среды, нейтральные к материалам деталей, соприкасающихся со средой (вода, пар, воздух, природный газ, мазут и другие жидкие нефтепродукты, газообразные и жидкие углеводородные смеси, масляные фракции и другие среды);"40; 63; 100; 160";От -60 до +560;От -30 до +50;УХЛ1;А;ОТК;12;70000;10000;12 месяцев со дня ввода в эксплуатацию, но не более 18 месяцев со дня отгрузки потребителю;Односедельный;Нормально закрытый;Фланцевое;80;25;Коррозионностойкая сталь;63;По запросу;140910;Под заказ
"Клапан регулирующий односедельный ""до себя"" нормально закрытый фланцевый 25нж52п DN 100 PN 2,5 Мпа УХЛ1 (Kvy - 250? м³/ч) с МИМ, корпус ст. 12Х18Н9ТЛ";Клапаны регулирующие;25нж52п;Жидкие и газообразные среды, нейтральные к материалам деталей, соприкасающихся со средой (вода, пар, воздух, природный газ, мазут и другие жидкие нефтепродукты, газообразные и жидкие углеводородные смеси, масляные фракции и другие среды);"63; 100; 160; 250";От -60 до +560;От -30 до +50;УХЛ1;А;ОТК;12;70000;10000;12 месяцев со дня ввода в эксплуатацию, но не более 18 месяцев со дня отгрузки потребителю;Односедельный;Нормально закрытый;Фланцевое;100;25;Коррозионностойкая сталь;72;По запросу;165330;Под заказ
"Клапан регулирующий односедельный ""до себя"" нормально закрытый фланцевый 25нж52п DN 15 PN 4,0 Мпа УХЛ1 (Kvy - 4,0? м³/ч) с МИМ, корпус ст. 12Х18Н9ТЛ";Клапаны регулирующие;25нж52п;Жидкие и газообразные среды, нейтральные к материалам деталей, соприкасающихся со средой (вода, пар, воздух, природный газ, мазут и другие жидкие нефтепродукты, газообразные и жидкие углеводородные смеси, масляные фракции и другие среды);"0,1; 0,16; 0,25; 0,4; 0,6; 1,0; 1,6; 2,5; 3,2; 4,0";От -60 до +560;От -30 до +50;УХЛ1;А;ОТК;12;70000;10000;12 месяцев со дня ввода в эксплуатацию, но не более 18 месяцев со дня отгрузки потребителю;Односедельный;Нормально закрытый;Фланцевое;15;40;Коррозионностойкая сталь;22;По запросу;58960;Под заказ
"Клапан регулирующий односедельный ""до себя"" нормально закрытый фланцевый 25нж52п DN 20 PN 4,0 Мпа УХЛ1 (Kvy - 6,3? м³/ч) с МИМ, корпус ст. 12Х18Н9ТЛ";Клапаны регулирующие;25нж52п;Жидкие и газообразные среды, нейтральные к материалам деталей, соприкасающихся со средой (вода, пар, воздух, природный газ, мазут и другие жидкие нефтепродукты, газообразные и жидкие углеводородные смеси, масляные фракции и другие среды);"1,6; 2,5; 4,0; 6,3";От -60 до +560;От -30 до +50;УХЛ1;А;ОТК;12;70000;10000;12 месяцев со дня ввода в эксплуатацию, но не более 18 месяцев со дня отгрузки потребителю;Односедельный;Нормально закрытый;Фланцевое;20;40;Коррозионностойкая сталь;23;По запросу;58960;Под заказ
"Клапан регулирующий односедельный ""до себя"" нормально закрытый фланцевый 25нж52п DN 25 PN 4,0 Мпа УХЛ1 (Kvy - 16? м³/ч) с МИМ, корпус ст. 12Х18Н9ТЛ";Клапаны регулирующие;25нж52п;Жидкие и газообразные среды, нейтральные к материалам деталей, соприкасающихся со средой (вода, пар, воздух, природный газ, мазут и другие жидкие нефтепродукты, газообразные и жидкие углеводородные смеси, масляные фракции и другие среды);"1,6; 2,5; 4,0; 6,3; 10; 16";От -60 до +560;От -30 до +50;УХЛ1;А;ОТК;12;70000;10000;12 месяцев со дня ввода в эксплуатацию, но не более 18 месяцев со дня отгрузки потребителю;Односедельный;Нормально закрытый;Фланцевое;25;40;Коррозионностойкая сталь;24;По запросу;61820;Под заказ
"Клапан регулирующий односедельный ""до себя"" нормально закрытый фланцевый 25нж52п DN 32 PN 4,0 Мпа УХЛ1 (Kvy - 25? м³/ч) с МИМ, корпус ст. 12Х18Н9ТЛ";Клапаны регулирующие;25нж52п;Жидкие и газообразные среды, нейтральные к материалам деталей, соприкасающихся со средой (вода, пар, воздух, природный газ, мазут и другие жидкие нефтепродукты, газообразные и жидкие углеводородные смеси, масляные фракции и другие среды);"6,3; 10; 16; 25";От -60 до +560;От -30 до +50;УХЛ1;А;ОТК;12;70000;10000;12 месяцев со дня ввода в эксплуатацию, но не более 18 месяцев со дня отгрузки потребителю;Односедельный;Нормально закрытый;Фланцевое;32;40;Коррозионностойкая сталь;27;По запросу;76780;Под заказ
"Клапан регулирующий односедельный ""до себя"" нормально закрытый фланцевый 25нж52п DN 40 PN 4,0 Мпа УХЛ1 (Kvy - 40? м³/ч) с МИМ, корпус ст. 12Х18Н9ТЛ";Клапаны регулирующие;25нж52п;Жидкие и газообразные среды, нейтральные к материалам деталей, соприкасающихся со средой (вода, пар, воздух, природный газ, мазут и другие жидкие нефтепродукты, газообразные и жидкие углеводородные смеси, масляные фракции и другие среды);"10; 16; 25; 40";От -60 до +560;От -30 до +50;УХЛ1;А;ОТК;12;70000;10000;12 месяцев со дня ввода в эксплуатацию, но не более 18 месяцев со дня отгрузки потребителю;Односедельный;Нормально закрытый;Фланцевое;40;40;Коррозионностойкая сталь;30;По запросу;79090;Под заказ
"Клапан регулирующий односедельный ""до себя"" нормально закрытый фланцевый 25нж52п DN 50 PN 4,0 Мпа УХЛ1 (Kvy - 63? м³/ч) с МИМ, корпус ст. 12Х18Н9ТЛ";Клапаны регулирующие;25нж52п;Жидкие и газообразные среды, нейтральные к материалам деталей, соприкасающихся со средой (вода, пар, воздух, природный газ, мазут и другие жидкие нефтепродукты, газообразные и жидкие углеводородные смеси, масляные фракции и другие среды);"10; 16; 25; 40; 63";От -60 до +560;От -30 до +50;УХЛ1;А;ОТК;12;70000;10000;12 месяцев со дня ввода в эксплуатацию, но не более 18 месяцев со дня отгрузки потребителю;Односедельный;Нормально закрытый;Фланцевое;50;40;Коррозионностойкая сталь;32;По запросу;86790;Под заказ
"Клапан регулирующий односедельный ""до себя"" нормально закрытый фланцевый 25нж52п DN 65 PN 4,0 Мпа УХЛ1 (Kvy - 100? м³/ч) с МИМ, корпус ст. 12Х18Н9ТЛ";Клапаны регулирующие;25нж52п;Жидкие и газообразные среды, нейтральные к материалам деталей, соприкасающихся со средой (вода, пар, воздух, природный газ, мазут и другие жидкие нефтепродукты, газообразные и жидкие углеводородные смеси, масляные фракции и другие среды);"25; 40; 63; 100";От -60 до +560;От -30 до +50;УХЛ1;А;ОТК;12;70000;10000;12 месяцев со дня ввода в эксплуатацию, но не более 18 месяцев со дня отгрузки потребителю;Односедельный;Нормально закрытый;Фланцевое;65;40;Коррозионностойкая сталь;55;По запросу;123640;Под заказ
"Клапан регулирующий односедельный ""до себя"" нормально закрытый фланцевый 25нж52п DN 80 PN 4,0 Мпа УХЛ1 (Kvy - 160? м³/ч) с МИМ, корпус ст. 12Х18Н9ТЛ";Клапаны регулирующие;25нж52п;Жидкие и газообразные среды, нейтральные к материалам деталей, соприкасающихся со средой (вода, пар, воздух, природный газ, мазут и другие жидкие нефтепродукты, газообразные и жидкие углеводородные смеси, масляные фракции и другие среды);"40; 63; 100; 160";От -60 до +560;От -30 до +50;УХЛ1;А;ОТК;12;70000;10000;12 месяцев со дня ввода в эксплуатацию, но не более 18 месяцев со дня отгрузки потребителю;Односедельный;Нормально закрытый;Фланцевое;80;40;Коррозионностойкая сталь;63;По запросу;140910;Под заказ
"Клапан регулирующий односедельный ""до себя"" нормально закрытый фланцевый 25нж52п DN 100 PN 4,0 Мпа УХЛ1 (Kvy - 250? м³/ч) с МИМ, корпус ст. 12Х18Н9ТЛ";Клапаны регулирующие;25нж52п;Жидкие и газообразные среды, нейтральные к материалам деталей, соприкасающихся со средой (вода, пар, воздух, природный газ, мазут и другие жидкие нефтепродукты, газообразные и жидкие углеводородные смеси, масляные фракции и другие среды);"63; 100; 160; 250";От -60 до +560;От -30 до +50;УХЛ1;А;ОТК;12;70000;10000;12 месяцев со дня ввода в эксплуатацию, но не более 18 месяцев со дня отгрузки потребителю;Односедельный;Нормально закрытый;Фланцевое;100;40;Коррозионностойкая сталь;72;По запросу;165330;Под заказ
"Клапан регулирующий односедельный ""после себя"" нормально открытый фланцевый 25нж47нж  DN 15 PN 1,6 Мпа УХЛ1 (Kvy - 4,0? м³/ч) с МИМ, корпус ст. 12Х18Н9ТЛ";Клапаны регулирующие;25нж47нж;Жидкие и газообразные среды, нейтральные к материалам деталей, соприкасающихся со средой (вода, пар, воздух, природный газ, мазут и другие жидкие нефтепродукты, газообразные и жидкие углеводородные смеси, масляные фракции и другие среды);"0,1; 0,16; 0,25; 0,4; 0,6; 1,0; 1,6; 2,5; 3,2; 4,0";ОТ -60 до +560;От -30 до +50;УХЛ1;C;ОТК;12;70000;10000;12 месяцев со дня ввода в эксплуатацию, но не более 18 месяцев со дня отгрузки потребителю;Односедельный;Нормально открытый;Фланцевое;15;16;Коррозионностойкая сталь;22;По запросу;58960;Под заказ
"Клапан регулирующий односедельный ""после себя"" нормально открытый фланцевый 25нж47нж  DN 20 PN 1,6 Мпа УХЛ1 (Kvy - 6,3? м³/ч) с МИМ, корпус ст. 12Х18Н9ТЛ";Клапаны регулирующие;25нж47нж;Жидкие и газообразные среды, нейтральные к материалам деталей, соприкасающихся со средой (вода, пар, воздух, природный газ, мазут и другие жидкие нефтепродукты, газообразные и жидкие углеводородные смеси, масляные фракции и другие среды);"1,6; 2,5; 4,0; 6,3";ОТ -60 до +560;От -30 до +50;УХЛ1;C;ОТК;12;70000;10000;12 месяцев со дня ввода в эксплуатацию, но не более 18 месяцев со дня отгрузки потребителю;Односедельный;Нормально открытый;Фланцевое;20;16;Коррозионностойкая сталь;23;По запросу;58960;Под заказ
"Клапан регулирующий односедельный ""после себя"" нормально открытый фланцевый 25нж47нж  DN 25 PN 1,6 Мпа УХЛ1 (Kvy - 16? м³/ч) с МИМ, корпус ст. 12Х18Н9ТЛ";Клапаны регулирующие;25нж47нж;Жидкие и газообразные среды, нейтральные к материалам деталей, соприкасающихся со средой (вода, пар, воздух, природный газ, мазут и другие жидкие нефтепродукты, газообразные и жидкие углеводородные смеси, масляные фракции и другие среды);"1,6; 2,5; 4,0; 6,3; 10; 16";ОТ -60 до +560;От -30 до +50;УХЛ1;C;ОТК;12;70000;10000;12 месяцев со дня ввода в эксплуатацию, но не более 18 месяцев со дня отгрузки потребителю;Односедельный;Нормально открытый;Фланцевое;25;16;Коррозионностойкая сталь;24;По запросу;61820;Под заказ
"Клапан регулирующий односедельный ""после себя"" нормально открытый фланцевый 25нж47нж  DN 32 PN 1,6 Мпа УХЛ1 (Kvy - 25? м³/ч) с МИМ, корпус ст. 12Х18Н9ТЛ";Клапаны регулирующие;25нж47нж;Жидкие и газообразные среды, нейтральные к материалам деталей, соприкасающихся со средой (вода, пар, воздух, природный газ, мазут и другие жидкие нефтепродукты, газообразные и жидкие углеводородные смеси, масляные фракции и другие среды);"6,3; 10; 16; 25";ОТ -60 до +560;От -30 до +50;УХЛ1;C;ОТК;12;70000;10000;12 месяцев со дня ввода в эксплуатацию, но не более 18 месяцев со дня отгрузки потребителю;Односедельный;Нормально открытый;Фланцевое;32;16;Коррозионностойкая сталь;27;По запросу;76780;Под заказ
"Клапан регулирующий односедельный ""после себя"" нормально открытый фланцевый 25нж47нж  DN 40 PN 1,6 Мпа УХЛ1 (Kvy - 40? м³/ч) с МИМ, корпус ст. 12Х18Н9ТЛ";Клапаны регулирующие;25нж47нж;Жидкие и газообразные среды, нейтральные к материалам деталей, соприкасающихся со средой (вода, пар, воздух, природный газ, мазут и другие жидкие нефтепродукты, газообразные и жидкие углеводородные смеси, масляные фракции и другие среды);"10; 16; 25; 40";ОТ -60 до +560;От -30 до +50;УХЛ1;C;ОТК;12;70000;10000;12 месяцев со дня ввода в эксплуатацию, но не более 18 месяцев со дня отгрузки потребителю;Односедельный;Нормально открытый;Фланцевое;40;16;Коррозионностойкая сталь;30;По запросу;79090;Под заказ
"Клапан регулирующий односедельный ""после себя"" нормально открытый фланцевый 25нж47нж  DN 50 PN 1,6 Мпа УХЛ1 (Kvy - 63? м³/ч) с МИМ, корпус ст. 12Х18Н9ТЛ";Клапаны регулирующие;25нж47нж;Жидкие и газообразные среды, нейтральные к материалам деталей, соприкасающихся со средой (вода, пар, воздух, природный газ, мазут и другие жидкие нефтепродукты, газообразные и жидкие углеводородные смеси, масляные фракции и другие среды);"10; 16; 25; 40; 63";ОТ -60 до +560;От -30 до +50;УХЛ1;C;ОТК;12;70000;10000;12 месяцев со дня ввода в эксплуатацию, но не более 18 месяцев со дня отгрузки потребителю;Односедельный;Нормально открытый;Фланцевое;50;16;Коррозионностойкая сталь;32;По запросу;86790;Под заказ
"Клапан регулирующий односедельный ""после себя"" нормально открытый фланцевый 25нж47нж  DN 65 PN 1,6 Мпа УХЛ1 (Kvy - 100? м³/ч) с МИМ, корпус ст. 12Х18Н9ТЛ";Клапаны регулирующие;25нж47нж;Жидкие и газообразные среды, нейтральные к материалам деталей, соприкасающихся со средой (вода, пар, воздух, природный газ, мазут и другие жидкие нефтепродукты, газообразные и жидкие углеводородные смеси, масляные фракции и другие среды);"25; 40; 63; 100";ОТ -60 до +560;От -30 до +50;УХЛ1;C;ОТК;12;70000;10000;12 месяцев со дня ввода в эксплуатацию, но не более 18 месяцев со дня отгрузки потребителю;Односедельный;Нормально открытый;Фланцевое;65;16;Коррозионностойкая сталь;55;По запросу;123640;Под заказ
"Клапан регулирующий односедельный ""после себя"" нормально открытый фланцевый 25нж47нж  DN 80 PN 1,6 Мпа УХЛ1 (Kvy - 160? м³/ч) с МИМ, корпус ст. 12Х18Н9ТЛ";Клапаны регулирующие;25нж47нж;Жидкие и газообразные среды, нейтральные к материалам деталей, соприкасающихся со средой (вода, пар, воздух, природный газ, мазут и другие жидкие нефтепродукты, газообразные и жидкие углеводородные смеси, масляные фракции и другие среды);"40; 63; 100; 160";ОТ -60 до +560;От -30 до +50;УХЛ1;C;ОТК;12;70000;10000;12 месяцев со дня ввода в эксплуатацию, но не более 18 месяцев со дня отгрузки потребителю;Односедельный;Нормально открытый;Фланцевое;80;16;Коррозионностойкая сталь;63;По запросу;140910;Под заказ
"Клапан регулирующий односедельный ""после себя"" нормально открытый фланцевый 25нж47нж  DN 100 PN 1,6 Мпа УХЛ1 (Kvy - 250? м³/ч) с МИМ, корпус ст. 12Х18Н9ТЛ";Клапаны регулирующие;25нж47нж;Жидкие и газообразные среды, нейтральные к материалам деталей, соприкасающихся со средой (вода, пар, воздух, природный газ, мазут и другие жидкие нефтепродукты, газообразные и жидкие углеводородные смеси, масляные фракции и другие среды);"63; 100; 160; 250";ОТ -60 до +560;От -30 до +50;УХЛ1;C;ОТК;12;70000;10000;12 месяцев со дня ввода в эксплуатацию, но не более 18 месяцев со дня отгрузки потребителю;Односедельный;Нормально открытый;Фланцевое;100;16;Коррозионностойкая сталь;72;По запросу;165330;Под заказ
"Клапан регулирующий односедельный ""после себя"" нормально открытый фланцевый 25нж47нж  DN 125 PN 1,6 Мпа УХЛ1 (Kvy - 320? м³/ч) с МИМ, корпус ст. 12Х18Н9ТЛ";Клапаны регулирующие;25нж47нж;Жидкие и газообразные среды, нейтральные к материалам деталей, соприкасающихся со средой (вода, пар, воздух, природный газ, мазут и другие жидкие нефтепродукты, газообразные и жидкие углеводородные смеси, масляные фракции и другие среды);"100; 160; 250; 320";ОТ -60 до +560;От -30 до +50;УХЛ1;C;ОТК;12;70000;10000;12 месяцев со дня ввода в эксплуатацию, но не более 18 месяцев со дня отгрузки потребителю;Односедельный;Нормально открытый;Фланцевое;125;16;Коррозионностойкая сталь;126;По запросу;251570;Под заказ
"Клапан регулирующий односедельный ""после себя"" нормально открытый фланцевый 25нж47нж  DN 150 PN 1,6 Мпа УХЛ1 (Kvy - 400? м³/ч) с МИМ, корпус ст. 12Х18Н9ТЛ";Клапаны регулирующие;25нж47нж;Жидкие и газообразные среды, нейтральные к материалам деталей, соприкасающихся со средой (вода, пар, воздух, природный газ, мазут и другие жидкие нефтепродукты, газообразные и жидкие углеводородные смеси, масляные фракции и другие среды);"160; 250; 400";ОТ -60 до +560;От -30 до +50;УХЛ1;C;ОТК;12;70000;10000;12 месяцев со дня ввода в эксплуатацию, но не более 18 месяцев со дня отгрузки потребителю;Односедельный;Нормально открытый;Фланцевое;150;16;Коррозионностойкая сталь;152;По запросу;296230;Под заказ
"Клапан регулирующий односедельный ""после себя"" нормально открытый фланцевый 25нж47нж  DN 200 PN 1,6 Мпа УХЛ1 (Kvy - 630? м³/ч) с МИМ, корпус ст. 12Х18Н9ТЛ";Клапаны регулирующие;25нж47нж;Жидкие и газообразные среды, нейтральные к материалам деталей, соприкасающихся со средой (вода, пар, воздух, природный газ, мазут и другие жидкие нефтепродукты, газообразные и жидкие углеводородные смеси, масляные фракции и другие среды);"250; 400; 630";ОТ -60 до +560;От -30 до +50;УХЛ1;C;ОТК;12;70000;10000;12 месяцев со дня ввода в эксплуатацию, но не более 18 месяцев со дня отгрузки потребителю;Односедельный;Нормально открытый;Фланцевое;200;16;Коррозионностойкая сталь;190;По запросу;382470;Под заказ
"Клапан регулирующий односедельный ""после себя"" нормально открытый фланцевый 25нж47нж  DN 250 PN 1,6 Мпа УХЛ1 (Kvy - ? м³/ч) с МИМ, корпус ст. 12Х18Н9ТЛ";Клапаны регулирующие;25нж47нж;Жидкие и газообразные среды, нейтральные к материалам деталей, соприкасающихся со средой (вода, пар, воздух, природный газ, мазут и другие жидкие нефтепродукты, газообразные и жидкие углеводородные смеси, масляные фракции и другие среды);;ОТ -60 до +560;От -30 до +50;УХЛ1;C;ОТК;12;70000;10000;12 месяцев со дня ввода в эксплуатацию, но не более 18 месяцев со дня отгрузки потребителю;Односедельный;Нормально открытый;Фланцевое;250;16;Коррозионностойкая сталь;320;По запросу;0;Под заказ
"Клапан регулирующий односедельный ""после себя"" нормально открытый фланцевый 25нж47нж  DN 300 PN 1,6 Мпа УХЛ1 (Kvy - ? м³/ч) с МИМ, корпус ст. 12Х18Н9ТЛ";Клапаны регулирующие;25нж47нж;Жидкие и газообразные среды, нейтральные к материалам деталей, соприкасающихся со средой (вода, пар, воздух, природный газ, мазут и другие жидкие нефтепродукты, газообразные и жидкие углеводородные смеси, масляные фракции и другие среды);;ОТ -60 до +560;От -30 до +50;УХЛ1;C;ОТК;12;70000;10000;12 месяцев со дня ввода в эксплуатацию, но не более 18 месяцев со дня отгрузки потребителю;Односедельный;Нормально открытый;Фланцевое;300;16;Коррозионностойкая сталь;390;По запросу;0;Под заказ
"Клапан регулирующий односедельный ""после себя"" нормально открытый фланцевый 25нж47нж  DN 15 PN 2,5 Мпа УХЛ1 (Kvy - 4,0? м³/ч) с МИМ, корпус ст. 12Х18Н9ТЛ";Клапаны регулирующие;25нж47нж;Жидкие и газообразные среды, нейтральные к материалам деталей, соприкасающихся со средой (вода, пар, воздух, природный газ, мазут и другие жидкие нефтепродукты, газообразные и жидкие углеводородные смеси, масляные фракции и другие среды);"0,1; 0,16; 0,25; 0,4; 0,6; 1,0; 1,6; 2,5; 3,2; 4,0";ОТ -60 до +560;От -30 до +50;УХЛ1;C;ОТК;12;70000;10000;12 месяцев со дня ввода в эксплуатацию, но не более 18 месяцев со дня отгрузки потребителю;Односедельный;Нормально открытый;Фланцевое;15;25;Коррозионностойкая сталь;22;По запросу;58960;Под заказ
"Клапан регулирующий односедельный ""после себя"" нормально открытый фланцевый 25нж47нж  DN 20 PN 2,5 Мпа УХЛ1 (Kvy - 6,3? м³/ч) с МИМ, корпус ст. 12Х18Н9ТЛ";Клапаны регулирующие;25нж47нж;Жидкие и газообразные среды, нейтральные к материалам деталей, соприкасающихся со средой (вода, пар, воздух, природный газ, мазут и другие жидкие нефтепродукты, газообразные и жидкие углеводородные смеси, масляные фракции и другие среды);"1,6; 2,5; 4,0; 6,3";ОТ -60 до +560;От -30 до +50;УХЛ1;C;ОТК;12;70000;10000;12 месяцев со дня ввода в эксплуатацию, но не более 18 месяцев со дня отгрузки потребителю;Односедельный;Нормально открытый;Фланцевое;20;25;Коррозионностойкая сталь;23;По запросу;58960;Под заказ
"Клапан регулирующий односедельный ""после себя"" нормально открытый фланцевый 25нж47нж  DN 25 PN 2,5 Мпа УХЛ1 (Kvy - 16? м³/ч) с МИМ, корпус ст. 12Х18Н9ТЛ";Клапаны регулирующие;25нж47нж;Жидкие и газообразные среды, нейтральные к материалам деталей, соприкасающихся со средой (вода, пар, воздух, природный газ, мазут и другие жидкие нефтепродукты, газообразные и жидкие углеводородные смеси, масляные фракции и другие среды);"1,6; 2,5; 4,0; 6,3; 10; 16";ОТ -60 до +560;От -30 до +50;УХЛ1;C;ОТК;12;70000;10000;12 месяцев со дня ввода в эксплуатацию, но не более 18 месяцев со дня отгрузки потребителю;Односедельный;Нормально открытый;Фланцевое;25;25;Коррозионностойкая сталь;24;По запросу;61820;Под заказ
"Клапан регулирующий односедельный ""после себя"" нормально открытый фланцевый 25нж47нж  DN 32 PN 2,5 Мпа УХЛ1 (Kvy - 25? м³/ч) с МИМ, корпус ст. 12Х18Н9ТЛ";Клапаны регулирующие;25нж47нж;Жидкие и газообразные среды, нейтральные к материалам деталей, соприкасающихся со средой (вода, пар, воздух, природный газ, мазут и другие жидкие нефтепродукты, газообразные и жидкие углеводородные смеси, масляные фракции и другие среды);"6,3; 10; 16; 25";ОТ -60 до +560;От -30 до +50;УХЛ1;C;ОТК;12;70000;10000;12 месяцев со дня ввода в эксплуатацию, но не более 18 месяцев со дня отгрузки потребителю;Односедельный;Нормально открытый;Фланцевое;32;25;Коррозионностойкая сталь;27;По запросу;76780;Под заказ
"Клапан регулирующий односедельный ""после себя"" нормально открытый фланцевый 25нж47нж  DN 40 PN 2,5 Мпа УХЛ1 (Kvy - 40? м³/ч) с МИМ, корпус ст. 12Х18Н9ТЛ";Клапаны регулирующие;25нж47нж;Жидкие и газообразные среды, нейтральные к материалам деталей, соприкасающихся со средой (вода, пар, воздух, природный газ, мазут и другие жидкие нефтепродукты, газообразные и жидкие углеводородные смеси, масляные фракции и другие среды);"10; 16; 25; 40";ОТ -60 до +560;От -30 до +50;УХЛ1;C;ОТК;12;70000;10000;12 месяцев со дня ввода в эксплуатацию, но не более 18 месяцев со дня отгрузки потребителю;Односедельный;Нормально открытый;Фланцевое;40;25;Коррозионностойкая сталь;30;По запросу;79090;Под заказ
"Клапан регулирующий односедельный ""после себя"" нормально открытый фланцевый 25нж47нж  DN 50 PN 2,5 Мпа УХЛ1 (Kvy - 63? м³/ч) с МИМ, корпус ст. 12Х18Н9ТЛ";Клапаны регулирующие;25нж47нж;Жидкие и газообразные среды, нейтральные к материалам деталей, соприкасающихся со средой (вода, пар, воздух, природный газ, мазут и другие жидкие нефтепродукты, газообразные и жидкие углеводородные смеси, масляные фракции и другие среды);"10; 16; 25; 40; 63";ОТ -60 до +560;От -30 до +50;УХЛ1;C;ОТК;12;70000;10000;12 месяцев со дня ввода в эксплуатацию, но не более 18 месяцев со дня отгрузки потребителю;Односедельный;Нормально открытый;Фланцевое;50;25;Коррозионностойкая сталь;32;По запросу;86790;Под заказ
"Клапан регулирующий односедельный ""после себя"" нормально открытый фланцевый 25нж47нж  DN 65 PN 2,5 Мпа УХЛ1 (Kvy - 100? м³/ч) с МИМ, корпус ст. 12Х18Н9ТЛ";Клапаны регулирующие;25нж47нж;Жидкие и газообразные среды, нейтральные к материалам деталей, соприкасающихся со средой (вода, пар, воздух, природный газ, мазут и другие жидкие нефтепродукты, газообразные и жидкие углеводородные смеси, масляные фракции и другие среды);"25; 40; 63; 100";ОТ -60 до +560;От -30 до +50;УХЛ1;C;ОТК;12;70000;10000;12 месяцев со дня ввода в эксплуатацию, но не более 18 месяцев со дня отгрузки потребителю;Односедельный;Нормально открытый;Фланцевое;65;25;Коррозионностойкая сталь;55;По запросу;123640;Под заказ
"Клапан регулирующий односедельный ""после себя"" нормально открытый фланцевый 25нж47нж  DN 80 PN 2,5 Мпа УХЛ1 (Kvy - 160? м³/ч) с МИМ, корпус ст. 12Х18Н9ТЛ";Клапаны регулирующие;25нж47нж;Жидкие и газообразные среды, нейтральные к материалам деталей, соприкасающихся со средой (вода, пар, воздух, природный газ, мазут и другие жидкие нефтепродукты, газообразные и жидкие углеводородные смеси, масляные фракции и другие среды);"40; 63; 100; 160";ОТ -60 до +560;От -30 до +50;УХЛ1;C;ОТК;12;70000;10000;12 месяцев со дня ввода в эксплуатацию, но не более 18 месяцев со дня отгрузки потребителю;Односедельный;Нормально открытый;Фланцевое;80;25;Коррозионностойкая сталь;63;По запросу;140910;Под заказ
"Клапан регулирующий односедельный ""после себя"" нормально открытый фланцевый 25нж47нж  DN 100 PN 2,5 Мпа УХЛ1 (Kvy - 250? м³/ч) с МИМ, корпус ст. 12Х18Н9ТЛ";Клапаны регулирующие;25нж47нж;Жидкие и газообразные среды, нейтральные к материалам деталей, соприкасающихся со средой (вода, пар, воздух, природный газ, мазут и другие жидкие нефтепродукты, газообразные и жидкие углеводородные смеси, масляные фракции и другие среды);"63; 100; 160; 250";ОТ -60 до +560;От -30 до +50;УХЛ1;C;ОТК;12;70000;10000;12 месяцев со дня ввода в эксплуатацию, но не более 18 месяцев со дня отгрузки потребителю;Односедельный;Нормально открытый;Фланцевое;100;25;Коррозионностойкая сталь;72;По запросу;165330;Под заказ
"Клапан регулирующий односедельный ""после себя"" нормально открытый фланцевый 25нж47нж  DN 125 PN 2,5 Мпа УХЛ1 (Kvy - 320? м³/ч) с МИМ, корпус ст. 12Х18Н9ТЛ";Клапаны регулирующие;25нж47нж;Жидкие и газообразные среды, нейтральные к материалам деталей, соприкасающихся со средой (вода, пар, воздух, природный газ, мазут и другие жидкие нефтепродукты, газообразные и жидкие углеводородные смеси, масляные фракции и другие среды);"100; 160; 250; 320";ОТ -60 до +560;От -30 до +50;УХЛ1;C;ОТК;12;70000;10000;12 месяцев со дня ввода в эксплуатацию, но не более 18 месяцев со дня отгрузки потребителю;Односедельный;Нормально открытый;Фланцевое;125;25;Коррозионностойкая сталь;126;По запросу;0;Под заказ
"Клапан регулирующий односедельный ""после себя"" нормально открытый фланцевый 25нж47нж  DN 150 PN 2,5 Мпа УХЛ1 (Kvy - 400? м³/ч) с МИМ, корпус ст. 12Х18Н9ТЛ";Клапаны регулирующие;25нж47нж;Жидкие и газообразные среды, нейтральные к материалам деталей, соприкасающихся со средой (вода, пар, воздух, природный газ, мазут и другие жидкие нефтепродукты, газообразные и жидкие углеводородные смеси, масляные фракции и другие среды);"160; 250; 400";ОТ -60 до +560;От -30 до +50;УХЛ1;C;ОТК;12;70000;10000;12 месяцев со дня ввода в эксплуатацию, но не более 18 месяцев со дня отгрузки потребителю;Односедельный;Нормально открытый;Фланцевое;150;25;Коррозионностойкая сталь;152;По запросу;0;Под заказ
"Клапан регулирующий односедельный ""после себя"" нормально открытый фланцевый 25нж47нж  DN 200 PN 2,5 Мпа УХЛ1 (Kvy - 630? м³/ч) с МИМ, корпус ст. 12Х18Н9ТЛ";Клапаны регулирующие;25нж47нж;Жидкие и газообразные среды, нейтральные к материалам деталей, соприкасающихся со средой (вода, пар, воздух, природный газ, мазут и другие жидкие нефтепродукты, газообразные и жидкие углеводородные смеси, масляные фракции и другие среды);"250; 400; 630";ОТ -60 до +560;От -30 до +50;УХЛ1;C;ОТК;12;70000;10000;12 месяцев со дня ввода в эксплуатацию, но не более 18 месяцев со дня отгрузки потребителю;Односедельный;Нормально открытый;Фланцевое;200;25;Коррозионностойкая сталь;190;По запросу;0;Под заказ
"Клапан регулирующий односедельный ""после себя"" нормально открытый фланцевый 25нж47нж  DN 250 PN 2,5 Мпа УХЛ1 (Kvy - ? м³/ч) с МИМ, корпус ст. 12Х18Н9ТЛ";Клапаны регулирующие;25нж47нж;Жидкие и газообразные среды, нейтральные к материалам деталей, соприкасающихся со средой (вода, пар, воздух, природный газ, мазут и другие жидкие нефтепродукты, газообразные и жидкие углеводородные смеси, масляные фракции и другие среды);;ОТ -60 до +560;От -30 до +50;УХЛ1;C;ОТК;12;70000;10000;12 месяцев со дня ввода в эксплуатацию, но не более 18 месяцев со дня отгрузки потребителю;Односедельный;Нормально открытый;Фланцевое;250;25;Коррозионностойкая сталь;320;По запросу;0;Под заказ
"Клапан регулирующий односедельный ""после себя"" нормально открытый фланцевый 25нж47нж  DN 300 PN 2,5 Мпа УХЛ1 (Kvy - ? м³/ч) с МИМ, корпус ст. 12Х18Н9ТЛ";Клапаны регулирующие;25нж47нж;Жидкие и газообразные среды, нейтральные к материалам деталей, соприкасающихся со средой (вода, пар, воздух, природный газ, мазут и другие жидкие нефтепродукты, газообразные и жидкие углеводородные смеси, масляные фракции и другие среды);;ОТ -60 до +560;От -30 до +50;УХЛ1;C;ОТК;12;70000;10000;12 месяцев со дня ввода в эксплуатацию, но не более 18 месяцев со дня отгрузки потребителю;Односедельный;Нормально открытый;Фланцевое;300;25;Коррозионностойкая сталь;390;По запросу;0;Под заказ
"Клапан регулирующий односедельный ""после себя"" нормально открытый фланцевый 25нж47нж  DN 15 PN 4,0 Мпа УХЛ1 (Kvy - 4,0? м³/ч) с МИМ, корпус ст. 12Х18Н9ТЛ";Клапаны регулирующие;25нж47нж;Жидкие и газообразные среды, нейтральные к материалам деталей, соприкасающихся со средой (вода, пар, воздух, природный газ, мазут и другие жидкие нефтепродукты, газообразные и жидкие углеводородные смеси, масляные фракции и другие среды);"0,1; 0,16; 0,25; 0,4; 0,6; 1,0; 1,6; 2,5; 3,2; 4,0";ОТ -60 до +560;От -30 до +50;УХЛ1;C;ОТК;12;70000;10000;12 месяцев со дня ввода в эксплуатацию, но не более 18 месяцев со дня отгрузки потребителю;Односедельный;Нормально открытый;Фланцевое;15;40;Коррозионностойкая сталь;22;По запросу;58960;Под заказ
"Клапан регулирующий односедельный ""после себя"" нормально открытый фланцевый 25нж47нж  DN 20 PN 4,0 Мпа УХЛ1 (Kvy - 6,3? м³/ч) с МИМ, корпус ст. 12Х18Н9ТЛ";Клапаны регулирующие;25нж47нж;Жидкие и газообразные среды, нейтральные к материалам деталей, соприкасающихся со средой (вода, пар, воздух, природный газ, мазут и другие жидкие нефтепродукты, газообразные и жидкие углеводородные смеси, масляные фракции и другие среды);"1,6; 2,5; 4,0; 6,3";ОТ -60 до +560;От -30 до +50;УХЛ1;C;ОТК;12;70000;10000;12 месяцев со дня ввода в эксплуатацию, но не более 18 месяцев со дня отгрузки потребителю;Односедельный;Нормально открытый;Фланцевое;20;40;Коррозионностойкая сталь;23;По запросу;58960;Под заказ
"Клапан регулирующий односедельный ""после себя"" нормально открытый фланцевый 25нж47нж  DN 25 PN 4,0 Мпа УХЛ1 (Kvy - 16? м³/ч) с МИМ, корпус ст. 12Х18Н9ТЛ";Клапаны регулирующие;25нж47нж;Жидкие и газообразные среды, нейтральные к материалам деталей, соприкасающихся со средой (вода, пар, воздух, природный газ, мазут и другие жидкие нефтепродукты, газообразные и жидкие углеводородные смеси, масляные фракции и другие среды);"1,6; 2,5; 4,0; 6,3; 10; 16";ОТ -60 до +560;От -30 до +50;УХЛ1;C;ОТК;12;70000;10000;12 месяцев со дня ввода в эксплуатацию, но не более 18 месяцев со дня отгрузки потребителю;Односедельный;Нормально открытый;Фланцевое;25;40;Коррозионностойкая сталь;24;По запросу;61820;Под заказ
"Клапан регулирующий односедельный ""после себя"" нормально открытый фланцевый 25нж47нж  DN 32 PN 4,0 Мпа УХЛ1 (Kvy - 25? м³/ч) с МИМ, корпус ст. 12Х18Н9ТЛ";Клапаны регулирующие;25нж47нж;Жидкие и газообразные среды, нейтральные к материалам деталей, соприкасающихся со средой (вода, пар, воздух, природный газ, мазут и другие жидкие нефтепродукты, газообразные и жидкие углеводородные смеси, масляные фракции и другие среды);"6,3; 10; 16; 25";ОТ -60 до +560;От -30 до +50;УХЛ1;C;ОТК;12;70000;10000;12 месяцев со дня ввода в эксплуатацию, но не более 18 месяцев со дня отгрузки потребителю;Односедельный;Нормально открытый;Фланцевое;32;40;Коррозионностойкая сталь;27;По запросу;76780;Под заказ
"Клапан регулирующий односедельный ""после себя"" нормально открытый фланцевый 25нж47нж  DN 40 PN 4,0 Мпа УХЛ1 (Kvy - 40? м³/ч) с МИМ, корпус ст. 12Х18Н9ТЛ";Клапаны регулирующие;25нж47нж;Жидкие и газообразные среды, нейтральные к материалам деталей, соприкасающихся со средой (вода, пар, воздух, природный газ, мазут и другие жидкие нефтепродукты, газообразные и жидкие углеводородные смеси, масляные фракции и другие среды);"10; 16; 25; 40";ОТ -60 до +560;От -30 до +50;УХЛ1;C;ОТК;12;70000;10000;12 месяцев со дня ввода в эксплуатацию, но не более 18 месяцев со дня отгрузки потребителю;Односедельный;Нормально открытый;Фланцевое;40;40;Коррозионностойкая сталь;30;По запросу;79090;Под заказ
"Клапан регулирующий односедельный ""после себя"" нормально открытый фланцевый 25нж47нж  DN 50 PN 4,0 Мпа УХЛ1 (Kvy - 63? м³/ч) с МИМ, корпус ст. 12Х18Н9ТЛ";Клапаны регулирующие;25нж47нж;Жидкие и газообразные среды, нейтральные к материалам деталей, соприкасающихся со средой (вода, пар, воздух, природный газ, мазут и другие жидкие нефтепродукты, газообразные и жидкие углеводородные смеси, масляные фракции и другие среды);"10; 16; 25; 40; 63";ОТ -60 до +560;От -30 до +50;УХЛ1;C;ОТК;12;70000;10000;12 месяцев со дня ввода в эксплуатацию, но не более 18 месяцев со дня отгрузки потребителю;Односедельный;Нормально открытый;Фланцевое;50;40;Коррозионностойкая сталь;32;По запросу;86790;Под заказ
"Клапан регулирующий односедельный ""после себя"" нормально открытый фланцевый 25нж47нж  DN 65 PN 4,0 Мпа УХЛ1 (Kvy - 100? м³/ч) с МИМ, корпус ст. 12Х18Н9ТЛ";Клапаны регулирующие;25нж47нж;Жидкие и газообразные среды, нейтральные к материалам деталей, соприкасающихся со средой (вода, пар, воздух, природный газ, мазут и другие жидкие нефтепродукты, газообразные и жидкие углеводородные смеси, масляные фракции и другие среды);"25; 40; 63; 100";ОТ -60 до +560;От -30 до +50;УХЛ1;C;ОТК;12;70000;10000;12 месяцев со дня ввода в эксплуатацию, но не более 18 месяцев со дня отгрузки потребителю;Односедельный;Нормально открытый;Фланцевое;65;40;Коррозионностойкая сталь;55;По запросу;123640;Под заказ
"Клапан регулирующий односедельный ""после себя"" нормально открытый фланцевый 25нж47нж  DN 80 PN 4,0 Мпа УХЛ1 (Kvy - 160? м³/ч) с МИМ, корпус ст. 12Х18Н9ТЛ";Клапаны регулирующие;25нж47нж;Жидкие и газообразные среды, нейтральные к материалам деталей, соприкасающихся со средой (вода, пар, воздух, природный газ, мазут и другие жидкие нефтепродукты, газообразные и жидкие углеводородные смеси, масляные фракции и другие среды);"40; 63; 100; 160";ОТ -60 до +560;От -30 до +50;УХЛ1;C;ОТК;12;70000;10000;12 месяцев со дня ввода в эксплуатацию, но не более 18 месяцев со дня отгрузки потребителю;Односедельный;Нормально открытый;Фланцевое;80;40;Коррозионностойкая сталь;63;По запросу;140910;Под заказ
"Клапан регулирующий односедельный ""после себя"" нормально открытый фланцевый 25нж47нж  DN 100 PN 4,0 Мпа УХЛ1 (Kvy - 250? м³/ч) с МИМ, корпус ст. 12Х18Н9ТЛ";Клапаны регулирующие;25нж47нж;Жидкие и газообразные среды, нейтральные к материалам деталей, соприкасающихся со средой (вода, пар, воздух, природный газ, мазут и другие жидкие нефтепродукты, газообразные и жидкие углеводородные смеси, масляные фракции и другие среды);"63; 100; 160; 250";ОТ -60 до +560;От -30 до +50;УХЛ1;C;ОТК;12;70000;10000;12 месяцев со дня ввода в эксплуатацию, но не более 18 месяцев со дня отгрузки потребителю;Односедельный;Нормально открытый;Фланцевое;100;40;Коррозионностойкая сталь;72;По запросу;165330;Под заказ
"Клапан регулирующий односедельный  ""до себя"" нормально закрытый фланцевый 25нж52нж  DN 15 PN 1,6 Мпа УХЛ1 (Kvy - 4,0? м³/ч) с МИМ, корпус ст. 12Х18Н9ТЛ";Клапаны регулирующие;25нж52нж;Жидкие и газообразные среды, нейтральные к материалам деталей, соприкасающихся со средой (вода, пар, воздух, природный газ, мазут и другие жидкие нефтепродукты, газообразные и жидкие углеводородные смеси, масляные фракции и другие среды);"0,1; 0,16; 0,25; 0,4; 0,6; 1,0; 1,6; 2,5; 3,2; 4,0";ОТ -60 до +560;От -30 до +50;УХЛ1;C;ОТК;12;70000;10000;12 месяцев со дня ввода в эксплуатацию, но не более 18 месяцев со дня отгрузки потребителю;Односедельный;Нормально закрытый;Фланцевое;15;16;Коррозионностойкая сталь;22;По запросу;58960;Под заказ
"Клапан регулирующий односедельный  ""до себя"" нормально закрытый фланцевый 25нж52нж  DN 20 PN 1,6 Мпа УХЛ1 (Kvy - 6,3? м³/ч) с МИМ, корпус ст. 12Х18Н9ТЛ";Клапаны регулирующие;25нж52нж;Жидкие и газообразные среды, нейтральные к материалам деталей, соприкасающихся со средой (вода, пар, воздух, природный газ, мазут и другие жидкие нефтепродукты, газообразные и жидкие углеводородные смеси, масляные фракции и другие среды);"1,6; 2,5; 4,0; 6,3";ОТ -60 до +560;От -30 до +50;УХЛ1;C;ОТК;12;70000;10000;12 месяцев со дня ввода в эксплуатацию, но не более 18 месяцев со дня отгрузки потребителю;Односедельный;Нормально закрытый;Фланцевое;20;16;Коррозионностойкая сталь;23;По запросу;58960;Под заказ
"Клапан регулирующий односедельный  ""до себя"" нормально закрытый фланцевый 25нж52нж  DN 25 PN 1,6 Мпа УХЛ1 (Kvy - 16? м³/ч) с МИМ, корпус ст. 12Х18Н9ТЛ";Клапаны регулирующие;25нж52нж;Жидкие и газообразные среды, нейтральные к материалам деталей, соприкасающихся со средой (вода, пар, воздух, природный газ, мазут и другие жидкие нефтепродукты, газообразные и жидкие углеводородные смеси, масляные фракции и другие среды);"1,6; 2,5; 4,0; 6,3; 10; 16";ОТ -60 до +560;От -30 до +50;УХЛ1;C;ОТК;12;70000;10000;12 месяцев со дня ввода в эксплуатацию, но не более 18 месяцев со дня отгрузки потребителю;Односедельный;Нормально закрытый;Фланцевое;25;16;Коррозионностойкая сталь;24;По запросу;61820;Под заказ
"Клапан регулирующий односедельный  ""до себя"" нормально закрытый фланцевый 25нж52нж  DN 32 PN 1,6 Мпа УХЛ1 (Kvy - 25? м³/ч) с МИМ, корпус ст. 12Х18Н9ТЛ";Клапаны регулирующие;25нж52нж;Жидкие и газообразные среды, нейтральные к материалам деталей, соприкасающихся со средой (вода, пар, воздух, природный газ, мазут и другие жидкие нефтепродукты, газообразные и жидкие углеводородные смеси, масляные фракции и другие среды);"6,3; 10; 16; 25";ОТ -60 до +560;От -30 до +50;УХЛ1;C;ОТК;12;70000;10000;12 месяцев со дня ввода в эксплуатацию, но не более 18 месяцев со дня отгрузки потребителю;Односедельный;Нормально закрытый;Фланцевое;32;16;Коррозионностойкая сталь;27;По запросу;76780;Под заказ
"Клапан регулирующий односедельный  ""до себя"" нормально закрытый фланцевый 25нж52нж  DN 40 PN 1,6 Мпа УХЛ1 (Kvy - 40? м³/ч) с МИМ, корпус ст. 12Х18Н9ТЛ";Клапаны регулирующие;25нж52нж;Жидкие и газообразные среды, нейтральные к материалам деталей, соприкасающихся со средой (вода, пар, воздух, природный газ, мазут и другие жидкие нефтепродукты, газообразные и жидкие углеводородные смеси, масляные фракции и другие среды);"10; 16; 25; 40";ОТ -60 до +560;От -30 до +50;УХЛ1;C;ОТК;12;70000;10000;12 месяцев со дня ввода в эксплуатацию, но не более 18 месяцев со дня отгрузки потребителю;Односедельный;Нормально закрытый;Фланцевое;40;16;Коррозионностойкая сталь;30;По запросу;79090;Под заказ
"Клапан регулирующий односедельный  ""до себя"" нормально закрытый фланцевый 25нж52нж  DN 50 PN 1,6 Мпа УХЛ1 (Kvy - 63? м³/ч) с МИМ, корпус ст. 12Х18Н9ТЛ";Клапаны регулирующие;25нж52нж;Жидкие и газообразные среды, нейтральные к материалам деталей, соприкасающихся со средой (вода, пар, воздух, природный газ, мазут и другие жидкие нефтепродукты, газообразные и жидкие углеводородные смеси, масляные фракции и другие среды);"10; 16; 25; 40; 63";ОТ -60 до +560;От -30 до +50;УХЛ1;C;ОТК;12;70000;10000;12 месяцев со дня ввода в эксплуатацию, но не более 18 месяцев со дня отгрузки потребителю;Односедельный;Нормально закрытый;Фланцевое;50;16;Коррозионностойкая сталь;32;По запросу;86790;Под заказ
"Клапан регулирующий односедельный  ""до себя"" нормально закрытый фланцевый 25нж52нж  DN 65 PN 1,6 Мпа УХЛ1 (Kvy - 100? м³/ч) с МИМ, корпус ст. 12Х18Н9ТЛ";Клапаны регулирующие;25нж52нж;Жидкие и газообразные среды, нейтральные к материалам деталей, соприкасающихся со средой (вода, пар, воздух, природный газ, мазут и другие жидкие нефтепродукты, газообразные и жидкие углеводородные смеси, масляные фракции и другие среды);"25; 40; 63; 100";ОТ -60 до +560;От -30 до +50;УХЛ1;C;ОТК;12;70000;10000;12 месяцев со дня ввода в эксплуатацию, но не более 18 месяцев со дня отгрузки потребителю;Односедельный;Нормально закрытый;Фланцевое;65;16;Коррозионностойкая сталь;55;По запросу;123640;Под заказ
"Клапан регулирующий односедельный  ""до себя"" нормально закрытый фланцевый 25нж52нж  DN 80 PN 1,6 Мпа УХЛ1 (Kvy - 160? м³/ч) с МИМ, корпус ст. 12Х18Н9ТЛ";Клапаны регулирующие;25нж52нж;Жидкие и газообразные среды, нейтральные к материалам деталей, соприкасающихся со средой (вода, пар, воздух, природный газ, мазут и другие жидкие нефтепродукты, газообразные и жидкие углеводородные смеси, масляные фракции и другие среды);"40; 63; 100; 160";ОТ -60 до +560;От -30 до +50;УХЛ1;C;ОТК;12;70000;10000;12 месяцев со дня ввода в эксплуатацию, но не более 18 месяцев со дня отгрузки потребителю;Односедельный;Нормально закрытый;Фланцевое;80;16;Коррозионностойкая сталь;63;По запросу;140910;Под заказ
"Клапан регулирующий односедельный  ""до себя"" нормально закрытый фланцевый 25нж52нж  DN 100 PN 1,6 Мпа УХЛ1 (Kvy - 250? м³/ч) с МИМ, корпус ст. 12Х18Н9ТЛ";Клапаны регулирующие;25нж52нж;Жидкие и газообразные среды, нейтральные к материалам деталей, соприкасающихся со средой (вода, пар, воздух, природный газ, мазут и другие жидкие нефтепродукты, газообразные и жидкие углеводородные смеси, масляные фракции и другие среды);"63; 100; 160; 250";ОТ -60 до +560;От -30 до +50;УХЛ1;C;ОТК;12;70000;10000;12 месяцев со дня ввода в эксплуатацию, но не более 18 месяцев со дня отгрузки потребителю;Односедельный;Нормально закрытый;Фланцевое;100;16;Коррозионностойкая сталь;72;По запросу;165330;Под заказ
"Клапан регулирующий односедельный  ""до себя"" нормально закрытый фланцевый 25нж52нж  DN 125 PN 1,6 Мпа УХЛ1 (Kvy - 320? м³/ч) с МИМ, корпус ст. 12Х18Н9ТЛ";Клапаны регулирующие;25нж52нж;Жидкие и газообразные среды, нейтральные к материалам деталей, соприкасающихся со средой (вода, пар, воздух, природный газ, мазут и другие жидкие нефтепродукты, газообразные и жидкие углеводородные смеси, масляные фракции и другие среды);"100; 160; 250; 320";ОТ -60 до +560;От -30 до +50;УХЛ1;C;ОТК;12;70000;10000;12 месяцев со дня ввода в эксплуатацию, но не более 18 месяцев со дня отгрузки потребителю;Односедельный;Нормально закрытый;Фланцевое;125;16;Коррозионностойкая сталь;126;По запросу;251570;Под заказ
"Клапан регулирующий односедельный  ""до себя"" нормально закрытый фланцевый 25нж52нж  DN 150 PN 1,6 Мпа УХЛ1 (Kvy - 400? м³/ч) с МИМ, корпус ст. 12Х18Н9ТЛ";Клапаны регулирующие;25нж52нж;Жидкие и газообразные среды, нейтральные к материалам деталей, соприкасающихся со средой (вода, пар, воздух, природный газ, мазут и другие жидкие нефтепродукты, газообразные и жидкие углеводородные смеси, масляные фракции и другие среды);"160; 250; 400";ОТ -60 до +560;От -30 до +50;УХЛ1;C;ОТК;12;70000;10000;12 месяцев со дня ввода в эксплуатацию, но не более 18 месяцев со дня отгрузки потребителю;Односедельный;Нормально закрытый;Фланцевое;150;16;Коррозионностойкая сталь;152;По запросу;296230;Под заказ
"Клапан регулирующий односедельный  ""до себя"" нормально закрытый фланцевый 25нж52нж  DN 200 PN 1,6 Мпа УХЛ1 (Kvy - 630? м³/ч) с МИМ, корпус ст. 12Х18Н9ТЛ";Клапаны регулирующие;25нж52нж;Жидкие и газообразные среды, нейтральные к материалам деталей, соприкасающихся со средой (вода, пар, воздух, природный газ, мазут и другие жидкие нефтепродукты, газообразные и жидкие углеводородные смеси, масляные фракции и другие среды);"250; 400; 630";ОТ -60 до +560;От -30 до +50;УХЛ1;C;ОТК;12;70000;10000;12 месяцев со дня ввода в эксплуатацию, но не более 18 месяцев со дня отгрузки потребителю;Односедельный;Нормально закрытый;Фланцевое;200;16;Коррозионностойкая сталь;190;По запросу;382470;Под заказ
"Клапан регулирующий односедельный  ""до себя"" нормально закрытый фланцевый 25нж52нж  DN 250 PN 1,6 Мпа УХЛ1 (Kvy - ? м³/ч) с МИМ, корпус ст. 12Х18Н9ТЛ";Клапаны регулирующие;25нж52нж;Жидкие и газообразные среды, нейтральные к материалам деталей, соприкасающихся со средой (вода, пар, воздух, природный газ, мазут и другие жидкие нефтепродукты, газообразные и жидкие углеводородные смеси, масляные фракции и другие среды);;ОТ -60 до +560;От -30 до +50;УХЛ1;C;ОТК;12;70000;10000;12 месяцев со дня ввода в эксплуатацию, но не более 18 месяцев со дня отгрузки потребителю;Односедельный;Нормально закрытый;Фланцевое;250;16;Коррозионностойкая сталь;320;По запросу;0;Под заказ
"Клапан регулирующий односедельный  ""до себя"" нормально закрытый фланцевый 25нж52нж  DN 300 PN 1,6 Мпа УХЛ1 (Kvy - ? м³/ч) с МИМ, корпус ст. 12Х18Н9ТЛ";Клапаны регулирующие;25нж52нж;Жидкие и газообразные среды, нейтральные к материалам деталей, соприкасающихся со средой (вода, пар, воздух, природный газ, мазут и другие жидкие нефтепродукты, газообразные и жидкие углеводородные смеси, масляные фракции и другие среды);;ОТ -60 до +560;От -30 до +50;УХЛ1;C;ОТК;12;70000;10000;12 месяцев со дня ввода в эксплуатацию, но не более 18 месяцев со дня отгрузки потребителю;Односедельный;Нормально закрытый;Фланцевое;300;16;Коррозионностойкая сталь;390;По запросу;0;Под заказ
"Клапан регулирующий односедельный  ""до себя"" нормально закрытый фланцевый 25нж52нж  DN 15 PN 2,5 Мпа УХЛ1 (Kvy - 4,0? м³/ч) с МИМ, корпус ст. 12Х18Н9ТЛ";Клапаны регулирующие;25нж52нж;Жидкие и газообразные среды, нейтральные к материалам деталей, соприкасающихся со средой (вода, пар, воздух, природный газ, мазут и другие жидкие нефтепродукты, газообразные и жидкие углеводородные смеси, масляные фракции и другие среды);"0,1; 0,16; 0,25; 0,4; 0,6; 1,0; 1,6; 2,5; 3,2; 4,0";ОТ -60 до +560;От -30 до +50;УХЛ1;C;ОТК;12;70000;10000;12 месяцев со дня ввода в эксплуатацию, но не более 18 месяцев со дня отгрузки потребителю;Односедельный;Нормально закрытый;Фланцевое;15;25;Коррозионностойкая сталь;22;По запросу;58960;Под заказ
"Клапан регулирующий односедельный  ""до себя"" нормально закрытый фланцевый 25нж52нж  DN 20 PN 2,5 Мпа УХЛ1 (Kvy - 6,3? м³/ч) с МИМ, корпус ст. 12Х18Н9ТЛ";Клапаны регулирующие;25нж52нж;Жидкие и газообразные среды, нейтральные к материалам деталей, соприкасающихся со средой (вода, пар, воздух, природный газ, мазут и другие жидкие нефтепродукты, газообразные и жидкие углеводородные смеси, масляные фракции и другие среды);"1,6; 2,5; 4,0; 6,3";ОТ -60 до +560;От -30 до +50;УХЛ1;C;ОТК;12;70000;10000;12 месяцев со дня ввода в эксплуатацию, но не более 18 месяцев со дня отгрузки потребителю;Односедельный;Нормально закрытый;Фланцевое;20;25;Коррозионностойкая сталь;23;По запросу;58960;Под заказ
"Клапан регулирующий односедельный  ""до себя"" нормально закрытый фланцевый 25нж52нж  DN 25 PN 2,5 Мпа УХЛ1 (Kvy - 16? м³/ч) с МИМ, корпус ст. 12Х18Н9ТЛ";Клапаны регулирующие;25нж52нж;Жидкие и газообразные среды, нейтральные к материалам деталей, соприкасающихся со средой (вода, пар, воздух, природный газ, мазут и другие жидкие нефтепродукты, газообразные и жидкие углеводородные смеси, масляные фракции и другие среды);"1,6; 2,5; 4,0; 6,3; 10; 16";ОТ -60 до +560;От -30 до +50;УХЛ1;C;ОТК;12;70000;10000;12 месяцев со дня ввода в эксплуатацию, но не более 18 месяцев со дня отгрузки потребителю;Односедельный;Нормально закрытый;Фланцевое;25;25;Коррозионностойкая сталь;24;По запросу;61820;Под заказ
"Клапан регулирующий односедельный  ""до себя"" нормально закрытый фланцевый 25нж52нж  DN 32 PN 2,5 Мпа УХЛ1 (Kvy - 25? м³/ч) с МИМ, корпус ст. 12Х18Н9ТЛ";Клапаны регулирующие;25нж52нж;Жидкие и газообразные среды, нейтральные к материалам деталей, соприкасающихся со средой (вода, пар, воздух, природный газ, мазут и другие жидкие нефтепродукты, газообразные и жидкие углеводородные смеси, масляные фракции и другие среды);"6,3; 10; 16; 25";ОТ -60 до +560;От -30 до +50;УХЛ1;C;ОТК;12;70000;10000;12 месяцев со дня ввода в эксплуатацию, но не более 18 месяцев со дня отгрузки потребителю;Односедельный;Нормально закрытый;Фланцевое;32;25;Коррозионностойкая сталь;27;По запросу;76780;Под заказ
"Клапан регулирующий односедельный  ""до себя"" нормально закрытый фланцевый 25нж52нж  DN 40 PN 2,5 Мпа УХЛ1 (Kvy - 40? м³/ч) с МИМ, корпус ст. 12Х18Н9ТЛ";Клапаны регулирующие;25нж52нж;Жидкие и газообразные среды, нейтральные к материалам деталей, соприкасающихся со средой (вода, пар, воздух, природный газ, мазут и другие жидкие нефтепродукты, газообразные и жидкие углеводородные смеси, масляные фракции и другие среды);"10; 16; 25; 40";ОТ -60 до +560;От -30 до +50;УХЛ1;C;ОТК;12;70000;10000;12 месяцев со дня ввода в эксплуатацию, но не более 18 месяцев со дня отгрузки потребителю;Односедельный;Нормально закрытый;Фланцевое;40;25;Коррозионностойкая сталь;30;По запросу;79090;Под заказ
"Клапан регулирующий односедельный  ""до себя"" нормально закрытый фланцевый 25нж52нж  DN 50 PN 2,5 Мпа УХЛ1 (Kvy - 63? м³/ч) с МИМ, корпус ст. 12Х18Н9ТЛ";Клапаны регулирующие;25нж52нж;Жидкие и газообразные среды, нейтральные к материалам деталей, соприкасающихся со средой (вода, пар, воздух, природный газ, мазут и другие жидкие нефтепродукты, газообразные и жидкие углеводородные смеси, масляные фракции и другие среды);"10; 16; 25; 40; 63";ОТ -60 до +560;От -30 до +50;УХЛ1;C;ОТК;12;70000;10000;12 месяцев со дня ввода в эксплуатацию, но не более 18 месяцев со дня отгрузки потребителю;Односедельный;Нормально закрытый;Фланцевое;50;25;Коррозионностойкая сталь;32;По запросу;86790;Под заказ
"Клапан регулирующий односедельный  ""до себя"" нормально закрытый фланцевый 25нж52нж  DN 65 PN 2,5 Мпа УХЛ1 (Kvy - 100? м³/ч) с МИМ, корпус ст. 12Х18Н9ТЛ";Клапаны регулирующие;25нж52нж;Жидкие и газообразные среды, нейтральные к материалам деталей, соприкасающихся со средой (вода, пар, воздух, природный газ, мазут и другие жидкие нефтепродукты, газообразные и жидкие углеводородные смеси, масляные фракции и другие среды);"25; 40; 63; 100";ОТ -60 до +560;От -30 до +50;УХЛ1;C;ОТК;12;70000;10000;12 месяцев со дня ввода в эксплуатацию, но не более 18 месяцев со дня отгрузки потребителю;Односедельный;Нормально закрытый;Фланцевое;65;25;Коррозионностойкая сталь;55;По запросу;123640;Под заказ
"Клапан регулирующий односедельный  ""до себя"" нормально закрытый фланцевый 25нж52нж  DN 80 PN 2,5 Мпа УХЛ1 (Kvy - 160? м³/ч) с МИМ, корпус ст. 12Х18Н9ТЛ";Клапаны регулирующие;25нж52нж;Жидкие и газообразные среды, нейтральные к материалам деталей, соприкасающихся со средой (вода, пар, воздух, природный газ, мазут и другие жидкие нефтепродукты, газообразные и жидкие углеводородные смеси, масляные фракции и другие среды);"40; 63; 100; 160";ОТ -60 до +560;От -30 до +50;УХЛ1;C;ОТК;12;70000;10000;12 месяцев со дня ввода в эксплуатацию, но не более 18 месяцев со дня отгрузки потребителю;Односедельный;Нормально закрытый;Фланцевое;80;25;Коррозионностойкая сталь;63;По запросу;140910;Под заказ
"Клапан регулирующий односедельный  ""до себя"" нормально закрытый фланцевый 25нж52нж  DN 100 PN 2,5 Мпа УХЛ1 (Kvy - 250? м³/ч) с МИМ, корпус ст. 12Х18Н9ТЛ";Клапаны регулирующие;25нж52нж;Жидкие и газообразные среды, нейтральные к материалам деталей, соприкасающихся со средой (вода, пар, воздух, природный газ, мазут и другие жидкие нефтепродукты, газообразные и жидкие углеводородные смеси, масляные фракции и другие среды);"63; 100; 160; 250";ОТ -60 до +560;От -30 до +50;УХЛ1;C;ОТК;12;70000;10000;12 месяцев со дня ввода в эксплуатацию, но не более 18 месяцев со дня отгрузки потребителю;Односедельный;Нормально закрытый;Фланцевое;100;25;Коррозионностойкая сталь;72;По запросу;165330;Под заказ
"Клапан регулирующий односедельный  ""до себя"" нормально закрытый фланцевый 25нж52нж  DN 125 PN 2,5 Мпа УХЛ1 (Kvy - 320? м³/ч) с МИМ, корпус ст. 12Х18Н9ТЛ";Клапаны регулирующие;25нж52нж;Жидкие и газообразные среды, нейтральные к материалам деталей, соприкасающихся со средой (вода, пар, воздух, природный газ, мазут и другие жидкие нефтепродукты, газообразные и жидкие углеводородные смеси, масляные фракции и другие среды);"100; 160; 250; 320";ОТ -60 до +560;От -30 до +50;УХЛ1;C;ОТК;12;70000;10000;12 месяцев со дня ввода в эксплуатацию, но не более 18 месяцев со дня отгрузки потребителю;Односедельный;Нормально закрытый;Фланцевое;125;25;Коррозионностойкая сталь;126;По запросу;0;Под заказ
"Клапан регулирующий односедельный  ""до себя"" нормально закрытый фланцевый 25нж52нж  DN 150 PN 2,5 Мпа УХЛ1 (Kvy - 400 ,0? м³/ч) с МИМ, корпус ст. 12Х18Н9ТЛ";Клапаны регулирующие;25нж52нж;Жидкие и газообразные среды, нейтральные к материалам деталей, соприкасающихся со средой (вода, пар, воздух, природный газ, мазут и другие жидкие нефтепродукты, газообразные и жидкие углеводородные смеси, масляные фракции и другие среды);"160; 250; 400";ОТ -60 до +560;От -30 до +50;УХЛ1;C;ОТК;12;70000;10000;12 месяцев со дня ввода в эксплуатацию, но не более 18 месяцев со дня отгрузки потребителю;Односедельный;Нормально закрытый;Фланцевое;150;25;Коррозионностойкая сталь;152;По запросу;0;Под заказ
"Клапан регулирующий односедельный  ""до себя"" нормально закрытый фланцевый 25нж52нж  DN 200 PN 2,5 Мпа УХЛ1 (Kvy - 630? м³/ч) с МИМ, корпус ст. 12Х18Н9ТЛ";Клапаны регулирующие;25нж52нж;Жидкие и газообразные среды, нейтральные к материалам деталей, соприкасающихся со средой (вода, пар, воздух, природный газ, мазут и другие жидкие нефтепродукты, газообразные и жидкие углеводородные смеси, масляные фракции и другие среды);"250; 400; 630";ОТ -60 до +560;От -30 до +50;УХЛ1;C;ОТК;12;70000;10000;12 месяцев со дня ввода в эксплуатацию, но не более 18 месяцев со дня отгрузки потребителю;Односедельный;Нормально закрытый;Фланцевое;200;25;Коррозионностойкая сталь;190;По запросу;0;Под заказ
"Клапан регулирующий односедельный  ""до себя"" нормально закрытый фланцевый 25нж52нж  DN 250 PN 2,5 Мпа УХЛ1 (Kvy - ? м³/ч) с МИМ, корпус ст. 12Х18Н9ТЛ";Клапаны регулирующие;25нж52нж;Жидкие и газообразные среды, нейтральные к материалам деталей, соприкасающихся со средой (вода, пар, воздух, природный газ, мазут и другие жидкие нефтепродукты, газообразные и жидкие углеводородные смеси, масляные фракции и другие среды);;ОТ -60 до +560;От -30 до +50;УХЛ1;C;ОТК;12;70000;10000;12 месяцев со дня ввода в эксплуатацию, но не более 18 месяцев со дня отгрузки потребителю;Односедельный;Нормально закрытый;Фланцевое;250;25;Коррозионностойкая сталь;320;По запросу;0;Под заказ
"Клапан регулирующий односедельный  ""до себя"" нормально закрытый фланцевый 25нж52нж  DN 300 PN 2,5 Мпа УХЛ1 (Kvy - ? м³/ч) с МИМ, корпус ст. 12Х18Н9ТЛ";Клапаны регулирующие;25нж52нж;Жидкие и газообразные среды, нейтральные к материалам деталей, соприкасающихся со средой (вода, пар, воздух, природный газ, мазут и другие жидкие нефтепродукты, газообразные и жидкие углеводородные смеси, масляные фракции и другие среды);;ОТ -60 до +560;От -30 до +50;УХЛ1;C;ОТК;12;70000;10000;12 месяцев со дня ввода в эксплуатацию, но не более 18 месяцев со дня отгрузки потребителю;Односедельный;Нормально закрытый;Фланцевое;300;25;Коррозионностойкая сталь;390;По запросу;0;Под заказ
"Клапан регулирующий односедельный  ""до себя"" нормально закрытый фланцевый 25нж52нж  DN 15 PN 4,0 Мпа УХЛ1 (Kvy - 4,0? м³/ч) с МИМ, корпус ст. 12Х18Н9ТЛ";Клапаны регулирующие;25нж52нж;Жидкие и газообразные среды, нейтральные к материалам деталей, соприкасающихся со средой (вода, пар, воздух, природный газ, мазут и другие жидкие нефтепродукты, газообразные и жидкие углеводородные смеси, масляные фракции и другие среды);"0,1; 0,16; 0,25; 0,4; 0,6; 1,0; 1,6; 2,5; 3,2; 4,0";ОТ -60 до +560;От -30 до +50;УХЛ1;C;ОТК;12;70000;10000;12 месяцев со дня ввода в эксплуатацию, но не более 18 месяцев со дня отгрузки потребителю;Односедельный;Нормально закрытый;Фланцевое;15;40;Коррозионностойкая сталь;22;По запросу;58960;Под заказ
"Клапан регулирующий односедельный  ""до себя"" нормально закрытый фланцевый 25нж52нж  DN 20 PN 4,0 Мпа УХЛ1 (Kvy - 6,3? м³/ч) с МИМ, корпус ст. 12Х18Н9ТЛ";Клапаны регулирующие;25нж52нж;Жидкие и газообразные среды, нейтральные к материалам деталей, соприкасающихся со средой (вода, пар, воздух, природный газ, мазут и другие жидкие нефтепродукты, газообразные и жидкие углеводородные смеси, масляные фракции и другие среды);"1,6; 2,5; 4,0; 6,3";ОТ -60 до +560;От -30 до +50;УХЛ1;C;ОТК;12;70000;10000;12 месяцев со дня ввода в эксплуатацию, но не более 18 месяцев со дня отгрузки потребителю;Односедельный;Нормально закрытый;Фланцевое;20;40;Коррозионностойкая сталь;23;По запросу;58960;Под заказ
"Клапан регулирующий односедельный  ""до себя"" нормально закрытый фланцевый 25нж52нж  DN 25 PN 4,0 Мпа УХЛ1 (Kvy - 16? м³/ч) с МИМ, корпус ст. 12Х18Н9ТЛ";Клапаны регулирующие;25нж52нж;Жидкие и газообразные среды, нейтральные к материалам деталей, соприкасающихся со средой (вода, пар, воздух, природный газ, мазут и другие жидкие нефтепродукты, газообразные и жидкие углеводородные смеси, масляные фракции и другие среды);"1,6; 2,5; 4,0; 6,3; 10; 16";ОТ -60 до +560;От -30 до +50;УХЛ1;C;ОТК;12;70000;10000;12 месяцев со дня ввода в эксплуатацию, но не более 18 месяцев со дня отгрузки потребителю;Односедельный;Нормально закрытый;Фланцевое;25;40;Коррозионностойкая сталь;24;По запросу;61820;Под заказ
"Клапан регулирующий односедельный  ""до себя"" нормально закрытый фланцевый 25нж52нж  DN 32 PN 4,0 Мпа УХЛ1 (Kvy - 25? м³/ч) с МИМ, корпус ст. 12Х18Н9ТЛ";Клапаны регулирующие;25нж52нж;Жидкие и газообразные среды, нейтральные к материалам деталей, соприкасающихся со средой (вода, пар, воздух, природный газ, мазут и другие жидкие нефтепродукты, газообразные и жидкие углеводородные смеси, масляные фракции и другие среды);"6,3; 10; 16; 25";ОТ -60 до +560;От -30 до +50;УХЛ1;C;ОТК;12;70000;10000;12 месяцев со дня ввода в эксплуатацию, но не более 18 месяцев со дня отгрузки потребителю;Односедельный;Нормально закрытый;Фланцевое;32;40;Коррозионностойкая сталь;27;По запросу;76780;Под заказ
"Клапан регулирующий односедельный  ""до себя"" нормально закрытый фланцевый 25нж52нж  DN 40 PN 4,0 Мпа УХЛ1 (Kvy - 40? м³/ч) с МИМ, корпус ст. 12Х18Н9ТЛ";Клапаны регулирующие;25нж52нж;Жидкие и газообразные среды, нейтральные к материалам деталей, соприкасающихся со средой (вода, пар, воздух, природный газ, мазут и другие жидкие нефтепродукты, газообразные и жидкие углеводородные смеси, масляные фракции и другие среды);"10; 16; 25; 40";ОТ -60 до +560;От -30 до +50;УХЛ1;C;ОТК;12;70000;10000;12 месяцев со дня ввода в эксплуатацию, но не более 18 месяцев со дня отгрузки потребителю;Односедельный;Нормально закрытый;Фланцевое;40;40;Коррозионностойкая сталь;30;По запросу;79090;Под заказ
"Клапан регулирующий односедельный  ""до себя"" нормально закрытый фланцевый 25нж52нж  DN 50 PN 4,0 Мпа УХЛ1 (Kvy - 63? м³/ч) с МИМ, корпус ст. 12Х18Н9ТЛ";Клапаны регулирующие;25нж52нж;Жидкие и газообразные среды, нейтральные к материалам деталей, соприкасающихся со средой (вода, пар, воздух, природный газ, мазут и другие жидкие нефтепродукты, газообразные и жидкие углеводородные смеси, масляные фракции и другие среды);"10; 16; 25; 40; 63";ОТ -60 до +560;От -30 до +50;УХЛ1;C;ОТК;12;70000;10000;12 месяцев со дня ввода в эксплуатацию, но не более 18 месяцев со дня отгрузки потребителю;Односедельный;Нормально закрытый;Фланцевое;50;40;Коррозионностойкая сталь;32;По запросу;86790;Под заказ
"Клапан регулирующий односедельный  ""до себя"" нормально закрытый фланцевый 25нж52нж  DN 65 PN 4,0 Мпа УХЛ1 (Kvy - 100? м³/ч) с МИМ, корпус ст. 12Х18Н9ТЛ";Клапаны регулирующие;25нж52нж;Жидкие и газообразные среды, нейтральные к материалам деталей, соприкасающихся со средой (вода, пар, воздух, природный газ, мазут и другие жидкие нефтепродукты, газообразные и жидкие углеводородные смеси, масляные фракции и другие среды);"25; 40; 63; 100";ОТ -60 до +560;От -30 до +50;УХЛ1;C;ОТК;12;70000;10000;12 месяцев со дня ввода в эксплуатацию, но не более 18 месяцев со дня отгрузки потребителю;Односедельный;Нормально закрытый;Фланцевое;65;40;Коррозионностойкая сталь;55;По запросу;123640;Под заказ
"Клапан регулирующий односедельный  ""до себя"" нормально закрытый фланцевый 25нж52нж  DN 80 PN 4,0 Мпа УХЛ1 (Kvy - 160? м³/ч) с МИМ, корпус ст. 12Х18Н9ТЛ";Клапаны регулирующие;25нж52нж;Жидкие и газообразные среды, нейтральные к материалам деталей, соприкасающихся со средой (вода, пар, воздух, природный газ, мазут и другие жидкие нефтепродукты, газообразные и жидкие углеводородные смеси, масляные фракции и другие среды);"40; 63; 100; 160";ОТ -60 до +560;От -30 до +50;УХЛ1;C;ОТК;12;70000;10000;12 месяцев со дня ввода в эксплуатацию, но не более 18 месяцев со дня отгрузки потребителю;Односедельный;Нормально закрытый;Фланцевое;80;40;Коррозионностойкая сталь;63;По запросу;140910;Под заказ
"Клапан регулирующий односедельный  ""до себя"" нормально закрытый фланцевый 25нж52нж  DN 100 PN 4,0 Мпа УХЛ1 (Kvy - 250? м³/ч) с МИМ, корпус ст. 12Х18Н9ТЛ";Клапаны регулирующие;25нж52нж;Жидкие и газообразные среды, нейтральные к материалам деталей, соприкасающихся со средой (вода, пар, воздух, природный газ, мазут и другие жидкие нефтепродукты, газообразные и жидкие углеводородные смеси, масляные фракции и другие среды);"63; 100; 160; 250";ОТ -60 до +560;От -30 до +50;УХЛ1;C;ОТК;12;70000;10000;12 месяцев со дня ввода в эксплуатацию, но не более 18 месяцев со дня отгрузки потребителю;Односедельный;Нормально закрытый;Фланцевое;100;40;Коррозионностойкая сталь;72;По запросу;165330;Под заказ
"Клапан регулирующий односедельный угловой ""после себя"" нормально открытый фланцевый 26ч41п DN 15 PN 1,6 Мпа У3 с МИМ, корпус чугун";Клапаны регулирующие;26ч41п;Жидкие и газообразные среды, нейтральные к материалам деталей, соприкасающихся со средой (вода, пар, воздух, природный газ, мазут и другие жидкие нефтепродукты, газообразные и жидкие углеводородные смеси, масляные фракции и другие среды);;От -15 до +150;От -15 до +50;У3;A;ОТК;12;70000;10000;12 месяцев со дня ввода в эксплуатацию, но не более 18 месяцев со дня отгрузки потребителю;Односедельный;Нормально открытый;Фланцевое;15;16;Чугун;23;По запросу;0;Под заказ
"Клапан регулирующий односедельный угловой ""после себя"" нормально открытый фланцевый 26ч41п DN 20 PN 1,6 Мпа У3 с МИМ, корпус чугун";Клапаны регулирующие;26ч41п;Жидкие и газообразные среды, нейтральные к материалам деталей, соприкасающихся со средой (вода, пар, воздух, природный газ, мазут и другие жидкие нефтепродукты, газообразные и жидкие углеводородные смеси, масляные фракции и другие среды);;От -15 до +150;От -15 до +50;У3;A;ОТК;12;70000;10000;12 месяцев со дня ввода в эксплуатацию, но не более 18 месяцев со дня отгрузки потребителю;Односедельный;Нормально открытый;Фланцевое;20;16;Чугун;24;По запросу;0;Под заказ
"Клапан регулирующий односедельный угловой ""после себя"" нормально открытый фланцевый 26ч41п DN 25 PN 1,6 Мпа У3 с МИМ, корпус чугун";Клапаны регулирующие;26ч41п;Жидкие и газообразные среды, нейтральные к материалам деталей, соприкасающихся со средой (вода, пар, воздух, природный газ, мазут и другие жидкие нефтепродукты, газообразные и жидкие углеводородные смеси, масляные фракции и другие среды);;От -15 до +150;От -15 до +50;У3;A;ОТК;12;70000;10000;12 месяцев со дня ввода в эксплуатацию, но не более 18 месяцев со дня отгрузки потребителю;Односедельный;Нормально открытый;Фланцевое;25;16;Чугун;25;По запросу;0;Под заказ
"Клапан регулирующий односедельный угловой ""после себя"" нормально открытый фланцевый 26ч41п DN 32 PN 1,6 Мпа У3 с МИМ, корпус чугун";Клапаны регулирующие;26ч41п;Жидкие и газообразные среды, нейтральные к материалам деталей, соприкасающихся со средой (вода, пар, воздух, природный газ, мазут и другие жидкие нефтепродукты, газообразные и жидкие углеводородные смеси, масляные фракции и другие среды);;От -15 до +150;От -15 до +50;У3;A;ОТК;12;70000;10000;12 месяцев со дня ввода в эксплуатацию, но не более 18 месяцев со дня отгрузки потребителю;Односедельный;Нормально открытый;Фланцевое;32;16;Чугун;28;По запросу;0;Под заказ
"Клапан регулирующий односедельный угловой ""после себя"" нормально открытый фланцевый 26ч41п DN 40 PN 1,6 Мпа У3 с МИМ, корпус чугун";Клапаны регулирующие;26ч41п;Жидкие и газообразные среды, нейтральные к материалам деталей, соприкасающихся со средой (вода, пар, воздух, природный газ, мазут и другие жидкие нефтепродукты, газообразные и жидкие углеводородные смеси, масляные фракции и другие среды);;От -15 до +150;От -15 до +50;У3;A;ОТК;12;70000;10000;12 месяцев со дня ввода в эксплуатацию, но не более 18 месяцев со дня отгрузки потребителю;Односедельный;Нормально открытый;Фланцевое;40;16;Чугун;32;По запросу;0;Под заказ
"Клапан регулирующий односедельный угловой ""после себя"" нормально открытый фланцевый 26ч41п DN 50 PN 1,6 Мпа У3 с МИМ, корпус чугун";Клапаны регулирующие;26ч41п;Жидкие и газообразные среды, нейтральные к материалам деталей, соприкасающихся со средой (вода, пар, воздух, природный газ, мазут и другие жидкие нефтепродукты, газообразные и жидкие углеводородные смеси, масляные фракции и другие среды);;От -15 до +150;От -15 до +50;У3;A;ОТК;12;70000;10000;12 месяцев со дня ввода в эксплуатацию, но не более 18 месяцев со дня отгрузки потребителю;Односедельный;Нормально открытый;Фланцевое;50;16;Чугун;34;По запросу;0;Под заказ
"Клапан регулирующий односедельный угловой ""после себя"" нормально открытый фланцевый 26ч41п DN 65 PN 1,6 Мпа У3 с МИМ, корпус чугун";Клапаны регулирующие;26ч41п;Жидкие и газообразные среды, нейтральные к материалам деталей, соприкасающихся со средой (вода, пар, воздух, природный газ, мазут и другие жидкие нефтепродукты, газообразные и жидкие углеводородные смеси, масляные фракции и другие среды);;От -15 до +150;От -15 до +50;У3;A;ОТК;12;70000;10000;12 месяцев со дня ввода в эксплуатацию, но не более 18 месяцев со дня отгрузки потребителю;Односедельный;Нормально открытый;Фланцевое;65;16;Чугун;63;По запросу;0;Под заказ
"Клапан регулирующий односедельный угловой ""после себя"" нормально открытый фланцевый 26ч41п DN 80 PN 1,6 Мпа У3 с МИМ, корпус чугун";Клапаны регулирующие;26ч41п;Жидкие и газообразные среды, нейтральные к материалам деталей, соприкасающихся со средой (вода, пар, воздух, природный газ, мазут и другие жидкие нефтепродукты, газообразные и жидкие углеводородные смеси, масляные фракции и другие среды);;От -15 до +150;От -15 до +50;У3;A;ОТК;12;70000;10000;12 месяцев со дня ввода в эксплуатацию, но не более 18 месяцев со дня отгрузки потребителю;Односедельный;Нормально открытый;Фланцевое;80;16;Чугун;66;По запросу;0;Под заказ
"Клапан регулирующий односедельный угловой ""после себя"" нормально открытый фланцевый 26ч41п DN 100 PN 1,6 Мпа У3 с МИМ, корпус чугун";Клапаны регулирующие;26ч41п;Жидкие и газообразные среды, нейтральные к материалам деталей, соприкасающихся со средой (вода, пар, воздух, природный газ, мазут и другие жидкие нефтепродукты, газообразные и жидкие углеводородные смеси, масляные фракции и другие среды);;От -15 до +150;От -15 до +50;У3;A;ОТК;12;70000;10000;12 месяцев со дня ввода в эксплуатацию, но не более 18 месяцев со дня отгрузки потребителю;Односедельный;Нормально открытый;Фланцевое;100;16;Чугун;76;По запросу;0;Под заказ
"Клапан регулирующий односедельный угловой ""после себя"" нормально открытый фланцевый 26ч41п DN 125 PN 1,6 Мпа У3 с МИМ, корпус чугун";Клапаны регулирующие;26ч41п;Жидкие и газообразные среды, нейтральные к материалам деталей, соприкасающихся со средой (вода, пар, воздух, природный газ, мазут и другие жидкие нефтепродукты, газообразные и жидкие углеводородные смеси, масляные фракции и другие среды);;От -15 до +150;От -15 до +50;У3;A;ОТК;12;70000;10000;12 месяцев со дня ввода в эксплуатацию, но не более 18 месяцев со дня отгрузки потребителю;Односедельный;Нормально открытый;Фланцевое;125;16;Чугун;137;По запросу;0;Под заказ
"Клапан регулирующий односедельный угловой ""после себя"" нормально открытый фланцевый 26ч41п DN 150 PN 1,6 Мпа У3 с МИМ, корпус чугун";Клапаны регулирующие;26ч41п;Жидкие и газообразные среды, нейтральные к материалам деталей, соприкасающихся со средой (вода, пар, воздух, природный газ, мазут и другие жидкие нефтепродукты, газообразные и жидкие углеводородные смеси, масляные фракции и другие среды);;От -15 до +150;От -15 до +50;У3;A;ОТК;12;70000;10000;12 месяцев со дня ввода в эксплуатацию, но не более 18 месяцев со дня отгрузки потребителю;Односедельный;Нормально открытый;Фланцевое;150;16;Чугун;154;По запросу;0;Под заказ
"Клапан регулирующий односедельный угловой ""после себя"" нормально открытый фланцевый 26ч41п DN 200 PN 1,6 Мпа У3 с МИМ, корпус чугун";Клапаны регулирующие;26ч41п;Жидкие и газообразные среды, нейтральные к материалам деталей, соприкасающихся со средой (вода, пар, воздух, природный газ, мазут и другие жидкие нефтепродукты, газообразные и жидкие углеводородные смеси, масляные фракции и другие среды);;От -15 до +150;От -15 до +50;У3;A;ОТК;12;70000;10000;12 месяцев со дня ввода в эксплуатацию, но не более 18 месяцев со дня отгрузки потребителю;Односедельный;Нормально открытый;Фланцевое;200;16;Чугун;192;По запросу;0;Под заказ
"Клапан регулирующий односедельный угловой ""после себя"" нормально открытый фланцевый 26ч41п DN 250 PN 1,6 Мпа У3 с МИМ, корпус чугун";Клапаны регулирующие;26ч41п;Жидкие и газообразные среды, нейтральные к материалам деталей, соприкасающихся со средой (вода, пар, воздух, природный газ, мазут и другие жидкие нефтепродукты, газообразные и жидкие углеводородные смеси, масляные фракции и другие среды);;От -15 до +150;От -15 до +50;У3;A;ОТК;12;70000;10000;12 месяцев со дня ввода в эксплуатацию, но не более 18 месяцев со дня отгрузки потребителю;Односедельный;Нормально открытый;Фланцевое;250;16;Чугун;276;По запросу;0;Под заказ
"Клапан регулирующий односедельный угловой ""после себя"" нормально открытый фланцевый 26ч41п DN 300 PN 1,6 Мпа У3 с МИМ, корпус чугун";Клапаны регулирующие;26ч41п;Жидкие и газообразные среды, нейтральные к материалам деталей, соприкасающихся со средой (вода, пар, воздух, природный газ, мазут и другие жидкие нефтепродукты, газообразные и жидкие углеводородные смеси, масляные фракции и другие среды);;От -15 до +150;От -15 до +50;У3;A;ОТК;12;70000;10000;12 месяцев со дня ввода в эксплуатацию, но не более 18 месяцев со дня отгрузки потребителю;Односедельный;Нормально открытый;Фланцевое;300;16;Чугун;391;По запросу;0;Под заказ
"Клапан регулирующий односедельный угловой ""до себя"" нормально закрытый фланцевый 26ч42п DN 15 PN 1,6 Мпа У3 с МИМ, корпус чугун";Клапаны регулирующие;26ч42п;Жидкие и газообразные среды, нейтральные к материалам деталей, соприкасающихся со средой (вода, пар, воздух, природный газ, мазут и другие жидкие нефтепродукты, газообразные и жидкие углеводородные смеси, масляные фракции и другие среды);;От -15 до +150;От -15 до +50;У3;A;ОТК;12;70000;10000;12 месяцев со дня ввода в эксплуатацию, но не более 18 месяцев со дня отгрузки потребителю;Односедельный;Нормально закрытый;Фланцевое;15;16;Чугун;23;По запросу;0;Под заказ
"Клапан регулирующий односедельный угловой ""до себя"" нормально закрытый фланцевый 26ч42п DN 20 PN 1,6 Мпа У3 с МИМ, корпус чугун";Клапаны регулирующие;26ч42п;Жидкие и газообразные среды, нейтральные к материалам деталей, соприкасающихся со средой (вода, пар, воздух, природный газ, мазут и другие жидкие нефтепродукты, газообразные и жидкие углеводородные смеси, масляные фракции и другие среды);;От -15 до +150;От -15 до +50;У3;A;ОТК;12;70000;10000;12 месяцев со дня ввода в эксплуатацию, но не более 18 месяцев со дня отгрузки потребителю;Односедельный;Нормально закрытый;Фланцевое;20;16;Чугун;24;По запросу;0;Под заказ
"Клапан регулирующий односедельный угловой ""до себя"" нормально закрытый фланцевый 26ч42п DN 25 PN 1,6 Мпа У3 с МИМ, корпус чугун";Клапаны регулирующие;26ч42п;Жидкие и газообразные среды, нейтральные к материалам деталей, соприкасающихся со средой (вода, пар, воздух, природный газ, мазут и другие жидкие нефтепродукты, газообразные и жидкие углеводородные смеси, масляные фракции и другие среды);;От -15 до +150;От -15 до +50;У3;A;ОТК;12;70000;10000;12 месяцев со дня ввода в эксплуатацию, но не более 18 месяцев со дня отгрузки потребителю;Односедельный;Нормально закрытый;Фланцевое;25;16;Чугун;25;По запросу;0;Под заказ
"Клапан регулирующий односедельный угловой ""до себя"" нормально закрытый фланцевый 26ч42п DN 32 PN 1,6 Мпа У3 с МИМ, корпус чугун";Клапаны регулирующие;26ч42п;Жидкие и газообразные среды, нейтральные к материалам деталей, соприкасающихся со средой (вода, пар, воздух, природный газ, мазут и другие жидкие нефтепродукты, газообразные и жидкие углеводородные смеси, масляные фракции и другие среды);;От -15 до +150;От -15 до +50;У3;A;ОТК;12;70000;10000;12 месяцев со дня ввода в эксплуатацию, но не более 18 месяцев со дня отгрузки потребителю;Односедельный;Нормально закрытый;Фланцевое;32;16;Чугун;28;По запросу;0;Под заказ
"Клапан регулирующий односедельный угловой ""до себя"" нормально закрытый фланцевый 26ч42п DN 40 PN 1,6 Мпа У3 с МИМ, корпус чугун";Клапаны регулирующие;26ч42п;Жидкие и газообразные среды, нейтральные к материалам деталей, соприкасающихся со средой (вода, пар, воздух, природный газ, мазут и другие жидкие нефтепродукты, газообразные и жидкие углеводородные смеси, масляные фракции и другие среды);;От -15 до +150;От -15 до +50;У3;A;ОТК;12;70000;10000;12 месяцев со дня ввода в эксплуатацию, но не более 18 месяцев со дня отгрузки потребителю;Односедельный;Нормально закрытый;Фланцевое;40;16;Чугун;32;По запросу;0;Под заказ
"Клапан регулирующий односедельный угловой ""до себя"" нормально закрытый фланцевый 26ч42п DN 50 PN 1,6 Мпа У3 с МИМ, корпус чугун";Клапаны регулирующие;26ч42п;Жидкие и газообразные среды, нейтральные к материалам деталей, соприкасающихся со средой (вода, пар, воздух, природный газ, мазут и другие жидкие нефтепродукты, газообразные и жидкие углеводородные смеси, масляные фракции и другие среды);;От -15 до +150;От -15 до +50;У3;A;ОТК;12;70000;10000;12 месяцев со дня ввода в эксплуатацию, но не более 18 месяцев со дня отгрузки потребителю;Односедельный;Нормально закрытый;Фланцевое;50;16;Чугун;34;По запросу;0;Под заказ
"Клапан регулирующий односедельный угловой ""до себя"" нормально закрытый фланцевый 26ч42п DN 65 PN 1,6 Мпа У3 с МИМ, корпус чугун";Клапаны регулирующие;26ч42п;Жидкие и газообразные среды, нейтральные к материалам деталей, соприкасающихся со средой (вода, пар, воздух, природный газ, мазут и другие жидкие нефтепродукты, газообразные и жидкие углеводородные смеси, масляные фракции и другие среды);;От -15 до +150;От -15 до +50;У3;A;ОТК;12;70000;10000;12 месяцев со дня ввода в эксплуатацию, но не более 18 месяцев со дня отгрузки потребителю;Односедельный;Нормально закрытый;Фланцевое;65;16;Чугун;63;По запросу;0;Под заказ
"Клапан регулирующий односедельный угловой ""до себя"" нормально закрытый фланцевый 26ч42п DN 80 PN 1,6 Мпа У3 с МИМ, корпус чугун";Клапаны регулирующие;26ч42п;Жидкие и газообразные среды, нейтральные к материалам деталей, соприкасающихся со средой (вода, пар, воздух, природный газ, мазут и другие жидкие нефтепродукты, газообразные и жидкие углеводородные смеси, масляные фракции и другие среды);;От -15 до +150;От -15 до +50;У3;A;ОТК;12;70000;10000;12 месяцев со дня ввода в эксплуатацию, но не более 18 месяцев со дня отгрузки потребителю;Односедельный;Нормально закрытый;Фланцевое;80;16;Чугун;66;По запросу;0;Под заказ
"Клапан регулирующий односедельный угловой ""до себя"" нормально закрытый фланцевый 26ч42п DN 100 PN 1,6 Мпа У3 с МИМ, корпус чугун";Клапаны регулирующие;26ч42п;Жидкие и газообразные среды, нейтральные к материалам деталей, соприкасающихся со средой (вода, пар, воздух, природный газ, мазут и другие жидкие нефтепродукты, газообразные и жидкие углеводородные смеси, масляные фракции и другие среды);;От -15 до +150;От -15 до +50;У3;A;ОТК;12;70000;10000;12 месяцев со дня ввода в эксплуатацию, но не более 18 месяцев со дня отгрузки потребителю;Односедельный;Нормально закрытый;Фланцевое;100;16;Чугун;76;По запросу;0;Под заказ
"Клапан регулирующий односедельный угловой ""до себя"" нормально закрытый фланцевый 26ч42п DN 125 PN 1,6 Мпа У3 с МИМ, корпус чугун";Клапаны регулирующие;26ч42п;Жидкие и газообразные среды, нейтральные к материалам деталей, соприкасающихся со средой (вода, пар, воздух, природный газ, мазут и другие жидкие нефтепродукты, газообразные и жидкие углеводородные смеси, масляные фракции и другие среды);;От -15 до +150;От -15 до +50;У3;A;ОТК;12;70000;10000;12 месяцев со дня ввода в эксплуатацию, но не более 18 месяцев со дня отгрузки потребителю;Односедельный;Нормально закрытый;Фланцевое;125;16;Чугун;137;По запросу;0;Под заказ
"Клапан регулирующий односедельный угловой ""до себя"" нормально закрытый фланцевый 26ч42п DN 150 PN 1,6 Мпа У3 с МИМ, корпус чугун";Клапаны регулирующие;26ч42п;Жидкие и газообразные среды, нейтральные к материалам деталей, соприкасающихся со средой (вода, пар, воздух, природный газ, мазут и другие жидкие нефтепродукты, газообразные и жидкие углеводородные смеси, масляные фракции и другие среды);;От -15 до +150;От -15 до +50;У3;A;ОТК;12;70000;10000;12 месяцев со дня ввода в эксплуатацию, но не более 18 месяцев со дня отгрузки потребителю;Односедельный;Нормально закрытый;Фланцевое;150;16;Чугун;154;По запросу;0;Под заказ
"Клапан регулирующий односедельный угловой ""до себя"" нормально закрытый фланцевый 26ч42п DN 200 PN 1,6 Мпа У3 с МИМ, корпус чугун";Клапаны регулирующие;26ч42п;Жидкие и газообразные среды, нейтральные к материалам деталей, соприкасающихся со средой (вода, пар, воздух, природный газ, мазут и другие жидкие нефтепродукты, газообразные и жидкие углеводородные смеси, масляные фракции и другие среды);;От -15 до +150;От -15 до +50;У3;A;ОТК;12;70000;10000;12 месяцев со дня ввода в эксплуатацию, но не более 18 месяцев со дня отгрузки потребителю;Односедельный;Нормально закрытый;Фланцевое;200;16;Чугун;192;По запросу;0;Под заказ
"Клапан регулирующий односедельный угловой ""до себя"" нормально закрытый фланцевый 26ч42п DN 250 PN 1,6 Мпа У3 с МИМ, корпус чугун";Клапаны регулирующие;26ч42п;Жидкие и газообразные среды, нейтральные к материалам деталей, соприкасающихся со средой (вода, пар, воздух, природный газ, мазут и другие жидкие нефтепродукты, газообразные и жидкие углеводородные смеси, масляные фракции и другие среды);;От -15 до +150;От -15 до +50;У3;A;ОТК;12;70000;10000;12 месяцев со дня ввода в эксплуатацию, но не более 18 месяцев со дня отгрузки потребителю;Односедельный;Нормально закрытый;Фланцевое;250;16;Чугун;276;По запросу;0;Под заказ
"Клапан регулирующий односедельный угловой ""до себя"" нормально закрытый фланцевый 26ч42п DN 300 PN 1,6 Мпа У3 с МИМ, корпус чугун";Клапаны регулирующие;26ч42п;Жидкие и газообразные среды, нейтральные к материалам деталей, соприкасающихся со средой (вода, пар, воздух, природный газ, мазут и другие жидкие нефтепродукты, газообразные и жидкие углеводородные смеси, масляные фракции и другие среды);;От -15 до +150;От -15 до +50;У3;A;ОТК;12;70000;10000;12 месяцев со дня ввода в эксплуатацию, но не более 18 месяцев со дня отгрузки потребителю;Односедельный;Нормально закрытый;Фланцевое;300;16;Чугун;391;По запросу;0;Под заказ
"Клапан регулирующий односедельный угловой ""после себя"" нормально открытый фланцевый 26ч41нж DN 15 PN 1,6 Мпа У3 с МИМ, корпус чугун";Клапаны регулирующие;26ч41нж;Жидкие и газообразные среды, нейтральные к материалам деталей, соприкасающихся со средой (вода, пар, воздух, природный газ, мазут и другие жидкие нефтепродукты, газообразные и жидкие углеводородные смеси, масляные фракции и другие среды);;От -15 до +300;От -15 до +50;У3;C;ОТК;12;70000;10000;12 месяцев со дня ввода в эксплуатацию, но не более 18 месяцев со дня отгрузки потребителю;Односедельный;Нормально открытый;Фланцевое;15;16;Чугун;23;По запросу;0;Под заказ
"Клапан регулирующий односедельный угловой ""после себя"" нормально открытый фланцевый 26ч41нж DN 20 PN 1,6 Мпа У3 с МИМ, корпус чугун";Клапаны регулирующие;26ч41нж;Жидкие и газообразные среды, нейтральные к материалам деталей, соприкасающихся со средой (вода, пар, воздух, природный газ, мазут и другие жидкие нефтепродукты, газообразные и жидкие углеводородные смеси, масляные фракции и другие среды);;От -15 до +300;От -15 до +50;У3;C;ОТК;12;70000;10000;12 месяцев со дня ввода в эксплуатацию, но не более 18 месяцев со дня отгрузки потребителю;Односедельный;Нормально открытый;Фланцевое;20;16;Чугун;24;По запросу;0;Под заказ
"Клапан регулирующий односедельный угловой ""после себя"" нормально открытый фланцевый 26ч41нж DN 25 PN 1,6 Мпа У3 с МИМ, корпус чугун";Клапаны регулирующие;26ч41нж;Жидкие и газообразные среды, нейтральные к материалам деталей, соприкасающихся со средой (вода, пар, воздух, природный газ, мазут и другие жидкие нефтепродукты, газообразные и жидкие углеводородные смеси, масляные фракции и другие среды);;От -15 до +300;От -15 до +50;У3;C;ОТК;12;70000;10000;12 месяцев со дня ввода в эксплуатацию, но не более 18 месяцев со дня отгрузки потребителю;Односедельный;Нормально открытый;Фланцевое;25;16;Чугун;25;По запросу;0;Под заказ
"Клапан регулирующий односедельный угловой ""после себя"" нормально открытый фланцевый 26ч41нж DN 32 PN 1,6 Мпа У3 с МИМ, корпус чугун";Клапаны регулирующие;26ч41нж;Жидкие и газообразные среды, нейтральные к материалам деталей, соприкасающихся со средой (вода, пар, воздух, природный газ, мазут и другие жидкие нефтепродукты, газообразные и жидкие углеводородные смеси, масляные фракции и другие среды);;От -15 до +300;От -15 до +50;У3;C;ОТК;12;70000;10000;12 месяцев со дня ввода в эксплуатацию, но не более 18 месяцев со дня отгрузки потребителю;Односедельный;Нормально открытый;Фланцевое;32;16;Чугун;28;По запросу;0;Под заказ
"Клапан регулирующий односедельный угловой ""после себя"" нормально открытый фланцевый 26ч41нж DN 40 PN 1,6 Мпа У3 с МИМ, корпус чугун";Клапаны регулирующие;26ч41нж;Жидкие и газообразные среды, нейтральные к материалам деталей, соприкасающихся со средой (вода, пар, воздух, природный газ, мазут и другие жидкие нефтепродукты, газообразные и жидкие углеводородные смеси, масляные фракции и другие среды);;От -15 до +300;От -15 до +50;У3;C;ОТК;12;70000;10000;12 месяцев со дня ввода в эксплуатацию, но не более 18 месяцев со дня отгрузки потребителю;Односедельный;Нормально открытый;Фланцевое;40;16;Чугун;32;По запросу;0;Под заказ
"Клапан регулирующий односедельный угловой ""после себя"" нормально открытый фланцевый 26ч41нж DN 50 PN 1,6 Мпа У3 с МИМ, корпус чугун";Клапаны регулирующие;26ч41нж;Жидкие и газообразные среды, нейтральные к материалам деталей, соприкасающихся со средой (вода, пар, воздух, природный газ, мазут и другие жидкие нефтепродукты, газообразные и жидкие углеводородные смеси, масляные фракции и другие среды);;От -15 до +300;От -15 до +50;У3;C;ОТК;12;70000;10000;12 месяцев со дня ввода в эксплуатацию, но не более 18 месяцев со дня отгрузки потребителю;Односедельный;Нормально открытый;Фланцевое;50;16;Чугун;34;По запросу;0;Под заказ
"Клапан регулирующий односедельный угловой ""после себя"" нормально открытый фланцевый 26ч41нж DN 65 PN 1,6 Мпа У3 с МИМ, корпус чугун";Клапаны регулирующие;26ч41нж;Жидкие и газообразные среды, нейтральные к материалам деталей, соприкасающихся со средой (вода, пар, воздух, природный газ, мазут и другие жидкие нефтепродукты, газообразные и жидкие углеводородные смеси, масляные фракции и другие среды);;От -15 до +300;От -15 до +50;У3;C;ОТК;12;70000;10000;12 месяцев со дня ввода в эксплуатацию, но не более 18 месяцев со дня отгрузки потребителю;Односедельный;Нормально открытый;Фланцевое;65;16;Чугун;63;По запросу;0;Под заказ
"Клапан регулирующий односедельный угловой ""после себя"" нормально открытый  фланцевый 26ч41нж DN 80 PN 1,6 Мпа У3 с МИМ, корпус чугун";Клапаны регулирующие;26ч41нж;Жидкие и газообразные среды, нейтральные к материалам деталей, соприкасающихся со средой (вода, пар, воздух, природный газ, мазут и другие жидкие нефтепродукты, газообразные и жидкие углеводородные смеси, масляные фракции и другие среды);;От -15 до +300;От -15 до +50;У3;C;ОТК;12;70000;10000;12 месяцев со дня ввода в эксплуатацию, но не более 18 месяцев со дня отгрузки потребителю;Односедельный;Нормально открытый;Фланцевое;80;16;Чугун;66;По запросу;0;Под заказ
"Клапан регулирующий односедельный угловой ""после себя"" нормально открытый фланцевый 26ч41нж DN 100 PN 1,6 Мпа У3 с МИМ, корпус чугун";Клапаны регулирующие;26ч41нж;Жидкие и газообразные среды, нейтральные к материалам деталей, соприкасающихся со средой (вода, пар, воздух, природный газ, мазут и другие жидкие нефтепродукты, газообразные и жидкие углеводородные смеси, масляные фракции и другие среды);;От -15 до +300;От -15 до +50;У3;C;ОТК;12;70000;10000;12 месяцев со дня ввода в эксплуатацию, но не более 18 месяцев со дня отгрузки потребителю;Односедельный;Нормально открытый;Фланцевое;100;16;Чугун;76;По запросу;0;Под заказ
"Клапан регулирующий односедельный угловой ""после себя"" нормально открытый фланцевый 26ч41нж DN 125 PN 1,6 Мпа У3 с МИМ, корпус чугун";Клапаны регулирующие;26ч41нж;Жидкие и газообразные среды, нейтральные к материалам деталей, соприкасающихся со средой (вода, пар, воздух, природный газ, мазут и другие жидкие нефтепродукты, газообразные и жидкие углеводородные смеси, масляные фракции и другие среды);;От -15 до +300;От -15 до +50;У3;C;ОТК;12;70000;10000;12 месяцев со дня ввода в эксплуатацию, но не более 18 месяцев со дня отгрузки потребителю;Односедельный;Нормально открытый;Фланцевое;125;16;Чугун;137;По запросу;0;Под заказ
"Клапан регулирующий односедельный угловой ""после себя"" нормально открытый фланцевый 26ч41нж DN 150 PN 1,6 Мпа У3 с МИМ, корпус чугун";Клапаны регулирующие;26ч41нж;Жидкие и газообразные среды, нейтральные к материалам деталей, соприкасающихся со средой (вода, пар, воздух, природный газ, мазут и другие жидкие нефтепродукты, газообразные и жидкие углеводородные смеси, масляные фракции и другие среды);;От -15 до +300;От -15 до +50;У3;C;ОТК;12;70000;10000;12 месяцев со дня ввода в эксплуатацию, но не более 18 месяцев со дня отгрузки потребителю;Односедельный;Нормально открытый;Фланцевое;150;16;Чугун;154;По запросу;0;Под заказ
"Клапан регулирующий односедельный угловой ""после себя"" нормально открытый фланцевый 26ч41нж DN 200 PN 1,6 Мпа У3 с МИМ, корпус чугун";Клапаны регулирующие;26ч41нж;Жидкие и газообразные среды, нейтральные к материалам деталей, соприкасающихся со средой (вода, пар, воздух, природный газ, мазут и другие жидкие нефтепродукты, газообразные и жидкие углеводородные смеси, масляные фракции и другие среды);;От -15 до +300;От -15 до +50;У3;C;ОТК;12;70000;10000;12 месяцев со дня ввода в эксплуатацию, но не более 18 месяцев со дня отгрузки потребителю;Односедельный;Нормально открытый;Фланцевое;200;16;Чугун;192;По запросу;0;Под заказ
"Клапан регулирующий односедельный угловой ""после себя"" нормально открытый фланцевый 26ч41нж DN 250 PN 1,6 Мпа У3 с МИМ, корпус чугун";Клапаны регулирующие;26ч41нж;Жидкие и газообразные среды, нейтральные к материалам деталей, соприкасающихся со средой (вода, пар, воздух, природный газ, мазут и другие жидкие нефтепродукты, газообразные и жидкие углеводородные смеси, масляные фракции и другие среды);;От -15 до +300;От -15 до +50;У3;C;ОТК;12;70000;10000;12 месяцев со дня ввода в эксплуатацию, но не более 18 месяцев со дня отгрузки потребителю;Односедельный;Нормально открытый;Фланцевое;250;16;Чугун;276;По запросу;0;Под заказ
"Клапан регулирующий односедельный угловой ""после себя"" нормально открытый фланцевый 26ч41нж DN 300 PN 1,6 Мпа У3 с МИМ, корпус чугун";Клапаны регулирующие;26ч41нж;Жидкие и газообразные среды, нейтральные к материалам деталей, соприкасающихся со средой (вода, пар, воздух, природный газ, мазут и другие жидкие нефтепродукты, газообразные и жидкие углеводородные смеси, масляные фракции и другие среды);;От -15 до +300;От -15 до +50;У3;C;ОТК;12;70000;10000;12 месяцев со дня ввода в эксплуатацию, но не более 18 месяцев со дня отгрузки потребителю;Односедельный;Нормально открытый;Фланцевое;300;16;Чугун;391;По запросу;0;Под заказ
"Клапан регулирующий односедельный угловой ""до себя"" нормально закрытый фланцевый 26ч42нж DN 15 PN 1,6 Мпа У3 с МИМ, корпус чугун";Клапаны регулирующие;26ч42нж;Жидкие и газообразные среды, нейтральные к материалам деталей, соприкасающихся со средой (вода, пар, воздух, природный газ, мазут и другие жидкие нефтепродукты, газообразные и жидкие углеводородные смеси, масляные фракции и другие среды);;От -15 до +300;От -15 до +50;У3;C;ОТК;12;70000;10000;12 месяцев со дня ввода в эксплуатацию, но не более 18 месяцев со дня отгрузки потребителю;Односедельный;Нормально закрытый;Фланцевое;15;16;Чугун;23;По запросу;0;Под заказ
"Клапан регулирующий односедельный угловой ""до себя"" нормально закрытый фланцевый 26ч42нж DN 20 PN 1,6 Мпа У3 с МИМ, корпус чугун";Клапаны регулирующие;26ч42нж;Жидкие и газообразные среды, нейтральные к материалам деталей, соприкасающихся со средой (вода, пар, воздух, природный газ, мазут и другие жидкие нефтепродукты, газообразные и жидкие углеводородные смеси, масляные фракции и другие среды);;От -15 до +300;От -15 до +50;У3;C;ОТК;12;70000;10000;12 месяцев со дня ввода в эксплуатацию, но не более 18 месяцев со дня отгрузки потребителю;Односедельный;Нормально закрытый;Фланцевое;20;16;Чугун;24;По запросу;0;Под заказ
"Клапан регулирующий односедельный угловой ""до себя"" нормально закрытый фланцевый 26ч42нж DN 25 PN 1,6 Мпа У3 с МИМ, корпус чугун";Клапаны регулирующие;26ч42нж;Жидкие и газообразные среды, нейтральные к материалам деталей, соприкасающихся со средой (вода, пар, воздух, природный газ, мазут и другие жидкие нефтепродукты, газообразные и жидкие углеводородные смеси, масляные фракции и другие среды);;От -15 до +300;От -15 до +50;У3;C;ОТК;12;70000;10000;12 месяцев со дня ввода в эксплуатацию, но не более 18 месяцев со дня отгрузки потребителю;Односедельный;Нормально закрытый;Фланцевое;25;16;Чугун;25;По запросу;0;Под заказ
"Клапан регулирующий односедельный угловой ""до себя"" нормально закрытый фланцевый 26ч42нж DN 32 PN 1,6 Мпа У3 с МИМ, корпус чугун";Клапаны регулирующие;26ч42нж;Жидкие и газообразные среды, нейтральные к материалам деталей, соприкасающихся со средой (вода, пар, воздух, природный газ, мазут и другие жидкие нефтепродукты, газообразные и жидкие углеводородные смеси, масляные фракции и другие среды);;От -15 до +300;От -15 до +50;У3;C;ОТК;12;70000;10000;12 месяцев со дня ввода в эксплуатацию, но не более 18 месяцев со дня отгрузки потребителю;Односедельный;Нормально закрытый;Фланцевое;32;16;Чугун;28;По запросу;0;Под заказ
"Клапан регулирующий односедельный угловой ""до себя"" нормально закрытый фланцевый 26ч42нж DN 40 PN 1,6 Мпа У3 с МИМ, корпус чугун";Клапаны регулирующие;26ч42нж;Жидкие и газообразные среды, нейтральные к материалам деталей, соприкасающихся со средой (вода, пар, воздух, природный газ, мазут и другие жидкие нефтепродукты, газообразные и жидкие углеводородные смеси, масляные фракции и другие среды);;От -15 до +300;От -15 до +50;У3;C;ОТК;12;70000;10000;12 месяцев со дня ввода в эксплуатацию, но не более 18 месяцев со дня отгрузки потребителю;Односедельный;Нормально закрытый;Фланцевое;40;16;Чугун;32;По запросу;0;Под заказ
"Клапан регулирующий односедельный угловой ""до себя"" нормально закрытый фланцевый 26ч42нж DN 50 PN 1,6 Мпа У3 с МИМ, корпус чугун";Клапаны регулирующие;26ч42нж;Жидкие и газообразные среды, нейтральные к материалам деталей, соприкасающихся со средой (вода, пар, воздух, природный газ, мазут и другие жидкие нефтепродукты, газообразные и жидкие углеводородные смеси, масляные фракции и другие среды);;От -15 до +300;От -15 до +50;У3;C;ОТК;12;70000;10000;12 месяцев со дня ввода в эксплуатацию, но не более 18 месяцев со дня отгрузки потребителю;Односедельный;Нормально закрытый;Фланцевое;50;16;Чугун;34;По запросу;0;Под заказ
"Клапан регулирующий односедельный угловой ""до себя"" нормально закрытый фланцевый 26ч42нж DN 65 PN 1,6 Мпа У3 с МИМ, корпус чугун";Клапаны регулирующие;26ч42нж;Жидкие и газообразные среды, нейтральные к материалам деталей, соприкасающихся со средой (вода, пар, воздух, природный газ, мазут и другие жидкие нефтепродукты, газообразные и жидкие углеводородные смеси, масляные фракции и другие среды);;От -15 до +300;От -15 до +50;У3;C;ОТК;12;70000;10000;12 месяцев со дня ввода в эксплуатацию, но не более 18 месяцев со дня отгрузки потребителю;Односедельный;Нормально закрытый;Фланцевое;65;16;Чугун;63;По запросу;0;Под заказ
"Клапан регулирующий односедельный угловой ""до себя"" нормально закрытый фланцевый 26ч42нж DN 80 PN 1,6 Мпа У3 с МИМ, корпус чугун";Клапаны регулирующие;26ч42нж;Жидкие и газообразные среды, нейтральные к материалам деталей, соприкасающихся со средой (вода, пар, воздух, природный газ, мазут и другие жидкие нефтепродукты, газообразные и жидкие углеводородные смеси, масляные фракции и другие среды);;От -15 до +300;От -15 до +50;У3;C;ОТК;12;70000;10000;12 месяцев со дня ввода в эксплуатацию, но не более 18 месяцев со дня отгрузки потребителю;Односедельный;Нормально закрытый;Фланцевое;80;16;Чугун;66;По запросу;0;Под заказ
"Клапан регулирующий односедельный угловой ""до себя"" нормально закрытый фланцевый 26ч42нж DN 100 PN 1,6 Мпа У3 с МИМ, корпус чугун";Клапаны регулирующие;26ч42нж;Жидкие и газообразные среды, нейтральные к материалам деталей, соприкасающихся со средой (вода, пар, воздух, природный газ, мазут и другие жидкие нефтепродукты, газообразные и жидкие углеводородные смеси, масляные фракции и другие среды);;От -15 до +300;От -15 до +50;У3;C;ОТК;12;70000;10000;12 месяцев со дня ввода в эксплуатацию, но не более 18 месяцев со дня отгрузки потребителю;Односедельный;Нормально закрытый;Фланцевое;100;16;Чугун;76;По запросу;0;Под заказ
"Клапан регулирующий односедельный угловой ""до себя"" нормально закрытый фланцевый 26ч42нж DN 125 PN 1,6 Мпа У3 с МИМ, корпус чугун";Клапаны регулирующие;26ч42нж;Жидкие и газообразные среды, нейтральные к материалам деталей, соприкасающихся со средой (вода, пар, воздух, природный газ, мазут и другие жидкие нефтепродукты, газообразные и жидкие углеводородные смеси, масляные фракции и другие среды);;От -15 до +300;От -15 до +50;У3;C;ОТК;12;70000;10000;12 месяцев со дня ввода в эксплуатацию, но не более 18 месяцев со дня отгрузки потребителю;Односедельный;Нормально закрытый;Фланцевое;125;16;Чугун;137;По запросу;0;Под заказ
"Клапан регулирующий односедельный угловой ""до себя"" нормально закрытый фланцевый 26ч42нж DN 150 PN 1,6 Мпа У3 с МИМ, корпус чугун";Клапаны регулирующие;26ч42нж;Жидкие и газообразные среды, нейтральные к материалам деталей, соприкасающихся со средой (вода, пар, воздух, природный газ, мазут и другие жидкие нефтепродукты, газообразные и жидкие углеводородные смеси, масляные фракции и другие среды);;От -15 до +300;От -15 до +50;У3;C;ОТК;12;70000;10000;12 месяцев со дня ввода в эксплуатацию, но не более 18 месяцев со дня отгрузки потребителю;Односедельный;Нормально закрытый;Фланцевое;150;16;Чугун;154;По запросу;0;Под заказ
"Клапан регулирующий односедельный угловой ""до себя"" нормально закрытый фланцевый 26ч42нж DN 200 PN 1,6 Мпа У3 с МИМ, корпус чугун";Клапаны регулирующие;26ч42нж;Жидкие и газообразные среды, нейтральные к материалам деталей, соприкасающихся со средой (вода, пар, воздух, природный газ, мазут и другие жидкие нефтепродукты, газообразные и жидкие углеводородные смеси, масляные фракции и другие среды);;От -15 до +300;От -15 до +50;У3;C;ОТК;12;70000;10000;12 месяцев со дня ввода в эксплуатацию, но не более 18 месяцев со дня отгрузки потребителю;Односедельный;Нормально закрытый;Фланцевое;200;16;Чугун;192;По запросу;0;Под заказ
"Клапан регулирующий односедельный угловой ""до себя"" нормально закрытый фланцевый 26ч42нж DN 250 PN 1,6 Мпа У3 с МИМ, корпус чугун";Клапаны регулирующие;26ч42нж;Жидкие и газообразные среды, нейтральные к материалам деталей, соприкасающихся со средой (вода, пар, воздух, природный газ, мазут и другие жидкие нефтепродукты, газообразные и жидкие углеводородные смеси, масляные фракции и другие среды);;От -15 до +300;От -15 до +50;У3;C;ОТК;12;70000;10000;12 месяцев со дня ввода в эксплуатацию, но не более 18 месяцев со дня отгрузки потребителю;Односедельный;Нормально закрытый;Фланцевое;250;16;Чугун;276;По запросу;0;Под заказ
"Клапан регулирующий односедельный угловой ""до себя"" нормально закрытый фланцевый 26ч42нж DN 300 PN 1,6 Мпа У3 с МИМ, корпус чугун";Клапаны регулирующие;26ч42нж;Жидкие и газообразные среды, нейтральные к материалам деталей, соприкасающихся со средой (вода, пар, воздух, природный газ, мазут и другие жидкие нефтепродукты, газообразные и жидкие углеводородные смеси, масляные фракции и другие среды);;От -15 до +300;От -15 до +50;У3;C;ОТК;12;70000;10000;12 месяцев со дня ввода в эксплуатацию, но не более 18 месяцев со дня отгрузки потребителю;Односедельный;Нормально закрытый;Фланцевое;300;16;Чугун;391;По запросу;0;Под заказ
Клапан регулирующий односедельный угловой фланцевый 26ч945п DN 15 PN 1,6 Мпа У3 с ЭИМ, корпус чугун;Клапаны регулирующие;26ч945п;Жидкие и газообразные среды, нейтральные к материалам деталей, соприкасающихся со средой (вода, пар, воздух, природный газ, мазут и другие жидкие нефтепродукты, газообразные и жидкие углеводородные смеси, масляные фракции и другие среды);;От -15 до +150;От -15 до +50;У3;A;ОТК;12;70000;10000;12 месяцев со дня ввода в эксплуатацию, но не более 18 месяцев со дня отгрузки потребителю;Односедельный;;Фланцевое;15;16;Чугун;10;По запросу;0;Под заказ
Клапан регулирующий односедельный угловой фланцевый 26ч945п DN 20 PN 1,6 Мпа У3 с ЭИМ, корпус чугун;Клапаны регулирующие;26ч945п;Жидкие и газообразные среды, нейтральные к материалам деталей, соприкасающихся со средой (вода, пар, воздух, природный газ, мазут и другие жидкие нефтепродукты, газообразные и жидкие углеводородные смеси, масляные фракции и другие среды);;От -15 до +150;От -15 до +50;У3;A;ОТК;12;70000;10000;12 месяцев со дня ввода в эксплуатацию, но не более 18 месяцев со дня отгрузки потребителю;Односедельный;;Фланцевое;20;16;Чугун;11;По запросу;0;Под заказ
Клапан регулирующий односедельный угловой фланцевый 26ч945п DN 25 PN 1,6 Мпа У3 с ЭИМ, корпус чугун;Клапаны регулирующие;26ч945п;Жидкие и газообразные среды, нейтральные к материалам деталей, соприкасающихся со средой (вода, пар, воздух, природный газ, мазут и другие жидкие нефтепродукты, газообразные и жидкие углеводородные смеси, масляные фракции и другие среды);;От -15 до +150;От -15 до +50;У3;A;ОТК;12;70000;10000;12 месяцев со дня ввода в эксплуатацию, но не более 18 месяцев со дня отгрузки потребителю;Односедельный;;Фланцевое;25;16;Чугун;12;По запросу;0;Под заказ
Клапан регулирующий односедельный угловой фланцевый 26ч945п DN 32 PN 1,6 Мпа У3 с ЭИМ, корпус чугун;Клапаны регулирующие;26ч945п;Жидкие и газообразные среды, нейтральные к материалам деталей, соприкасающихся со средой (вода, пар, воздух, природный газ, мазут и другие жидкие нефтепродукты, газообразные и жидкие углеводородные смеси, масляные фракции и другие среды);;От -15 до +150;От -15 до +50;У3;A;ОТК;12;70000;10000;12 месяцев со дня ввода в эксплуатацию, но не более 18 месяцев со дня отгрузки потребителю;Односедельный;;Фланцевое;32;16;Чугун;13;По запросу;0;Под заказ
Клапан регулирующий односедельный угловой фланцевый 26ч945п DN 40 PN 1,6 Мпа У3 с ЭИМ, корпус чугун;Клапаны регулирующие;26ч945п;Жидкие и газообразные среды, нейтральные к материалам деталей, соприкасающихся со средой (вода, пар, воздух, природный газ, мазут и другие жидкие нефтепродукты, газообразные и жидкие углеводородные смеси, масляные фракции и другие среды);;От -15 до +150;От -15 до +50;У3;A;ОТК;12;70000;10000;12 месяцев со дня ввода в эксплуатацию, но не более 18 месяцев со дня отгрузки потребителю;Односедельный;;Фланцевое;40;16;Чугун;18;По запросу;0;Под заказ
Клапан регулирующий односедельный угловой фланцевый 26ч945п DN 50 PN 1,6 Мпа У3 с ЭИМ, корпус чугун;Клапаны регулирующие;26ч945п;Жидкие и газообразные среды, нейтральные к материалам деталей, соприкасающихся со средой (вода, пар, воздух, природный газ, мазут и другие жидкие нефтепродукты, газообразные и жидкие углеводородные смеси, масляные фракции и другие среды);;От -15 до +150;От -15 до +50;У3;A;ОТК;12;70000;10000;12 месяцев со дня ввода в эксплуатацию, но не более 18 месяцев со дня отгрузки потребителю;Односедельный;;Фланцевое;50;16;Чугун;20;По запросу;0;Под заказ
Клапан регулирующий односедельный угловой фланцевый 26ч945п DN 65 PN 1,6 Мпа У3 с ЭИМ, корпус чугун;Клапаны регулирующие;26ч945п;Жидкие и газообразные среды, нейтральные к материалам деталей, соприкасающихся со средой (вода, пар, воздух, природный газ, мазут и другие жидкие нефтепродукты, газообразные и жидкие углеводородные смеси, масляные фракции и другие среды);;От -15 до +150;От -15 до +50;У3;A;ОТК;12;70000;10000;12 месяцев со дня ввода в эксплуатацию, но не более 18 месяцев со дня отгрузки потребителю;Односедельный;;Фланцевое;65;16;Чугун;33;По запросу;0;Под заказ
Клапан регулирующий односедельный угловой фланцевый 26ч945п DN 80 PN 1,6 Мпа У3 с ЭИМ, корпус чугун;Клапаны регулирующие;26ч945п;Жидкие и газообразные среды, нейтральные к материалам деталей, соприкасающихся со средой (вода, пар, воздух, природный газ, мазут и другие жидкие нефтепродукты, газообразные и жидкие углеводородные смеси, масляные фракции и другие среды);;От -15 до +150;От -15 до +50;У3;A;ОТК;12;70000;10000;12 месяцев со дня ввода в эксплуатацию, но не более 18 месяцев со дня отгрузки потребителю;Односедельный;;Фланцевое;80;16;Чугун;36;По запросу;0;Под заказ
Клапан регулирующий односедельный угловой фланцевый 26ч945п DN 100 PN 1,6 Мпа У3 с ЭИМ, корпус чугун;Клапаны регулирующие;26ч945п;Жидкие и газообразные среды, нейтральные к материалам деталей, соприкасающихся со средой (вода, пар, воздух, природный газ, мазут и другие жидкие нефтепродукты, газообразные и жидкие углеводородные смеси, масляные фракции и другие среды);;От -15 до +150;От -15 до +50;У3;A;ОТК;12;70000;10000;12 месяцев со дня ввода в эксплуатацию, но не более 18 месяцев со дня отгрузки потребителю;Односедельный;;Фланцевое;100;16;Чугун;46;По запросу;0;Под заказ
Клапан регулирующий односедельный угловой фланцевый 26ч945п DN 125 PN 1,6 Мпа У3 с ЭИМ, корпус чугун;Клапаны регулирующие;26ч945п;Жидкие и газообразные среды, нейтральные к материалам деталей, соприкасающихся со средой (вода, пар, воздух, природный газ, мазут и другие жидкие нефтепродукты, газообразные и жидкие углеводородные смеси, масляные фракции и другие среды);;От -15 до +150;От -15 до +50;У3;A;ОТК;12;70000;10000;12 месяцев со дня ввода в эксплуатацию, но не более 18 месяцев со дня отгрузки потребителю;Односедельный;;Фланцевое;125;16;Чугун;85;По запросу;0;Под заказ
Клапан регулирующий односедельный угловой фланцевый 26ч945п DN 150 PN 1,6 Мпа У3 с ЭИМ, корпус чугун;Клапаны регулирующие;26ч945п;Жидкие и газообразные среды, нейтральные к материалам деталей, соприкасающихся со средой (вода, пар, воздух, природный газ, мазут и другие жидкие нефтепродукты, газообразные и жидкие углеводородные смеси, масляные фракции и другие среды);;От -15 до +150;От -15 до +50;У3;A;ОТК;12;70000;10000;12 месяцев со дня ввода в эксплуатацию, но не более 18 месяцев со дня отгрузки потребителю;Односедельный;;Фланцевое;150;16;Чугун;102;По запросу;0;Под заказ
Клапан регулирующий односедельный угловой фланцевый 26ч945п DN 200 PN 1,6 Мпа У3 с ЭИМ, корпус чугун;Клапаны регулирующие;26ч945п;Жидкие и газообразные среды, нейтральные к материалам деталей, соприкасающихся со средой (вода, пар, воздух, природный газ, мазут и другие жидкие нефтепродукты, газообразные и жидкие углеводородные смеси, масляные фракции и другие среды);;От -15 до +150;От -15 до +50;У3;A;ОТК;12;70000;10000;12 месяцев со дня ввода в эксплуатацию, но не более 18 месяцев со дня отгрузки потребителю;Односедельный;;Фланцевое;200;16;Чугун;140;По запросу;0;Под заказ
Клапан регулирующий односедельный угловой фланцевый 26ч945п DN 250 PN 1,6 Мпа У3 с ЭИМ, корпус чугун;Клапаны регулирующие;26ч945п;Жидкие и газообразные среды, нейтральные к материалам деталей, соприкасающихся со средой (вода, пар, воздух, природный газ, мазут и другие жидкие нефтепродукты, газообразные и жидкие углеводородные смеси, масляные фракции и другие среды);;От -15 до +150;От -15 до +50;У3;A;ОТК;12;70000;10000;12 месяцев со дня ввода в эксплуатацию, но не более 18 месяцев со дня отгрузки потребителю;Односедельный;;Фланцевое;250;16;Чугун;200;По запросу;0;Под заказ
Клапан регулирующий односедельный угловой фланцевый 26ч945п DN 300 PN 1,6 Мпа У3 с ЭИМ, корпус чугун;Клапаны регулирующие;26ч945п;Жидкие и газообразные среды, нейтральные к материалам деталей, соприкасающихся со средой (вода, пар, воздух, природный газ, мазут и другие жидкие нефтепродукты, газообразные и жидкие углеводородные смеси, масляные фракции и другие среды);;От -15 до +150;От -15 до +50;У3;A;ОТК;12;70000;10000;12 месяцев со дня ввода в эксплуатацию, но не более 18 месяцев со дня отгрузки потребителю;Односедельный;;Фланцевое;300;16;Чугун;315;По запросу;0;Под заказ
Клапан регулирующий односедельный угловой фланцевый 26ч945нж DN 15 PN 1,6 Мпа У3 с ЭИМ, корпус чугун;Клапаны регулирующие;26ч945нж;Жидкие и газообразные среды, нейтральные к материалам деталей, соприкасающихся со средой (вода, пар, воздух, природный газ, мазут и другие жидкие нефтепродукты, газообразные и жидкие углеводородные смеси, масляные фракции и другие среды);;От -15 до +300;От -15 до +50;У3;C;ОТК;12;70000;10000;12 месяцев со дня ввода в эксплуатацию, но не более 18 месяцев со дня отгрузки потребителю;Односедельный;;Фланцевое;15;16;Чугун;10;По запросу;0;Под заказ
Клапан регулирующий односедельный угловой фланцевый 26ч945нж DN 20 PN 1,6 Мпа У3 с ЭИМ, корпус чугун;Клапаны регулирующие;26ч945нж;Жидкие и газообразные среды, нейтральные к материалам деталей, соприкасающихся со средой (вода, пар, воздух, природный газ, мазут и другие жидкие нефтепродукты, газообразные и жидкие углеводородные смеси, масляные фракции и другие среды);;От -15 до +300;От -15 до +50;У3;C;ОТК;12;70000;10000;12 месяцев со дня ввода в эксплуатацию, но не более 18 месяцев со дня отгрузки потребителю;Односедельный;;Фланцевое;20;16;Чугун;11;По запросу;0;Под заказ
Клапан регулирующий односедельный угловой фланцевый 26ч945нж DN 25 PN 1,6 Мпа У3 с ЭИМ, корпус чугун;Клапаны регулирующие;26ч945нж;Жидкие и газообразные среды, нейтральные к материалам деталей, соприкасающихся со средой (вода, пар, воздух, природный газ, мазут и другие жидкие нефтепродукты, газообразные и жидкие углеводородные смеси, масляные фракции и другие среды);;От -15 до +300;От -15 до +50;У3;C;ОТК;12;70000;10000;12 месяцев со дня ввода в эксплуатацию, но не более 18 месяцев со дня отгрузки потребителю;Односедельный;;Фланцевое;25;16;Чугун;12;По запросу;0;Под заказ
Клапан регулирующий односедельный угловой фланцевый 26ч945нж DN 32 PN 1,6 Мпа У3 с ЭИМ, корпус чугун;Клапаны регулирующие;26ч945нж;Жидкие и газообразные среды, нейтральные к материалам деталей, соприкасающихся со средой (вода, пар, воздух, природный газ, мазут и другие жидкие нефтепродукты, газообразные и жидкие углеводородные смеси, масляные фракции и другие среды);;От -15 до +300;От -15 до +50;У3;C;ОТК;12;70000;10000;12 месяцев со дня ввода в эксплуатацию, но не более 18 месяцев со дня отгрузки потребителю;Односедельный;;Фланцевое;32;16;Чугун;13;По запросу;0;Под заказ
Клапан регулирующий односедельный угловой фланцевый 26ч945нж DN 40 PN 1,6 Мпа У3 с ЭИМ, корпус чугун;Клапаны регулирующие;26ч945нж;Жидкие и газообразные среды, нейтральные к материалам деталей, соприкасающихся со средой (вода, пар, воздух, природный газ, мазут и другие жидкие нефтепродукты, газообразные и жидкие углеводородные смеси, масляные фракции и другие среды);;От -15 до +300;От -15 до +50;У3;C;ОТК;12;70000;10000;12 месяцев со дня ввода в эксплуатацию, но не более 18 месяцев со дня отгрузки потребителю;Односедельный;;Фланцевое;40;16;Чугун;18;По запросу;0;Под заказ
Клапан регулирующий односедельный угловой фланцевый 26ч945нж DN 50 PN 1,6 Мпа У3 с ЭИМ, корпус чугун;Клапаны регулирующие;26ч945нж;Жидкие и газообразные среды, нейтральные к материалам деталей, соприкасающихся со средой (вода, пар, воздух, природный газ, мазут и другие жидкие нефтепродукты, газообразные и жидкие углеводородные смеси, масляные фракции и другие среды);;От -15 до +300;От -15 до +50;У3;C;ОТК;12;70000;10000;12 месяцев со дня ввода в эксплуатацию, но не более 18 месяцев со дня отгрузки потребителю;Односедельный;;Фланцевое;50;16;Чугун;20;По запросу;0;Под заказ
Клапан регулирующий односедельный угловой фланцевый 26ч945нж DN 65 PN 1,6 Мпа У3 с ЭИМ, корпус чугун;Клапаны регулирующие;26ч945нж;Жидкие и газообразные среды, нейтральные к материалам деталей, соприкасающихся со средой (вода, пар, воздух, природный газ, мазут и другие жидкие нефтепродукты, газообразные и жидкие углеводородные смеси, масляные фракции и другие среды);;От -15 до +300;От -15 до +50;У3;C;ОТК;12;70000;10000;12 месяцев со дня ввода в эксплуатацию, но не более 18 месяцев со дня отгрузки потребителю;Односедельный;;Фланцевое;65;16;Чугун;33;По запросу;0;Под заказ
Клапан регулирующий односедельный угловой фланцевый 26ч945нж DN 80 PN 1,6 Мпа У3 с ЭИМ, корпус чугун;Клапаны регулирующие;26ч945нж;Жидкие и газообразные среды, нейтральные к материалам деталей, соприкасающихся со средой (вода, пар, воздух, природный газ, мазут и другие жидкие нефтепродукты, газообразные и жидкие углеводородные смеси, масляные фракции и другие среды);;От -15 до +300;От -15 до +50;У3;C;ОТК;12;70000;10000;12 месяцев со дня ввода в эксплуатацию, но не более 18 месяцев со дня отгрузки потребителю;Односедельный;;Фланцевое;80;16;Чугун;36;По запросу;0;Под заказ
Клапан регулирующий односедельный угловой фланцевый 26ч945нж DN 100 PN 1,6 Мпа У3 с ЭИМ, корпус чугун;Клапаны регулирующие;26ч945нж;Жидкие и газообразные среды, нейтральные к материалам деталей, соприкасающихся со средой (вода, пар, воздух, природный газ, мазут и другие жидкие нефтепродукты, газообразные и жидкие углеводородные смеси, масляные фракции и другие среды);;От -15 до +300;От -15 до +50;У3;C;ОТК;12;70000;10000;12 месяцев со дня ввода в эксплуатацию, но не более 18 месяцев со дня отгрузки потребителю;Односедельный;;Фланцевое;100;16;Чугун;46;По запросу;0;Под заказ
Клапан регулирующий односедельный угловой фланцевый 26ч945нж DN 125 PN 1,6 Мпа У3 с ЭИМ, корпус чугун;Клапаны регулирующие;26ч945нж;Жидкие и газообразные среды, нейтральные к материалам деталей, соприкасающихся со средой (вода, пар, воздух, природный газ, мазут и другие жидкие нефтепродукты, газообразные и жидкие углеводородные смеси, масляные фракции и другие среды);;От -15 до +300;От -15 до +50;У3;C;ОТК;12;70000;10000;12 месяцев со дня ввода в эксплуатацию, но не более 18 месяцев со дня отгрузки потребителю;Односедельный;;Фланцевое;125;16;Чугун;85;По запросу;0;Под заказ
Клапан регулирующий односедельный угловой фланцевый 26ч945нж DN 150 PN 1,6 Мпа У3 с ЭИМ, корпус чугун;Клапаны регулирующие;26ч945нж;Жидкие и газообразные среды, нейтральные к материалам деталей, соприкасающихся со средой (вода, пар, воздух, природный газ, мазут и другие жидкие нефтепродукты, газообразные и жидкие углеводородные смеси, масляные фракции и другие среды);;От -15 до +300;От -15 до +50;У3;C;ОТК;12;70000;10000;12 месяцев со дня ввода в эксплуатацию, но не более 18 месяцев со дня отгрузки потребителю;Односедельный;;Фланцевое;150;16;Чугун;102;По запросу;0;Под заказ
Клапан регулирующий односедельный угловой фланцевый 26ч945нж DN 200 PN 1,6 Мпа У3 с ЭИМ, корпус чугун;Клапаны регулирующие;26ч945нж;Жидкие и газообразные среды, нейтральные к материалам деталей, соприкасающихся со средой (вода, пар, воздух, природный газ, мазут и другие жидкие нефтепродукты, газообразные и жидкие углеводородные смеси, масляные фракции и другие среды);;От -15 до +300;От -15 до +50;У3;C;ОТК;12;70000;10000;12 месяцев со дня ввода в эксплуатацию, но не более 18 месяцев со дня отгрузки потребителю;Односедельный;;Фланцевое;200;16;Чугун;140;По запросу;0;Под заказ
Клапан регулирующий односедельный угловой фланцевый 26ч945нж DN 250 PN 1,6 Мпа У3 с ЭИМ, корпус чугун;Клапаны регулирующие;26ч945нж;Жидкие и газообразные среды, нейтральные к материалам деталей, соприкасающихся со средой (вода, пар, воздух, природный газ, мазут и другие жидкие нефтепродукты, газообразные и жидкие углеводородные смеси, масляные фракции и другие среды);;От -15 до +300;От -15 до +50;У3;C;ОТК;12;70000;10000;12 месяцев со дня ввода в эксплуатацию, но не более 18 месяцев со дня отгрузки потребителю;Односедельный;;Фланцевое;250;16;Чугун;200;По запросу;0;Под заказ
Клапан регулирующий односедельный угловой фланцевый 26ч945нж DN 300 PN 1,6 Мпа У3 с ЭИМ, корпус чугун;Клапаны регулирующие;26ч945нж;Жидкие и газообразные среды, нейтральные к материалам деталей, соприкасающихся со средой (вода, пар, воздух, природный газ, мазут и другие жидкие нефтепродукты, газообразные и жидкие углеводородные смеси, масляные фракции и другие среды);;От -15 до +300;От -15 до +50;У3;C;ОТК;12;70000;10000;12 месяцев со дня ввода в эксплуатацию, но не более 18 месяцев со дня отгрузки потребителю;Односедельный;;Фланцевое;300;16;Чугун;315;По запросу;0;Под заказ
