Наименование;Раздел;Таблица фигур;"Пределы давления
настройки, Рн, кгс/см2 (№ пружины)";Рабочая среда;Температура рабочей среды, °С;Температура окружающего воздуха, °С;Климатическое исполнение;Класс герметичности;Диаметр седла dc, мм;Площадь сечения седла Fc, мм2;Коэффициент расхода, α1, газ;Коэффициент расхода, α2, жидость;Приемка;Назначенный срок службы, лет;Назначенный ресурс, циклов;Наработка на отказ, циклов;Гарантия;Герметизация подвижного соединения;Тип присоединения;Дублер;Диаметр DN, мм;Давление PN, кгс/см²;Материал корпуса;Масса, кг, не более;Цена закупки;Цена без НДС;Срок изготовления;;;;;;
Клапан предохранительный пружинный сальниковый фланцевый с приспособлением для принудительного открытия СППК4Р 25-16 17с6нж DN 25 (исп. F) / 40 (исп. В) PN 1,6 (вход) / 0,6 (выход) МПа У1, пружина № ?, Рн=? кгс/см², корпус ст. 20Л, класс герметичности «В» по ГОСТ 9544-2015;Клапаны предохранительные;17с6нж;"4…8 (8); 8…16 (1)";Вода, воздух, пар, аммиак, нефть, жидкие углеводороды и нефтепродукты, масляные фракции и другие, среды, в которых скорость коррозии материала корпуса не превышает 0,2мм в год;От -40 до +425;От -40 до +45;У1;В;16;201;0,6;0,1;ОТК;15;750;180;12 месяцев со дня ввода в эксплуатацию, но не более 18 месяцев со дня отгрузки потребителю;Сальниковое;Фланцевое;С приспособлением для принудительного открытия;25/40;16/6;Углеродистая сталь;18;По запросу;67130;20 рабочих дней;;;;;;
Клапан предохранительный пружинный сальниковый фланцевый с приспособлением для принудительного открытия СППК4Р 50-16 17с6нж DN 50 (исп. В) / 80 (исп. В) PN 1,6 (вход) / 0,6 (выход) МПа У1, пружина № ?, Рн=? кгс/см², корпус ст. 20Л, класс герметичности «В» по ГОСТ 9544-2015;Клапаны предохранительные;17с6нж;"0,5…1,2 (10); 1,2…2,5 (11); 2,5…4 (12); 4…8 (13); 8…16 (14)";Вода, воздух, пар, аммиак, нефть, жидкие углеводороды и нефтепродукты, масляные фракции и другие, среды, в которых скорость коррозии материала корпуса не превышает 0,2мм в год;От -40 до +425;От -40 до +45;У1;В;33;855;0,8;0,4;ОТК;15;750;180;12 месяцев со дня ввода в эксплуатацию, но не более 18 месяцев со дня отгрузки потребителю;Сальниковое;Фланцевое;С приспособлением для принудительного открытия;50/80;16/6;Углеродистая сталь;30;По запросу;71380;20 рабочих дней;;;;;;
Клапан предохранительный пружинный сальниковый фланцевый с приспособлением для принудительного открытия СППК4Р 80-16 17с6нж DN 80 (исп. В) / 100 (исп. В) PN 1,6 (вход) / 0,6 (выход) МПа У1, пружина № ?, Рн=? кгс/см², корпус ст. 20Л, класс герметичности «В» по ГОСТ 9544-2015;Клапаны предохранительные;17с6нж;"0,5…1,2 (30); 1,2…3 (31); 3…5 (32); 5…8 (33); 8…16 (34)";Вода, воздух, пар, аммиак, нефть, жидкие углеводороды и нефтепродукты, масляные фракции и другие, среды, в которых скорость коррозии материала корпуса не превышает 0,2мм в год;От -40 до +425;От -40 до +45;У1;В;40;1256;0,8;0,5;ОТК;15;750;180;12 месяцев со дня ввода в эксплуатацию, но не более 18 месяцев со дня отгрузки потребителю;Сальниковое;Фланцевое;С приспособлением для принудительного открытия;80/100;16/6;Углеродистая сталь;42;По запросу;76960;20 рабочих дней;;;;;;
Клапан предохранительный пружинный сальниковый фланцевый с приспособлением для принудительного открытия СППК5Р 100-16 17с6нж DN 100 (исп. В) / 150 (исп. В) PN 1,6 (вход) / 1,6 (выход) МПа У1, пружина № ?, Рн=? кгс/см², корпус ст. 20Л, класс герметичности «В» по ГОСТ 9544-2015;Клапаны предохранительные;17с6нж;"0,5…1 (50); 0,8…1,6 (51); 1,5…3 (52); 2,5…4,5 (53); 4,5…8,5 (54); 8…16 (55)";Вода, воздух, пар, аммиак, нефть, жидкие углеводороды и нефтепродукты, масляные фракции и другие, среды, в которых скорость коррозии материала корпуса не превышает 0,2мм в год;От -40 до +425;От -40 до +45;У1;В;50;1963;0,8;0,5;ОТК;15;750;180;12 месяцев со дня ввода в эксплуатацию, но не более 18 месяцев со дня отгрузки потребителю;Сальниковое;Фланцевое;С приспособлением для принудительного открытия;100/150;16/16;Углеродистая сталь;62;По запросу;129370;20 рабочих дней;;;;;;
Клапан предохранительный пружинный сальниковый фланцевый с приспособлением для принудительного открытия СППК4Р 150-16 17с6нж DN 150 (исп. В) / 200 (исп. В) PN 1,6 (вход) / 0,6 (выход) МПа У1, пружина № ?, Рн=? кгс/см², корпус ст. 20Л, класс герметичности «В» по ГОСТ 9544-2015;Клапаны предохранительные;17с6нж;"0,5…1,5 (70); 1,5…3 (71); 3…5 (72); 5…8 (73); 8…12 (74); 12…16 (75)";Вода, воздух, пар, аммиак, нефть, жидкие углеводороды и нефтепродукты, масляные фракции и другие, среды, в которых скорость коррозии материала корпуса не превышает 0,2мм в год;От -40 до +425;От -40 до +45;У1;В;75;4417;0,8;0,56;ОТК;15;750;180;12 месяцев со дня ввода в эксплуатацию, но не более 18 месяцев со дня отгрузки потребителю;Сальниковое;Фланцевое;С приспособлением для принудительного открытия;150/200;16/6;Углеродистая сталь;94;По запросу;189370;25 рабочих дней;;;;;;
Клапан предохранительный пружинный сальниковый фланцевый с приспособлением для принудительного открытия СППК4Р 200-16 17с17нж DN 200 (исп. В) / 300 (исп. В) PN 1,6 (вход) / 0,6 (выход) МПа У1, пружина № ?, Рн=? кгс/см², корпус ст. 20Л, класс герметичности «В» по ГОСТ 9544-2015;Клапаны предохранительные;17с17нж;"0,5…1 (72); 1…2 (73); 2…3 (74); 3…5 (75); 5…7 (76); 7…9 (77); 9…12 (78); 12…16 (79)";Вода, воздух, пар, аммиак, нефть, жидкие углеводороды и нефтепродукты, масляные фракции и другие, среды, в которых скорость коррозии материала корпуса не превышает 0,2мм в год;От -40 до +425;От -40 до +45;У1;В;142;15836;0,7;0,6;ОТК;15;750;180;12 месяцев со дня ввода в эксплуатацию, но не более 18 месяцев со дня отгрузки потребителю;Сальниковое;Фланцевое;С приспособлением для принудительного открытия;200/300;16/6;Углеродистая сталь;180;По запросу;319210;25 рабочих дней;;;;;;
Клапан предохранительный пружинный сальниковый фланцевый с приспособлением для принудительного открытия СППК4Р 25-40 17с25нж DN 25 (исп. F) / 40 (исп. В) PN 4,0 (вход) / 1,6 (выход) МПа У1, пружина № ?, Рн=? кгс/см², корпус ст. 20Л, класс герметичности «В» по ГОСТ 9544-2015;Клапаны предохранительные;17с25нж;"4…8 (8); 8…16 (1); 16…25 (2); 25…40 (3)";Вода, воздух, пар, аммиак, нефть, жидкие углеводороды и нефтепродукты, масляные фракции и другие, среды, в которых скорость коррозии материала корпуса не превышает 0,2мм в год;От -40 до +425;От -40 до +45;У1;В;18;254;0,6;0,15;ОТК;15;750;180;12 месяцев со дня ввода в эксплуатацию, но не более 18 месяцев со дня отгрузки потребителю;Сальниковое;Фланцевое;С приспособлением для принудительного открытия;25/40;40/16;Углеродистая сталь;24;По запросу;67130;20 рабочих дней;;;;;;
Клапан предохранительный пружинный сальниковый фланцевый с приспособлением для принудительного открытия СППК4Р 50-40 17с21нж DN 50 (исп. F) / 80 (исп. В) PN 4,0 (вход) / 1,6 (выход) МПа У1, пружина № ?, Рн=? кгс/см², корпус ст. 20Л, класс герметичности «В» по ГОСТ 9544-2015;Клапаны предохранительные;17с21нж;"0,5…1,2 (10); 1,2…2,5 (11); 2,5…4 (12); 4…8 (13); 8…20 (14); 20…30 (15); 30…40 (16)";Вода, воздух, пар, аммиак, нефть, жидкие углеводороды и нефтепродукты, масляные фракции и другие, среды, в которых скорость коррозии материала корпуса не превышает 0,2мм в год;От -40 до +425;От -40 до +45;У1;В;33;855;0,8;0,4;ОТК;15;750;180;12 месяцев со дня ввода в эксплуатацию, но не более 18 месяцев со дня отгрузки потребителю;Сальниковое;Фланцевое;С приспособлением для принудительного открытия;50/80;40/16;Углеродистая сталь;31;По запросу;76960;20 рабочих дней;;;;;;
Клапан предохранительный пружинный сальниковый фланцевый с приспособлением для принудительного открытия СППК4Р 80-40 17с21нж DN 80 (исп. F) / 100 (исп. В) PN 4,0 (вход) / 1,6 (выход) МПа У1, пружина № ?, Рн=? кгс/см², корпус ст. 20Л, класс герметичности «В» по ГОСТ 9544-2015;Клапаны предохранительные;17с21нж;"0,5…1,2 (30); 1,2…3 (31); 3…5 (32); 5…8 (33); 8…20 (35); 20…30 (36); 30…40 (37)";Вода, воздух, пар, аммиак, нефть, жидкие углеводороды и нефтепродукты, масляные фракции и другие, среды, в которых скорость коррозии материала корпуса не превышает 0,2мм в год;От -40 до +425;От -40 до +45;У1;В;40;1256;0,8;0,5;ОТК;15;750;180;12 месяцев со дня ввода в эксплуатацию, но не более 18 месяцев со дня отгрузки потребителю;Сальниковое;Фланцевое;С приспособлением для принудительного открытия;80/100;40/16;Углеродистая сталь;44;По запросу;86760;20 рабочих дней;;;;;;
Клапан предохранительный пружинный сальниковый фланцевый с приспособлением для принудительного открытия СППК5Р 100-40 17с21нж DN 100 (исп. F) / 150 (исп. В) PN 4,0 (вход) / 1,6 (выход) МПа У1, пружина № ?, Рн=? кгс/см², корпус ст. 20Л, класс герметичности «В» по ГОСТ 9544-2015;Клапаны предохранительные;17с21нж;"8…16 (55); 16…26 (56); 26…40 (57)";Вода, воздух, пар, аммиак, нефть, жидкие углеводороды и нефтепродукты, масляные фракции и другие, среды, в которых скорость коррозии материала корпуса не превышает 0,2мм в год;От -40 до +425;От -40 до +45;У1;В;50;1963;0,8;0,5;ОТК;15;750;180;12 месяцев со дня ввода в эксплуатацию, но не более 18 месяцев со дня отгрузки потребителю;Сальниковое;Фланцевое;С приспособлением для принудительного открытия;100/150;40/16;Углеродистая сталь;70;По запросу;149460;20 рабочих дней;;;;;;
Клапан предохранительный пружинный сальниковый фланцевый с приспособлением для принудительного открытия СППК4Р 150-40 17с21нж DN 150 (исп. F) / 200 (исп. В) PN 4,0 (вход) / 1,6 (выход) МПа У1, пружина № ?, Рн=? кгс/см², корпус ст. 20Л, класс герметичности «В» по ГОСТ 9544-2015;Клапаны предохранительные;17с21нж;"8…12 (74); 12…18 (75); 18…25 (76); 25…35 (77); 35…40 (78)";Вода, воздух, пар, аммиак, нефть, жидкие углеводороды и нефтепродукты, масляные фракции и другие, среды, в которых скорость коррозии материала корпуса не превышает 0,2мм в год;От -40 до +425;От -40 до +45;У1;В;75;4417;0,8;0,56;ОТК;15;750;180;12 месяцев со дня ввода в эксплуатацию, но не более 18 месяцев со дня отгрузки потребителю;Сальниковое;Фланцевое;С приспособлением для принудительного открытия;150/200;40/16;Углеродистая сталь;99;По запросу;202090;25 рабочих дней;;;;;;
Клапан предохранительный пружинный сальниковый фланцевый с приспособлением для принудительного открытия СППК5Р 50-63 17с16нж DN 50 (исп. ?) / 80 (исп. F) PN 6,3 (вход) / 4,0 (выход) МПа У1, пружина № ?, Рн=? кгс/см², корпус ст. 20Л, класс герметичности «В» по ГОСТ 9544-2015;Клапаны предохранительные;17с16нж;"20…34 (55); 30…54 (56); 50…63 (57)";Вода, воздух, пар, аммиак, нефть, жидкие углеводороды и нефтепродукты, масляные фракции и другие, среды, в которых скорость коррозии материала корпуса не превышает 0,2мм в год;От -40 до +425;От -40 до +45;У1;В;33;855;0,8;0,5;ОТК;15;750;180;12 месяцев со дня ввода в эксплуатацию, но не более 18 месяцев со дня отгрузки потребителю;Сальниковое;Фланцевое;С приспособлением для принудительного открытия;50/80;63/40;Углеродистая сталь;49;По запросу;190260;20 рабочих дней;;;;;;
Клапан предохранительный пружинный сальниковый фланцевый с приспособлением для принудительного открытия СППК4Р 80-63 17с89нж DN 80 (исп. ?) / 100 (исп. F) PN 6,3 (вход) / 4,0 (выход) МПа У1, пружина № ?, Рн=? кгс/см², корпус ст. 20Л, класс герметичности «В» по ГОСТ 9544-2015;Клапаны предохранительные;17с89нж;"25…35 (38); 35…44 (37); 44…50 (39); 50…63 (40)";Вода, воздух, пар, аммиак, нефть, жидкие углеводороды и нефтепродукты, масляные фракции и другие, среды, в которых скорость коррозии материала корпуса не превышает 0,2мм в год;От -40 до +425;От -40 до +45;У1;В;40;1256;0,8;0,3;ОТК;15;750;180;12 месяцев со дня ввода в эксплуатацию, но не более 18 месяцев со дня отгрузки потребителю;Сальниковое;Фланцевое;С приспособлением для принудительного открытия;80/100;63/40;Углеродистая сталь;68;По запросу;198970;20 рабочих дней;;;;;;
Клапан предохранительный пружинный сальниковый фланцевый с приспособлением для принудительного открытия СППК5Р 100-63 17с16нж DN 100 (исп. ?) / 150 (исп. F) PN 6,3 (вход) / 4,0 (выход) МПа У1, пружина № ?, Рн=? кгс/см², корпус ст. 20Л, класс герметичности «В» по ГОСТ 9544-2015;Клапаны предохранительные;17с16нж;"25…40 (77); 40…55 (80); 55…63 (81)";Вода, воздух, пар, аммиак, нефть, жидкие углеводороды и нефтепродукты, масляные фракции и другие, среды, в которых скорость коррозии материала корпуса не превышает 0,2мм в год;От -40 до +425;От -40 до +45;У1;В;63;3117;0,8;0,4;ОТК;15;750;180;12 месяцев со дня ввода в эксплуатацию, но не более 18 месяцев со дня отгрузки потребителю;Сальниковое;Фланцевое;С приспособлением для принудительного открытия;100/150;63/40;Углеродистая сталь;155;По запросу;508830;20 рабочих дней;;;;;;
Клапан предохранительный пружинный сальниковый фланцевый с приспособлением для принудительного открытия СППК4Р 25-160 17с9нж2 DN 25 (исп. J) / 40 (исп. F) PN 16,0 (вход) / 4,0 (выход) МПа У1, пружина № ?, Рн=? кгс/см², корпус ст. 20Л, класс герметичности «В» по ГОСТ 9544-2015;Клапаны предохранительные;17с9нж2;100…160 (9);Вода, воздух, пар, аммиак, нефть, жидкие углеводороды и нефтепродукты, масляные фракции и другие, среды, в которых скорость коррозии материала корпуса не превышает 0,2мм в год;От -40 до +425;От -40 до +45;У1;В;18;254;0,6;0,15;ОТК;15;750;180;12 месяцев со дня ввода в эксплуатацию, но не более 18 месяцев со дня отгрузки потребителю;Сальниковое;Фланцевое;С приспособлением для принудительного открытия;25/40;160/40;Углеродистая сталь;30;По запросу;143200;20 рабочих дней;;;;;;
Клапан предохранительный пружинный сальниковый фланцевый с приспособлением для принудительного открытия СППК5Р 50-160 17с8нж DN 50 (исп. J) / 80 (исп. F) PN 16,0 (вход) / 4,0 (выход) МПа У1, пружина № ?, Рн=? кгс/см², корпус ст. 20Л, класс герметичности «В» по ГОСТ 9544-2015;Клапаны предохранительные;17с8нж;"53…90 (58); 85…124 (59); 124…141 (60); 140…160 (61)";Вода, воздух, пар, аммиак, нефть, жидкие углеводороды и нефтепродукты, масляные фракции и другие, среды, в которых скорость коррозии материала корпуса не превышает 0,2мм в год;От -40 до +425;От -40 до +45;У1;В;33;855;0,8;0,5;ОТК;15;750;180;12 месяцев со дня ввода в эксплуатацию, но не более 18 месяцев со дня отгрузки потребителю;Сальниковое;Фланцевое;С приспособлением для принудительного открытия;50/80;160/40;Углеродистая сталь;54;По запросу;214810;20 рабочих дней;;;;;;
Клапан предохранительный пружинный сальниковый фланцевый с приспособлением для принудительного открытия СППК4Р 80-160 17с90нж DN 80 (исп. J) / 100 (исп. F) PN 16,0 (вход) / 4,0 (выход) МПа У1, пружина № ?, Рн=? кгс/см², корпус ст. 20Л, класс герметичности «В» по ГОСТ 9544-2015;Клапаны предохранительные;17с90нж;"50…63 (40); 63…100 (41); 100…135 (42); 135…160 (43)";Вода, воздух, пар, аммиак, нефть, жидкие углеводороды и нефтепродукты, масляные фракции и другие, среды, в которых скорость коррозии материала корпуса не превышает 0,2мм в год;От -40 до +425;От -40 до +45;У1;В;35;960;0,8;0,3;ОТК;15;750;180;12 месяцев со дня ввода в эксплуатацию, но не более 18 месяцев со дня отгрузки потребителю;Сальниковое;Фланцевое;С приспособлением для принудительного открытия;80/100;160/40;Углеродистая сталь;72;По запросу;252290;20 рабочих дней;;;;;;
Клапан предохранительный пружинный сальниковый фланцевый с приспособлением для принудительного открытия СППК5Р 100-160 17с8нж DN 100 (исп. J) / 150 (исп. F) PN 16,0 (вход) / 4,0 (выход) МПа У1, пружина № ?, Рн=? кгс/см², корпус ст. 20Л, класс герметичности «В» по ГОСТ 9544-2015;Клапаны предохранительные;17с8нж;"63…100 (80); 100…125 (81); 110…145 (82); 135…160 (83)";Вода, воздух, пар, аммиак, нефть, жидкие углеводороды и нефтепродукты, масляные фракции и другие, среды, в которых скорость коррозии материала корпуса не превышает 0,2мм в год;От -40 до +425;От -40 до +45;У1;В;48;1809;0,8;0,4;ОТК;15;750;180;12 месяцев со дня ввода в эксплуатацию, но не более 18 месяцев со дня отгрузки потребителю;Сальниковое;Фланцевое;С приспособлением для принудительного открытия;100/150;160/40;Углеродистая сталь;160;По запросу;557230;20 рабочих дней;;;;;;
Клапан предохранительный пружинный сальниковый штуцерно-торцевой с приспособлением для принудительного открытия СППКР 25-100 17с84нж DN 25/32 PN 10,0 (вход) / 4,0 (выход) МПа У1, пружина № ?, Рн=? кгс/см², корпус ст. 20Л, класс герметичности «В» по ГОСТ 9544-2015;Клапаны предохранительные;17с84нж;"4…8 (8); 8…16 (1); 16…25 (2); 25…50 (3); 50…80 (4); 80…100 (5)";Вода, воздух, пар, аммиак, нефть, жидкие углеводороды и нефтепродукты, масляные фракции и другие, среды, в которых скорость коррозии материала корпуса не превышает 0,2мм в год;От -40 до +425;От -40 до +45;У1;В;18;254;0,6;0,15;ОТК;15;750;180;12 месяцев со дня ввода в эксплуатацию, но не более 18 месяцев со дня отгрузки потребителю;Сальниковое;Штуцерно-торцевое ;С приспособлением для принудительного открытия;25/32;100/40;Углеродистая сталь;12;По запросу;124460;20 рабочих дней;;;;;;
Клапан предохранительный пружинный сальниковый фланцевый без приспособления для принудительного открытия СППК4 25-16 17с7нж DN 25 (исп. F) / 40 (исп. В) PN 1,6 (вход) / 0,6 (выход) МПа У1, пружина № ?, Рн=? кгс/см², корпус ст. 20Л, класс герметичности «В» по ГОСТ 9544-2015;Клапаны предохранительные;17с7нж;"4…8 (8); 8…16 (1)";Вода, воздух, пар, аммиак, нефть, жидкие углеводороды и нефтепродукты, масляные фракции и другие, среды, в которых скорость коррозии материала корпуса не превышает 0,2мм в год;От -40 до +425;От -40 до +45;У1;В;16;201;0,6;0,1;ОТК;15;750;180;12 месяцев со дня ввода в эксплуатацию, но не более 18 месяцев со дня отгрузки потребителю;Сальниковое;Фланцевое;Без приспособления для принудительного открытия;25/40;16/6;Углеродистая сталь;16;По запросу;61550;20 рабочих дней;;;;;;
Клапан предохранительный пружинный сальниковый фланцевый без приспособления для принудительного открытия СППК4 50-16 17с7нж DN 50 (исп. В) / 80 (исп. В) PN 1,6 (вход) / 0,6 (выход) МПа У1, пружина № ?, Рн=? кгс/см², корпус ст. 20Л, класс герметичности «В» по ГОСТ 9544-2015;Клапаны предохранительные;17с7нж;"0,5…1,2 (10); 1,2…2,5 (11); 2,5…4 (12); 4…8 (13); 8…16 (14)";Вода, воздух, пар, аммиак, нефть, жидкие углеводороды и нефтепродукты, масляные фракции и другие, среды, в которых скорость коррозии материала корпуса не превышает 0,2мм в год;От -40 до +425;От -40 до +45;У1;В;33;855;0,8;0,4;ОТК;15;750;180;12 месяцев со дня ввода в эксплуатацию, но не более 18 месяцев со дня отгрузки потребителю;Сальниковое;Фланцевое;Без приспособления для принудительного открытия;50/80;16/6;Углеродистая сталь;27;По запросу;66670;20 рабочих дней;;;;;;
Клапан предохранительный пружинный сальниковый фланцевый без приспособления для принудительного открытия СППК4 80-16 17с7нж DN 80 (исп. В) / 100 (исп. В) PN 1,6 (вход) / 0,6 (выход) МПа У1, пружина № ?, Рн=? кгс/см², корпус ст. 20Л, класс герметичности «В» по ГОСТ 9544-2015;Клапаны предохранительные;17с7нж;"0,5…1,2 (30); 1,2…3 (31); 3…5 (32); 5…8 (33); 8…16 (34)";Вода, воздух, пар, аммиак, нефть, жидкие углеводороды и нефтепродукты, масляные фракции и другие, среды, в которых скорость коррозии материала корпуса не превышает 0,2мм в год;От -40 до +425;От -40 до +45;У1;В;40;1256;0,8;0,5;ОТК;15;750;180;12 месяцев со дня ввода в эксплуатацию, но не более 18 месяцев со дня отгрузки потребителю;Сальниковое;Фланцевое;Без приспособления для принудительного открытия;80/100;16/6;Углеродистая сталь;39;По запросу;71820;20 рабочих дней;;;;;;
Клапан предохранительный пружинный сальниковый фланцевый без приспособления для принудительного открытия СППК5 100-16 17с7нж DN 100 (исп. В) / 150 (исп. В) PN 1,6 (вход) / 1,6 (выход) МПа У1, пружина № ?, Рн=? кгс/см², корпус ст. 20Л, класс герметичности «В» по ГОСТ 9544-2015;Клапаны предохранительные;17с7нж;"0,5…1 (50); 0,8…1,6 (51); 1,5…3 (52); 2,5…4,5 (53); 4,5…8,5 (54); 8…16 (55)";Вода, воздух, пар, аммиак, нефть, жидкие углеводороды и нефтепродукты, масляные фракции и другие, среды, в которых скорость коррозии материала корпуса не превышает 0,2мм в год;От -40 до +425;От -40 до +45;У1;В;50;1963;0,8;0,5;ОТК;15;750;180;12 месяцев со дня ввода в эксплуатацию, но не более 18 месяцев со дня отгрузки потребителю;Сальниковое;Фланцевое;Без приспособления для принудительного открытия;100/150;16/16;Углеродистая сталь;58;По запросу;123790;20 рабочих дней;;;;;;
Клапан предохранительный пружинный сальниковый фланцевый без приспособления для принудительного открытия СППК4 150-16 17с7нж DN 150 (исп. В) / 200 (исп. В) PN 1,6 (вход) / 0,6 (выход) МПа У1, пружина № ?, Рн=? кгс/см², корпус ст. 20Л, класс герметичности «В» по ГОСТ 9544-2015;Клапаны предохранительные;17с7нж;"0,5…1,5 (70); 1,5…3 (71); 3…5 (72); 5…8 (73); 8…12 (74); 12…16 (75)";Вода, воздух, пар, аммиак, нефть, жидкие углеводороды и нефтепродукты, масляные фракции и другие, среды, в которых скорость коррозии материала корпуса не превышает 0,2мм в год;От -40 до +425;От -40 до +45;У1;В;75;4417;0,8;0,56;ОТК;15;750;180;12 месяцев со дня ввода в эксплуатацию, но не более 18 месяцев со дня отгрузки потребителю;Сальниковое;Фланцевое;Без приспособления для принудительного открытия;150/200;16/6;Углеродистая сталь;91;По запросу;183790;25 рабочих дней;;;;;;
Клапан предохранительный пружинный сальниковый фланцевый без приспособления для принудительного открытия СППК4 200-16 17с13нж DN 200 (исп. В) / 300 (исп. В) PN 1,6 (вход) / 0,6 (выход) МПа У1, пружина № ?, Рн=? кгс/см², корпус ст. 20Л, класс герметичности «В» по ГОСТ 9544-2015;Клапаны предохранительные;17с13нж;"0,5…1 (72); 1…2 (73); 2…3 (74); 3…5 (75); 5…7 (76); 7…9 (77); 9…12 (78); 12…16 (79)";Вода, воздух, пар, аммиак, нефть, жидкие углеводороды и нефтепродукты, масляные фракции и другие, среды, в которых скорость коррозии материала корпуса не превышает 0,2мм в год;От -40 до +425;От -40 до +45;У1;В;142;15836;0,7;0,6;ОТК;15;750;180;12 месяцев со дня ввода в эксплуатацию, но не более 18 месяцев со дня отгрузки потребителю;Сальниковое;Фланцевое;Без приспособления для принудительного открытия;200/300;16/6;Углеродистая сталь;176;По запросу;312740;25 рабочих дней;;;;;;
Клапан предохранительный пружинный сальниковый фланцевый без приспособления для принудительного открытия СППК4 25-40 17с14нж DN 25 (исп. F) / 40 (исп. В) PN 4,0 (вход) / 1,6 (выход) МПа У1, пружина № ?, Рн=? кгс/см², корпус ст. 20Л, класс герметичности «В» по ГОСТ 9544-2015;Клапаны предохранительные;17с14нж;"4…8 (8); 8…16 (1); 16…25 (2); 25…40 (3)";Вода, воздух, пар, аммиак, нефть, жидкие углеводороды и нефтепродукты, масляные фракции и другие, среды, в которых скорость коррозии материала корпуса не превышает 0,2мм в год;От -40 до +425;От -40 до +45;У1;В;18;254;0,6;0,15;ОТК;15;750;180;12 месяцев со дня ввода в эксплуатацию, но не более 18 месяцев со дня отгрузки потребителю;Сальниковое;Фланцевое;Без приспособления для принудительного открытия;25/40;40/16;Углеродистая сталь;21;По запросу;61550;20 рабочих дней;;;;;;
Клапан предохранительный пружинный сальниковый фланцевый без приспособления для принудительного открытия СППК4 50-40 17с23нж DN 50 (исп. F) / 80 (исп. В) PN 4,0 (вход) / 1,6 (выход) МПа У1, пружина № ?, Рн=? кгс/см², корпус ст. 20Л, класс герметичности «В» по ГОСТ 9544-2015;Клапаны предохранительные;17с23нж;"0,5…1,2 (10); 1,2…2,5 (11); 2,5…4 (12); 4…8 (13); 8…20 (14); 20…30 (15); 30…40 (16)";Вода, воздух, пар, аммиак, нефть, жидкие углеводороды и нефтепродукты, масляные фракции и другие, среды, в которых скорость коррозии материала корпуса не превышает 0,2мм в год;От -40 до +425;От -40 до +45;У1;В;33;855;0,8;0,4;ОТК;15;750;180;12 месяцев со дня ввода в эксплуатацию, но не более 18 месяцев со дня отгрузки потребителю;Сальниковое;Фланцевое;Без приспособления для принудительного открытия;50/80;40/16;Углеродистая сталь;29;По запросу;71820;20 рабочих дней;;;;;;
Клапан предохранительный пружинный сальниковый фланцевый без приспособления для принудительного открытия СППК4 80-40 17с23нж DN 80 (исп. F) / 100 (исп. В) PN 4,0 (вход) / 1,6 (выход) МПа У1, пружина № ?, Рн=? кгс/см², корпус ст. 20Л, класс герметичности «В» по ГОСТ 9544-2015;Клапаны предохранительные;17с23нж;"0,5…1,2 (30); 1,2…3 (31); 3…5 (32); 5…8 (33); 8…20 (35); 20…30 (36); 30…40 (37)";Вода, воздух, пар, аммиак, нефть, жидкие углеводороды и нефтепродукты, масляные фракции и другие, среды, в которых скорость коррозии материала корпуса не превышает 0,2мм в год;От -40 до +425;От -40 до +45;У1;В;40;1256;0,8;0,5;ОТК;15;750;180;12 месяцев со дня ввода в эксплуатацию, но не более 18 месяцев со дня отгрузки потребителю;Сальниковое;Фланцевое;Без приспособления для принудительного открытия;80/100;40/16;Углеродистая сталь;41;По запросу;81640;20 рабочих дней;;;;;;
Клапан предохранительный пружинный сальниковый фланцевый без приспособления для принудительного открытия СППК5 100-40 17с23нж DN 100 (исп. F) / 150 (исп. В) PN 4,0 (вход) / 1,6 (выход) МПа У1, пружина № ?, Рн=? кгс/см², корпус ст. 20Л, класс герметичности «В» по ГОСТ 9544-2015;Клапаны предохранительные;17с23нж;"8…16 (55); 16…26 (56); 26…40 (57)";Вода, воздух, пар, аммиак, нефть, жидкие углеводороды и нефтепродукты, масляные фракции и другие, среды, в которых скорость коррозии материала корпуса не превышает 0,2мм в год;От -40 до +425;От -40 до +45;У1;В;50;1963;0,8;0,5;ОТК;15;750;180;12 месяцев со дня ввода в эксплуатацию, но не более 18 месяцев со дня отгрузки потребителю;Сальниковое;Фланцевое;Без приспособления для принудительного открытия;100/150;40/16;Углеродистая сталь;65;По запросу;143420;20 рабочих дней;;;;;;
Клапан предохранительный пружинный сальниковый фланцевый без приспособления для принудительного открытия СППК4 150-40 17с23нж DN 150 (исп. F) / 200 (исп. В) PN 4,0 (вход) / 1,6 (выход) МПа У1, пружина № ?, Рн=? кгс/см², корпус ст. 20Л, класс герметичности «В» по ГОСТ 9544-2015;Клапаны предохранительные;17с23нж;"8…12 (74); 12…18 (75); 18…25 (76); 25…35 (77); 35…40 (78)";Вода, воздух, пар, аммиак, нефть, жидкие углеводороды и нефтепродукты, масляные фракции и другие, среды, в которых скорость коррозии материала корпуса не превышает 0,2мм в год;От -40 до +425;От -40 до +45;У1;В;75;4417;0,8;0,56;ОТК;15;750;180;12 месяцев со дня ввода в эксплуатацию, но не более 18 месяцев со дня отгрузки потребителю;Сальниковое;Фланцевое;Без приспособления для принудительного открытия;150/200;40/16;Углеродистая сталь;96;По запросу;196300;25 рабочих дней;;;;;;
Клапан предохранительный пружинный сальниковый фланцевый без приспособления для принудительного открытия СППК5 50-63 17с16нж1 DN 50 (исп. ?) / 80 (исп. F) PN 6,3 (вход) / 4,0 (выход) МПа У1, пружина № ?, Рн=? кгс/см², корпус ст. 20Л, класс герметичности «В» по ГОСТ 9544-2015;Клапаны предохранительные;17с16нж1;"20…34 (55); 30…54 (56); 50…63 (57)";Вода, воздух, пар, аммиак, нефть, жидкие углеводороды и нефтепродукты, масляные фракции и другие, среды, в которых скорость коррозии материала корпуса не превышает 0,2мм в год;От -40 до +425;От -40 до +45;У1;В;33;855;0,8;0,5;ОТК;15;750;180;12 месяцев со дня ввода в эксплуатацию, но не более 18 месяцев со дня отгрузки потребителю;Сальниковое;Фланцевое;Без приспособления для принудительного открытия;50/80;63/40;Углеродистая сталь;45;По запросу;177780;20 рабочих дней;;;;;;
Клапан предохранительный пружинный сальниковый фланцевый без приспособления для принудительного открытия СППК4 80-63 17с85нж DN 80 (исп. ?) / 100 (исп. F) PN 6,3 (вход) / 4,0 (выход) МПа У1, пружина № ?, Рн=? кгс/см², корпус ст. 20Л, класс герметичности «В» по ГОСТ 9544-2015;Клапаны предохранительные;17с85нж;"25…35 (38); 35…44 (37); 44…50 (39); 50…63 (40)";Вода, воздух, пар, аммиак, нефть, жидкие углеводороды и нефтепродукты, масляные фракции и другие, среды, в которых скорость коррозии материала корпуса не превышает 0,2мм в год;От -40 до +425;От -40 до +45;У1;В;40;1256;0,8;0,3;ОТК;15;750;180;12 месяцев со дня ввода в эксплуатацию, но не более 18 месяцев со дня отгрузки потребителю;Сальниковое;Фланцевое;Без приспособления для принудительного открытия;80/100;63/40;Углеродистая сталь;65;По запросу;187600;20 рабочих дней;;;;;;
Клапан предохранительный пружинный сальниковый фланцевый без приспособления для принудительного открытия СППК5 100-63 17с16нж DN 100 (исп. ?) / 150 (исп. F) PN 6,3 (вход) / 4,0 (выход) МПа У1, пружина № ?, Рн=? кгс/см², корпус ст. 20Л, класс герметичности «В» по ГОСТ 9544-2015;Клапаны предохранительные;17с16нж;"25…40 (77); 40…55 (80); 55…63 (81)";Вода, воздух, пар, аммиак, нефть, жидкие углеводороды и нефтепродукты, масляные фракции и другие, среды, в которых скорость коррозии материала корпуса не превышает 0,2мм в год;От -40 до +425;От -40 до +45;У1;В;63;3117;0,8;0,4;ОТК;15;750;180;12 месяцев со дня ввода в эксплуатацию, но не более 18 месяцев со дня отгрузки потребителю;Сальниковое;Фланцевое;Без приспособления для принудительного открытия;100/150;63/40;Углеродистая сталь;150;По запросу;495880;20 рабочих дней;;;;;;
Клапан предохранительный пружинный сальниковый фланцевый без приспособления для принудительного открытия СППК5 50-160 17с8нж1 DN 50 (исп. J) / 80 (исп. F) PN 16,0 (вход) / 4,0 (выход) МПа У1, пружина № ?, Рн=? кгс/см², корпус ст. 20Л, класс герметичности «В» по ГОСТ 9544-2015;Клапаны предохранительные;17с8нж1;"53…90 (58); 85…124 (59); 124…141 (60); 140…160 (61)";Вода, воздух, пар, аммиак, нефть, жидкие углеводороды и нефтепродукты, масляные фракции и другие, среды, в которых скорость коррозии материала корпуса не превышает 0,2мм в год;От -40 до +425;От -40 до +45;У1;В;33;855;0,8;0,5;ОТК;15;750;180;12 месяцев со дня ввода в эксплуатацию, но не более 18 месяцев со дня отгрузки потребителю;Сальниковое;Фланцевое;Без приспособления для принудительного открытия;50/80;160/40;Углеродистая сталь;50;По запросу;190480;20 рабочих дней;;;;;;
Клапан предохранительный пружинный сальниковый фланцевый без приспособления для принудительного открытия СППК4 80-160 17с80нж DN 80 (исп. J) / 100 (исп. F) PN 16,0 (вход) / 4,0 (выход) МПа У1, пружина № ?, Рн=? кгс/см², корпус ст. 20Л, класс герметичности «В» по ГОСТ 9544-2015;Клапаны предохранительные;17с80нж;"50…63 (40); 63…100 (41); 100…135 (42); 135…160 (43)";Вода, воздух, пар, аммиак, нефть, жидкие углеводороды и нефтепродукты, масляные фракции и другие, среды, в которых скорость коррозии материала корпуса не превышает 0,2мм в год;От -40 до +425;От -40 до +45;У1;В;35;960;0,8;0,3;ОТК;15;750;180;12 месяцев со дня ввода в эксплуатацию, но не более 18 месяцев со дня отгрузки потребителю;Сальниковое;Фланцевое;Без приспособления для принудительного открытия;80/100;160/40;Углеродистая сталь;69;По запросу;227980;20 рабочих дней;;;;;;
Клапан предохранительный пружинный сальниковый фланцевый без приспособления для принудительного открытия СППК5 100-160 17с8нж2 DN 100 (исп. J) / 150 (исп. F) PN 16,0 (вход) / 4,0 (выход) МПа У1, пружина № ?, Рн=? кгс/см², корпус ст. 20Л, класс герметичности «В» по ГОСТ 9544-2015;Клапаны предохранительные;17с8нж2;"63…100 (80); 100…125 (81); 110…145 (82); 135…160 (83)";Вода, воздух, пар, аммиак, нефть, жидкие углеводороды и нефтепродукты, масляные фракции и другие, среды, в которых скорость коррозии материала корпуса не превышает 0,2мм в год;От -40 до +425;От -40 до +45;У1;В;48;1808;0,8;0,4;ОТК;15;750;180;12 месяцев со дня ввода в эксплуатацию, но не более 18 месяцев со дня отгрузки потребителю;Сальниковое;Фланцевое;Без приспособления для принудительного открытия;100/150;160/40;Углеродистая сталь;155;По запросу;545870;20 рабочих дней;;;;;;
Клапан предохранительный пружинный сальниковый штуцерно-торцевой без приспособления для принудительного открытия СППК 25-100 17с81нж DN 25/40 PN 10,0 (вход) / 4,0 (выход) МПа У1, пружина № ?, Рн=? кгс/см², корпус ст. 20, класс герметичности «В» по ГОСТ 9544-2015;Клапаны предохранительные;17с81нж;"4…8 (8); 8…16 (1); 16…25 (2); 25…50 (3); 50…80 (4); 80…100 (5)";Вода, воздух, пар, аммиак, нефть, жидкие углеводороды и нефтепродукты, масляные фракции и другие, среды, в которых скорость коррозии материала корпуса не превышает 0,2мм в год;От -40 до +425;От -40 до +45;У1;В;18;254;0,6;0,15;ОТК;15;750;180;12 месяцев со дня ввода в эксплуатацию, но не более 18 месяцев со дня отгрузки потребителю;Сальниковое;Штуцерно-торцевое ;Без приспособления для принудительного открытия;25/40;100/40;Углеродистая сталь;9;По запросу;113300;20 рабочих дней;;;;;;
Клапан предохранительный пружинный сальниковый фланцевый с приспособлением для принудительного открытия СППК4Р 25-16 17лс17нж DN 25 (исп. F) / 40 (исп. В) PN 1,6 (вход) / 0,6 (выход) МПа ХЛ1, пружина № ?, Рн=? кгс/см², корпус ст. 20ГЛ, класс герметичности «В» по ГОСТ 9544-2015;Клапаны предохранительные;17лс17нж;"4…8 (8); 8…16 (1)";Вода, воздух, пар, аммиак, природный газ, жидкие углеводороды и нефтепродукты, масляные фракции и другие, среды, в которых скорость коррозии материала корпуса не превышает 0,2мм в год;От -60 до +425;От -60 до +45;ХЛ1;В;18;254;0,6;0,15;ОТК;15;750;180;12 месяцев со дня ввода в эксплуатацию, но не более 18 месяцев со дня отгрузки потребителю;Сальниковое;Фланцевое;С приспособлением для принудительного открытия;25/40;16/6;Хладостойкая сталь;18;По запросу;100810;20 рабочих дней;;;;;;
Клапан предохранительный пружинный сальниковый фланцевый с приспособлением для принудительного открытия СППК4Р 50-16 17лс17нж DN 50 (исп. В) / 80 (исп. В) PN 1,6 (вход) / 0,6 (выход) МПа ХЛ1, пружина № ?, Рн=? кгс/см², корпус ст. 20ГЛ, класс герметичности «В» по ГОСТ 9544-2015;Клапаны предохранительные;17лс17нж;"0,5…1,2 (10); 1,2…2,5 (11); 2,5…4 (12); 4…8 (13); 8…16 (14)";Вода, воздух, пар, аммиак, природный газ, жидкие углеводороды и нефтепродукты, масляные фракции и другие, среды, в которых скорость коррозии материала корпуса не превышает 0,2мм в год;От -60 до +425;От -60 до +45;ХЛ1;В;33;855;0,8;0,4;ОТК;15;750;180;12 месяцев со дня ввода в эксплуатацию, но не более 18 месяцев со дня отгрузки потребителю;Сальниковое;Фланцевое;С приспособлением для принудительного открытия;50/80;16/6;Хладостойкая сталь;30;По запросу;116640;20 рабочих дней;;;;;;
Клапан предохранительный пружинный сальниковый фланцевый с приспособлением для принудительного открытия СППК4Р 80-16лс 17лс17нж DN 80 (исп. В) / 100 (исп. В) PN 1,6 (вход) / 0,6 (выход) МПа ХЛ1, пружина № ?, Рн=? кгс/см², корпус ст. 20ГЛ, класс герметичности «В» по ГОСТ 9544-2015;Клапаны предохранительные;17лс17нж;"0,5…1,2 (30); 1,2…3 (31); 3…5 (32); 5…8 (33); 8…16 (34)";Вода, воздух, пар, аммиак, природный газ, жидкие углеводороды и нефтепродукты, масляные фракции и другие, среды, в которых скорость коррозии материала корпуса не превышает 0,2мм в год;От -60 до +425;От -60 до +45;ХЛ1;В;40;1256;0,8;0,5;ОТК;15;750;180;12 месяцев со дня ввода в эксплуатацию, но не более 18 месяцев со дня отгрузки потребителю;Сальниковое;Фланцевое;С приспособлением для принудительного открытия;80/100;16/6;Хладостойкая сталь;42;По запросу;153680;20 рабочих дней;;;;;;
Клапан предохранительный пружинный сальниковый фланцевый с приспособлением для принудительного открытия СППК5Р 100-16лс 17лс6нж DN 100 (исп. В) / 150 (исп. В) PN 1,6 (вход) / 1,6 (выход) МПа ХЛ1, пружина № ?, Рн=? кгс/см², корпус ст. 20ГЛ, класс герметичности «В» по ГОСТ 9544-2015;Клапаны предохранительные;17лс6нж;"0,5…1 (50); 0,8…1,6 (51); 1,5…3 (52); 2,5…4,5 (53); 4,5…8,5 (54); 8…16 (55)";Вода, воздух, пар, аммиак, природный газ, жидкие углеводороды и нефтепродукты, масляные фракции и другие, среды, в которых скорость коррозии материала корпуса не превышает 0,2мм в год;От -60 до +425;От -60 до +45;ХЛ1;В;50;1963;0,8;0,5;ОТК;15;750;180;12 месяцев со дня ввода в эксплуатацию, но не более 18 месяцев со дня отгрузки потребителю;Сальниковое;Фланцевое;С приспособлением для принудительного открытия;100/150;16/16;Хладостойкая сталь;62;По запросу;195400;20 рабочих дней;;;;;;
Клапан предохранительный пружинный сальниковый фланцевый с приспособлением для принудительного открытия СППК4Р 150-16лс 17лс6нж DN 150 (исп. В) / 200 (исп. В) PN 1,6 (вход) / 0,6 (выход) МПа ХЛ1, пружина № ?, Рн=? кгс/см², корпус ст. 20ГЛ, класс герметичности «В» по ГОСТ 9544-2015;Клапаны предохранительные;17лс6нж;"0,5…1,5 (70); 1,5…3 (71); 3…5 (72); 5…8 (73); 8…12 (74); 12…16 (75)";Вода, воздух, пар, аммиак, природный газ, жидкие углеводороды и нефтепродукты, масляные фракции и другие, среды, в которых скорость коррозии материала корпуса не превышает 0,2мм в год;От -60 до +425;От -60 до +45;ХЛ1;В;75;4417;0,8;0,56;ОТК;15;750;180;12 месяцев со дня ввода в эксплуатацию, но не более 18 месяцев со дня отгрузки потребителю;Сальниковое;Фланцевое;С приспособлением для принудительного открытия;150/200;16/6;Хладостойкая сталь;94;По запросу;345090;25 рабочих дней;;;;;;
Клапан предохранительный пружинный сальниковый фланцевый с приспособлением для принудительного открытия СППК4Р 200-16лс 17лс17нж DN 200 (исп. В) / 300 (исп. В) PN 1,6 (вход) / 0,6 (выход) МПа ХЛ1, пружина № ?, Рн=? кгс/см², корпус ст. 20ГЛ, класс герметичности «В» по ГОСТ 9544-2015;Клапаны предохранительные;17лс17нж;"0,5…1 (72); 1…2 (73); 2…3 (74); 3…5 (75); 5…7 (76); 7…9 (77); 9…12 (78); 12…16 (79)";Вода, воздух, пар, аммиак, природный газ, жидкие углеводороды и нефтепродукты, масляные фракции и другие, среды, в которых скорость коррозии материала корпуса не превышает 0,2мм в год;От -60 до +425;От -60 до +45;ХЛ1;В;142;15836;0,7;0,6;ОТК;15;750;180;12 месяцев со дня ввода в эксплуатацию, но не более 18 месяцев со дня отгрузки потребителю;Сальниковое;Фланцевое;С приспособлением для принудительного открытия;200/300;16/6;Хладостойкая сталь;180;По запросу;805070;25 рабочих дней;;;;;;
Клапан предохранительный пружинный сальниковый фланцевый с приспособлением для принудительного открытия СППК4Р 25-40лс 17лс25нж DN 25 (исп. F) / 40 (исп. В) PN 4,0 (вход) / 1,6 (выход) МПа ХЛ1, пружина № ?, Рн=? кгс/см², корпус ст. 20ГЛ, класс герметичности «В» по ГОСТ 9544-2015;Клапаны предохранительные;17лс25нж;"4…8 (8); 8…16 (1); 16…25 (2); 25…40 (3)";Вода, воздух, пар, аммиак, природный газ, жидкие углеводороды и нефтепродукты, масляные фракции и другие, среды, в которых скорость коррозии материала корпуса не превышает 0,2мм в год;От -60 до +425;От -60 до +45;ХЛ1;В;18;254;0,6;0,15;ОТК;15;750;180;12 месяцев со дня ввода в эксплуатацию, но не более 18 месяцев со дня отгрузки потребителю;Сальниковое;Фланцевое;С приспособлением для принудительного открытия;25/40;40/16;Хладостойкая сталь;24;По запросу;100810;20 рабочих дней;;;;;;
Клапан предохранительный пружинный сальниковый фланцевый с приспособлением для принудительного открытия СППК4Р 50-40лс 17лс25нж DN 50 (исп. F) / 80 (исп. В) PN 4,0 (вход) / 1,6 (выход) МПа ХЛ1, пружина № ?, Рн=? кгс/см², корпус ст. 20ГЛ, класс герметичности «В» по ГОСТ 9544-2015;Клапаны предохранительные;17лс25нж;"0,5…1,2 (10); 1,2…2,5 (11); 2,5…4 (12); 4…8 (13); 8…20 (14); 20…30 (15); 30…40 (16)";Вода, воздух, пар, аммиак, природный газ, жидкие углеводороды и нефтепродукты, масляные фракции и другие, среды, в которых скорость коррозии материала корпуса не превышает 0,2мм в год;От -60 до +425;От -60 до +45;ХЛ1;В;33;855;0,8;0,4;ОТК;15;750;180;12 месяцев со дня ввода в эксплуатацию, но не более 18 месяцев со дня отгрузки потребителю;Сальниковое;Фланцевое;С приспособлением для принудительного открытия;50/80;40/16;Хладостойкая сталь;31;По запросу;136070;20 рабочих дней;;;;;;
Клапан предохранительный пружинный сальниковый фланцевый с приспособлением для принудительного открытия СППК4Р 80-40лс 17лс25нж DN 80 (исп. F) / 100 (исп. В) PN 4,0 (вход) / 1,6 (выход) МПа ХЛ1, пружина № ?, Рн=? кгс/см², корпус ст. 20ГЛ, класс герметичности «В» по ГОСТ 9544-2015;Клапаны предохранительные;17лс25нж;"0,5…1,2 (30); 1,2…3 (31); 3…5 (32); 5…8 (33); 8…20 (35); 20…30 (36); 30…40 (37)";Вода, воздух, пар, аммиак, природный газ, жидкие углеводороды и нефтепродукты, масляные фракции и другие, среды, в которых скорость коррозии материала корпуса не превышает 0,2мм в год;От -60 до +425;От -60 до +45;ХЛ1;В;40;1256;0,8;0,5;ОТК;15;750;180;12 месяцев со дня ввода в эксплуатацию, но не более 18 месяцев со дня отгрузки потребителю;Сальниковое;Фланцевое;С приспособлением для принудительного открытия;80/100;40/16;Хладостойкая сталь;44;По запросу;174870;20 рабочих дней;;;;;;
Клапан предохранительный пружинный сальниковый фланцевый с приспособлением для принудительного открытия СППК5Р 100-40лс 17лс25нж DN 100 (исп. F) / 150 (исп. В) PN 4,0 (вход) / 1,6 (выход) МПа ХЛ1, пружина № ?, Рн=? кгс/см², корпус ст. 20ГЛ, класс герметичности «В» по ГОСТ 9544-2015;Клапаны предохранительные;17лс25нж;"8…16 (55); 16…26 (56); 26…40 (57)";Вода, воздух, пар, аммиак, природный газ, жидкие углеводороды и нефтепродукты, масляные фракции и другие, среды, в которых скорость коррозии материала корпуса не превышает 0,2мм в год;От -60 до +425;От -60 до +45;ХЛ1;В;50;1963;0,8;0,5;ОТК;15;750;180;12 месяцев со дня ввода в эксплуатацию, но не более 18 месяцев со дня отгрузки потребителю;Сальниковое;Фланцевое;С приспособлением для принудительного открытия;100/150;40/16;Хладостойкая сталь;70;По запросу;266340;20 рабочих дней;;;;;;
Клапан предохранительный пружинный сальниковый фланцевый с приспособлением для принудительного открытия СППК4Р 150-40лс 17лс21нж DN 150 (исп. F) / 200 (исп. В) PN 4,0 (вход) / 1,6 (выход) МПа ХЛ1, пружина № ?, Рн=? кгс/см², корпус ст. 20ГЛ, класс герметичности «В» по ГОСТ 9544-2015;Клапаны предохранительные;17лс21нж;"8…12 (74); 12…18 (75); 18…25 (76); 25…35 (77); 35…40 (78)";Вода, воздух, пар, аммиак, природный газ, жидкие углеводороды и нефтепродукты, масляные фракции и другие, среды, в которых скорость коррозии материала корпуса не превышает 0,2мм в год;От -60 до +425;От -60 до +45;ХЛ1;В;75;4417;0,8;0,56;ОТК;15;750;180;12 месяцев со дня ввода в эксплуатацию, но не более 18 месяцев со дня отгрузки потребителю;Сальниковое;Фланцевое;С приспособлением для принудительного открытия;150/200;40/16;Хладостойкая сталь;99;По запросу;459300;25 рабочих дней;;;;;;
Клапан предохранительный пружинный сальниковый фланцевый с приспособлением для принудительного открытия СППК5Р 50-63лс 17лс89нж DN 50 (исп. ?) / 80 (исп. F) PN 6,3 (вход) / 4,0 (выход) МПа ХЛ1, пружина № ?, Рн=? кгс/см², корпус ст. 20ГЛ, класс герметичности «В» по ГОСТ 9544-2015;Клапаны предохранительные;17лс89нж;"20…34 (55); 30…54 (56); 50…63 (57)";Вода, воздух, пар, аммиак, природный газ, жидкие углеводороды и нефтепродукты, масляные фракции и другие, среды, в которых скорость коррозии материала корпуса не превышает 0,2мм в год;От -60 до +425;От -60 до +45;ХЛ1;В;33;855;0,8;0,5;ОТК;15;750;180;12 месяцев со дня ввода в эксплуатацию, но не более 18 месяцев со дня отгрузки потребителю;Сальниковое;Фланцевое;С приспособлением для принудительного открытия;50/80;63/40;Хладостойкая сталь;49;По запросу;352220;20 рабочих дней;;;;;;
Клапан предохранительный пружинный сальниковый фланцевый с приспособлением для принудительного открытия СППК4Р 80-63лс 17лс89нж DN 80 (исп. ?) / 100 (исп. F) PN 6,3 (вход) / 4,0 (выход) МПа ХЛ1, пружина № ?, Рн=? кгс/см², корпус ст. 20ГЛ, класс герметичности «В» по ГОСТ 9544-2015;Клапаны предохранительные;17лс89нж;"25…35 (38); 35…44 (37); 44…50 (39); 50…63 (40)";Вода, воздух, пар, аммиак, природный газ, жидкие углеводороды и нефтепродукты, масляные фракции и другие, среды, в которых скорость коррозии материала корпуса не превышает 0,2мм в год;От -60 до +425;От -60 до +45;ХЛ1;В;40;1256;0,8;0,3;ОТК;15;750;180;12 месяцев со дня ввода в эксплуатацию, но не более 18 месяцев со дня отгрузки потребителю;Сальниковое;Фланцевое;С приспособлением для принудительного открытия;80/100;63/40;Хладостойкая сталь;68;По запросу;363610;20 рабочих дней;;;;;;
Клапан предохранительный пружинный сальниковый фланцевый с приспособлением для принудительного открытия СППК5Р 100-63лс 17лс16нж DN 100 (исп. ?) / 150 (исп. F) PN 6,3 (вход) / 4,0 (выход) МПа ХЛ1, пружина № ?, Рн=? кгс/см², корпус ст. 20ГЛ, класс герметичности «В» по ГОСТ 9544-2015;Клапаны предохранительные;17лс16нж;"25…40 (77); 40…55 (80); 55…63 (81)";Вода, воздух, пар, аммиак, природный газ, жидкие углеводороды и нефтепродукты, масляные фракции и другие, среды, в которых скорость коррозии материала корпуса не превышает 0,2мм в год;От -60 до +425;От -60 до +45;ХЛ1;В;63;3117;0,8;0,4;ОТК;15;750;180;12 месяцев со дня ввода в эксплуатацию, но не более 18 месяцев со дня отгрузки потребителю;Сальниковое;Фланцевое;С приспособлением для принудительного открытия;100/150;63/40;Хладостойкая сталь;155;По запросу;858390;20 рабочих дней;;;;;;
Клапан предохранительный пружинный сальниковый фланцевый с приспособлением для принудительного открытия СППК5Р 50-160лс 17лс90нж DN 50 (исп. J) / 80 (исп. F) PN 16,0 (вход) / 4,0 (выход) МПа ХЛ1, пружина № ?, Рн=? кгс/см², корпус ст. 20ГЛ, класс герметичности «В» по ГОСТ 9544-2015;Клапаны предохранительные;17лс90нж;"53…90 (58); 85…124 (59); 124…141 (60); 140…160 (61)";Вода, воздух, пар, аммиак, природный газ, жидкие углеводороды и нефтепродукты, масляные фракции и другие, среды, в которых скорость коррозии материала корпуса не превышает 0,2мм в год;От -60 до +425;От -60 до +45;ХЛ1;В;33;855;0,8;0,5;ОТК;15;750;180;12 месяцев со дня ввода в эксплуатацию, но не более 18 месяцев со дня отгрузки потребителю;Сальниковое;Фланцевое;С приспособлением для принудительного открытия;50/80;160/40;Хладостойкая сталь;54;По запросу;387920;20 рабочих дней;;;;;;
Клапан предохранительный пружинный сальниковый фланцевый с приспособлением для принудительного открытия СППК4Р 80-160лс 17лс90нж DN 80 (исп. J) / 100 (исп. F) PN 16,0 (вход) / 4,0 (выход) МПа ХЛ1, пружина № ?, Рн=? кгс/см², корпус ст. 20ГЛ, класс герметичности «В» по ГОСТ 9544-2015;Клапаны предохранительные;17лс90нж;"50…63 (40); 63…100 (41); 100…135 (42); 135…160 (43)";Вода, воздух, пар, аммиак, природный газ, жидкие углеводороды и нефтепродукты, масляные фракции и другие, среды, в которых скорость коррозии материала корпуса не превышает 0,2мм в год;От -60 до +425;От -60 до +45;ХЛ1;В;35;960;0,8;0,3;ОТК;15;750;180;12 месяцев со дня ввода в эксплуатацию, но не более 18 месяцев со дня отгрузки потребителю;Сальниковое;Фланцевое;С приспособлением для принудительного открытия;80/100;160/40;Хладостойкая сталь;72;По запросу;616130;20 рабочих дней;;;;;;
Клапан предохранительный пружинный сальниковый фланцевый с приспособлением для принудительного открытия СППК5Р 100-160лс 17лс8нж DN 100 (исп. J) / 150 (исп. F) PN 16,0 (вход) / 4,0 (выход) МПа ХЛ1, пружина № ?, Рн=? кгс/см², корпус ст. 20ГЛ, класс герметичности «В» по ГОСТ 9544-2015;Клапаны предохранительные;17лс8нж;"63…100 (80); 100…125 (81); 110…145 (82); 135…160 (83)";Вода, воздух, пар, аммиак, природный газ, жидкие углеводороды и нефтепродукты, масляные фракции и другие, среды, в которых скорость коррозии материала корпуса не превышает 0,2мм в год;От -60 до +425;От -60 до +45;ХЛ1;В;48;1809;0,8;0,4;ОТК;15;750;180;12 месяцев со дня ввода в эксплуатацию, но не более 18 месяцев со дня отгрузки потребителю;Сальниковое;Фланцевое;С приспособлением для принудительного открытия;100/150;160/40;Хладостойкая сталь;160;По запросу;1025050;20 рабочих дней;;;;;;
Клапан предохранительный пружинный сальниковый штуцерно-торцевой с приспособлением для принудительного открытия СППКР 25-100лс 17лс84нж DN 25/40 PN 10,0 (вход) / 4,0 (выход) МПа ХЛ1, пружина № ?, Рн=? кгс/см², корпус ст. 20ГЛ, класс герметичности «В» по ГОСТ 9544-2015;Клапаны предохранительные;17лс84нж;"4…8 (8); 8…16 (1); 16…25 (2); 25…50 (3); 50…80 (4); 80…100 (5)";Вода, воздух, пар, аммиак, природный газ, жидкие углеводороды и нефтепродукты, масляные фракции и другие, среды, в которых скорость коррозии материала корпуса не превышает 0,2мм в год;От -60 до +425;От -60 до +45;ХЛ1;В;18;254;0,6;0,15;ОТК;15;750;180;12 месяцев со дня ввода в эксплуатацию, но не более 18 месяцев со дня отгрузки потребителю;Сальниковое;Штуцерно-торцевое ;С приспособлением для принудительного открытия;25/40;100/40;Хладостойкая сталь;12;По запросу;188940;20 рабочих дней;;;;;;
Клапан предохранительный пружинный сальниковый фланцевый без приспособления для принудительного открытия СППК4 25-16 17лс13нж DN 25 (исп. F) / 40 (исп. В) PN 1,6 (вход) / 0,6 (выход) МПа ХЛ1, пружина № ?, Рн=? кгс/см², корпус ст. 20ГЛ, класс герметичности «В» по ГОСТ 9544-2015;Клапаны предохранительные;17лс13нж;"4…8 (8); 8…16 (1)";Вода, воздух, пар, аммиак, природный газ, жидкие углеводороды и нефтепродукты, масляные фракции и другие, среды, в которых скорость коррозии материала корпуса не превышает 0,2мм в год;От -60 до +425;От -60 до +45;ХЛ1;В;12;113;0,4;0,1;ОТК;15;750;180;12 месяцев со дня ввода в эксплуатацию, но не более 18 месяцев со дня отгрузки потребителю;Сальниковое;Фланцевое;Без приспособления для принудительного открытия;25/40;16/6;Хладостойкая сталь;16;По запросу;86540;20 рабочих дней;;;;;;
Клапан предохранительный пружинный сальниковый фланцевый без приспособления для принудительного открытия СППК4 50-16лс 17лс13нж DN 50 (исп. В) / 80 (исп. В) PN 1,6 (вход) / 0,6 (выход) МПа ХЛ1, пружина № ?, Рн=? кгс/см², корпус ст. 20ГЛ, класс герметичности «В» по ГОСТ 9544-2015;Клапаны предохранительные;17лс13нж;"0,5…1,2 (10); 1,2…2,5 (11); 2,5…4 (12); 4…8 (13); 8…16 (14)";Вода, воздух, пар, аммиак, природный газ, жидкие углеводороды и нефтепродукты, масляные фракции и другие, среды, в которых скорость коррозии материала корпуса не превышает 0,2мм в год;От -60 до +425;От -60 до +45;ХЛ1;В;33;855;0,8;0,4;ОТК;15;750;180;12 месяцев со дня ввода в эксплуатацию, но не более 18 месяцев со дня отгрузки потребителю;Сальниковое;Фланцевое;Без приспособления для принудительного открытия;50/80;16/6;Хладостойкая сталь;27;По запросу;101930;20 рабочих дней;;;;;;
Клапан предохранительный пружинный сальниковый фланцевый без приспособления для принудительного открытия СППК4 80-16лс 17лс13нж DN 80 (исп. В) / 100 (исп. В) PN 1,6 (вход) / 0,6 (выход) МПа ХЛ1, пружина № ?, Рн=? кгс/см², корпус ст. 20ГЛ, класс герметичности «В» по ГОСТ 9544-2015;Клапаны предохранительные;17лс13нж;"0,5…1,2 (30); 1,2…3 (31); 3…5 (32); 5…8 (33); 8…16 (34)";Вода, воздух, пар, аммиак, природный газ, жидкие углеводороды и нефтепродукты, масляные фракции и другие, среды, в которых скорость коррозии материала корпуса не превышает 0,2мм в год;От -60 до +425;От -60 до +45;ХЛ1;В;40;1256;0,8;0,5;ОТК;15;750;180;12 месяцев со дня ввода в эксплуатацию, но не более 18 месяцев со дня отгрузки потребителю;Сальниковое;Фланцевое;Без приспособления для принудительного открытия;80/100;16/6;Хладостойкая сталь;39;По запросу;138950;20 рабочих дней;;;;;;
Клапан предохранительный пружинный сальниковый фланцевый без приспособления для принудительного открытия СППК5 100-16лс 17лс7нж DN 100 (исп. В) / 150 (исп. В) PN 1,6 (вход) / 1,6 (выход) МПа ХЛ1, пружина № ?, Рн=? кгс/см², корпус ст. 20ГЛ, класс герметичности «В» по ГОСТ 9544-2015;Клапаны предохранительные;17лс7нж;"0,5…1 (50); 0,8…1,6 (51); 1,5…3 (52); 2,5…4,5 (53); 4,5…8,5 (54); 8…16 (55)";Вода, воздух, пар, аммиак, природный газ, жидкие углеводороды и нефтепродукты, масляные фракции и другие, среды, в которых скорость коррозии материала корпуса не превышает 0,2мм в год;От -60 до +425;От -60 до +45;ХЛ1;В;50;1963;0,8;0,5;ОТК;15;750;180;12 месяцев со дня ввода в эксплуатацию, но не более 18 месяцев со дня отгрузки потребителю;Сальниковое;Фланцевое;Без приспособления для принудительного открытия;100/150;16/16;Хладостойкая сталь;58;По запросу;178890;20 рабочих дней;;;;;;
Клапан предохранительный пружинный сальниковый фланцевый без приспособления для принудительного открытия СППК4 150-16лс 17лс7нж DN 150 (исп. В) / 200 (исп. В) PN 1,6 (вход) / 0,6 (выход) МПа ХЛ1, пружина № ?, Рн=? кгс/см², корпус ст. 20ГЛ, класс герметичности «В» по ГОСТ 9544-2015;Клапаны предохранительные;17лс7нж;"0,5…1,5 (70); 1,5…3 (71); 3…5 (72); 5…8 (73); 8…12 (74); 12…16 (75)";Вода, воздух, пар, аммиак, природный газ, жидкие углеводороды и нефтепродукты, масляные фракции и другие, среды, в которых скорость коррозии материала корпуса не превышает 0,2мм в год;От -60 до +425;От -60 до +45;ХЛ1;В;75;4417;0,8;0,56;ОТК;15;750;180;12 месяцев со дня ввода в эксплуатацию, но не более 18 месяцев со дня отгрузки потребителю;Сальниковое;Фланцевое;Без приспособления для принудительного открытия;150/200;16/6;Хладостойкая сталь;91;По запросу;328790;25 рабочих дней;;;;;;
Клапан предохранительный пружинный сальниковый фланцевый без приспособления для принудительного открытия СППК4 200-16лс 17лс13нж DN 200 (исп. В) / 300 (исп. В) PN 1,6 (вход) / 0,6 (выход) МПа ХЛ1, пружина № ?, Рн=? кгс/см², корпус ст. 20ГЛ, класс герметичности «В» по ГОСТ 9544-2015;Клапаны предохранительные;17лс13нж;"0,5…1 (72); 1…2 (73); 2…3 (74); 3…5 (75); 5…7 (76); 7…9 (77); 9…12 (78); 12…16 (79)";Вода, воздух, пар, аммиак, природный газ, жидкие углеводороды и нефтепродукты, масляные фракции и другие, среды, в которых скорость коррозии материала корпуса не превышает 0,2мм в год;От -60 до +425;От -60 до +45;ХЛ1;В;142;15836;0,7;0,6;ОТК;15;750;180;12 месяцев со дня ввода в эксплуатацию, но не более 18 месяцев со дня отгрузки потребителю;Сальниковое;Фланцевое;Без приспособления для принудительного открытия;200/300;16/6;Хладостойкая сталь;176;По запросу;789240;25 рабочих дней;;;;;;
Клапан предохранительный пружинный сальниковый фланцевый без приспособления для принудительного открытия СППК4 25-40лс 17лс14нж DN 25 (исп. F) / 40 (исп. В) PN 4,0 (вход) / 1,6 (выход) МПа ХЛ1, пружина № ?, Рн=? кгс/см², корпус ст. 20ГЛ, класс герметичности «В» по ГОСТ 9544-2015;Клапаны предохранительные;17лс14нж;"4…8 (8); 8…16 (1); 16…25 (2); 25…40 (3)";Вода, воздух, пар, аммиак, природный газ, жидкие углеводороды и нефтепродукты, масляные фракции и другие, среды, в которых скорость коррозии материала корпуса не превышает 0,2мм в год;От -60 до +425;От -60 до +45;ХЛ1;В;18;254;0,6;0,15;ОТК;15;750;180;12 месяцев со дня ввода в эксплуатацию, но не более 18 месяцев со дня отгрузки потребителю;Сальниковое;Фланцевое;Без приспособления для принудительного открытия;25/40;40/16;Хладостойкая сталь;21;По запросу;86540;20 рабочих дней;;;;;;
Клапан предохранительный пружинный сальниковый фланцевый без приспособления для принудительного открытия СППК4 50-40лс 17лс14нж DN 50 (исп. F) / 80 (исп. В) PN 4,0 (вход) / 1,6 (выход) МПа ХЛ1, пружина № ?, Рн=? кгс/см², корпус ст. 20ГЛ, класс герметичности «В» по ГОСТ 9544-2015;Клапаны предохранительные;17лс14нж;"0,5…1,2 (10); 1,2…2,5 (11); 2,5…4 (12); 4…8 (13); 8…20 (14); 20…30 (15); 30…40 (16)";Вода, воздух, пар, аммиак, природный газ, жидкие углеводороды и нефтепродукты, масляные фракции и другие, среды, в которых скорость коррозии материала корпуса не превышает 0,2мм в год;От -60 до +425;От -60 до +45;ХЛ1;В;33;855;0,8;0,4;ОТК;15;750;180;12 месяцев со дня ввода в эксплуатацию, но не более 18 месяцев со дня отгрузки потребителю;Сальниковое;Фланцевое;Без приспособления для принудительного открытия;50/80;40/16;Хладостойкая сталь;29;По запросу;120670;20 рабочих дней;;;;;;
Клапан предохранительный пружинный сальниковый фланцевый без приспособления для принудительного открытия СППК4 80-40лс 17лс14нж DN 80 (исп. F) / 100 (исп. В) PN 4,0 (вход) / 1,6 (выход) МПа ХЛ1, пружина № ?, Рн=? кгс/см², корпус ст. 20ГЛ, класс герметичности «В» по ГОСТ 9544-2015;Клапаны предохранительные;17лс14нж;"0,5…1,2 (30); 1,2…3 (31); 3…5 (32); 5…8 (33); 8…20 (35); 20…30 (36); 30…40 (37)";Вода, воздух, пар, аммиак, природный газ, жидкие углеводороды и нефтепродукты, масляные фракции и другие, среды, в которых скорость коррозии материала корпуса не превышает 0,2мм в год;От -60 до +425;От -60 до +45;ХЛ1;В;40;1256;0,8;0,5;ОТК;15;750;180;12 месяцев со дня ввода в эксплуатацию, но не более 18 месяцев со дня отгрузки потребителю;Сальниковое;Фланцевое;Без приспособления для принудительного открытия;80/100;40/16;Хладостойкая сталь;41;По запросу;160160;20 рабочих дней;;;;;;
Клапан предохранительный пружинный сальниковый фланцевый без приспособления для принудительного открытия СППК5 100-40лс 17лс23нж DN 100 (исп. F) / 150 (исп. В) PN 4,0 (вход) / 1,6 (выход) МПа ХЛ1, пружина № ?, Рн=? кгс/см², корпус ст. 20ГЛ, класс герметичности «В» по ГОСТ 9544-2015;Клапаны предохранительные;17лс23нж;"8…16 (55); 16…26 (56); 26…40 (57)";Вода, воздух, пар, аммиак, природный газ, жидкие углеводороды и нефтепродукты, масляные фракции и другие, среды, в которых скорость коррозии материала корпуса не превышает 0,2мм в год;От -60 до +425;От -60 до +45;ХЛ1;В;50;1963;0,8;0,5;ОТК;15;750;180;12 месяцев со дня ввода в эксплуатацию, но не более 18 месяцев со дня отгрузки потребителю;Сальниковое;Фланцевое;Без приспособления для принудительного открытия;100/150;40/16;Хладостойкая сталь;65;По запросу;250960;20 рабочих дней;;;;;;
Клапан предохранительный пружинный сальниковый фланцевый без приспособления для принудительного открытия СППК4 150-40лс 17лс23нж DN 150 (исп. F) / 200 (исп. В) PN 4,0 (вход) / 1,6 (выход) МПа ХЛ1, пружина № ?, Рн=? кгс/см², корпус ст. 20ГЛ, класс герметичности «В» по ГОСТ 9544-2015;Клапаны предохранительные;17лс23нж;"8…12 (74); 12…18 (75); 18…25 (76); 25…35 (77); 35…40 (78)";Вода, воздух, пар, аммиак, природный газ, жидкие углеводороды и нефтепродукты, масляные фракции и другие, среды, в которых скорость коррозии материала корпуса не превышает 0,2мм в год;От -60 до +425;От -60 до +45;ХЛ1;В;75;4417;0,8;0,56;ОТК;15;750;180;12 месяцев со дня ввода в эксплуатацию, но не более 18 месяцев со дня отгрузки потребителю;Сальниковое;Фланцевое;Без приспособления для принудительного открытия;150/200;40/16;Хладостойкая сталь;96;По запросу;443920;25 рабочих дней;;;;;;
Клапан предохранительный пружинный сальниковый фланцевый без приспособления для принудительного открытия СППК5 50-63лс 17лс85нж DN 50 (исп. ?) / 80 (исп. F) PN 6,3 (вход) / 4,0 (выход) МПа ХЛ1, пружина № ?, Рн=? кгс/см², корпус ст. 20ГЛ, класс герметичности «В» по ГОСТ 9544-2015;Клапаны предохранительные;17лс85нж;"20…34 (55); 30…54 (56); 50…63 (57)";Вода, воздух, пар, аммиак, природный газ, жидкие углеводороды и нефтепродукты, масляные фракции и другие, среды, в которых скорость коррозии материала корпуса не превышает 0,2мм в год;От -60 до +425;От -60 до +45;ХЛ1;В;33;855;0,8;0,5;ОТК;15;750;180;12 месяцев со дня ввода в эксплуатацию, но не более 18 месяцев со дня отгрузки потребителю;Сальниковое;Фланцевое;Без приспособления для принудительного открытия;50/80;63/40;Хладостойкая сталь;45;По запросу;336600;20 рабочих дней;;;;;;
Клапан предохранительный пружинный сальниковый фланцевый без приспособления для принудительного открытия СППК4 80-63лс 17лс85нж DN 80 (исп. ?) / 100 (исп. F) PN 6,3 (вход) / 4,0 (выход) МПа ХЛ1, пружина № ?, Рн=? кгс/см², корпус ст. 20ГЛ, класс герметичности «В» по ГОСТ 9544-2015;Клапаны предохранительные;17лс85нж;"25…35 (38); 35…44 (37); 44…50 (39); 50…63 (40)";Вода, воздух, пар, аммиак, природный газ, жидкие углеводороды и нефтепродукты, масляные фракции и другие, среды, в которых скорость коррозии материала корпуса не превышает 0,2мм в год;От -60 до +425;От -60 до +45;ХЛ1;В;40;1256;0,8;0,3;ОТК;15;750;180;12 месяцев со дня ввода в эксплуатацию, но не более 18 месяцев со дня отгрузки потребителю;Сальниковое;Фланцевое;Без приспособления для принудительного открытия;80/100;63/40;Хладостойкая сталь;65;По запросу;347760;20 рабочих дней;;;;;;
Клапан предохранительный пружинный сальниковый фланцевый без приспособления для принудительного открытия СППК5 100-63лс 17лс16нж2 DN 100 (исп. ?) / 150 (исп. F) PN 6,3 (вход) / 4,0 (выход) МПа ХЛ1, пружина № ?, Рн=? кгс/см², корпус ст. 20ГЛ, класс герметичности «В» по ГОСТ 9544-2015;Клапаны предохранительные;17лс16нж2;"25…40 (77); 40…55 (80); 55…63 (81)";Вода, воздух, пар, аммиак, природный газ, жидкие углеводороды и нефтепродукты, масляные фракции и другие, среды, в которых скорость коррозии материала корпуса не превышает 0,2мм в год;От -60 до +425;От -60 до +45;ХЛ1;В;63;3117;0,8;0,4;ОТК;15;750;180;12 месяцев со дня ввода в эксплуатацию, но не более 18 месяцев со дня отгрузки потребителю;Сальниковое;Фланцевое;Без приспособления для принудительного открытия;100/150;63/40;Хладостойкая сталь;150;По запросу;780780;20 рабочих дней;;;;;;
Клапан предохранительный пружинный сальниковый фланцевый без приспособления для принудительного открытия СППК5 50-160лс 17лс80нж DN 50 (исп. J) / 80 (исп. F) PN 16,0 (вход) / 4,0 (выход) МПа ХЛ1, пружина № ?, Рн=? кгс/см², корпус ст. 20ГЛ, класс герметичности «В» по ГОСТ 9544-2015;Клапаны предохранительные;17лс80нж;"53…90 (58); 85…124 (59); 124…141 (60); 140…160 (61)";Вода, воздух, пар, аммиак, природный газ, жидкие углеводороды и нефтепродукты, масляные фракции и другие, среды, в которых скорость коррозии материала корпуса не превышает 0,2мм в год;От -60 до +425;От -60 до +45;ХЛ1;В;33;855;0,8;0,5;ОТК;15;750;180;12 месяцев со дня ввода в эксплуатацию, но не более 18 месяцев со дня отгрузки потребителю;Сальниковое;Фланцевое;Без приспособления для принудительного открытия;50/80;160/40;Хладостойкая сталь;50;По запросу;371860;20 рабочих дней;;;;;;
Клапан предохранительный пружинный сальниковый фланцевый без приспособления для принудительного открытия СППК4 80-160лс 17лс80нж DN 80 (исп. J) / 100 (исп. F) PN 16,0 (вход) / 4,0 (выход) МПа ХЛ1, пружина № ?, Рн=? кгс/см², корпус ст. 20ГЛ, класс герметичности «В» по ГОСТ 9544-2015;Клапаны предохранительные;17лс80нж;"50…63 (40); 63…100 (41); 100…135 (42); 135…160 (43)";Вода, воздух, пар, аммиак, природный газ, жидкие углеводороды и нефтепродукты, масляные фракции и другие, среды, в которых скорость коррозии материала корпуса не превышает 0,2мм в год;От -60 до +425;От -60 до +45;ХЛ1;В;35;960;0,8;0,3;ОТК;15;750;180;12 месяцев со дня ввода в эксплуатацию, но не более 18 месяцев со дня отгрузки потребителю;Сальниковое;Фланцевое;Без приспособления для принудительного открытия;80/100;160/40;Хладостойкая сталь;69;По запросу;600740;20 рабочих дней;;;;;;
Клапан предохранительный пружинный сальниковый фланцевый без приспособления для принудительного открытия СППК5 100-160лс 17лс8нж2 DN 100 (исп. J) / 150 (исп. F) PN 16,0 (вход) / 4,0 (выход) МПа ХЛ1, пружина № ?, Рн=? кгс/см², корпус ст. 20ГЛ, класс герметичности «В» по ГОСТ 9544-2015;Клапаны предохранительные;17лс8нж2;"63…100 (80); 100…125 (81); 110…145 (82); 135…160 (83)";Вода, воздух, пар, аммиак, природный газ, жидкие углеводороды и нефтепродукты, масляные фракции и другие, среды, в которых скорость коррозии материала корпуса не превышает 0,2мм в год;От -60 до +425;От -60 до +45;ХЛ1;В;48;1809;0,8;0,4;ОТК;15;750;180;12 месяцев со дня ввода в эксплуатацию, но не более 18 месяцев со дня отгрузки потребителю;Сальниковое;Фланцевое;Без приспособления для принудительного открытия;100/150;160/40;Хладостойкая сталь;155;По запросу;1008960;20 рабочих дней;;;;;;
Клапан предохранительный пружинный сальниковый штуцерно-торцевой без приспособления для принудительного открытия СППК 25-100 17лс81нж DN 25/40 PN 10,0 (вход) / 4,0 (выход) МПа У1, пружина № ?, Рн=? кгс/см², корпус ст. 20, класс герметичности «В» по ГОСТ 9544-2015;Клапаны предохранительные;17лс81нж;"4…8 (8); 8…16 (1); 16…25 (2); 25…50 (3); 50…80 (4); 80…100 (5)";Вода, воздух, пар, аммиак, природный газ, жидкие углеводороды и нефтепродукты, масляные фракции и другие, среды, в которых скорость коррозии материала корпуса не превышает 0,2мм в год;От -60 до +425;От -60 до +45;ХЛ1;В;18;254;0,6;0,15;ОТК;15;750;180;12 месяцев со дня ввода в эксплуатацию, но не более 18 месяцев со дня отгрузки потребителю;Сальниковое;Штуцерно-торцевое ;Без приспособления для принудительного открытия;25/40;100/40;Хладостойкая сталь;9;По запросу;170870;20 рабочих дней;;;;;;
Клапан предохранительный пружинный сильфонный фланцевый  уравновешенного типа СППК4С 150-16лс 17лс7нж DN 150 (исп. В) / 200 (исп. В) PN 1,6 (вход) / 0,6 (выход) МПа ХЛ1, пружина № ?, Рн=? кгс/см², корпус ст. 20ГЛ, класс герметичности «В» по ГОСТ 9544-2015;Клапаны предохранительные;17лс7нж;"0,5…1,5 (70); 1,5…3 (71); 3…5 (72); 5…8 (73); 8…12 (74); 12…16 (75)";Вода, воздух, пар, аммиак, природный газ, жидкие углеводороды и нефтепродукты, масляные фракции и другие, среды, в которых скорость коррозии материала корпуса не превышает 0,2мм в год;От -60 до +425;От -60 до +45;ХЛ1;В;75;4417;0,8;0,56;ОТК;15;750;180;12 месяцев со дня ввода в эксплуатацию, но не более 18 месяцев со дня отгрузки потребителю;Сильфонное;Фланцевое;Уравновешенного типа;150/200;16/6;Хладостойкая сталь;91;По запросу;417800;25 рабочих дней;;;;;;
Клапан предохранительный пружинный сильфонный фланцевый  уравновешенного типа СППК4С 200-16лс 17лс13нж DN 200 (исп. В) / 300 (исп. В) PN 1,6 (вход) / 0,6 (выход) МПа ХЛ1, пружина № ?, Рн=? кгс/см², корпус ст. 20ГЛ, класс герметичности «В» по ГОСТ 9544-2015;Клапаны предохранительные;17лс13нж;"0,5…1 (72); 1…2 (73); 2…3 (74); 3…5 (75); 5…7 (76); 7…9 (77); 9…12 (78); 12…16 (79)";Вода, воздух, пар, аммиак, природный газ, жидкие углеводороды и нефтепродукты, масляные фракции и другие, среды, в которых скорость коррозии материала корпуса не превышает 0,2мм в год;От -60 до +425;От -60 до +45;ХЛ1;В;142;15836;0,7;0,6;ОТК;15;750;180;12 месяцев со дня ввода в эксплуатацию, но не более 18 месяцев со дня отгрузки потребителю;Сильфонное;Фланцевое;Уравновешенного типа;200/300;16/6;Хладостойкая сталь;180;По запросу;889850;25 рабочих дней;;;;;;
Клапан предохранительный пружинный сильфонный фланцевый  уравновешенного типа СППК4С 25-40лс 17лс14нж1 DN 25 (исп. F) / 40 (исп. В) PN 4,0 (вход) / 1,6 (выход) МПа ХЛ1, пружина № ?, Рн=? кгс/см², корпус ст. 20ГЛ, класс герметичности «В» по ГОСТ 9544-2015;Клапаны предохранительные;17лс14нж1;"6…8 (8); 8…16 (1); 16…25 (2); 25…40 (3) ";Вода, воздух, пар, аммиак, природный газ, жидкие углеводороды и нефтепродукты, масляные фракции и другие, среды, в которых скорость коррозии материала корпуса не превышает 0,2мм в год;От -60 до +425;От -60 до +45;ХЛ1;В;18;254;0,6;0,15;ОТК;15;750;180;12 месяцев со дня ввода в эксплуатацию, но не более 18 месяцев со дня отгрузки потребителю;Сильфонное;Фланцевое;Уравновешенного типа;25/40;40/16;Хладостойкая сталь;22;По запросу;117980;25 рабочих дней;;;;;;
Клапан предохранительный пружинный сильфонный фланцевый  уравновешенного типа СППК4С 50-40лс 17лс14нж1 DN 50 (исп. F) / 80 (исп. В) PN 4,0 (вход) / 1,6 (выход) МПа ХЛ1, пружина № ?, Рн=? кгс/см², корпус ст. 20ГЛ, класс герметичности «В» по ГОСТ 9544-2015;Клапаны предохранительные;17лс14нж1;"6…8 (13); 8…20 (14); 20…30 (15); 30…40 (16)";Вода, воздух, пар, аммиак, природный газ, жидкие углеводороды и нефтепродукты, масляные фракции и другие, среды, в которых скорость коррозии материала корпуса не превышает 0,2мм в год;От -60 до +425;От -60 до +45;ХЛ1;В;33;855;0,8;0,4;ОТК;15;750;180;12 месяцев со дня ввода в эксплуатацию, но не более 18 месяцев со дня отгрузки потребителю;Сильфонное;Фланцевое;Уравновешенного типа;50/80;40/16;Хладостойкая сталь;28;По запросу;170870;25 рабочих дней;;;;;;
Клапан предохранительный пружинный сильфонный фланцевый  уравновешенного типа СППК4С 80-40лс 17лс14нж DN 80 (исп. F) / 100 (исп. В) PN 4,0 (вход) / 1,6 (выход) МПа ХЛ1, пружина № ?, Рн=? кгс/см², корпус ст. 20ГЛ, класс герметичности «В» по ГОСТ 9544-2015;Клапаны предохранительные;17лс14нж;"6…8 (33); 8…20 (35); 20…30 (36); 30…40 (37)";Вода, воздух, пар, аммиак, природный газ, жидкие углеводороды и нефтепродукты, масляные фракции и другие, среды, в которых скорость коррозии материала корпуса не превышает 0,2мм в год;От -60 до +425;От -60 до +45;ХЛ1;В;40;1256;0,8;0,5;ОТК;15;750;180;12 месяцев со дня ввода в эксплуатацию, но не более 18 месяцев со дня отгрузки потребителю;Сильфонное;Фланцевое;Уравновешенного типа;80/100;40/16;Хладостойкая сталь;39;По запросу;209690;25 рабочих дней;;;;;;
Клапан предохранительный пружинный сильфонный фланцевый  уравновешенного типа СППК5С 100-40лс 17лс23нж DN 100 (исп. F) / 150 (исп. В) PN 4,0 (вход) / 1,6 (выход) МПа ХЛ1, пружина № ?, Рн=? кгс/см², корпус ст. 20ГЛ, класс герметичности «В» по ГОСТ 9544-2015;Клапаны предохранительные;17лс23нж;"8…16 (55); 16…26 (56); 26…40 (57)";Вода, воздух, пар, аммиак, природный газ, жидкие углеводороды и нефтепродукты, масляные фракции и другие, среды, в которых скорость коррозии материала корпуса не превышает 0,2мм в год;От -60 до +425;От -60 до +45;ХЛ1;В;50;1963;0,8;0,5;ОТК;15;750;180;12 месяцев со дня ввода в эксплуатацию, но не более 18 месяцев со дня отгрузки потребителю;Сильфонное;Фланцевое;Уравновешенного типа;100/150;40/16;Хладостойкая сталь;58;По запросу;309170;25 рабочих дней;;;;;;
Клапан предохранительный пружинный сильфонный фланцевый  уравновешенного типа СППК4С 150-40лс 17лс23нж DN 150 (исп. F) / 200 (исп. В) PN 4,0 (вход) / 1,6 (выход) МПа ХЛ1, пружина № ?, Рн=? кгс/см², корпус ст. 20ГЛ, класс герметичности «В» по ГОСТ 9544-2015;Клапаны предохранительные;17лс23нж;"8…12 (74); 12…18 (75); 18…25 (76); 25…35 (77); 35…40 (78)";Вода, воздух, пар, аммиак, природный газ, жидкие углеводороды и нефтепродукты, масляные фракции и другие, среды, в которых скорость коррозии материала корпуса не превышает 0,2мм в год;От -60 до +425;От -60 до +45;ХЛ1;В;75;4417;0,8;0,56;ОТК;15;750;180;12 месяцев со дня ввода в эксплуатацию, но не более 18 месяцев со дня отгрузки потребителю;Сильфонное;Фланцевое;Уравновешенного типа;150/200;40/16;Хладостойкая сталь;94;По запросу;532250;25 рабочих дней;;;;;;
Клапан предохранительный пружинный сильфонный фланцевый  уравновешенного типа СППК5С 50-63лс 17лс16нж DN 50 (исп. ?) / 80 (исп. F) PN 6,3 (вход) / 4,0 (выход) МПа ХЛ1, пружина № ?, Рн=? кгс/см², корпус ст. 20ГЛ, класс герметичности «В» по ГОСТ 9544-2015;Клапаны предохранительные;17лс16нж;"20…34 (55); 30…54 (56); 50…63 (57)";Вода, воздух, пар, аммиак, природный газ, жидкие углеводороды и нефтепродукты, масляные фракции и другие, среды, в которых скорость коррозии материала корпуса не превышает 0,2мм в год;От -60 до +425;От -60 до +45;ХЛ1;В;33;855;0,8;0,4;ОТК;15;750;180;12 месяцев со дня ввода в эксплуатацию, но не более 18 месяцев со дня отгрузки потребителю;Сильфонное;Фланцевое;Уравновешенного типа;50/80;63/40;Хладостойкая сталь;37;По запросу;397730;25 рабочих дней;;;;;;
Клапан предохранительный пружинный сильфонный фланцевый  уравновешенного типа СППК5С 100-63лс 17лс16нж3 DN 100 (исп. ?) / 150 (исп. F) PN 6,3 (вход) / 4,0 (выход) МПа ХЛ1, пружина № ?, Рн=? кгс/см², корпус ст. 20ГЛ, класс герметичности «В» по ГОСТ 9544-2015;Клапаны предохранительные;17лс16нж3;"25…40 (77); 40…55 (80); 55…63 (81)";Вода, воздух, пар, аммиак, природный газ, жидкие углеводороды и нефтепродукты, масляные фракции и другие, среды, в которых скорость коррозии материала корпуса не превышает 0,2мм в год;От -60 до +425;От -60 до +45;ХЛ1;В;63;3117;0,8;0,4;ОТК;15;750;180;12 месяцев со дня ввода в эксплуатацию, но не более 18 месяцев со дня отгрузки потребителю;Сильфонное;Фланцевое;Уравновешенного типа;100/150;63/40;Хладостойкая сталь;150;По запросу;931560;25 рабочих дней;;;;;;
Клапан предохранительный пружинный сильфонный фланцевый  уравновешенного типа СППК5С 50-160лс 17лс8нж DN 50 (исп. J) / 80 (исп. F) PN 16,0 (вход) / 4,0 (выход) МПа ХЛ1, пружина № ?, Рн=? кгс/см², корпус ст. 20ГЛ, класс герметичности «В» по ГОСТ 9544-2015;Клапаны предохранительные;17лс8нж;"53…90 (58); 85…124 (59); 124…141 (60); 140…160 (61)";Вода, воздух, пар, аммиак, природный газ, жидкие углеводороды и нефтепродукты, масляные фракции и другие, среды, в которых скорость коррозии материала корпуса не превышает 0,2мм в год;От -60 до +425;От -60 до +45;ХЛ1;В;33;855;0,8;0,4;ОТК;15;750;180;12 месяцев со дня ввода в эксплуатацию, но не более 18 месяцев со дня отгрузки потребителю;Сильфонное;Фланцевое;Уравновешенного типа;50/80;160/40;Хладостойкая сталь;42;По запросу;430300;25 рабочих дней;;;;;;
Клапан предохранительный пружинный сильфонный фланцевый  уравновешенного типа СППК5С 100-160лс 17лс8нж3 DN 100 (исп. J) / 150 (исп. F) PN 16,0 (вход) / 4,0 (выход) МПа ХЛ1, пружина № ?, Рн=? кгс/см², корпус ст. 20ГЛ, класс герметичности «В» по ГОСТ 9544-2015;Клапаны предохранительные;17лс8нж3;"63…100 (80); 100…125 (81); 110…145 (82); 135…160 (83)";Вода, воздух, пар, аммиак, природный газ, жидкие углеводороды и нефтепродукты, масляные фракции и другие, среды, в которых скорость коррозии материала корпуса не превышает 0,2мм в год;От -60 до +425;От -60 до +45;ХЛ1;В;48;1809;0,8;0,4;ОТК;15;750;180;12 месяцев со дня ввода в эксплуатацию, но не более 18 месяцев со дня отгрузки потребителю;Сильфонное;Фланцевое;Уравновешенного типа;100/150;160/40;Хладостойкая сталь;155;По запросу;1068090;25 рабочих дней;;;;;;
Клапан предохранительный пружинный сальниковый фланцевый с приспособлением для принудительного открытия СППК4Р 25-16 17нж17нж DN 25 (исп. F) / 40 (исп. В) PN 1,6 (вход) / 0,6 (выход) МПа УХЛ1, пружина № ?, Рн=? кгс/см², корпус ст. 12Х18Н9ТЛ, класс герметичности «В» по ГОСТ 9544-2015;Клапаны предохранительные;17нж17нж;"4…8 (8); 8…16 (1)";Вода, воздух, пар, аммиак, природный газ, жидкие углеводороды и нефтепродукты, масляные фракции, нефтехимические и другие, среды, в которых скорость коррозии материала корпуса не превышает 0,2мм в год;От -60 до +560;От -60 до +45;УХЛ1;В;;;;;ОТК;15;750;180;12 месяцев со дня ввода в эксплуатацию, но не более 18 месяцев со дня отгрузки потребителю;Сальниковое;Фланцевое;С приспособлением для принудительного открытия;25/40;16/6;Коррозионностойкая сталь;18;По запросу;144100;20 рабочих дней;;;;;;
Клапан предохранительный пружинный сальниковый фланцевый с приспособлением для принудительного открытия СППК4Р 50-16нж 17нж17нж DN 50 (исп. В) / 80 (исп. В) PN 1,6 (вход) / 0,6 (выход) МПа УХЛ1, пружина № ?, Рн=? кгс/см², корпус ст. 12Х18Н9ТЛ, класс герметичности «В» по ГОСТ 9544-2015;Клапаны предохранительные;17нж17нж;"0,5…1,2 (10); 1,2…2,5 (11); 2,5…4 (12); 4…8 (13); 8…16 (14)";Вода, воздух, пар, аммиак, природный газ, жидкие углеводороды и нефтепродукты, масляные фракции, нефтехимические и другие, среды, в которых скорость коррозии материала корпуса не превышает 0,2мм в год;От -60 до +560;От -60 до +45;УХЛ1;В;30;706;0,6;0,3;ОТК;15;750;180;12 месяцев со дня ввода в эксплуатацию, но не более 18 месяцев со дня отгрузки потребителю;Сальниковое;Фланцевое;С приспособлением для принудительного открытия;50/80;16/6;Коррозионностойкая сталь;30;По запросу;165070;20 рабочих дней;;;;;;
Клапан предохранительный пружинный сальниковый фланцевый с приспособлением для принудительного открытия СППК4Р 80-16нж 17нж17нж DN 80 (исп. В) / 100 (исп. В) PN 1,6 (вход) / 0,6 (выход) МПа УХЛ1, пружина № ?, Рн=? кгс/см², корпус ст. 12Х18Н9ТЛ, класс герметичности «В» по ГОСТ 9544-2015;Клапаны предохранительные;17нж17нж;"0,5…1,2 (30); 1,2…3 (31); 3…5 (32); 5…8 (33); 8…16 (34)";Вода, воздух, пар, аммиак, природный газ, жидкие углеводороды и нефтепродукты, масляные фракции, нефтехимические и другие, среды, в которых скорость коррозии материала корпуса не превышает 0,2мм в год;От -60 до +560;От -60 до +45;УХЛ1;В;40;1256;0,8;0,5;ОТК;15;750;180;12 месяцев со дня ввода в эксплуатацию, но не более 18 месяцев со дня отгрузки потребителю;Сальниковое;Фланцевое;С приспособлением для принудительного открытия;80/100;16/6;Коррозионностойкая сталь;42;По запросу;219270;20 рабочих дней;;;;;;
Клапан предохранительный пружинный сальниковый фланцевый с приспособлением для принудительного открытия СППК5Р 100-16нж 17нж6нж DN 100 (исп. В) / 150 (исп. В) PN 1,6 (вход) / 1,6 (выход) МПа УХЛ1, пружина № ?, Рн=? кгс/см², корпус ст. 12Х18Н9ТЛ, класс герметичности «В» по ГОСТ 9544-2015;Клапаны предохранительные;17нж6нж;"0,5…1 (50); 0,8…1,6 (51); 1,5…3 (52); 2,5…4,5 (53); 4,5…8,5 (54); 8…16 (55)";Вода, воздух, пар, аммиак, природный газ, жидкие углеводороды и нефтепродукты, масляные фракции, нефтехимические и другие, среды, в которых скорость коррозии материала корпуса не превышает 0,2мм в год;От -60 до +560;От -60 до +45;УХЛ1;В;50;1963;0,8;0,5;ОТК;15;750;180;12 месяцев со дня ввода в эксплуатацию, но не более 18 месяцев со дня отгрузки потребителю;Сальниковое;Фланцевое;С приспособлением для принудительного открытия;100/150;16/16;Коррозионностойкая сталь;62;По запросу;277730;20 рабочих дней;;;;;;
Клапан предохранительный пружинный сальниковый фланцевый с приспособлением для принудительного открытия СППК4Р 150-16нж 17нж6нж DN 150 (исп. В) / 200 (исп. В) PN 1,6 (вход) / 0,6 (выход) МПа УХЛ1, пружина № ?, Рн=? кгс/см², корпус ст. 12Х18Н9ТЛ, класс герметичности «В» по ГОСТ 9544-2015;Клапаны предохранительные;17нж6нж;"0,5…1,5 (70); 1,5…3 (71); 3…5 (72); 5…8 (73); 8…12 (74); 12…16 (75)";Вода, воздух, пар, аммиак, природный газ, жидкие углеводороды и нефтепродукты, масляные фракции, нефтехимические и другие, среды, в которых скорость коррозии материала корпуса не превышает 0,2мм в год;От -60 до +560;От -60 до +45;УХЛ1;В;75;4417;0,8;0,56;ОТК;15;750;180;12 месяцев со дня ввода в эксплуатацию, но не более 18 месяцев со дня отгрузки потребителю;Сальниковое;Фланцевое;С приспособлением для принудительного открытия;150/200;16/6;Коррозионностойкая сталь;94;По запросу;492320;25 рабочих дней;;;;;;
Клапан предохранительный пружинный сальниковый фланцевый с приспособлением для принудительного открытия СППК4Р 200-16нж 17нж17нж DN 200 (исп. В) / 300 (исп. В) PN 1,6 (вход) / 0,6 (выход) МПа УХЛ1, пружина № ?, Рн=? кгс/см², корпус ст. 12Х18Н9ТЛ, класс герметичности «В» по ГОСТ 9544-2015;Клапаны предохранительные;17нж17нж;"0,5…1 (72); 1…2 (73); 2…3 (74); 3…5 (75); 5…7 (76); 7…9 (77); 9…12 (78); 12…16 (79)";Вода, воздух, пар, аммиак, природный газ, жидкие углеводороды и нефтепродукты, масляные фракции, нефтехимические и другие, среды, в которых скорость коррозии материала корпуса не превышает 0,2мм в год;От -60 до +560;От -60 до +45;УХЛ1;В;142;15836;0,4;0,23;ОТК;15;750;180;12 месяцев со дня ввода в эксплуатацию, но не более 18 месяцев со дня отгрузки потребителю;Сальниковое;Фланцевое;С приспособлением для принудительного открытия;200/300;16/6;Коррозионностойкая сталь;180;По запросу;1149290;25 рабочих дней;;;;;;
Клапан предохранительный пружинный сальниковый фланцевый с приспособлением для принудительного открытия СППК4Р 25-40нж 17нж25нж DN 25 (исп. F) / 40 (исп. В) PN 4,0 (вход) / 1,6 (выход) МПа УХЛ1, пружина № ?, Рн=? кгс/см², корпус ст. 12Х18Н9ТЛ, класс герметичности «В» по ГОСТ 9544-2015;Клапаны предохранительные;17нж25нж;"4…8 (8); 8…16 (1); 16…25 (2); 25…40 (3)";Вода, воздух, пар, аммиак, природный газ, жидкие углеводороды и нефтепродукты, масляные фракции, нефтехимические и другие, среды, в которых скорость коррозии материала корпуса не превышает 0,2мм в год;От -60 до +560;От -60 до +45;УХЛ1;В;18;254;0,6;0,15;ОТК;15;750;180;12 месяцев со дня ввода в эксплуатацию, но не более 18 месяцев со дня отгрузки потребителю;Сальниковое;Фланцевое;С приспособлением для принудительного открытия;25/40;40/16;Коррозионностойкая сталь;24;По запросу;144100;20 рабочих дней;;;;;;
Клапан предохранительный пружинный сальниковый фланцевый с приспособлением для принудительного открытия СППК4Р 50-40нж 17нж25нж DN 50 (исп. F) / 80 (исп. В) PN 4,0 (вход) / 1,6 (выход) МПа УХЛ1, пружина № ?, Рн=? кгс/см², корпус ст. 12Х18Н9ТЛ, класс герметичности «В» по ГОСТ 9544-2015;Клапаны предохранительные;17нж25нж;"0,5…1,2 (10); 1,2…2,5 (11); 2,5…4 (12); 4…8 (13); 8…20 (14); 20…30 (15); 30…40 (16)";Вода, воздух, пар, аммиак, природный газ, жидкие углеводороды и нефтепродукты, масляные фракции, нефтехимические и другие, среды, в которых скорость коррозии материала корпуса не превышает 0,2мм в год;От -60 до +560;От -60 до +45;УХЛ1;В;30;706;0,6;0,3;ОТК;15;750;180;12 месяцев со дня ввода в эксплуатацию, но не более 18 месяцев со дня отгрузки потребителю;Сальниковое;Фланцевое;С приспособлением для принудительного открытия;50/80;40/16;Коррозионностойкая сталь;31;По запросу;192500;20 рабочих дней;;;;;;
Клапан предохранительный пружинный сальниковый фланцевый с приспособлением для принудительного открытия СППК4Р 80-40нж 17нж25нж DN 80 (исп. F) / 100 (исп. В) PN 4,0 (вход) / 1,6 (выход) МПа УХЛ1, пружина № ?, Рн=? кгс/см², корпус ст. 12Х18Н9ТЛ, класс герметичности «В» по ГОСТ 9544-2015;Клапаны предохранительные;17нж25нж;"0,5…1,2 (30); 1,2…3 (31); 3…5 (32); 5…8 (33); 8…20 (35); 20…30 (36); 30…40 (37)";Вода, воздух, пар, аммиак, природный газ, жидкие углеводороды и нефтепродукты, масляные фракции, нефтехимические и другие, среды, в которых скорость коррозии материала корпуса не превышает 0,2мм в год;От -60 до +560;От -60 до +45;УХЛ1;В;40;1256;0,8;0,5;ОТК;15;750;180;12 месяцев со дня ввода в эксплуатацию, но не более 18 месяцев со дня отгрузки потребителю;Сальниковое;Фланцевое;С приспособлением для принудительного открытия;80/100;40/16;Коррозионностойкая сталь;44;По запросу;248490;20 рабочих дней;;;;;;
Клапан предохранительный пружинный сальниковый фланцевый с приспособлением для принудительного открытия СППК5Р 100-40нж 17нж25нж DN 100 (исп. F) / 150 (исп. В) PN 4,0 (вход) / 1,6 (выход) МПа УХЛ1, пружина № ?, Рн=? кгс/см², корпус ст. 12Х18Н9ТЛ, класс герметичности «В» по ГОСТ 9544-2015;Клапаны предохранительные;17нж25нж;"8…16 (55); 16…26 (56); 26…40 (57)";Вода, воздух, пар, аммиак, природный газ, жидкие углеводороды и нефтепродукты, масляные фракции, нефтехимические и другие, среды, в которых скорость коррозии материала корпуса не превышает 0,2мм в год;От -60 до +560;От -60 до +45;УХЛ1;В;50;1963;0,8;0,5;ОТК;15;750;180;12 месяцев со дня ввода в эксплуатацию, но не более 18 месяцев со дня отгрузки потребителю;Сальниковое;Фланцевое;С приспособлением для принудительного открытия;100/150;40/16;Коррозионностойкая сталь;70;По запросу;380100;20 рабочих дней;;;;;;
Клапан предохранительный пружинный сальниковый фланцевый с приспособлением для принудительного открытия СППК4Р 150-40нж 17нж21нж DN 150 (исп. F) / 200 (исп. В) PN 4,0 (вход) / 1,6 (выход) МПа УХЛ1, пружина № ?, Рн=? кгс/см², корпус ст. 12Х18Н9ТЛ, класс герметичности «В» по ГОСТ 9544-2015;Клапаны предохранительные;17нж21нж;"8…12 (74); 12…18 (75); 18…25 (76); 25…35 (77); 35…40 (78)";Вода, воздух, пар, аммиак, природный газ, жидкие углеводороды и нефтепродукты, масляные фракции, нефтехимические и другие, среды, в которых скорость коррозии материала корпуса не превышает 0,2мм в год;От -60 до +560;От -60 до +45;УХЛ1;В;75;4417;0,8;0,56;ОТК;15;750;180;12 месяцев со дня ввода в эксплуатацию, но не более 18 месяцев со дня отгрузки потребителю;Сальниковое;Фланцевое;С приспособлением для принудительного открытия;150/200;40/16;Коррозионностойкая сталь;99;По запросу;655850;25 рабочих дней;;;;;;
Клапан предохранительный пружинный сальниковый фланцевый с приспособлением для принудительного открытия СППК5Р 50-63нж 17нж16нж DN 50 (исп. ?) / 80 (исп. F) PN 6,3 (вход) / 4,0 (выход) МПа УХЛ1, пружина № ?, Рн=? кгс/см², корпус ст. 12Х18Н9ТЛ, класс герметичности «В» по ГОСТ 9544-2015;Клапаны предохранительные;17нж16нж;"20…34 (55); 30…54 (56); 50…63 (57)";Вода, воздух, пар, аммиак, природный газ, жидкие углеводороды и нефтепродукты, масляные фракции, нефтехимические и другие, среды, в которых скорость коррозии материала корпуса не превышает 0,2мм в год;От -60 до +560;От -60 до +45;УХЛ1;В;30;706;0,6;0,3;ОТК;15;750;180;12 месяцев со дня ввода в эксплуатацию, но не более 18 месяцев со дня отгрузки потребителю;Сальниковое;Фланцевое;С приспособлением для принудительного открытия;50/80;63/40;Коррозионностойкая сталь;49;По запросу;502130;20 рабочих дней;;;;;;
Клапан предохранительный пружинный сальниковый фланцевый с приспособлением для принудительного открытия СППК4Р 80-63нж 17нж89нж DN 80 (исп. ?) / 100 (исп. F) PN 6,3 (вход) / 4,0 (выход) МПа УХЛ1, пружина № ?, Рн=? кгс/см², корпус ст. 12Х18Н9ТЛ, класс герметичности «В» по ГОСТ 9544-2015;Клапаны предохранительные;17нж89нж;"25…35 (38); 35…44 (37); 44…50 (39); 50…63 (40)";Вода, воздух, пар, аммиак, природный газ, жидкие углеводороды и нефтепродукты, масляные фракции, нефтехимические и другие, среды, в которых скорость коррозии материала корпуса не превышает 0,2мм в год;От -60 до +560;От -60 до +45;УХЛ1;В;40;1256;0,8;0,3;ОТК;15;750;180;12 месяцев со дня ввода в эксплуатацию, но не более 18 месяцев со дня отгрузки потребителю;Сальниковое;Фланцевое;С приспособлением для принудительного открытия;80/100;63/40;Коррозионностойкая сталь;68;По запросу;518660;20 рабочих дней;;;;;;
Клапан предохранительный пружинный сальниковый фланцевый с приспособлением для принудительного открытия СППК5Р 100-63нж 17нж16нж DN 100 (исп. ?) / 150 (исп. F) PN 6,3 (вход) / 4,0 (выход) МПа УХЛ1, пружина № ?, Рн=? кгс/см², корпус ст. 12Х18Н9ТЛ, класс герметичности «В» по ГОСТ 9544-2015;Клапаны предохранительные;17нж16нж;"25…40 (77); 40…55 (80); 55…63 (81)";Вода, воздух, пар, аммиак, природный газ, жидкие углеводороды и нефтепродукты, масляные фракции, нефтехимические и другие, среды, в которых скорость коррозии материала корпуса не превышает 0,2мм в год;От -60 до +560;От -60 до +45;УХЛ1;В;63;3117;0,8;0,4;ОТК;15;750;180;12 месяцев со дня ввода в эксплуатацию, но не более 18 месяцев со дня отгрузки потребителю;Сальниковое;Фланцевое;С приспособлением для принудительного открытия;100/150;63/40;Коррозионностойкая сталь;155;По запросу;1225580;20 рабочих дней;;;;;;
Клапан предохранительный пружинный сальниковый фланцевый с приспособлением для принудительного открытия СППК5Р 50-160нж 17нж8нж DN 50 (исп. J) / 80 (исп. F) PN 16,0 (вход) / 4,0 (выход) МПа УХЛ1, пружина № ?, Рн=? кгс/см², корпус ст. 12Х18Н9ТЛ, класс герметичности «В» по ГОСТ 9544-2015;Клапаны предохранительные;17нж8нж;"53…90 (58); 85…124 (59); 124…141 (60); 140…160 (61)";Вода, воздух, пар, аммиак, природный газ, жидкие углеводороды и нефтепродукты, масляные фракции, нефтехимические и другие, среды, в которых скорость коррозии материала корпуса не превышает 0,2мм в год;От -60 до +560;От -60 до +45;УХЛ1;В;33;855;0,8;0,5;ОТК;15;750;180;12 месяцев со дня ввода в эксплуатацию, но не более 18 месяцев со дня отгрузки потребителю;Сальниковое;Фланцевое;С приспособлением для принудительного открытия;50/80;160/40;Коррозионностойкая сталь;54;По запросу;553440;20 рабочих дней;;;;;;
Клапан предохранительный пружинный сальниковый фланцевый с приспособлением для принудительного открытия СППК4Р 80-160нж 17нж90нж DN 80 (исп. J) / 100 (исп. F) PN 16,0 (вход) / 4,0 (выход) МПа УХЛ1, пружина № ?, Рн=? кгс/см², корпус ст. 12Х18Н9ТЛ, класс герметичности «В» по ГОСТ 9544-2015;Клапаны предохранительные;17нж90нж;"50…63 (40); 63…100 (41); 100…135 (42); 135…160 (43)";Вода, воздух, пар, аммиак, природный газ, жидкие углеводороды и нефтепродукты, масляные фракции, нефтехимические и другие, среды, в которых скорость коррозии материала корпуса не превышает 0,2мм в год;От -60 до +560;От -60 до +45;УХЛ1;В;35;960;0,8;0,3;ОТК;15;750;180;12 месяцев со дня ввода в эксплуатацию, но не более 18 месяцев со дня отгрузки потребителю;Сальниковое;Фланцевое;С приспособлением для принудительного открытия;80/100;160/40;Коррозионностойкая сталь;72;По запросу;880040;20 рабочих дней;;;;;;
Клапан предохранительный пружинный сальниковый фланцевый с приспособлением для принудительного открытия СППК5Р 100-160нж 17нж8нж DN 100 (исп. J) / 150 (исп. F) PN 16,0 (вход) / 4,0 (выход) МПа УХЛ1, пружина № ?, Рн=? кгс/см², корпус ст. 12Х18Н9ТЛ, класс герметичности «В» по ГОСТ 9544-2015;Клапаны предохранительные;17нж8нж;"63…100 (80); 100…125 (81); 110…145 (82); 135…160 (83)";Вода, воздух, пар, аммиак, природный газ, жидкие углеводороды и нефтепродукты, масляные фракции, нефтехимические и другие, среды, в которых скорость коррозии материала корпуса не превышает 0,2мм в год;От -60 до +560;От -60 до +45;УХЛ1;В;48;1809;0,8;0,4;ОТК;15;750;180;12 месяцев со дня ввода в эксплуатацию, но не более 18 месяцев со дня отгрузки потребителю;Сальниковое;Фланцевое;С приспособлением для принудительного открытия;100/150;160/40;Коррозионностойкая сталь;160;По запросу;1463390;20 рабочих дней;;;;;;
Клапан предохранительный пружинный сальниковый штуцерно-торцевой с приспособлением для принудительного открытия СППКР 25-100нж 17нж84нж DN 25/40 PN 10,0 (вход) / 4,0 (выход) МПа УХЛ1, пружина № ?, Рн=? кгс/см², корпус ст. 12Х18Н9Т, класс герметичности «В» по ГОСТ 9544-2015;Клапаны предохранительные;17нж84нж;"4…8 (8); 8…16 (1); 16…25 (2); 25…50 (3); 50…80 (4); 80…100 (5)";Вода, воздух, пар, аммиак, природный газ, жидкие углеводороды и нефтепродукты, масляные фракции, нефтехимические и другие, среды, в которых скорость коррозии материала корпуса не превышает 0,2мм в год;От -60 до +560;От -60 до +45;УХЛ1;В;18;254;0,6;0,15;ОТК;15;750;180;12 месяцев со дня ввода в эксплуатацию, но не более 18 месяцев со дня отгрузки потребителю;Сальниковое;Штуцерно-торцевое ;С приспособлением для принудительного открытия;25/40;100/40;Коррозионностойкая сталь;12;По запросу;303600;20 рабочих дней;;;;;;
Клапан предохранительный пружинный сальниковый фланцевый без приспособления для принудительного открытия СППК4 25-16 17нж13нж DN 25 (исп. F) / 40 (исп. В) PN 1,6 (вход) / 0,6 (выход) МПа УХЛ1, пружина № ?, Рн=? кгс/см², корпус ст. 12Х18Н9ТЛ, класс герметичности «В» по ГОСТ 9544-2015;Клапаны предохранительные;17нж13нж;"4…8 (8); 8…16 (1)";Вода, воздух, пар, аммиак, природный газ, жидкие углеводороды и нефтепродукты, масляные фракции, нефтехимические и другие, среды, в которых скорость коррозии материала корпуса не превышает 0,2мм в год;От -60 до +560;От -60 до +45;УХЛ1;В;;;;;ОТК;15;750;180;12 месяцев со дня ввода в эксплуатацию, но не более 18 месяцев со дня отгрузки потребителю;Сальниковое;Фланцевое;Без приспособления для принудительного открытия;25/40;16/6;Коррозионностойкая сталь;16;По запросу;122220;20 рабочих дней;;;;;;
Клапан предохранительный пружинный сальниковый фланцевый без приспособления для принудительного открытия СППК4 50-16нж 17нж13нж DN 50 (исп. В) / 80 (исп. В) PN 1,6 (вход) / 0,6 (выход) МПа УХЛ1, пружина № ?, Рн=? кгс/см², корпус ст. 12Х18Н9ТЛ, класс герметичности «В» по ГОСТ 9544-2015;Клапаны предохранительные;17нж13нж;"0,5…1,2 (10); 1,2…2,5 (11); 2,5…4 (12); 4…8 (13); 8…16 (14)";Вода, воздух, пар, аммиак, природный газ, жидкие углеводороды и нефтепродукты, масляные фракции, нефтехимические и другие, среды, в которых скорость коррозии материала корпуса не превышает 0,2мм в год;От -60 до +560;От -60 до +45;УХЛ1;В;30;706;0,6;0,3;ОТК;15;750;180;12 месяцев со дня ввода в эксплуатацию, но не более 18 месяцев со дня отгрузки потребителю;Сальниковое;Фланцевое;Без приспособления для принудительного открытия;50/80;16/6;Коррозионностойкая сталь;27;По запросу;144750;20 рабочих дней;;;;;;
Клапан предохранительный пружинный сальниковый фланцевый без приспособления для принудительного открытия СППК4 80-16нж 17нж13нж DN 80 (исп. В) / 100 (исп. В) PN 1,6 (вход) / 0,6 (выход) МПа УХЛ1, пружина № ?, Рн=? кгс/см², корпус ст. 12Х18Н9ТЛ, класс герметичности «В» по ГОСТ 9544-2015;Клапаны предохранительные;17нж13нж;"0,5…1,2 (30); 1,2…3 (31); 3…5 (32); 5…8 (33); 8…16 (34)";Вода, воздух, пар, аммиак, природный газ, жидкие углеводороды и нефтепродукты, масляные фракции, нефтехимические и другие, среды, в которых скорость коррозии материала корпуса не превышает 0,2мм в год;От -60 до +560;От -60 до +45;УХЛ1;В;40;1256;0,8;0,5;ОТК;15;750;180;12 месяцев со дня ввода в эксплуатацию, но не более 18 месяцев со дня отгрузки потребителю;Сальниковое;Фланцевое;Без приспособления для принудительного открытия;80/100;16/6;Коррозионностойкая сталь;39;По запросу;198080;20 рабочих дней;;;;;;
Клапан предохранительный пружинный сальниковый фланцевый без приспособления для принудительного открытия СППК5 100-16нж 17нж7нж DN 100 (исп. В) / 150 (исп. В) PN 1,6 (вход) / 1,6 (выход) МПа УХЛ1, пружина № ?, Рн=? кгс/см², корпус ст. 12Х18Н9ТЛ, класс герметичности «В» по ГОСТ 9544-2015;Клапаны предохранительные;17нж7нж;"0,5…1 (50); 0,8…1,6 (51); 1,5…3 (52); 2,5…4,5 (53); 4,5…8,5 (54); 8…16 (55)";Вода, воздух, пар, аммиак, природный газ, жидкие углеводороды и нефтепродукты, масляные фракции, нефтехимические и другие, среды, в которых скорость коррозии материала корпуса не превышает 0,2мм в год;От -60 до +560;От -60 до +45;УХЛ1;В;50;1963;0,8;0,5;ОТК;15;750;180;12 месяцев со дня ввода в эксплуатацию, но не более 18 месяцев со дня отгрузки потребителю;Сальниковое;Фланцевое;Без приспособления для принудительного открытия;100/150;16/16;Коррозионностойкая сталь;58;По запросу;254740;20 рабочих дней;;;;;;
Клапан предохранительный пружинный сальниковый фланцевый без приспособления для принудительного открытия СППК4 150-16нж 17нж7нж DN 150 (исп. В) / 200 (исп. В) PN 1,6 (вход) / 0,6 (выход) МПа УХЛ1, пружина № ?, Рн=? кгс/см², корпус ст. 12Х18Н9ТЛ, класс герметичности «В» по ГОСТ 9544-2015;Клапаны предохранительные;17нж7нж;"0,5…1,5 (70); 1,5…3 (71); 3…5 (72); 5…8 (73); 8…12 (74); 12…16 (75)";Вода, воздух, пар, аммиак, природный газ, жидкие углеводороды и нефтепродукты, масляные фракции, нефтехимические и другие, среды, в которых скорость коррозии материала корпуса не превышает 0,2мм в год;От -60 до +560;От -60 до +45;УХЛ1;В;75;4417;0,8;0,56;ОТК;15;750;180;12 месяцев со дня ввода в эксплуатацию, но не более 18 месяцев со дня отгрузки потребителю;Сальниковое;Фланцевое;Без приспособления для принудительного открытия;150/200;16/6;Коррозионностойкая сталь;91;По запросу;469330;25 рабочих дней;;;;;;
Клапан предохранительный пружинный сальниковый фланцевый без приспособления для принудительного открытия СППК4 200-16нж 17нж13нж DN 200 (исп. В) / 300 (исп. В) PN 1,6 (вход) / 0,6 (выход) МПа УХЛ1, пружина № ?, Рн=? кгс/см², корпус ст. 12Х18Н9ТЛ, класс герметичности «В» по ГОСТ 9544-2015;Клапаны предохранительные;17нж13нж;"0,5…1 (72); 1…2 (73); 2…3 (74); 3…5 (75); 5…7 (76); 7…9 (77); 9…12 (78); 12…16 (79)";Вода, воздух, пар, аммиак, природный газ, жидкие углеводороды и нефтепродукты, масляные фракции, нефтехимические и другие, среды, в которых скорость коррозии материала корпуса не превышает 0,2мм в год;От -60 до +560;От -60 до +45;УХЛ1;В;142;15836;0,4;0,23;ОТК;15;750;180;12 месяцев со дня ввода в эксплуатацию, но не более 18 месяцев со дня отгрузки потребителю;Сальниковое;Фланцевое;Без приспособления для принудительного открытия;200/300;16/6;Коррозионностойкая сталь;176;По запросу;1126080;25 рабочих дней;;;;;;
Клапан предохранительный пружинный сальниковый фланцевый без приспособления для принудительного открытия СППК4 25-40нж 17нж14нж DN 25 (исп. F) / 40 (исп. В) PN 4,0 (вход) / 1,6 (выход) МПа УХЛ1, пружина № ?, Рн=? кгс/см², корпус ст. 12Х18Н9ТЛ, класс герметичности «В» по ГОСТ 9544-2015;Клапаны предохранительные;17нж14нж;"4…8 (8); 8…16 (1); 16…25 (2); 25…40 (3)";Вода, воздух, пар, аммиак, природный газ, жидкие углеводороды и нефтепродукты, масляные фракции, нефтехимические и другие, среды, в которых скорость коррозии материала корпуса не превышает 0,2мм в год;От -60 до +560;От -60 до +45;УХЛ1;В;18;254;0,6;0,15;ОТК;15;750;180;12 месяцев со дня ввода в эксплуатацию, но не более 18 месяцев со дня отгрузки потребителю;Сальниковое;Фланцевое;Без приспособления для принудительного открытия;25/40;40/16;Коррозионностойкая сталь;21;По запросу;122220;20 рабочих дней;;;;;;
Клапан предохранительный пружинный сальниковый фланцевый без приспособления для принудительного открытия СППК4 50-40 17нж14нж DN 50 (исп. F) / 80 (исп. В) PN 4,0 (вход) / 1,6 (выход) МПа УХЛ1, пружина № ?, Рн=? кгс/см², корпус ст. 12Х18Н9ТЛ, класс герметичности «В» по ГОСТ 9544-2015;Клапаны предохранительные;17нж14нж;"0,5…1,2 (10); 1,2…2,5 (11); 2,5…4 (12); 4…8 (13); 8…20 (14); 20…30 (15); 30…40 (16)";Вода, воздух, пар, аммиак, природный газ, жидкие углеводороды и нефтепродукты, масляные фракции, нефтехимические и другие, среды, в которых скорость коррозии материала корпуса не превышает 0,2мм в год;От -60 до +560;От -60 до +45;УХЛ1;В;30;706;0,6;0,3;ОТК;15;750;180;12 месяцев со дня ввода в эксплуатацию, но не более 18 месяцев со дня отгрузки потребителю;Сальниковое;Фланцевое;Без приспособления для принудительного открытия;50/80;40/16;Коррозионностойкая сталь;29;По запросу;171760;20 рабочих дней;;;;;;
Клапан предохранительный пружинный сальниковый фланцевый без приспособления для принудительного открытия СППК4 80-40нж 17нж14нж DN 80 (исп. F) / 100 (исп. В) PN 4,0 (вход) / 1,6 (выход) МПа УХЛ1, пружина № ?, Рн=? кгс/см², корпус ст. 12Х18Н9ТЛ, класс герметичности «В» по ГОСТ 9544-2015;Клапаны предохранительные;17нж14нж;"0,5…1,2 (30); 1,2…3 (31); 3…5 (32); 5…8 (33); 8…20 (35); 20…30 (36); 30…40 (37)";Вода, воздух, пар, аммиак, природный газ, жидкие углеводороды и нефтепродукты, масляные фракции, нефтехимические и другие, среды, в которых скорость коррозии материала корпуса не превышает 0,2мм в год;От -60 до +560;От -60 до +45;УХЛ1;В;40;1256;0,8;0,5;ОТК;15;750;180;12 месяцев со дня ввода в эксплуатацию, но не более 18 месяцев со дня отгрузки потребителю;Сальниковое;Фланцевое;Без приспособления для принудительного открытия;80/100;40/16;Коррозионностойкая сталь;41;По запросу;227300;20 рабочих дней;;;;;;
Клапан предохранительный пружинный сальниковый фланцевый без приспособления для принудительного открытия СППК5 100-40нж 17нж23нж DN 100 (исп. F) / 150 (исп. В) PN 4,0 (вход) / 1,6 (выход) МПа УХЛ1, пружина № ?, Рн=? кгс/см², корпус ст. 12Х18Н9ТЛ, класс герметичности «В» по ГОСТ 9544-2015;Клапаны предохранительные;17нж23нж;"8…16 (55); 16…26 (56); 26…40 (57)";Вода, воздух, пар, аммиак, природный газ, жидкие углеводороды и нефтепродукты, масляные фракции, нефтехимические и другие, среды, в которых скорость коррозии материала корпуса не превышает 0,2мм в год;От -60 до +560;От -60 до +45;УХЛ1;В;50;1963;0,8;0,5;ОТК;15;750;180;12 месяцев со дня ввода в эксплуатацию, но не более 18 месяцев со дня отгрузки потребителю;Сальниковое;Фланцевое;Без приспособления для принудительного открытия;100/150;40/16;Коррозионностойкая сталь;65;По запросу;357350;20 рабочих дней;;;;;;
Клапан предохранительный пружинный сальниковый фланцевый без приспособления для принудительного открытия СППК4 150-40нж 17нж23нж DN 150 (исп. F) / 200 (исп. В) PN 4,0 (вход) / 1,6 (выход) МПа УХЛ1, пружина № ?, Рн=? кгс/см², корпус ст. 12Х18Н9ТЛ, класс герметичности «В» по ГОСТ 9544-2015;Клапаны предохранительные;17нж23нж;"8…12 (74); 12…18 (75); 18…25 (76); 25…35 (77); 35…40 (78)";Вода, воздух, пар, аммиак, природный газ, жидкие углеводороды и нефтепродукты, масляные фракции, нефтехимические и другие, среды, в которых скорость коррозии материала корпуса не превышает 0,2мм в год;От -60 до +560;От -60 до +45;УХЛ1;В;75;4417;0,8;0,56;ОТК;15;750;180;12 месяцев со дня ввода в эксплуатацию, но не более 18 месяцев со дня отгрузки потребителю;Сальниковое;Фланцевое;Без приспособления для принудительного открытия;150/200;40/16;Коррозионностойкая сталь;96;По запросу;633300;25 рабочих дней;;;;;;
Клапан предохранительный пружинный сальниковый фланцевый без приспособления для принудительного открытия СППК5 50-63нж 17нж16нж1 DN 50 (исп. ?) / 80 (исп. F) PN 6,3 (вход) / 4,0 (выход) МПа УХЛ1, пружина № ?, Рн=? кгс/см², корпус ст. 12Х18Н9ТЛ, класс герметичности «В» по ГОСТ 9544-2015;Клапаны предохранительные;17нж16нж1;"20…34 (55); 30…54 (56); 50…63 (57)";Вода, воздух, пар, аммиак, природный газ, жидкие углеводороды и нефтепродукты, масляные фракции, нефтехимические и другие, среды, в которых скорость коррозии материала корпуса не превышает 0,2мм в год;От -60 до +560;От -60 до +45;УХЛ1;В;33;855;0,8;0,5;ОТК;15;750;180;12 месяцев со дня ввода в эксплуатацию, но не более 18 месяцев со дня отгрузки потребителю;Сальниковое;Фланцевое;Без приспособления для принудительного открытия;50/80;63/40;Коррозионностойкая сталь;45;По запросу;479620;20 рабочих дней;;;;;;
Клапан предохранительный пружинный сальниковый фланцевый без приспособления для принудительного открытия СППК4 80-63нж 17нж85нж DN 80 (исп. ?) / 100 (исп. F) PN 6,3 (вход) / 4,0 (выход) МПа УХЛ1, пружина № ?, Рн=? кгс/см², корпус ст. 12Х18Н9ТЛ, класс герметичности «В» по ГОСТ 9544-2015;Клапаны предохранительные;17нж85нж;"25…35 (38); 35…44 (37); 44…50 (39); 50…63 (40)";Вода, воздух, пар, аммиак, природный газ, жидкие углеводороды и нефтепродукты, масляные фракции, нефтехимические и другие, среды, в которых скорость коррозии материала корпуса не превышает 0,2мм в год;От -60 до +560;От -60 до +45;УХЛ1;В;40;1256;0,8;0,3;ОТК;15;750;180;12 месяцев со дня ввода в эксплуатацию, но не более 18 месяцев со дня отгрузки потребителю;Сальниковое;Фланцевое;Без приспособления для принудительного открытия;80/100;63/40;Коррозионностойкая сталь;65;По запросу;495230;20 рабочих дней;;;;;;
Клапан предохранительный пружинный сальниковый фланцевый без приспособления для принудительного открытия СППК5 100-63нж 17нж16нж2 DN 100 (исп. ?) / 150 (исп. F) PN 6,3 (вход) / 4,0 (выход) МПа УХЛ1, пружина № ?, Рн=? кгс/см², корпус ст. 12Х18Н9ТЛ, класс герметичности «В» по ГОСТ 9544-2015;Клапаны предохранительные;17нж16нж2;"25…40 (77); 40…55 (80); 55…63 (81)";Вода, воздух, пар, аммиак, природный газ, жидкие углеводороды и нефтепродукты, масляные фракции, нефтехимические и другие, среды, в которых скорость коррозии материала корпуса не превышает 0,2мм в год;От -60 до +560;От -60 до +45;УХЛ1;В;63;3117;0,8;0,4;ОТК;15;750;180;12 месяцев со дня ввода в эксплуатацию, но не более 18 месяцев со дня отгрузки потребителю;Сальниковое;Фланцевое;Без приспособления для принудительного открытия;100/150;63/40;Коррозионностойкая сталь;157;По запросу;1202610;20 рабочих дней;;;;;;
Клапан предохранительный пружинный сальниковый фланцевый без приспособления для принудительного открытия СППК5 50-160нж 17нж8нж1 DN 50 (исп. J) / 80 (исп. F) PN 16,0 (вход) / 4,0 (выход) МПа УХЛ1, пружина № ?, Рн=? кгс/см², корпус ст. 12Х18Н9ТЛ, класс герметичности «В» по ГОСТ 9544-2015;Клапаны предохранительные;17нж8нж1;"53…90 (58); 85…124 (59); 124…141 (60); 140…160 (61)";Вода, воздух, пар, аммиак, природный газ, жидкие углеводороды и нефтепродукты, масляные фракции, нефтехимические и другие, среды, в которых скорость коррозии материала корпуса не превышает 0,2мм в год;От -60 до +560;От -60 до +45;УХЛ1;В;33;855;0,8;0,5;ОТК;15;750;180;12 месяцев со дня ввода в эксплуатацию, но не более 18 месяцев со дня отгрузки потребителю;Сальниковое;Фланцевое;Без приспособления для принудительного открытия;50/80;160/40;Коррозионностойкая сталь;50;По запросу;529810;20 рабочих дней;;;;;;
Клапан предохранительный пружинный сальниковый фланцевый без приспособления для принудительного открытия СППК4 80-160нж 17нж80нж DN 80 (исп. J) / 100 (исп. F) PN 16,0 (вход) / 4,0 (выход) МПа УХЛ1, пружина № ?, Рн=? кгс/см², корпус ст. 12Х18Н9ТЛ, класс герметичности «В» по ГОСТ 9544-2015;Клапаны предохранительные;17нж80нж;"50…63 (40); 63…100 (41); 100…135 (42); 135…160 (43)";Вода, воздух, пар, аммиак, природный газ, жидкие углеводороды и нефтепродукты, масляные фракции, нефтехимические и другие, среды, в которых скорость коррозии материала корпуса не превышает 0,2мм в год;От -60 до +560;От -60 до +45;УХЛ1;В;35;960;0,8;0,3;ОТК;15;750;180;12 месяцев со дня ввода в эксплуатацию, но не более 18 месяцев со дня отгрузки потребителю;Сальниковое;Фланцевое;Без приспособления для принудительного открытия;80/100;160/40;Коррозионностойкая сталь;69;По запросу;857280;20 рабочих дней;;;;;;
Клапан предохранительный пружинный сальниковый фланцевый без приспособления для принудительного открытия СППК5 100-160нж 17нж8нж2 DN 100 (исп. J) / 150 (исп. F) PN 16,0 (вход) / 4,0 (выход) МПа УХЛ1, пружина № ?, Рн=? кгс/см², корпус ст. 12Х18Н9ТЛ, класс герметичности «В» по ГОСТ 9544-2015;Клапаны предохранительные;17нж8нж2;"63…100 (80); 100…125 (81); 110…145 (82); 135…160 (83)";Вода, воздух, пар, аммиак, природный газ, жидкие углеводороды и нефтепродукты, масляные фракции, нефтехимические и другие, среды, в которых скорость коррозии материала корпуса не превышает 0,2мм в год;От -60 до +560;От -60 до +45;УХЛ1;В;48;1809;0,8;0,4;ОТК;15;750;180;12 месяцев со дня ввода в эксплуатацию, но не более 18 месяцев со дня отгрузки потребителю;Сальниковое;Фланцевое;Без приспособления для принудительного открытия;100/150;160/40;Коррозионностойкая сталь;155;По запросу;1440630;20 рабочих дней;;;;;;
Клапан предохранительный пружинный сальниковый штуцерно-торцевой с приспособлением для принудительного открытия СППК 25-100нж 17нж81нж DN 25/40 PN 10,0 (вход) / 4,0 (выход) МПа УХЛ1, пружина № ?, Рн=? кгс/см², корпус ст. 12Х18Н9Т, класс герметичности «В» по ГОСТ 9544-2015;Клапаны предохранительные;17нж81нж;"4…8 (8); 8…16 (1); 16…25 (2); 25…50 (3); 50…80 (4); 80…100 (5)";Вода, воздух, пар, аммиак, природный газ, жидкие углеводороды и нефтепродукты, масляные фракции, нефтехимические и другие, среды, в которых скорость коррозии материала корпуса не превышает 0,2мм в год;От -60 до +560;От -60 до +45;УХЛ1;В;18;254;0,6;0,15;ОТК;15;750;180;12 месяцев со дня ввода в эксплуатацию, но не более 18 месяцев со дня отгрузки потребителю;Сальниковое;Штуцерно-торцевое ;Без приспособления для принудительного открытия;25/40;100/40;Коррозионностойкая сталь;9;По запросу;273270;20 рабочих дней;;;;;;
Клапан предохранительный пружинный сильфонный фланцевый  уравновешенного типа СППК4С 150-16нж 17нж7нж1 DN 150 (исп. В) / 200 (исп. В) PN 1,6 (вход) / 0,6 (выход) МПа УХЛ1, пружина № ?, Рн=? кгс/см², корпус ст. 12Х18Н9ТЛ, класс герметичности «В» по ГОСТ 9544-2015;Клапаны предохранительные;17нж7нж1;"3…5 (72); 5…8 (73); 8…12 (74); 12…16 (75)";Вода, воздух, пар, аммиак, природный газ, жидкие углеводороды и нефтепродукты, масляные фракции, нефтехимические и другие, среды, в которых скорость коррозии материала корпуса не превышает 0,2мм в год;От -60 до +250;От -60 до +45;УХЛ1;В;75;4417;0,8;0,4;ОТК;15;750;180;12 месяцев со дня ввода в эксплуатацию, но не более 18 месяцев со дня отгрузки потребителю;Сильфонное;Фланцевое;Уравновешенного типа;150/200;16/6;Коррозионностойкая сталь;91;По запросу;596060;25 рабочих дней;;;;;;
Клапан предохранительный пружинный сильфонный фланцевый  уравновешенного типа СППК4С 200-16нж 17нж13нж1 DN 200 (исп. В) / 300 (исп. В) PN 1,6 (вход) / 0,6 (выход) МПа УХЛ1, пружина № ?, Рн=? кгс/см², корпус ст. 12Х18Н9ТЛ, класс герметичности «В» по ГОСТ 9544-2015;Клапаны предохранительные;17нж13нж1;"0,5…1 (72); 1…2 (73); 2…3 (74); 3…5 (75); 5…7 (76); 7…9 (77); 9…12 (78); 12…16 (79)";Вода, воздух, пар, аммиак, природный газ, жидкие углеводороды и нефтепродукты, масляные фракции, нефтехимические и другие, среды, в которых скорость коррозии материала корпуса не превышает 0,2мм в год;От -60 до +250;От -60 до +45;УХЛ1;В;142;15836;0,4;0,1;ОТК;15;750;180;12 месяцев со дня ввода в эксплуатацию, но не более 18 месяцев со дня отгрузки потребителю;Сильфонное;Фланцевое;Уравновешенного типа;200/300;16/6;Коррозионностойкая сталь;180;По запросу;1227140;25 рабочих дней;;;;;;
Клапан предохранительный пружинный сильфонный фланцевый  уравновешенного типа СППК4С 25-40нж 17нж14нж1 DN 25 (исп. F) / 40 (исп. В) PN 4,0 (вход) / 1,6 (выход) МПа УХЛ1, пружина № ?, Рн=? кгс/см², корпус ст. 12Х18Н9ТЛ, класс герметичности «В» по ГОСТ 9544-2015;Клапаны предохранительные;17нж14нж1;"6…8 (8); 8…16 (1); 16…25 (2); 25…40 (3) ";Вода, воздух, пар, аммиак, природный газ, жидкие углеводороды и нефтепродукты, масляные фракции, нефтехимические и другие, среды, в которых скорость коррозии материала корпуса не превышает 0,2мм в год;От -60 до +250;От -60 до +45;УХЛ1;В;18;254;0,6;0,15;ОТК;15;750;180;12 месяцев со дня ввода в эксплуатацию, но не более 18 месяцев со дня отгрузки потребителю;Сильфонное;Фланцевое;Уравновешенного типа;25/40;40/16;Коррозионностойкая сталь;22;По запросу;168180;25 рабочих дней;;;;;;
Клапан предохранительный пружинный сильфонный фланцевый  уравновешенного типа СППК4С 50-40нж 17нж14нж1 DN 50 (исп. F) / 80 (исп. В) PN 4,0 (вход) / 1,6 (выход) МПа УХЛ1, пружина № ?, Рн=? кгс/см², корпус ст. 12Х18Н9ТЛ, класс герметичности «В» по ГОСТ 9544-2015;Клапаны предохранительные;17нж14нж1;"6…8 (13); 8…20 (14); 20…30 (15); 30…40 (16)";Вода, воздух, пар, аммиак, природный газ, жидкие углеводороды и нефтепродукты, масляные фракции, нефтехимические и другие, среды, в которых скорость коррозии материала корпуса не превышает 0,2мм в год;От -60 до +250;От -60 до +45;УХЛ1;В;30;706;0,6;0,3;ОТК;15;750;180;12 месяцев со дня ввода в эксплуатацию, но не более 18 месяцев со дня отгрузки потребителю;Сильфонное;Фланцевое;Уравновешенного типа;50/80;40/16;Коррозионностойкая сталь;28;По запросу;242690;25 рабочих дней;;;;;;
Клапан предохранительный пружинный сильфонный фланцевый  уравновешенного типа СППК4С 80-40нж 17нж14нж1 DN 80 (исп. F) / 100 (исп. В) PN 4,0 (вход) / 1,6 (выход) МПа УХЛ1, пружина № ?, Рн=? кгс/см², корпус ст. 12Х18Н9ТЛ, класс герметичности «В» по ГОСТ 9544-2015;Клапаны предохранительные;17нж14нж1;"6…8 (33); 8…20 (35); 20…30 (36); 30…40 (37)";Вода, воздух, пар, аммиак, природный газ, жидкие углеводороды и нефтепродукты, масляные фракции, нефтехимические и другие, среды, в которых скорость коррозии материала корпуса не превышает 0,2мм в год;От -60 до +250;От -60 до +45;УХЛ1;В;40;1256;0,8;0,5;ОТК;15;750;180;12 месяцев со дня ввода в эксплуатацию, но не более 18 месяцев со дня отгрузки потребителю;Сильфонное;Фланцевое;Уравновешенного типа;80/100;40/16;Коррозионностойкая сталь;39;По запросу;298240;25 рабочих дней;;;;;;
Клапан предохранительный пружинный сильфонный фланцевый  уравновешенного типа СППК5С 100-40нж 17нж23нж1 DN 100 (исп. F) / 150 (исп. В) PN 4,0 (вход) / 1,6 (выход) МПа УХЛ1, пружина № ?, Рн=? кгс/см², корпус ст. 12Х18Н9ТЛ, класс герметичности «В» по ГОСТ 9544-2015;Клапаны предохранительные;17нж23нж1;"8…16 (55); 16…26 (56); 26…40 (57)";Вода, воздух, пар, аммиак, природный газ, жидкие углеводороды и нефтепродукты, масляные фракции, нефтехимические и другие, среды, в которых скорость коррозии материала корпуса не превышает 0,2мм в год;От -60 до +250;От -60 до +45;УХЛ1;В;50;1963;0,8;0,5;ОТК;15;750;180;12 месяцев со дня ввода в эксплуатацию, но не более 18 месяцев со дня отгрузки потребителю;Сильфонное;Фланцевое;Уравновешенного типа;100/150;40/16;Коррозионностойкая сталь;58;По запросу;440790;25 рабочих дней;;;;;;
Клапан предохранительный пружинный сильфонный фланцевый  уравновешенного типа СППК4С 150-40нж 17нж23нж1 DN 150 (исп. F) / 200 (исп. В) PN 4,0 (вход) / 1,6 (выход) МПа УХЛ1, пружина № ?, Рн=? кгс/см², корпус ст. 12Х18Н9ТЛ, класс герметичности «В» по ГОСТ 9544-2015;Клапаны предохранительные;17нж23нж1;"8…12 (74); 12…18 (75); 18…25 (76); 25…35 (77); 35…40 (78)";Вода, воздух, пар, аммиак, природный газ, жидкие углеводороды и нефтепродукты, масляные фракции, нефтехимические и другие, среды, в которых скорость коррозии материала корпуса не превышает 0,2мм в год;От -60 до +250;От -60 до +45;УХЛ1;В;75;4417;0,8;0,4;ОТК;15;750;180;12 месяцев со дня ввода в эксплуатацию, но не более 18 месяцев со дня отгрузки потребителю;Сильфонное;Фланцевое;Уравновешенного типа;150/200;40/16;Коррозионностойкая сталь;94;По запросу;759790;25 рабочих дней;;;;;;
Клапан предохранительный пружинный сильфонный фланцевый  уравновешенного типа СППК5С 50-63нж 17нж16нж1 DN 50 (исп. ?) / 80 (исп. F) PN 6,3 (вход) / 4,0 (выход) МПа УХЛ1, пружина № ?, Рн=? кгс/см², корпус ст. 12Х18Н9ТЛ, класс герметичности «В» по ГОСТ 9544-2015;Клапаны предохранительные;17нж16нж1;"20…34 (55); 30…54 (56); 50…63 (57)";Вода, воздух, пар, аммиак, природный газ, жидкие углеводороды и нефтепродукты, масляные фракции, нефтехимические и другие, среды, в которых скорость коррозии материала корпуса не превышает 0,2мм в год;От -60 до +250;От -60 до +45;УХЛ1;В;33;855;0,8;0,4;ОТК;15;750;180;12 месяцев со дня ввода в эксплуатацию, но не более 18 месяцев со дня отгрузки потребителю;Сильфонное;Фланцевое;Уравновешенного типа;50/80;63/40;Коррозионностойкая сталь;37;По запросу;566380;25 рабочих дней;;;;;;
Клапан предохранительный пружинный сильфонный фланцевый  уравновешенного типа СППК5С 100-63нж 17нж16нж2 DN 100 (исп. ?) / 150 (исп. F) PN 6,3 (вход) / 4,0 (выход) МПа УХЛ1, пружина № ?, Рн=? кгс/см², корпус ст. 12Х18Н9ТЛ, класс герметичности «В» по ГОСТ 9544-2015;Клапаны предохранительные;17нж16нж2;"25…40 (77); 40…55 (80); 55…63 (81)";Вода, воздух, пар, аммиак, природный газ, жидкие углеводороды и нефтепродукты, масляные фракции, нефтехимические и другие, среды, в которых скорость коррозии материала корпуса не превышает 0,2мм в год;От -60 до +250;От -60 до +45;УХЛ1;В;63;3117;0,8;0,4;ОТК;15;750;180;12 месяцев со дня ввода в эксплуатацию, но не более 18 месяцев со дня отгрузки потребителю;Сильфонное;Фланцевое;Уравновешенного типа;100/150;63/40;Коррозионностойкая сталь;150;По запросу;1329310;25 рабочих дней;;;;;;
Клапан предохранительный пружинный сильфонный фланцевый  уравновешенного типа СППК5С 50-160нж 17нж8нж1 DN 50 (исп. J) / 80 (исп. F) PN 16,0 (вход) / 4,0 (выход) МПа УХЛ1, пружина № ?, Рн=? кгс/см², корпус ст. 12Х18Н9ТЛ, класс герметичности «В» по ГОСТ 9544-2015;Клапаны предохранительные;17нж8нж1;"53…90 (58); 85…124 (59); 124…141 (60); 140…160 (61)";Вода, воздух, пар, аммиак, природный газ, жидкие углеводороды и нефтепродукты, масляные фракции, нефтехимические и другие, среды, в которых скорость коррозии материала корпуса не превышает 0,2мм в год;От -60 до +250;От -60 до +45;УХЛ1;В;33;855;0,8;0,4;ОТК;15;750;180;12 месяцев со дня ввода в эксплуатацию, но не более 18 месяцев со дня отгрузки потребителю;Сильфонное;Фланцевое;Уравновешенного типа;50/80;160/40;Коррозионностойкая сталь;42;По запросу;613890;30 рабочих дней;;;;;;
Клапан предохранительный пружинный сильфонный фланцевый  уравновешенного типа СППК5С 100-160нж 17нж8нж3 DN 100 (исп. J) / 150 (исп. F) PN 16,0 (вход) / 4,0 (выход) МПа УХЛ1, пружина № ?, Рн=? кгс/см², корпус ст. 12Х18Н9ТЛ, класс герметичности «В» по ГОСТ 9544-2015;Клапаны предохранительные;17нж8нж3;"63…100 (80); 100…125 (81); 110…145 (82); 135…160 (83)";Вода, воздух, пар, аммиак, природный газ, жидкие углеводороды и нефтепродукты, масляные фракции, нефтехимические и другие, среды, в которых скорость коррозии материала корпуса не превышает 0,2мм в год;От -60 до +250;От -60 до +45;УХЛ1;В;56;2463;0,8;0,4;ОТК;15;750;180;12 месяцев со дня ввода в эксплуатацию, но не более 18 месяцев со дня отгрузки потребителю;Сильфонное;Фланцевое;Уравновешенного типа;100/150;160/40;Коррозионностойкая сталь;155;По запросу;1523840;30 рабочих дней;;;;;;
Клапан предохранительный пружинный сильфонный фланцевый без приспособления для принудительного открытия СППК5С 50-16нж1 28нж20нж DN 50 (исп. В) / 80 (исп. В) PN 1,6 (вход) / 0,6 (выход) МПа УХЛ1, пружина № ?, Рн=? кгс/см², корпус ст. 12Х18Н12М3ТЛ, класс герметичности «В» по ГОСТ 9544-2015;Клапаны предохранительные;28нж20нж;"6…8 (13); 8…16 (14)";Вода, воздух, пар, аммиак, природный газ, жидкие углеводороды и нефтепродукты, масляные фракции, нефтехимические и другие, среды, в которых скорость коррозии материала корпуса не превышает 0,2мм в год;От -60 до +250;От -60 до +45;УХЛ1;В;33;855;0,8;0,45;ОТК;15;750;180;12 месяцев со дня ввода в эксплуатацию, но не более 18 месяцев со дня отгрузки потребителю;Сильфонное;Фланцевое;Без приспособления для принудительного открытия;50/80;16/6;Коррозионностойкая сталь;27;По запросу;515740;20 рабочих дней;;;;;;
Клапан предохранительный пружинный сильфонный фланцевый без приспособления для принудительного открытия СППК5С 80-16нж1 28нж20нж DN 80 (исп. В) / 100 (исп. В) PN 1,6 (вход) / 0,6 (выход) МПа УХЛ1, пружина № ?, Рн=? кгс/см², корпус ст. 12Х18Н12М3ТЛ, класс герметичности «В» по ГОСТ 9544-2015;Клапаны предохранительные;28нж20нж;"6…8 (33); 8…16 (34)";Вода, воздух, пар, аммиак, природный газ, жидкие углеводороды и нефтепродукты, масляные фракции, нефтехимические и другие, среды, в которых скорость коррозии материала корпуса не превышает 0,2мм в год;От -60 до +250;От -60 до +45;УХЛ1;В;40;1256;0,8;0,5;ОТК;15;750;180;12 месяцев со дня ввода в эксплуатацию, но не более 18 месяцев со дня отгрузки потребителю;Сильфонное;Фланцевое;Без приспособления для принудительного открытия;80/100;16/6;Коррозионностойкая сталь;37;По запросу;551000;20 рабочих дней;;;;;;
Клапан предохранительный пружинный сильфонный фланцевый без приспособления для принудительного открытия СППК5С 100-16нж1 28нж20нж DN 100 (исп. В) / 150 (исп. В) PN 1,6 (вход) / 1,6 (выход) МПа УХЛ1, пружина № ?, Рн=? кгс/см², корпус ст. 12Х18Н12М3ТЛ, класс герметичности «В» по ГОСТ 9544-2015;Клапаны предохранительные;28нж20нж;"6…8 (54); 8…16 (55)";Вода, воздух, пар, аммиак, природный газ, жидкие углеводороды и нефтепродукты, масляные фракции, нефтехимические и другие, среды, в которых скорость коррозии материала корпуса не превышает 0,2мм в год;От -60 до +250;От -60 до +45;УХЛ1;В;50;1963;0,8;0,5;ОТК;15;750;180;12 месяцев со дня ввода в эксплуатацию, но не более 18 месяцев со дня отгрузки потребителю;Сильфонное;Фланцевое;Без приспособления для принудительного открытия;100/150;16/16;Коррозионностойкая сталь;58;По запросу;688190;20 рабочих дней;;;;;;
Клапан предохранительный пружинный сильфонный фланцевый без приспособления для принудительного открытия СППК5С 150-16нж1 28нж20нж DN 150 (исп. В) / 200 (исп. В) PN 1,6 (вход) / 0,6 (выход) МПа УХЛ1, пружина № ?, Рн=? кгс/см², корпус ст. 12Х18Н12М3ТЛ, класс герметичности «В» по ГОСТ 9544-2015;Клапаны предохранительные;28нж20нж;"0,5…1,5 (70); 1,5…3 (71); 3…5 (72); 5…8 (73); 8…12 (74); 12…16 (75)";Вода, воздух, пар, аммиак, природный газ, жидкие углеводороды и нефтепродукты, масляные фракции, нефтехимические и другие, среды, в которых скорость коррозии материала корпуса не превышает 0,2мм в год;От -60 до +250;От -60 до +45;УХЛ1;В;75;4417;0,6;0,5;ОТК;15;750;180;12 месяцев со дня ввода в эксплуатацию, но не более 18 месяцев со дня отгрузки потребителю;Сильфонное;Фланцевое;Без приспособления для принудительного открытия;150/200;16/6;Коррозионностойкая сталь;91;По запросу;1266400;25 рабочих дней;;;;;;
Клапан предохранительный пружинный сильфонный фланцевый без приспособления для принудительного открытия СППК5С 200-16нж1 28нж20нж DN 200 (исп. В) / 300 (исп. В) PN 1,6 (вход) / 0,6 (выход) МПа УХЛ1, пружина № ?, Рн=? кгс/см², корпус ст. 12Х18Н12М3ТЛ, класс герметичности «В» по ГОСТ 9544-2015;Клапаны предохранительные;28нж20нж;"0,5…1 (72); 1…2 (73); 2…3 (74); 3…5 (75); 5…7 (76); 7…9 (77); 9…12 (78); 12…16 (79)";Вода, воздух, пар, аммиак, природный газ, жидкие углеводороды и нефтепродукты, масляные фракции, нефтехимические и другие, среды, в которых скорость коррозии материала корпуса не превышает 0,2мм в год;От -60 до +250;От -60 до +45;УХЛ1;В;142;15836;0,4;0,1;ОТК;15;750;180;12 месяцев со дня ввода в эксплуатацию, но не более 18 месяцев со дня отгрузки потребителю;Сильфонное;Фланцевое;Без приспособления для принудительного открытия;200/300;16/6;Коррозионностойкая сталь;180;По запросу;2039380;25 рабочих дней;;;;;;
Клапан предохранительный пружинный сильфонный фланцевый без приспособления для принудительного открытия СППК5С 25-40нж1 28нж21нж DN 25 (исп. F) / 40 (исп. В) PN 4,0 (вход) / 1,6 (выход) МПа УХЛ1, пружина № ?, Рн=? кгс/см², корпус ст. 12Х18Н12М3ТЛ, класс герметичности «В» по ГОСТ 9544-2015;Клапаны предохранительные;28нж21нж;"6…8 (8); 8…16 (1); 16…25 (2); 25…40 (3) ";Вода, воздух, пар, аммиак, природный газ, жидкие углеводороды и нефтепродукты, масляные фракции, нефтехимические и другие, среды, в которых скорость коррозии материала корпуса не превышает 0,2мм в год;От -60 до +250;От -60 до +45;УХЛ1;В;18;254;0,6;0,15;ОТК;15;750;180;12 месяцев со дня ввода в эксплуатацию, но не более 18 месяцев со дня отгрузки потребителю;Сильфонное;Фланцевое;Без приспособления для принудительного открытия;25/40;40/16;Коррозионностойкая сталь;22;По запросу;632420;25 рабочих дней;;;;;;
Клапан предохранительный пружинный сильфонный фланцевый без приспособления для принудительного открытия СППК5С 50-40нж1 28нж21нж DN 50 (исп. F) / 80 (исп. В) PN 4,0 (вход) / 1,6 (выход) МПа УХЛ1, пружина № ?, Рн=? кгс/см², корпус ст. 12Х18Н12М3ТЛ, класс герметичности «В» по ГОСТ 9544-2015;Клапаны предохранительные;28нж21нж;"6…8 (13); 8…20 (14); 20…30 (15); 30…40 (16)";Вода, воздух, пар, аммиак, природный газ, жидкие углеводороды и нефтепродукты, масляные фракции, нефтехимические и другие, среды, в которых скорость коррозии материала корпуса не превышает 0,2мм в год;От -60 до +250;От -60 до +45;УХЛ1;В;33;855;0,8;0,45;ОТК;15;750;180;12 месяцев со дня ввода в эксплуатацию, но не более 18 месяцев со дня отгрузки потребителю;Сильфонное;Фланцевое;Без приспособления для принудительного открытия;50/80;40/16;Коррозионностойкая сталь;28;По запросу;645810;25 рабочих дней;;;;;;
Клапан предохранительный пружинный сильфонный фланцевый без приспособления для принудительного открытия СППК5С 80-40нж1 28нж21нж DN 80 (исп. F) / 100 (исп. В) PN 4,0 (вход) / 1,6 (выход) МПа УХЛ1, пружина № ?, Рн=? кгс/см², корпус ст. 12Х18Н12М3ТЛ, класс герметичности «В» по ГОСТ 9544-2015;Клапаны предохранительные;28нж21нж;"6…8 (33); 8…20 (35); 20…30 (36); 30…40 (37)";Вода, воздух, пар, аммиак, природный газ, жидкие углеводороды и нефтепродукты, масляные фракции, нефтехимические и другие, среды, в которых скорость коррозии материала корпуса не превышает 0,2мм в год;От -60 до +250;От -60 до +45;УХЛ1;В;40;1256;0,8;0,5;ОТК;15;750;180;12 месяцев со дня ввода в эксплуатацию, но не более 18 месяцев со дня отгрузки потребителю;Сильфонное;Фланцевое;Без приспособления для принудительного открытия;80/100;40/16;Коррозионностойкая сталь;39;По запросу;688850;25 рабочих дней;;;;;;
Клапан предохранительный пружинный сильфонный фланцевый без приспособления для принудительного открытия СППК5С 100-40нж1 28нж21нж DN 100 (исп. F) / 150 (исп. В) PN 4,0 (вход) / 1,6 (выход) МПа УХЛ1, пружина № ?, Рн=? кгс/см², корпус ст. 12Х18Н12М3ТЛ, класс герметичности «В» по ГОСТ 9544-2015;Клапаны предохранительные;28нж21нж;"8…16 (55); 16…26 (56); 26…40 (57)";Вода, воздух, пар, аммиак, природный газ, жидкие углеводороды и нефтепродукты, масляные фракции, нефтехимические и другие, среды, в которых скорость коррозии материала корпуса не превышает 0,2мм в год;От -60 до +250;От -60 до +45;УХЛ1;В;50;1963;0,8;0,5;ОТК;15;750;180;12 месяцев со дня ввода в эксплуатацию, но не более 18 месяцев со дня отгрузки потребителю;Сильфонное;Фланцевое;Без приспособления для принудительного открытия;100/150;40/16;Коррозионностойкая сталь;58;По запросу;859960;25 рабочих дней;;;;;;
Клапан предохранительный пружинный сильфонный фланцевый без приспособления для принудительного открытия СППК5С 150-40нж1 28нж21нж DN 150 (исп. F) / 200 (исп. В) PN 4,0 (вход) / 1,6 (выход) МПа УХЛ1, пружина № ?, Рн=? кгс/см², корпус ст. 12Х18Н12М3ТЛ, класс герметичности «В» по ГОСТ 9544-2015;Клапаны предохранительные;28нж21нж;"8…12 (74); 12…18 (75); 18…25 (76); 25…35 (77); 35…40 (78)";Вода, воздух, пар, аммиак, природный газ, жидкие углеводороды и нефтепродукты, масляные фракции, нефтехимические и другие, среды, в которых скорость коррозии материала корпуса не превышает 0,2мм в год;От -60 до +250;От -60 до +45;УХЛ1;В;75;4417;0,6;0,5;ОТК;15;750;180;12 месяцев со дня ввода в эксплуатацию, но не более 18 месяцев со дня отгрузки потребителю;Сильфонное;Фланцевое;Без приспособления для принудительного открытия;150/200;40/16;Коррозионностойкая сталь;94;По запросу;1584070;25 рабочих дней;;;;;;
Клапан предохранительный пружинный сильфонный фланцевый без приспособления для принудительного открытия СППК5С 50-63нж1 28нж22нж DN 50 (исп. ?) / 80 (исп. F) PN 6,3 (вход) / 4,0 (выход) МПа УХЛ1, пружина № ?, Рн=? кгс/см², корпус ст. 12Х18Н12М3ТЛ, класс герметичности «В» по ГОСТ 9544-2015;Клапаны предохранительные;28нж22нж;"20…34 (55); 30…54 (56); 50…63 (57)";Вода, воздух, пар, аммиак, природный газ, жидкие углеводороды и нефтепродукты, масляные фракции, нефтехимические и другие, среды, в которых скорость коррозии материала корпуса не превышает 0,2мм в год;От -60 до +250;От -60 до +45;УХЛ1;В;33;855;0,8;0,4;ОТК;15;750;180;12 месяцев со дня ввода в эксплуатацию, но не более 18 месяцев со дня отгрузки потребителю;Сильфонное;Фланцевое;Без приспособления для принудительного открытия;50/80;63/40;Коррозионностойкая сталь;37;По запросу;769620;25 рабочих дней;;;;;;
Клапан предохранительный пружинный сильфонный фланцевый без приспособления для принудительного открытия СППК5С 80-63нж1 28нж22нж DN 80 (исп. ?) / 100 (исп. F) PN 6,3 (вход) / 4,0 (выход) МПа УХЛ1, пружина № ?, Рн=? кгс/см², корпус ст. 12Х18Н12М3ТЛ, класс герметичности «В» по ГОСТ 9544-2015;Клапаны предохранительные;28нж22нж;"25…35 (38); 35…44 (37); 44…50 (39); 50…63 (40)";Вода, воздух, пар, аммиак, природный газ, жидкие углеводороды и нефтепродукты, масляные фракции, нефтехимические и другие, среды, в которых скорость коррозии материала корпуса не превышает 0,2мм в год;От -60 до +250;От -60 до +45;УХЛ1;В;40;1256;0,6;0,1;ОТК;15;750;180;12 месяцев со дня ввода в эксплуатацию, но не более 18 месяцев со дня отгрузки потребителю;Сильфонное;Фланцевое;Без приспособления для принудительного открытия;80/100;63/40;Коррозионностойкая сталь;67;По запросу;826500;25 рабочих дней;;;;;;
Клапан предохранительный пружинный сильфонный фланцевый без приспособления для принудительного открытия СППК5С 100-63нж1 28нж22нж DN 100 (исп. ?) / 150 (исп. F) PN 6,3 (вход) / 4,0 (выход) МПа УХЛ1, пружина № ?, Рн=? кгс/см², корпус ст. 12Х18Н12М3ТЛ, класс герметичности «В» по ГОСТ 9544-2015;Клапаны предохранительные;28нж22нж;"25…40 (77); 40…55 (80); 55…63 (81)";Вода, воздух, пар, аммиак, природный газ, жидкие углеводороды и нефтепродукты, масляные фракции, нефтехимические и другие, среды, в которых скорость коррозии материала корпуса не превышает 0,2мм в год;От -60 до +250;От -60 до +45;УХЛ1;В;63;3117;0,8;0,4;ОТК;15;750;180;12 месяцев со дня ввода в эксплуатацию, но не более 18 месяцев со дня отгрузки потребителю;Сильфонное;Фланцевое;Без приспособления для принудительного открытия;100/150;63/40;Коррозионностойкая сталь;150;По запросу;1807150;25 рабочих дней;;;;;;
Клапан предохранительный пружинный сильфонный фланцевый без приспособления для принудительного открытия СППК5С 50-160нж1 28нж23нж DN 50 (исп. J) / 80 (исп. F) PN 16,0 (вход) / 4,0 (выход) МПа УХЛ1, пружина № ?, Рн=? кгс/см², корпус ст. 12Х18Н12М3ТЛ, класс герметичности «В» по ГОСТ 9544-2015;Клапаны предохранительные;28нж23нж;"53…90 (58); 85…124 (59); 124…141 (60); 140…160 (61)";Вода, воздух, пар, аммиак, природный газ, жидкие углеводороды и нефтепродукты, масляные фракции, нефтехимические и другие, среды, в которых скорость коррозии материала корпуса не превышает 0,2мм в год;От -60 до +250;От -60 до +45;УХЛ1;В;33;855;0,8;0,4;ОТК;15;750;180;12 месяцев со дня ввода в эксплуатацию, но не более 18 месяцев со дня отгрузки потребителю;Сильфонное;Фланцевое;Без приспособления для принудительного открытия;50/80;160/40;Коррозионностойкая сталь;42;По запросу;1419440;30 рабочих дней;;;;;;
Клапан предохранительный пружинный сильфонный фланцевый без приспособления для принудительного открытия СППК5С 80-160нж1 28нж23нж DN 80 (исп. J) / 100 (исп. F) PN 16,0 (вход) / 4,0 (выход) МПа УХЛ1, пружина № ?, Рн=? кгс/см², корпус ст. 12Х18Н12М3ТЛ, класс герметичности «В» по ГОСТ 9544-2015;Клапаны предохранительные;28нж23нж;"50…63 (40); 63…100 (41); 100…135 (42); 135…160 (43)";Вода, воздух, пар, аммиак, природный газ, жидкие углеводороды и нефтепродукты, масляные фракции, нефтехимические и другие, среды, в которых скорость коррозии материала корпуса не превышает 0,2мм в год;От -60 до +250;От -60 до +45;УХЛ1;В;35;960;0,6;0,1;ОТК;15;750;180;12 месяцев со дня ввода в эксплуатацию, но не более 18 месяцев со дня отгрузки потребителю;Сильфонное;Фланцевое;Без приспособления для принудительного открытия;80/100;160/40;Коррозионностойкая сталь;71;По запросу;1524280;30 рабочих дней;;;;;;
Клапан предохранительный пружинный сильфонный фланцевый без приспособления для принудительного открытия СППК5С 100-160нж1 28нж23нж DN 100 (исп. J) / 150 (исп. F) PN 16,0 (вход) / 4,0 (выход) МПа УХЛ1, пружина № ?, Рн=? кгс/см², корпус ст. 12Х18Н12М3ТЛ, класс герметичности «В» по ГОСТ 9544-2015;Клапаны предохранительные;28нж23нж;"63…100 (80); 100…125 (81); 110…145 (82); 135…160 (83)";Вода, воздух, пар, аммиак, природный газ, жидкие углеводороды и нефтепродукты, масляные фракции, нефтехимические и другие, среды, в которых скорость коррозии материала корпуса не превышает 0,2мм в год;От -60 до +250;От -60 до +45;УХЛ1;В;56;2463;0,8;0,4;ОТК;15;750;180;12 месяцев со дня ввода в эксплуатацию, но не более 18 месяцев со дня отгрузки потребителю;Сильфонное;Фланцевое;Без приспособления для принудительного открытия;100/150;160/40;Коррозионностойкая сталь;155;По запросу;2072620;30 рабочих дней;;;;;;
Клапан предохранительный пружинный сильфонный фланцевый с приспособлением для принудительного открытия СППК5РС 50-16нж1 28нж20нж1 DN 50 (исп. В) / 80 (исп. В) PN 1,6 (вход) / 0,6 (выход) МПа УХЛ1, пружина № ?, Рн=? кгс/см², корпус ст. 12Х18Н12М3ТЛ, класс герметичности «В» по ГОСТ 9544-2015;Клапаны предохранительные;28нж20нж1;"6…8 (13); 8…16 (14)";Вода, воздух, пар, аммиак, природный газ, жидкие углеводороды и нефтепродукты, масляные фракции, нефтехимические и другие, среды, в которых скорость коррозии материала корпуса не превышает 0,2мм в год;От -60 до +250;От -60 до +45;УХЛ1;В;33;855;0,8;0,45;ОТК;15;750;180;12 месяцев со дня ввода в эксплуатацию, но не более 18 месяцев со дня отгрузки потребителю;Сильфонное;Фланцевое;С приспособлением для принудительного открытия;50/80;16/6;Коррозионностойкая сталь;30;По запросу;567060;20 рабочих дней;;;;;;
Клапан предохранительный пружинный сильфонный фланцевый с приспособлением для принудительного открытия СППК5РС 80-16нж1 28нж20нж1 DN 80 (исп. В) / 100 (исп. В) PN 1,6 (вход) / 0,6 (выход) МПа УХЛ1, пружина № ?, Рн=? кгс/см², корпус ст. 12Х18Н12М3ТЛ, класс герметичности «В» по ГОСТ 9544-2015;Клапаны предохранительные;28нж20нж1;"6…8 (33); 8…16 (34)";Вода, воздух, пар, аммиак, природный газ, жидкие углеводороды и нефтепродукты, масляные фракции, нефтехимические и другие, среды, в которых скорость коррозии материала корпуса не превышает 0,2мм в год;От -60 до +250;От -60 до +45;УХЛ1;В;40;1256;0,8;0,5;ОТК;15;750;180;12 месяцев со дня ввода в эксплуатацию, но не более 18 месяцев со дня отгрузки потребителю;Сильфонное;Фланцевое;С приспособлением для принудительного открытия;80/100;16/6;Коррозионностойкая сталь;40;По запросу;606320;20 рабочих дней;;;;;;
Клапан предохранительный пружинный сильфонный фланцевый с приспособлением для принудительного открытия СППК5РС 100-16нж1 28нж20нж1 DN 100 (исп. В) / 150 (исп. В) PN 1,6 (вход) / 1,6 (выход) МПа УХЛ1, пружина № ?, Рн=? кгс/см², корпус ст. 12Х18Н12М3ТЛ, класс герметичности «В» по ГОСТ 9544-2015;Клапаны предохранительные;28нж20нж1;"6…8 (54); 8…16 (55)";Вода, воздух, пар, аммиак, природный газ, жидкие углеводороды и нефтепродукты, масляные фракции, нефтехимические и другие, среды, в которых скорость коррозии материала корпуса не превышает 0,2мм в год;От -60 до +250;От -60 до +45;УХЛ1;В;50;1963;0,8;0,5;ОТК;15;750;180;12 месяцев со дня ввода в эксплуатацию, но не более 18 месяцев со дня отгрузки потребителю;Сильфонное;Фланцевое;С приспособлением для принудительного открытия;100/150;16/16;Коррозионностойкая сталь;62;По запросу;757570;20 рабочих дней;;;;;;
Клапан предохранительный пружинный сильфонный фланцевый с приспособлением для принудительного открытия СППК5РС 150-16нж1 28нж20нж1 DN 150 (исп. В) / 200 (исп. В) PN 1,6 (вход) / 0,6 (выход) МПа УХЛ1, пружина № ?, Рн=? кгс/см², корпус ст. 12Х18Н12М3ТЛ, класс герметичности «В» по ГОСТ 9544-2015;Клапаны предохранительные;28нж20нж1;"0,5…1,5 (70); 1,5…3 (71); 3…5 (72); 5…8 (73); 8…12 (74); 12…16 (75)";Вода, воздух, пар, аммиак, природный газ, жидкие углеводороды и нефтепродукты, масляные фракции, нефтехимические и другие, среды, в которых скорость коррозии материала корпуса не превышает 0,2мм в год;От -60 до +250;От -60 до +45;УХЛ1;В;75;4417;0,6;0,5;ОТК;15;750;180;12 месяцев со дня ввода в эксплуатацию, но не более 18 месяцев со дня отгрузки потребителю;Сильфонное;Фланцевое;С приспособлением для принудительного открытия;150/200;16/6;Коррозионностойкая сталь;94;По запросу;1393570;25 рабочих дней;;;;;;
Клапан предохранительный пружинный сильфонный фланцевый с приспособлением для принудительного открытия СППК5РС 200-16нж1 28нж20нж1 DN 200 (исп. В) / 300 (исп. В) PN 1,6 (вход) / 0,6 (выход) МПа УХЛ1, пружина № ?, Рн=? кгс/см², корпус ст. 12Х18Н12М3ТЛ, класс герметичности «В» по ГОСТ 9544-2015;Клапаны предохранительные;28нж20нж1;"0,5…1 (72); 1…2 (73); 2…3 (74); 3…5 (75); 5…7 (76); 7…9 (77); 9…12 (78); 12…16 (79)";Вода, воздух, пар, аммиак, природный газ, жидкие углеводороды и нефтепродукты, масляные фракции, нефтехимические и другие, среды, в которых скорость коррозии материала корпуса не превышает 0,2мм в год;От -60 до +250;От -60 до +45;УХЛ1;В;142;15836;0,4;0,1;ОТК;15;750;180;12 месяцев со дня ввода в эксплуатацию, но не более 18 месяцев со дня отгрузки потребителю;Сильфонное;Фланцевое;С приспособлением для принудительного открытия;200/300;16/6;Коррозионностойкая сталь;184;По запросу;2243050;25 рабочих дней;;;;;;
Клапан предохранительный пружинный сильфонный фланцевый с приспособлением для принудительного открытия СППК5РС 25-40нж1 28нж21нж1 DN 25 (исп. F) / 40 (исп. В) PN 4,0 (вход) / 1,6 (выход) МПа УХЛ1, пружина № ?, Рн=? кгс/см², корпус ст. 12Х18Н12М3ТЛ, класс герметичности «В» по ГОСТ 9544-2015;Клапаны предохранительные;28нж21нж1;"6…8 (8); 8…16 (1); 16…25 (2); 25…40 (3) ";Вода, воздух, пар, аммиак, природный газ, жидкие углеводороды и нефтепродукты, масляные фракции, нефтехимические и другие, среды, в которых скорость коррозии материала корпуса не превышает 0,2мм в год;От -60 до +250;От -60 до +45;УХЛ1;В;18;254;0,6;0,15;ОТК;15;750;180;12 месяцев со дня ввода в эксплуатацию, но не более 18 месяцев со дня отгрузки потребителю;Сильфонное;Фланцевое;С приспособлением для принудительного открытия;25/40;40/16;Коррозионностойкая сталь;25;По запросу;695550;25 рабочих дней;;;;;;
Клапан предохранительный пружинный сильфонный фланцевый с приспособлением для принудительного открытия СППК5РС 50-40нж1 28нж21нж1 DN 50 (исп. F) / 80 (исп. В) PN 4,0 (вход) / 1,6 (выход) МПа УХЛ1, пружина № ?, Рн=? кгс/см², корпус ст. 12Х18Н12М3ТЛ, класс герметичности «В» по ГОСТ 9544-2015;Клапаны предохранительные;28нж21нж1;"6…8 (13); 8…20 (14); 20…30 (15); 30…40 (16)";Вода, воздух, пар, аммиак, природный газ, жидкие углеводороды и нефтепродукты, масляные фракции, нефтехимические и другие, среды, в которых скорость коррозии материала корпуса не превышает 0,2мм в год;От -60 до +250;От -60 до +45;УХЛ1;В;33;855;0,8;0,45;ОТК;15;750;180;12 месяцев со дня ввода в эксплуатацию, но не более 18 месяцев со дня отгрузки потребителю;Сильфонное;Фланцевое;С приспособлением для принудительного открытия;50/80;40/16;Коррозионностойкая сталь;31;По запросу;710040;25 рабочих дней;;;;;;
Клапан предохранительный пружинный сильфонный фланцевый с приспособлением для принудительного открытия СППК5РС 80-40нж1 28нж21нж1 DN 80 (исп. F) / 100 (исп. В) PN 4,0 (вход) / 1,6 (выход) МПа УХЛ1, пружина № ?, Рн=? кгс/см², корпус ст. 12Х18Н12М3ТЛ, класс герметичности «В» по ГОСТ 9544-2015;Клапаны предохранительные;28нж21нж1;"6…8 (33); 8…20 (35); 20…30 (36); 30…40 (37)";Вода, воздух, пар, аммиак, природный газ, жидкие углеводороды и нефтепродукты, масляные фракции, нефтехимические и другие, среды, в которых скорость коррозии материала корпуса не превышает 0,2мм в год;От -60 до +250;От -60 до +45;УХЛ1;В;40;1256;0,8;0,5;ОТК;15;750;180;12 месяцев со дня ввода в эксплуатацию, но не более 18 месяцев со дня отгрузки потребителю;Сильфонное;Фланцевое;С приспособлением для принудительного открытия;80/100;40/16;Коррозионностойкая сталь;41;По запросу;758000;25 рабочих дней;;;;;;
Клапан предохранительный пружинный сильфонный фланцевый с приспособлением для принудительного открытия СППК5РС 100-40нж1 28нж21нж1 DN 100 (исп. F) / 150 (исп. В) PN 4,0 (вход) / 1,6 (выход) МПа УХЛ1, пружина № ?, Рн=? кгс/см², корпус ст. 12Х18Н12М3ТЛ, класс герметичности «В» по ГОСТ 9544-2015;Клапаны предохранительные;28нж21нж1;"8…16 (55); 16…26 (56); 26…40 (57)";Вода, воздух, пар, аммиак, природный газ, жидкие углеводороды и нефтепродукты, масляные фракции, нефтехимические и другие, среды, в которых скорость коррозии материала корпуса не превышает 0,2мм в год;От -60 до +250;От -60 до +45;УХЛ1;В;50;1963;0,8;0,5;ОТК;15;750;180;12 месяцев со дня ввода в эксплуатацию, но не более 18 месяцев со дня отгрузки потребителю;Сильфонное;Фланцевое;С приспособлением для принудительного открытия;100/150;40/16;Коррозионностойкая сталь;62;По запросу;946290;25 рабочих дней;;;;;;
Клапан предохранительный пружинный сильфонный фланцевый с приспособлением для принудительного открытия СППК5РС 150-40нж1 28нж21нж1 DN 150 (исп. F) / 200 (исп. В) PN 4,0 (вход) / 1,6 (выход) МПа УХЛ1, пружина № ?, Рн=? кгс/см², корпус ст. 12Х18Н12М3ТЛ, класс герметичности «В» по ГОСТ 9544-2015;Клапаны предохранительные;28нж21нж1;"8…12 (74); 12…18 (75); 18…25 (76); 25…35 (77); 35…40 (78)";Вода, воздух, пар, аммиак, природный газ, жидкие углеводороды и нефтепродукты, масляные фракции, нефтехимические и другие, среды, в которых скорость коррозии материала корпуса не превышает 0,2мм в год;От -60 до +250;От -60 до +45;УХЛ1;В;75;4417;0,6;0,5;ОТК;15;750;180;12 месяцев со дня ввода в эксплуатацию, но не более 18 месяцев со дня отгрузки потребителю;Сильфонное;Фланцевое;С приспособлением для принудительного открытия;150/200;40/16;Коррозионностойкая сталь;97;По запросу;1742460;25 рабочих дней;;;;;;
Клапан предохранительный пружинный сильфонный фланцевый с приспособлением для принудительного открытия СППК5РС 50-63нж1 28нж22нж1 DN 50 (исп. ?) / 80 (исп. F) PN 6,3 (вход) / 4,0 (выход) МПа УХЛ1, пружина № ?, Рн=? кгс/см², корпус ст. 12Х18Н12М3ТЛ, класс герметичности «В» по ГОСТ 9544-2015;Клапаны предохранительные;28нж22нж1;"20…34 (55); 30…54 (56); 50…63 (57)";Вода, воздух, пар, аммиак, природный газ, жидкие углеводороды и нефтепродукты, масляные фракции, нефтехимические и другие, среды, в которых скорость коррозии материала корпуса не превышает 0,2мм в год;От -60 до +250;От -60 до +45;УХЛ1;В;33;855;0,8;0,4;ОТК;15;750;180;12 месяцев со дня ввода в эксплуатацию, но не более 18 месяцев со дня отгрузки потребителю;Сильфонное;Фланцевое;С приспособлением для принудительного открытия;50/80;63/40;Коррозионностойкая сталь;40;По запросу;846580;25 рабочих дней;;;;;;
Клапан предохранительный пружинный сильфонный фланцевый с приспособлением для принудительного открытия СППК5РС 80-63нж1 28нж22нж1 DN 80 (исп. ?) / 100 (исп. F) PN 6,3 (вход) / 4,0 (выход) МПа УХЛ1, пружина № ?, Рн=? кгс/см², корпус ст. 12Х18Н12М3ТЛ, класс герметичности «В» по ГОСТ 9544-2015;Клапаны предохранительные;28нж22нж1;"25…35 (38); 35…44 (37); 44…50 (39); 50…63 (40)";Вода, воздух, пар, аммиак, природный газ, жидкие углеводороды и нефтепродукты, масляные фракции, нефтехимические и другие, среды, в которых скорость коррозии материала корпуса не превышает 0,2мм в год;От -60 до +250;От -60 до +45;УХЛ1;В;40;1256;0,6;0,1;ОТК;15;750;180;12 месяцев со дня ввода в эксплуатацию, но не более 18 месяцев со дня отгрузки потребителю;Сильфонное;Фланцевое;С приспособлением для принудительного открытия;80/100;63/40;Коррозионностойкая сталь;70;По запросу;909480;25 рабочих дней;;;;;;
Клапан предохранительный пружинный сильфонный фланцевый с приспособлением для принудительного открытия СППК5РС 100-63нж1 28нж22нж1 DN 100 (исп. ?) / 150 (исп. F) PN 6,3 (вход) / 4,0 (выход) МПа УХЛ1, пружина № ?, Рн=? кгс/см², корпус ст. 12Х18Н12М3ТЛ, класс герметичности «В» по ГОСТ 9544-2015;Клапаны предохранительные;28нж22нж1;"25…40 (77); 40…55 (80); 55…63 (81)";Вода, воздух, пар, аммиак, природный газ, жидкие углеводороды и нефтепродукты, масляные фракции, нефтехимические и другие, среды, в которых скорость коррозии материала корпуса не превышает 0,2мм в год;От -60 до +250;От -60 до +45;УХЛ1;В;63;3117;0,8;0,4;ОТК;15;750;180;12 месяцев со дня ввода в эксплуатацию, но не более 18 месяцев со дня отгрузки потребителю;Сильфонное;Фланцевое;С приспособлением для принудительного открытия;100/150;63/40;Коррозионностойкая сталь;155;По запросу;1987850;25 рабочих дней;;;;;;
Клапан предохранительный пружинный сильфонный фланцевый с приспособлением для принудительного открытия СППК5РС 50-160нж1 28нж23нж1 DN 50 (исп. J) / 80 (исп. F) PN 16,0 (вход) / 4,0 (выход) МПа УХЛ1, пружина № ?, Рн=? кгс/см², корпус ст. 12Х18Н12М3ТЛ, класс герметичности «В» по ГОСТ 9544-2015;Клапаны предохранительные;28нж23нж1;"53…90 (58); 85…124 (59); 124…141 (60); 140…160 (61)";Вода, воздух, пар, аммиак, природный газ, жидкие углеводороды и нефтепродукты, масляные фракции, нефтехимические и другие, среды, в которых скорость коррозии материала корпуса не превышает 0,2мм в год;От -60 до +250;От -60 до +45;УХЛ1;В;33;855;0,8;0,4;ОТК;15;750;180;12 месяцев со дня ввода в эксплуатацию, но не более 18 месяцев со дня отгрузки потребителю;Сильфонное;Фланцевое;С приспособлением для принудительного открытия;50/80;160/40;Коррозионностойкая сталь;45;По запросу;1561760;30 рабочих дней;;;;;;
Клапан предохранительный пружинный сильфонный фланцевый с приспособлением для принудительного открытия СППК5РС 80-160нж1 28нж23нж1 DN 80 (исп. J) / 100 (исп. F) PN 16,0 (вход) / 4,0 (выход) МПа УХЛ1, пружина № ?, Рн=? кгс/см², корпус ст. 12Х18Н12М3ТЛ, класс герметичности «В» по ГОСТ 9544-2015;Клапаны предохранительные;28нж23нж1;"50…63 (40); 63…100 (41); 100…135 (42); 135…160 (43)";Вода, воздух, пар, аммиак, природный газ, жидкие углеводороды и нефтепродукты, масляные фракции, нефтехимические и другие, среды, в которых скорость коррозии материала корпуса не превышает 0,2мм в год;От -60 до +250;От -60 до +45;УХЛ1;В;35;960;0,6;0,1;ОТК;15;750;180;12 месяцев со дня ввода в эксплуатацию, но не более 18 месяцев со дня отгрузки потребителю;Сильфонное;Фланцевое;С приспособлением для принудительного открытия;80/100;160/40;Коррозионностойкая сталь;74;По запросу;1677100;30 рабочих дней;;;;;;
Клапан предохранительный пружинный сильфонный фланцевый с приспособлением для принудительного открытия СППК5РС 100-160нж1 28нж23нж1 DN 100 (исп. J) / 150 (исп. F) PN 16,0 (вход) / 4,0 (выход) МПа УХЛ1, пружина № ?, Рн=? кгс/см², корпус ст. 12Х18Н12М3ТЛ, класс герметичности «В» по ГОСТ 9544-2015;Клапаны предохранительные;28нж23нж1;"63…100 (80); 100…125 (81); 110…145 (82); 135…160 (83)";Вода, воздух, пар, аммиак, природный газ, жидкие углеводороды и нефтепродукты, масляные фракции, нефтехимические и другие, среды, в которых скорость коррозии материала корпуса не превышает 0,2мм в год;От -60 до +250;От -60 до +45;УХЛ1;В;56;2463;0,8;0,4;ОТК;15;750;180;12 месяцев со дня ввода в эксплуатацию, но не более 18 месяцев со дня отгрузки потребителю;Сильфонное;Фланцевое;С приспособлением для принудительного открытия;100/150;160/40;Коррозионностойкая сталь;160;По запросу;2279640;30 рабочих дней;;;;;;
Клапан предохранительный пружинный сальниковый фланцевый с приспособлением для принудительного открытия СППК4Р 50-25 17с13нж5 DN 50 (исп. В) / 80 (исп. В) PN 2,5 (вход) / 1,6 (выход) МПа У1, пружина № ?, Рн=? кгс/см², корпус ст. 20Л, класс герметичности «В» по ГОСТ 9544-2015;Клапаны предохранительные;17с13нж5;"0,5…1,2 (10); 1,2…2,5 (11); 2,5…4 (12); 4…8 (13); 8…20 (14); 20…25 (15)";Вода, воздух, пар, аммиак, нефть, жидкие углеводороды и нефтепродукты, масляные фракции и другие, среды, в которых скорость коррозии материала корпуса не превышает 0,2мм в год;От -40 до +425;От -40 до +45;У1;В;33;855;0,8;0,4;ОТК;15;750;180;12 месяцев со дня ввода в эксплуатацию, но не более 18 месяцев со дня отгрузки потребителю;Сальниковое;Фланцевое;С приспособлением для принудительного открытия;50/80;25/16;Углеродистая сталь;29;По запросу;76960;20 рабочих дней;;;;;;
Клапан предохранительный пружинный сальниковый фланцевый без приспособления для принудительного открытия СППК4 50-25 17с13нж3 DN 50 (исп. В) / 80 (исп. В) PN 2,5 (вход) / 1,6 (выход) МПа У1, пружина № ?, Рн=? кгс/см², корпус ст. 20Л, класс герметичности «В» по ГОСТ 9544-2015;Клапаны предохранительные;17с13нж3;"0,5…1,2 (10); 1,2…2,5 (11); 2,5…4 (12); 4…8 (13); 8…20 (14); 20…25 (15)";Вода, воздух, пар, аммиак, нефть, жидкие углеводороды и нефтепродукты, масляные фракции и другие, среды, в которых скорость коррозии материала корпуса не превышает 0,2мм в год;От -40 до +425;От -40 до +45;У1;В;33;855;0,8;0,4;ОТК;15;750;180;12 месяцев со дня ввода в эксплуатацию, но не более 18 месяцев со дня отгрузки потребителю;Сальниковое;Фланцевое;Без приспособления для принудительного открытия;50/80;25/16;Углеродистая сталь;26;По запросу;72500;20 рабочих дней;;;;;;
Клапан предохранительный пружинный сальниковый фланцевый с приспособлением для принудительного открытия СППК4Р 50-25нж 17нж13нж5 DN 50 (исп. В) / 80 (исп. В) PN 2,5 (вход) / 1,6 (выход) МПа УХЛ1, пружина № ?, Рн=? кгс/см², корпус ст. 12Х18Н9ТЛ, класс герметичности «В» по ГОСТ 9544-2015;Клапаны предохранительные;17нж13нж5;"0,5…1,2 (10); 1,2…2,5 (11); 2,5…4 (12); 4…8 (13); 8…20 (14); 20…25 (15)";Вода, воздух, пар, аммиак, природный газ, жидкие углеводороды и нефтепродукты, масляные фракции, нефтехимические и другие, среды, в которых скорость коррозии материала корпуса не превышает 0,2мм в год;От -60 до +300;От -60 до +45;УХЛ1;В;33;855;0,8;0,4;ОТК;15;750;180;12 месяцев со дня ввода в эксплуатацию, но не более 18 месяцев со дня отгрузки потребителю;Сальниковое;Фланцевое;С приспособлением для принудительного открытия;50/80;25/16;Коррозионностойкая сталь;29;По запросу;196520;20 рабочих дней;;;;;;
Клапан предохранительный пружинный сальниковый фланцевый без приспособления для принудительного открытия СППК4 50-25нж 17нж13нж3 DN 50 (исп. В) / 80 (исп. В) PN 2,5 (вход) / 1,6 (выход) МПа УХЛ1, пружина № ?, Рн=? кгс/см², корпус ст. 12Х18Н9ТЛ, класс герметичности «В» по ГОСТ 9544-2015;Клапаны предохранительные;17нж13нж3;"0,5…1,2 (10); 1,2…2,5 (11); 2,5…4 (12); 4…8 (13); 8…20 (14); 20…25 (15)";Вода, воздух, пар, аммиак, природный газ, жидкие углеводороды и нефтепродукты, масляные фракции, нефтехимические и другие, среды, в которых скорость коррозии материала корпуса не превышает 0,2мм в год;От -60 до +300;От -60 до +45;УХЛ1;В;33;855;0,8;0,4;ОТК;15;750;180;12 месяцев со дня ввода в эксплуатацию, но не более 18 месяцев со дня отгрузки потребителю;Сальниковое;Фланцевое;Без приспособления для принудительного открытия;50/80;25/16;Коррозионностойкая сталь;26;По запросу;168630;20 рабочих дней;;;;;;
Клапан предохранительный пружинный сальниковый фланцевый с приспособлением для принудительного открытия СППК4Р 50-25лс 17лс13нж7 DN 50 (исп. В) / 80 (исп. В) PN 2,5 (вход) / 1,6 (выход) МПа ХЛ1, пружина № ?, Рн=? кгс/см², корпус ст. 20ГЛ, класс герметичности «В» по ГОСТ 9544-2015;Клапаны предохранительные;17лс13нж7;"0,5…1,2 (10); 1,2…2,5 (11); 2,5…4 (12); 4…8 (13); 8…20 (14); 20…25 (15)";Вода, воздух, пар, аммиак, природный газ, жидкие углеводороды и нефтепродукты, масляные фракции и другие, среды, в которых скорость коррозии материала корпуса не превышает 0,2мм в год;От -60 до +300;От -60 до +45;ХЛ1;В;33;855;0,8;0,4;ОТК;15;750;180;12 месяцев со дня ввода в эксплуатацию, но не более 18 месяцев со дня отгрузки потребителю;Сальниковое;Фланцевое;С приспособлением для принудительного открытия;50/80;25/16;Хладостойкая сталь;29;По запросу;134050;20 рабочих дней;;;;;;
Клапан предохранительный пружинный сальниковый фланцевый без приспособления для принудительного открытия СППК4 50-25лс 17лс13нж3 DN 50 (исп. В) / 80 (исп. В) PN 2,5 (вход) / 1,6 (выход) МПа ХЛ1, пружина № ?, Рн=? кгс/см², корпус ст. 20ГЛ, класс герметичности «В» по ГОСТ 9544-2015;Клапаны предохранительные;17лс13нж3;"0,5…1,2 (10); 1,2…2,5 (11); 2,5…4 (12); 4…8 (13); 8…20 (14); 20…25 (15)";Вода, воздух, пар, аммиак, природный газ, жидкие углеводороды и нефтепродукты, масляные фракции и другие, среды, в которых скорость коррозии материала корпуса не превышает 0,2мм в год;От -60 до +300;От -60 до +45;ХЛ1;В;33;855;0,8;0,4;ОТК;15;750;180;12 месяцев со дня ввода в эксплуатацию, но не более 18 месяцев со дня отгрузки потребителю;Сальниковое;Фланцевое;Без приспособления для принудительного открытия;50/80;25/16;Хладостойкая сталь;26;По запросу;116640;20 рабочих дней;;;;;;
Клапан предохранительный пружинный сальниковый фланцевый с приспособлением для принудительного открытия СППК4Р 80-25 17с25нж4 DN 80 (исп. В) / 100 (исп. В) PN 2,5 (вход) / 1,6 (выход) МПа У1, пружина № ?, Рн=? кгс/см², корпус ст. 20Л, класс герметичности «В» по ГОСТ 9544-2015;Клапаны предохранительные;17с25нж4;"0,5…1,2 (30); 1,2…3 (31); 3…5 (32); 5…8 (33); 8…20 (35); 20…25 (36)";Вода, воздух, пар, аммиак, нефть, жидкие углеводороды и нефтепродукты, масляные фракции и другие, среды, в которых скорость коррозии материала корпуса не превышает 0,2мм в год;От -40 до +425;От -40 до +45;У1;В;40;1256;0,8;0,5;ОТК;15;750;180;12 месяцев со дня ввода в эксплуатацию, но не более 18 месяцев со дня отгрузки потребителю;Сальниковое;Фланцевое;С приспособлением для принудительного открытия;80/100;25/16;Углеродистая сталь;41;По запросу;82530;20 рабочих дней;;;;;;
Клапан предохранительный пружинный сальниковый фланцевый без приспособления для принудительного открытия СППК4 80-25 17с25нж2 DN 80 (исп. В) / 100 (исп. В) PN 2,5 (вход) / 1,6 (выход) МПа У1, пружина № ?, Рн=? кгс/см², корпус ст. 20Л, класс герметичности «В» по ГОСТ 9544-2015;Клапаны предохранительные;17с25нж2;"0,5…1,2 (30); 1,2…3 (31); 3…5 (32); 5…8 (33); 8…20 (35); 20…25 (36)";Вода, воздух, пар, аммиак, нефть, жидкие углеводороды и нефтепродукты, масляные фракции и другие, среды, в которых скорость коррозии материала корпуса не превышает 0,2мм в год;От -40 до +425;От -40 до +45;У1;В;40;1256;0,8;0,5;ОТК;15;750;180;12 месяцев со дня ввода в эксплуатацию, но не более 18 месяцев со дня отгрузки потребителю;Сальниковое;Фланцевое;Без приспособления для принудительного открытия;80/100;25/16;Углеродистая сталь;35;По запросу;76280;20 рабочих дней;;;;;;
Клапан предохранительный пружинный сальниковый фланцевый с приспособлением для принудительного открытия СППК4Р 80-25нж 17нж25нж5 DN 80 (исп. В) / 100 (исп. В) PN 2,5 (вход) / 1,6 (выход) МПа УХЛ1, пружина № ?, Рн=? кгс/см², корпус ст. 12Х18Н9ТЛ, класс герметичности «В» по ГОСТ 9544-2015;Клапаны предохранительные;17нж25нж5;"0,5…1,2 (30); 1,2…3 (31); 3…5 (32); 5…8 (33); 8…20 (35); 20…25 (36)";Вода, воздух, пар, аммиак, природный газ, жидкие углеводороды и нефтепродукты, масляные фракции, нефтехимические и другие, среды, в которых скорость коррозии материала корпуса не превышает 0,2мм в год;От -60 до +300;От -60 до +45;УХЛ1;В;40;1256;0,8;0,5;ОТК;15;750;180;12 месяцев со дня ввода в эксплуатацию, но не более 18 месяцев со дня отгрузки потребителю;Сальниковое;Фланцевое;С приспособлением для принудительного открытия;80/100;25/16;Коррозионностойкая сталь;41;По запросу;251170;20 рабочих дней;;;;;;
Клапан предохранительный пружинный сальниковый фланцевый без приспособления для принудительного открытия СППК4 80-25нж 17нж25нж3 DN 80 (исп. В) / 100 (исп. В) PN 2,5 (вход) / 1,6 (выход) МПа УХЛ1, пружина № ?, Рн=? кгс/см², корпус ст. 12Х18Н9ТЛ, класс герметичности «В» по ГОСТ 9544-2015;Клапаны предохранительные;17нж25нж3;"0,5…1,2 (30); 1,2…3 (31); 3…5 (32); 5…8 (33); 8…20 (35); 20…25 (36)";Вода, воздух, пар, аммиак, природный газ, жидкие углеводороды и нефтепродукты, масляные фракции, нефтехимические и другие, среды, в которых скорость коррозии материала корпуса не превышает 0,2мм в год;От -60 до +300;От -60 до +45;УХЛ1;В;40;1256;0,8;0,5;ОТК;15;750;180;12 месяцев со дня ввода в эксплуатацию, но не более 18 месяцев со дня отгрузки потребителю;Сальниковое;Фланцевое;Без приспособления для принудительного открытия;80/100;25/16;Коррозионностойкая сталь;35;По запросу;228860;20 рабочих дней;;;;;;
Клапан предохранительный пружинный сальниковый фланцевый с приспособлением для принудительного открытия СППК4Р 80-25лс 17лс25нж7 DN 80 (исп. В) / 100 (исп. В) PN 2,5 (вход) / 1,6 (выход) МПа ХЛ1, пружина № ?, Рн=? кгс/см², корпус ст. 20ГЛ, класс герметичности «В» по ГОСТ 9544-2015;Клапаны предохранительные;17лс25нж7;"0,5…1,2 (30); 1,2…3 (31); 3…5 (32); 5…8 (33); 8…20 (35); 20…25 (36)";Вода, воздух, пар, аммиак, природный газ, жидкие углеводороды и нефтепродукты, масляные фракции и другие, среды, в которых скорость коррозии материала корпуса не превышает 0,2мм в год;От -60 до +300;От -60 до +45;ХЛ1;В;40;1256;0,8;0,5;ОТК;15;750;180;12 месяцев со дня ввода в эксплуатацию, но не более 18 месяцев со дня отгрузки потребителю;Сальниковое;Фланцевое;С приспособлением для принудительного открытия;80/100;25/16;Хладостойкая сталь;41;По запросу;170410;20 рабочих дней;;;;;;
Клапан предохранительный пружинный сальниковый фланцевый без приспособления для принудительного открытия СППК4 80-25лс 17лс25нж3 DN 80 (исп. В) / 100 (исп. В) PN 2,5 (вход) / 1,6 (выход) МПа ХЛ1, пружина № ?, Рн=? кгс/см², корпус ст. 20ГЛ, класс герметичности «В» по ГОСТ 9544-2015;Клапаны предохранительные;17лс25нж3;"0,5…1,2 (30); 1,2…3 (31); 3…5 (32); 5…8 (33); 8…20 (35); 20…25 (36)";Вода, воздух, пар, аммиак, природный газ, жидкие углеводороды и нефтепродукты, масляные фракции и другие, среды, в которых скорость коррозии материала корпуса не превышает 0,2мм в год;От -60 до +300;От -60 до +45;ХЛ1;В;40;1256;0,8;0,5;ОТК;15;750;180;12 месяцев со дня ввода в эксплуатацию, но не более 18 месяцев со дня отгрузки потребителю;Сальниковое;Фланцевое;Без приспособления для принудительного открытия;80/100;25/16;Хладостойкая сталь;35;По запросу;152800;20 рабочих дней;;;;;;
Клапан предохранительный пружинный сальниковый фланцевый с приспособлением для принудительного открытия СППК5Р 100-25 17с26нж2 DN 100 (исп. В) / 150 (исп. В) PN 2,5 (вход) / 1,6 (выход) МПа У1, пружина № ?, Рн=? кгс/см², корпус ст. 20Л, класс герметичности «В» по ГОСТ 9544-2015;Клапаны предохранительные;17с26нж2;"8…16 (55); 16…25 (56)";Вода, воздух, пар, аммиак, нефть, жидкие углеводороды и нефтепродукты, масляные фракции и другие, среды, в которых скорость коррозии материала корпуса не превышает 0,2мм в год;От -40 до +425;От -40 до +45;У1;В;50;1963;0,8;0,5;ОТК;15;750;180;12 месяцев со дня ввода в эксплуатацию, но не более 18 месяцев со дня отгрузки потребителю;Сальниковое;Фланцевое;С приспособлением для принудительного открытия;100/150;25/16;Углеродистая сталь;58,5;По запросу;137180;20 рабочих дней;;;;;;
Клапан предохранительный пружинный сальниковый фланцевый без приспособления для принудительного открытия СППК5 100-25 17с26нж DN 100 (исп. В) / 150 (исп. В) PN 2,5 (вход) / 1,6 (выход) МПа У1, пружина № ?, Рн=? кгс/см², корпус ст. 20Л, класс герметичности «В» по ГОСТ 9544-2015;Клапаны предохранительные;17с26нж;"8…16 (55); 16…25 (56)";Вода, воздух, пар, аммиак, нефть, жидкие углеводороды и нефтепродукты, масляные фракции и другие, среды, в которых скорость коррозии материала корпуса не превышает 0,2мм в год;От -40 до +425;От -40 до +45;У1;В;50;1963;0,8;0,5;ОТК;15;750;180;12 месяцев со дня ввода в эксплуатацию, но не более 18 месяцев со дня отгрузки потребителю;Сальниковое;Фланцевое;Без приспособления для принудительного открытия;100/150;25/16;Углеродистая сталь;54,2;По запросу;129140;20 рабочих дней;;;;;;
Клапан предохранительный пружинный сальниковый фланцевый с приспособлением для принудительного открытия СППК5Р 100-25нж 17нж26нж2 DN 100 (исп. В) / 150 (исп. В) PN 2,5 (вход) / 1,6 (выход) МПа УХЛ1, пружина № ?, Рн=? кгс/см², корпус ст. 12Х18Н9ТЛ, класс герметичности «В» по ГОСТ 9544-2015;Клапаны предохранительные;17нж26нж2;"8…16 (55); 16…25 (56)";Вода, воздух, пар, аммиак, природный газ, жидкие углеводороды и нефтепродукты, масляные фракции, нефтехимические и другие, среды, в которых скорость коррозии материала корпуса не превышает 0,2мм в год;От -60 до +300;От -60 до +45;УХЛ1;В;50;1963;0,8;0,5;ОТК;15;750;180;12 месяцев со дня ввода в эксплуатацию, но не более 18 месяцев со дня отгрузки потребителю;Сальниковое;Фланцевое;С приспособлением для принудительного открытия;100/150;25/16;Коррозионностойкая сталь;58,5;По запросу;366730;20 рабочих дней;;;;;;
Клапан предохранительный пружинный сальниковый фланцевый без приспособления для принудительного открытия СППК5 100-25нж 17нж26нж DN 100 (исп. В) / 150 (исп. В) PN 2,5 (вход) / 1,6 (выход) МПа УХЛ1, пружина № ?, Рн=? кгс/см², корпус ст. 12Х18Н9ТЛ, класс герметичности «В» по ГОСТ 9544-2015;Клапаны предохранительные;17нж26нж;"8…16 (55); 16…25 (56)";Вода, воздух, пар, аммиак, природный газ, жидкие углеводороды и нефтепродукты, масляные фракции, нефтехимические и другие, среды, в которых скорость коррозии материала корпуса не превышает 0,2мм в год;От -60 до +300;От -60 до +45;УХЛ1;В;50;1963;0,8;0,5;ОТК;15;750;180;12 месяцев со дня ввода в эксплуатацию, но не более 18 месяцев со дня отгрузки потребителю;Сальниковое;Фланцевое;Без приспособления для принудительного открытия;100/150;25/16;Коррозионностойкая сталь;54,2;По запросу;341740;20 рабочих дней;;;;;;
Клапан предохранительный пружинный сальниковый фланцевый с приспособлением для принудительного открытия СППК5Р 100-25лс 17лс26нж4 DN 100 (исп. В) / 150 (исп. В) PN 2,5 (вход) / 1,6 (выход) МПа ХЛ1, пружина № ?, Рн=? кгс/см², корпус ст. 20ГЛ, класс герметичности «В» по ГОСТ 9544-2015;Клапаны предохранительные;17лс26нж4;"8…16 (55); 16…25 (56)";Вода, воздух, пар, аммиак, природный газ, жидкие углеводороды и нефтепродукты, масляные фракции и другие, среды, в которых скорость коррозии материала корпуса не превышает 0,2мм в год;От -60 до +300;От -60 до +45;ХЛ1;В;50;1963;0,8;0,5;ОТК;15;750;180;12 месяцев со дня ввода в эксплуатацию, но не более 18 месяцев со дня отгрузки потребителю;Сальниковое;Фланцевое;С приспособлением для принудительного открытия;100/150;25/16;Хладостойкая сталь;58,5;По запросу;211670;25 рабочих дней;;;;;;
Клапан предохранительный пружинный сальниковый фланцевый без приспособления для принудительного открытия СППК5 100-25лс 17лс26нж DN 100 (исп. В) / 150 (исп. В) PN 2,5 (вход) / 1,6 (выход) МПа ХЛ1, пружина № ?, Рн=? кгс/см², корпус ст. 20ГЛ, класс герметичности «В» по ГОСТ 9544-2015;Клапаны предохранительные;17лс26нж;"8…16 (55); 16…25 (56)";Вода, воздух, пар, аммиак, природный газ, жидкие углеводороды и нефтепродукты, масляные фракции и другие, среды, в которых скорость коррозии материала корпуса не превышает 0,2мм в год;От -60 до +300;От -60 до +45;ХЛ1;В;50;1963;0,8;0,5;ОТК;15;750;180;12 месяцев со дня ввода в эксплуатацию, но не более 18 месяцев со дня отгрузки потребителю;Сальниковое;Фланцевое;Без приспособления для принудительного открытия;100/150;25/16;Хладостойкая сталь;54,2;По запросу;195400;25 рабочих дней;;;;;;
Клапан предохранительный пружинный сальниковый фланцевый с приспособлением для принудительного открытия СППК4Р 150-25 28с21нж2 DN 150 (исп. В) / 200 (исп. В) PN 2,5 (вход) / 1,6 (выход) МПа У1, пружина № ?, Рн=? кгс/см², корпус ст. 20Л, класс герметичности «В» по ГОСТ 9544-2015;Клапаны предохранительные;28с21нж2;"8…12 (74); 12…18 (75); 18…25 (76)";Вода, воздух, пар, аммиак, нефть, жидкие углеводороды и нефтепродукты, масляные фракции и другие, среды, в которых скорость коррозии материала корпуса не превышает 0,2мм в год;От -40 до +425;От -60 до +45;У1;В;75;4417;0,8;0,4;ОТК;15;750;180;12 месяцев со дня ввода в эксплуатацию, но не более 18 месяцев со дня отгрузки потребителю;Сальниковое;Фланцевое;С приспособлением для принудительного открытия;150/200;25/16;Углеродистая сталь;97,5;По запросу;188940;25 рабочих дней;;;;;;
Клапан предохранительный пружинный сальниковый фланцевый без приспособления для принудительного открытия СППК4 150-25 28с21нж DN 150 (исп. В) / 200 (исп. В) PN 2,5 (вход) / 1,6 (выход) МПа У1, пружина № ?, Рн=? кгс/см², корпус ст. 20Л, класс герметичности «В» по ГОСТ 9544-2015;Клапаны предохранительные;28с21нж;"8…12 (74); 12…18 (75); 18…25 (76)";Вода, воздух, пар, аммиак, нефть, жидкие углеводороды и нефтепродукты, масляные фракции и другие, среды, в которых скорость коррозии материала корпуса не превышает 0,2мм в год;От -40 до +425;От -60 до +45;У1;В;75;4417;0,8;0,56;ОТК;15;750;180;12 месяцев со дня ввода в эксплуатацию, но не более 18 месяцев со дня отгрузки потребителю;Сальниковое;Фланцевое;Без приспособления для принудительного открытия;150/200;25/16;Углеродистая сталь;93;По запросу;175550;25 рабочих дней;;;;;;
Клапан предохранительный пружинный сальниковый фланцевый с приспособлением для принудительного открытия СППК4Р 150-25нж 28нж21нж5 DN 150 (исп. В) / 200 (исп. В) PN 2,5 (вход) / 1,6 (выход) МПа УХЛ1, пружина № ?, Рн=? кгс/см², корпус ст. 12Х18Н9ТЛ, класс герметичности «В» по ГОСТ 9544-2015;Клапаны предохранительные;28нж21нж5;"8…12 (74); 12…18 (75); 18…25 (76)";Вода, воздух, пар, аммиак, природный газ, жидкие углеводороды и нефтепродукты, масляные фракции, нефтехимические и другие, среды, в которых скорость коррозии материала корпуса не превышает 0,2мм в год;От -60 до +300;От -60 до +45;УХЛ1;В;75;4417;0,8;0,4;ОТК;15;750;180;12 месяцев со дня ввода в эксплуатацию, но не более 18 месяцев со дня отгрузки потребителю;Сальниковое;Фланцевое;С приспособлением для принудительного открытия;150/200;25/16;Коррозионностойкая сталь;97,5;По запросу;610550;25 рабочих дней;;;;;;
Клапан предохранительный пружинный сальниковый фланцевый без приспособления для принудительного открытия СППК4 150-25нж 28нж21нж2 DN 150 (исп. В) / 200 (исп. В) PN 2,5 (вход) / 1,6 (выход) МПа УХЛ1, пружина № ?, Рн=? кгс/см², корпус ст. 12Х18Н9ТЛ, класс герметичности «В» по ГОСТ 9544-2015;Клапаны предохранительные;28нж21нж2;"8…12 (74); 12…18 (75); 18…25 (76)";Вода, воздух, пар, аммиак, природный газ, жидкие углеводороды и нефтепродукты, масляные фракции, нефтехимические и другие, среды, в которых скорость коррозии материала корпуса не превышает 0,2мм в год;От -60 до +560;От -60 до +45;УХЛ1;В;75;4417;0,8;0,56;ОТК;15;750;180;12 месяцев со дня ввода в эксплуатацию, но не более 18 месяцев со дня отгрузки потребителю;Сальниковое;Фланцевое;Без приспособления для принудительного открытия;150/200;25/16;Коррозионностойкая сталь;93;По запросу;592030;25 рабочих дней;;;;;;
Клапан предохранительный пружинный сальниковый фланцевый с приспособлением для принудительного открытия СППК4Р 150-25лс 28лс21нж4 DN 150 (исп. В) / 200 (исп. В) PN 2,5 (вход) / 1,6 (выход) МПа ХЛ1, пружина № ?, Рн=? кгс/см², корпус ст. 20ГЛ, класс герметичности «В» по ГОСТ 9544-2015;Клапаны предохранительные;28лс21нж4;"8…12 (74); 12…18 (75); 18…25 (76)";Вода, воздух, пар, аммиак, природный газ, жидкие углеводороды и нефтепродукты, масляные фракции и другие, среды, в которых скорость коррозии материала корпуса не превышает 0,2мм в год;От -60 до +300;От -60 до +45;ХЛ1;В;75;4417;0,8;0,4;ОТК;15;750;180;12 месяцев со дня ввода в эксплуатацию, но не более 18 месяцев со дня отгрузки потребителю;Сальниковое;Фланцевое;С приспособлением для принудительного открытия;150/200;25/16;Хладостойкая сталь;97,5;По запросу;375640;25 рабочих дней;;;;;;
Клапан предохранительный пружинный сальниковый фланцевый без приспособления для принудительного открытия СППК4 150-25лс 28лс21нж DN 150 (исп. В) / 200 (исп. В) PN 2,5 (вход) / 1,6 (выход) МПа ХЛ1, пружина № ?, Рн=? кгс/см², корпус ст. 20ГЛ, класс герметичности «В» по ГОСТ 9544-2015;Клапаны предохранительные;28лс21нж;"8…12 (74); 12…18 (75); 18…25 (76)";Вода, воздух, пар, аммиак, природный газ, жидкие углеводороды и нефтепродукты, масляные фракции и другие, среды, в которых скорость коррозии материала корпуса не превышает 0,2мм в год;От -60 до +300;От -60 до +45;ХЛ1;В;75;4417;0,8;0,56;ОТК;15;750;180;12 месяцев со дня ввода в эксплуатацию, но не более 18 месяцев со дня отгрузки потребителю;Сальниковое;Фланцевое;Без приспособления для принудительного открытия;150/200;25/16;Хладостойкая сталь;93;По запросу;362250;25 рабочих дней;;;;;;
